2026-09-23 06:38:34,509 - INFO - Beginning execution of simulate_and_fit_ARG.py in directory /home1/mahj/glike_optimize/opt_scripts

2026-09-23 06:38:34,509 - INFO - Progress is being logged to ../opt_results_glike_3G09_no_m1/ntree_10_rep_1_simulate_ARG.log

2026-09-23 06:38:34,509 - INFO - Parsed the following arguments:
	N_SAMPLES = 1000.0
	SEQUENCE_LENGTH = 30000000.0
	RECOMBINATION_RATE = 1e-08
	SEED = 1
	NUM_TREES = 10
	OPTIMIZER = glike
	MODEL = 3G09
	KAPPA = 10000
	outprefix = ../opt_results_glike_3G09_no_m1/ntree_10_rep_1

2026-09-23 06:38:34,537 - INFO - Sampling 1000 individuals with ploidy 1 in population 1 (name='ceu') at time 0
2026-09-23 06:38:34,539 - INFO - Starting replicate 0
2026-09-23 06:38:34,540 - INFO - model[0] {'name': 'hudson'} started at time=0 nodes=1000 edges=0
2026-09-23 06:38:34,540 - INFO - Running model {'name': 'hudson'} until max time: inf
2026-09-23 06:38:34,553 - INFO - Completed at time=825.393 nodes=4008 edges=12940
2026-09-23 06:38:34,621 - INFO - Finished simulating ARG.
[phase from 0.0 to 19.0]
        admix
ns   0.000006
grs  0.078000

[phase from 19.0 to 411.0]
       afr    eur   asia    pol
admix  0.0  0.198  0.334  0.468
        afr       eur     asia       pol
ns   0.0001  0.000075  0.00004  0.000064
grs  0.0000  0.000000  0.00000  0.000000

[phase from 411.0 to 1040.0]
      afr  eur  asia
afr     1    0     0
eur     0    1     0
asia    0    0     1
pol     0    0     1
        afr       eur     asia
ns   0.0001  0.000075  0.00037
grs  0.0000  0.000000  0.00000

[phase from 1040.0 to 2004.0]
      afr  eur
afr     1    0
eur     0    1
asia    0    1
        afr       eur
ns   0.0001  0.000405
grs  0.0000  0.000000

[phase from 2004.0 to inf]
     A
afr  1
eur  1
            A
ns   0.000375
grs  0.000000

2026-09-23 06:38:34,708 - INFO - Starting glike optimization.
{'t1': 10, 't2': 50, 't3': 100, 'N_anc': 10000, 'N_yri': 10000, 'N_ooa': 10000, 'N_ceu': 10000, 'N_chb': 10000, 'gr_ceu': 0.1, 'gr_chb': 0.1, 'm_yri_ooa': 0.0, 'm_yri_ceu': 0.0, 'm_yri_chb': 0.0, 'm_ceu_chb': 0.0} -96355.66801165373
 
x_up: {'t1': 10.9, 't2': 50, 't3': 100, 'N_anc': 10000, 'N_yri': 10000, 'N_ooa': 10000, 'N_ceu': 10000, 'N_chb': 10000, 'gr_ceu': 0.1, 'gr_chb': 0.1, 'm_yri_ooa': 0.0, 'm_yri_ceu': 0.0, 'm_yri_chb': 0.0, 'm_ceu_chb': 0.0} -96868.38166206368
x: {'t1': 10, 't2': 50, 't3': 100, 'N_anc': 10000, 'N_yri': 10000, 'N_ooa': 10000, 'N_ceu': 10000, 'N_chb': 10000, 'gr_ceu': 0.1, 'gr_chb': 0.1, 'm_yri_ooa': 0.0, 'm_yri_ceu': 0.0, 'm_yri_chb': 0.0, 'm_ceu_chb': 0.0} -96355.66801165373
x_down: {'t1': 9.1, 't2': 50, 't3': 100, 'N_anc': 10000, 'N_yri': 10000, 'N_ooa': 10000, 'N_ceu': 10000, 'N_chb': 10000, 'gr_ceu': 0.1, 'gr_chb': 0.1, 'm_yri_ooa': 0.0, 'm_yri_ceu': 0.0, 'm_yri_chb': 0.0, 'm_ceu_chb': 0.0} -95762.67258834712
 
 
x_up: {'t1': 9.1, 't2': 54.09, 't3': 100, 'N_anc': 10000, 'N_yri': 10000, 'N_ooa': 10000, 'N_ceu': 10000, 'N_chb': 10000, 'gr_ceu': 0.1, 'gr_chb': 0.1, 'm_yri_ooa': 0.0, 'm_yri_ceu': 0.0, 'm_yri_chb': 0.0, 'm_ceu_chb': 0.0} -95780.09104053078
x: {'t1': 9.1, 't2': 50, 't3': 100, 'N_anc': 10000, 'N_yri': 10000, 'N_ooa': 10000, 'N_ceu': 10000, 'N_chb': 10000, 'gr_ceu': 0.1, 'gr_chb': 0.1, 'm_yri_ooa': 0.0, 'm_yri_ceu': 0.0, 'm_yri_chb': 0.0, 'm_ceu_chb': 0.0} -95762.67258834712
x_down: {'t1': 9.1, 't2': 45.91, 't3': 100, 'N_anc': 10000, 'N_yri': 10000, 'N_ooa': 10000, 'N_ceu': 10000, 'N_chb': 10000, 'gr_ceu': 0.1, 'gr_chb': 0.1, 'm_yri_ooa': 0.0, 'm_yri_ceu': 0.0, 'm_yri_chb': 0.0, 'm_ceu_chb': 0.0} -95703.05221610102
 
 
x_up: {'t1': 9.1, 't2': 45.91, 't3': 105.409, 'N_anc': 10000, 'N_yri': 10000, 'N_ooa': 10000, 'N_ceu': 10000, 'N_chb': 10000, 'gr_ceu': 0.1, 'gr_chb': 0.1, 'm_yri_ooa': 0.0, 'm_yri_ceu': 0.0, 'm_yri_chb': 0.0, 'm_ceu_chb': 0.0} -95703.05221610102
x: {'t1': 9.1, 't2': 45.91, 't3': 100, 'N_anc': 10000, 'N_yri': 10000, 'N_ooa': 10000, 'N_ceu': 10000, 'N_chb': 10000, 'gr_ceu': 0.1, 'gr_chb': 0.1, 'm_yri_ooa': 0.0, 'm_yri_ceu': 0.0, 'm_yri_chb': 0.0, 'm_ceu_chb': 0.0} -95703.05221610102
x_down: {'t1': 9.1, 't2': 45.91, 't3': 94.591, 'N_anc': 10000, 'N_yri': 10000, 'N_ooa': 10000, 'N_ceu': 10000, 'N_chb': 10000, 'gr_ceu': 0.1, 'gr_chb': 0.1, 'm_yri_ooa': 0.0, 'm_yri_ceu': 0.0, 'm_yri_chb': 0.0, 'm_ceu_chb': 0.0} -95703.05221610102
 
 
x_up: {'t1': 9.1, 't2': 45.91, 't3': 100, 'N_anc': 10990.0, 'N_yri': 10000, 'N_ooa': 10000, 'N_ceu': 10000, 'N_chb': 10000, 'gr_ceu': 0.1, 'gr_chb': 0.1, 'm_yri_ooa': 0.0, 'm_yri_ceu': 0.0, 'm_yri_chb': 0.0, 'm_ceu_chb': 0.0} -95718.35616962981
x: {'t1': 9.1, 't2': 45.91, 't3': 100, 'N_anc': 10000, 'N_yri': 10000, 'N_ooa': 10000, 'N_ceu': 10000, 'N_chb': 10000, 'gr_ceu': 0.1, 'gr_chb': 0.1, 'm_yri_ooa': 0.0, 'm_yri_ceu': 0.0, 'm_yri_chb': 0.0, 'm_ceu_chb': 0.0} -95703.05221610102
x_down: {'t1': 9.1, 't2': 45.91, 't3': 100, 'N_anc': 9010.0, 'N_yri': 10000, 'N_ooa': 10000, 'N_ceu': 10000, 'N_chb': 10000, 'gr_ceu': 0.1, 'gr_chb': 0.1, 'm_yri_ooa': 0.0, 'm_yri_ceu': 0.0, 'm_yri_chb': 0.0, 'm_ceu_chb': 0.0} -95686.23740754058
 
 
x_up: {'t1': 9.1, 't2': 45.91, 't3': 100, 'N_anc': 9010.0, 'N_yri': 10990.0, 'N_ooa': 10000, 'N_ceu': 10000, 'N_chb': 10000, 'gr_ceu': 0.1, 'gr_chb': 0.1, 'm_yri_ooa': 0.0, 'm_yri_ceu': 0.0, 'm_yri_chb': 0.0, 'm_ceu_chb': 0.0} -95850.597009525
x: {'t1': 9.1, 't2': 45.91, 't3': 100, 'N_anc': 9010.0, 'N_yri': 10000, 'N_ooa': 10000, 'N_ceu': 10000, 'N_chb': 10000, 'gr_ceu': 0.1, 'gr_chb': 0.1, 'm_yri_ooa': 0.0, 'm_yri_ceu': 0.0, 'm_yri_chb': 0.0, 'm_ceu_chb': 0.0} -95686.23740754058
x_down: {'t1': 9.1, 't2': 45.91, 't3': 100, 'N_anc': 9010.0, 'N_yri': 9010.0, 'N_ooa': 10000, 'N_ceu': 10000, 'N_chb': 10000, 'gr_ceu': 0.1, 'gr_chb': 0.1, 'm_yri_ooa': 0.0, 'm_yri_ceu': 0.0, 'm_yri_chb': 0.0, 'm_ceu_chb': 0.0} -95491.78849410625
 
 
x_up: {'t1': 9.1, 't2': 45.91, 't3': 100, 'N_anc': 9010.0, 'N_yri': 9010.0, 'N_ooa': 10990.0, 'N_ceu': 10000, 'N_chb': 10000, 'gr_ceu': 0.1, 'gr_chb': 0.1, 'm_yri_ooa': 0.0, 'm_yri_ceu': 0.0, 'm_yri_chb': 0.0, 'm_ceu_chb': 0.0} -95615.75854745321
x: {'t1': 9.1, 't2': 45.91, 't3': 100, 'N_anc': 9010.0, 'N_yri': 9010.0, 'N_ooa': 10000, 'N_ceu': 10000, 'N_chb': 10000, 'gr_ceu': 0.1, 'gr_chb': 0.1, 'm_yri_ooa': 0.0, 'm_yri_ceu': 0.0, 'm_yri_chb': 0.0, 'm_ceu_chb': 0.0} -95491.78849410625
x_down: {'t1': 9.1, 't2': 45.91, 't3': 100, 'N_anc': 9010.0, 'N_yri': 9010.0, 'N_ooa': 9010.0, 'N_ceu': 10000, 'N_chb': 10000, 'gr_ceu': 0.1, 'gr_chb': 0.1, 'm_yri_ooa': 0.0, 'm_yri_ceu': 0.0, 'm_yri_chb': 0.0, 'm_ceu_chb': 0.0} -95374.44787323379
 
 
x_up: {'t1': 9.1, 't2': 45.91, 't3': 100, 'N_anc': 9010.0, 'N_yri': 9010.0, 'N_ooa': 9010.0, 'N_ceu': 10990.0, 'N_chb': 10000, 'gr_ceu': 0.1, 'gr_chb': 0.1, 'm_yri_ooa': 0.0, 'm_yri_ceu': 0.0, 'm_yri_chb': 0.0, 'm_ceu_chb': 0.0} -95631.52909376466
x: {'t1': 9.1, 't2': 45.91, 't3': 100, 'N_anc': 9010.0, 'N_yri': 9010.0, 'N_ooa': 9010.0, 'N_ceu': 10000, 'N_chb': 10000, 'gr_ceu': 0.1, 'gr_chb': 0.1, 'm_yri_ooa': 0.0, 'm_yri_ceu': 0.0, 'm_yri_chb': 0.0, 'm_ceu_chb': 0.0} -95374.44787323379
x_down: {'t1': 9.1, 't2': 45.91, 't3': 100, 'N_anc': 9010.0, 'N_yri': 9010.0, 'N_ooa': 9010.0, 'N_ceu': 9010.0, 'N_chb': 10000, 'gr_ceu': 0.1, 'gr_chb': 0.1, 'm_yri_ooa': 0.0, 'm_yri_ceu': 0.0, 'm_yri_chb': 0.0, 'm_ceu_chb': 0.0} -94975.40879651073
 
 
x_up: {'t1': 9.1, 't2': 45.91, 't3': 100, 'N_anc': 9010.0, 'N_yri': 9010.0, 'N_ooa': 9010.0, 'N_ceu': 9010.0, 'N_chb': 10990.0, 'gr_ceu': 0.1, 'gr_chb': 0.1, 'm_yri_ooa': 0.0, 'm_yri_ceu': 0.0, 'm_yri_chb': 0.0, 'm_ceu_chb': 0.0} -95175.37907643043
x: {'t1': 9.1, 't2': 45.91, 't3': 100, 'N_anc': 9010.0, 'N_yri': 9010.0, 'N_ooa': 9010.0, 'N_ceu': 9010.0, 'N_chb': 10000, 'gr_ceu': 0.1, 'gr_chb': 0.1, 'm_yri_ooa': 0.0, 'm_yri_ceu': 0.0, 'm_yri_chb': 0.0, 'm_ceu_chb': 0.0} -94975.40879651073
x_down: {'t1': 9.1, 't2': 45.91, 't3': 100, 'N_anc': 9010.0, 'N_yri': 9010.0, 'N_ooa': 9010.0, 'N_ceu': 9010.0, 'N_chb': 9010.0, 'gr_ceu': 0.1, 'gr_chb': 0.1, 'm_yri_ooa': 0.0, 'm_yri_ceu': 0.0, 'm_yri_chb': 0.0, 'm_ceu_chb': 0.0} -94694.1630080225
 
 
x_up: {'t1': 9.1, 't2': 45.91, 't3': 100, 'N_anc': 9010.0, 'N_yri': 9010.0, 'N_ooa': 9010.0, 'N_ceu': 9010.0, 'N_chb': 9010.0, 'gr_ceu': 0.11, 'gr_chb': 0.1, 'm_yri_ooa': 0.0, 'm_yri_ceu': 0.0, 'm_yri_chb': 0.0, 'm_ceu_chb': 0.0} -94888.13884033711
x: {'t1': 9.1, 't2': 45.91, 't3': 100, 'N_anc': 9010.0, 'N_yri': 9010.0, 'N_ooa': 9010.0, 'N_ceu': 9010.0, 'N_chb': 9010.0, 'gr_ceu': 0.1, 'gr_chb': 0.1, 'm_yri_ooa': 0.0, 'm_yri_ceu': 0.0, 'm_yri_chb': 0.0, 'm_ceu_chb': 0.0} -94694.1630080225
x_down: {'t1': 9.1, 't2': 45.91, 't3': 100, 'N_anc': 9010.0, 'N_yri': 9010.0, 'N_ooa': 9010.0, 'N_ceu': 9010.0, 'N_chb': 9010.0, 'gr_ceu': 0.09, 'gr_chb': 0.1, 'm_yri_ooa': 0.0, 'm_yri_ceu': 0.0, 'm_yri_chb': 0.0, 'm_ceu_chb': 0.0} -94444.32356049027
 
 
x_up: {'t1': 9.1, 't2': 45.91, 't3': 100, 'N_anc': 9010.0, 'N_yri': 9010.0, 'N_ooa': 9010.0, 'N_ceu': 9010.0, 'N_chb': 9010.0, 'gr_ceu': 0.09, 'gr_chb': 0.11, 'm_yri_ooa': 0.0, 'm_yri_ceu': 0.0, 'm_yri_chb': 0.0, 'm_ceu_chb': 0.0} -94596.89366723468
x: {'t1': 9.1, 't2': 45.91, 't3': 100, 'N_anc': 9010.0, 'N_yri': 9010.0, 'N_ooa': 9010.0, 'N_ceu': 9010.0, 'N_chb': 9010.0, 'gr_ceu': 0.09, 'gr_chb': 0.1, 'm_yri_ooa': 0.0, 'm_yri_ceu': 0.0, 'm_yri_chb': 0.0, 'm_ceu_chb': 0.0} -94444.32356049027
x_down: {'t1': 9.1, 't2': 45.91, 't3': 100, 'N_anc': 9010.0, 'N_yri': 9010.0, 'N_ooa': 9010.0, 'N_ceu': 9010.0, 'N_chb': 9010.0, 'gr_ceu': 0.09, 'gr_chb': 0.09, 'm_yri_ooa': 0.0, 'm_yri_ceu': 0.0, 'm_yri_chb': 0.0, 'm_ceu_chb': 0.0} -94247.43072695685
 
 
x_up: {'t1': 9.1, 't2': 45.91, 't3': 100, 'N_anc': 9010.0, 'N_yri': 9010.0, 'N_ooa': 9010.0, 'N_ceu': 9010.0, 'N_chb': 9010.0, 'gr_ceu': 0.09, 'gr_chb': 0.09, 'm_yri_ooa': 0.0, 'm_yri_ceu': 0.0, 'm_yri_chb': 0.0, 'm_ceu_chb': 0.0} -94247.43072695685
x: {'t1': 9.1, 't2': 45.91, 't3': 100, 'N_anc': 9010.0, 'N_yri': 9010.0, 'N_ooa': 9010.0, 'N_ceu': 9010.0, 'N_chb': 9010.0, 'gr_ceu': 0.09, 'gr_chb': 0.09, 'm_yri_ooa': 0.0, 'm_yri_ceu': 0.0, 'm_yri_chb': 0.0, 'm_ceu_chb': 0.0} -94247.43072695685
x_down: {'t1': 9.1, 't2': 45.91, 't3': 100, 'N_anc': 9010.0, 'N_yri': 9010.0, 'N_ooa': 9010.0, 'N_ceu': 9010.0, 'N_chb': 9010.0, 'gr_ceu': 0.09, 'gr_chb': 0.09, 'm_yri_ooa': 1e-05, 'm_yri_ceu': 0.0, 'm_yri_chb': 0.0, 'm_ceu_chb': 0.0} -94178.70018518362
 
 
x_up: {'t1': 9.1, 't2': 45.91, 't3': 100, 'N_anc': 9010.0, 'N_yri': 9010.0, 'N_ooa': 9010.0, 'N_ceu': 9010.0, 'N_chb': 9010.0, 'gr_ceu': 0.09, 'gr_chb': 0.09, 'm_yri_ooa': 1e-05, 'm_yri_ceu': 0.0, 'm_yri_chb': 0.0, 'm_ceu_chb': 0.0} -94178.70018518362
x: {'t1': 9.1, 't2': 45.91, 't3': 100, 'N_anc': 9010.0, 'N_yri': 9010.0, 'N_ooa': 9010.0, 'N_ceu': 9010.0, 'N_chb': 9010.0, 'gr_ceu': 0.09, 'gr_chb': 0.09, 'm_yri_ooa': 1e-05, 'm_yri_ceu': 0.0, 'm_yri_chb': 0.0, 'm_ceu_chb': 0.0} -94178.70018518362
x_down: {'t1': 9.1, 't2': 45.91, 't3': 100, 'N_anc': 9010.0, 'N_yri': 9010.0, 'N_ooa': 9010.0, 'N_ceu': 9010.0, 'N_chb': 9010.0, 'gr_ceu': 0.09, 'gr_chb': 0.09, 'm_yri_ooa': 1e-05, 'm_yri_ceu': 1e-05, 'm_yri_chb': 0.0, 'm_ceu_chb': 0.0} -94178.70018519097
 
 
x_up: {'t1': 9.1, 't2': 45.91, 't3': 100, 'N_anc': 9010.0, 'N_yri': 9010.0, 'N_ooa': 9010.0, 'N_ceu': 9010.0, 'N_chb': 9010.0, 'gr_ceu': 0.09, 'gr_chb': 0.09, 'm_yri_ooa': 1e-05, 'm_yri_ceu': 0.0, 'm_yri_chb': 0.0, 'm_ceu_chb': 0.0} -94178.70018518362
x: {'t1': 9.1, 't2': 45.91, 't3': 100, 'N_anc': 9010.0, 'N_yri': 9010.0, 'N_ooa': 9010.0, 'N_ceu': 9010.0, 'N_chb': 9010.0, 'gr_ceu': 0.09, 'gr_chb': 0.09, 'm_yri_ooa': 1e-05, 'm_yri_ceu': 0.0, 'm_yri_chb': 0.0, 'm_ceu_chb': 0.0} -94178.70018518362
x_down: {'t1': 9.1, 't2': 45.91, 't3': 100, 'N_anc': 9010.0, 'N_yri': 9010.0, 'N_ooa': 9010.0, 'N_ceu': 9010.0, 'N_chb': 9010.0, 'gr_ceu': 0.09, 'gr_chb': 0.09, 'm_yri_ooa': 1e-05, 'm_yri_ceu': 0.0, 'm_yri_chb': 1e-05, 'm_ceu_chb': 0.0} -94178.70018519112
 
 
x_up: {'t1': 9.1, 't2': 45.91, 't3': 100, 'N_anc': 9010.0, 'N_yri': 9010.0, 'N_ooa': 9010.0, 'N_ceu': 9010.0, 'N_chb': 9010.0, 'gr_ceu': 0.09, 'gr_chb': 0.09, 'm_yri_ooa': 1e-05, 'm_yri_ceu': 0.0, 'm_yri_chb': 0.0, 'm_ceu_chb': 0.0} -94178.70018518362
x: {'t1': 9.1, 't2': 45.91, 't3': 100, 'N_anc': 9010.0, 'N_yri': 9010.0, 'N_ooa': 9010.0, 'N_ceu': 9010.0, 'N_chb': 9010.0, 'gr_ceu': 0.09, 'gr_chb': 0.09, 'm_yri_ooa': 1e-05, 'm_yri_ceu': 0.0, 'm_yri_chb': 0.0, 'm_ceu_chb': 0.0} -94178.70018518362
x_down: {'t1': 9.1, 't2': 45.91, 't3': 100, 'N_anc': 9010.0, 'N_yri': 9010.0, 'N_ooa': 9010.0, 'N_ceu': 9010.0, 'N_chb': 9010.0, 'gr_ceu': 0.09, 'gr_chb': 0.09, 'm_yri_ooa': 1e-05, 'm_yri_ceu': 0.0, 'm_yri_chb': 0.0, 'm_ceu_chb': 1e-05} -94178.70018519019
 
{'t1': 9.1, 't2': 45.91, 't3': 100, 'N_anc': 9010.0, 'N_yri': 9010.0, 'N_ooa': 9010.0, 'N_ceu': 9010.0, 'N_chb': 9010.0, 'gr_ceu': 0.09, 'gr_chb': 0.09, 'm_yri_ooa': 1e-05, 'm_yri_ceu': 0.0, 'm_yri_chb': 0.0, 'm_ceu_chb': 0.0} -94178.70018518362
 
x_up: {'t1': 10.315, 't2': 45.91, 't3': 100, 'N_anc': 9010.0, 'N_yri': 9010.0, 'N_ooa': 9010.0, 'N_ceu': 9010.0, 'N_chb': 9010.0, 'gr_ceu': 0.09, 'gr_chb': 0.09, 'm_yri_ooa': 1e-05, 'm_yri_ceu': 0.0, 'm_yri_chb': 0.0, 'm_ceu_chb': 0.0} -94753.59135845557
x: {'t1': 9.1, 't2': 45.91, 't3': 100, 'N_anc': 9010.0, 'N_yri': 9010.0, 'N_ooa': 9010.0, 'N_ceu': 9010.0, 'N_chb': 9010.0, 'gr_ceu': 0.09, 'gr_chb': 0.09, 'm_yri_ooa': 1e-05, 'm_yri_ceu': 0.0, 'm_yri_chb': 0.0, 'm_ceu_chb': 0.0} -94178.70018518362
x_down: {'t1': 7.885, 't2': 45.91, 't3': 100, 'N_anc': 9010.0, 'N_yri': 9010.0, 'N_ooa': 9010.0, 'N_ceu': 9010.0, 'N_chb': 9010.0, 'gr_ceu': 0.09, 'gr_chb': 0.09, 'm_yri_ooa': 1e-05, 'm_yri_ceu': 0.0, 'm_yri_chb': 0.0, 'm_ceu_chb': 0.0} -93453.94554234392
 
 
x_up: {'t1': 7.885, 't2': 51.61375, 't3': 100, 'N_anc': 9010.0, 'N_yri': 9010.0, 'N_ooa': 9010.0, 'N_ceu': 9010.0, 'N_chb': 9010.0, 'gr_ceu': 0.09, 'gr_chb': 0.09, 'm_yri_ooa': 1e-05, 'm_yri_ceu': 0.0, 'm_yri_chb': 0.0, 'm_ceu_chb': 0.0} -93508.90501718035
x: {'t1': 7.885, 't2': 45.91, 't3': 100, 'N_anc': 9010.0, 'N_yri': 9010.0, 'N_ooa': 9010.0, 'N_ceu': 9010.0, 'N_chb': 9010.0, 'gr_ceu': 0.09, 'gr_chb': 0.09, 'm_yri_ooa': 1e-05, 'm_yri_ceu': 0.0, 'm_yri_chb': 0.0, 'm_ceu_chb': 0.0} -93453.94554234392
x_down: {'t1': 7.885, 't2': 40.20625, 't3': 100, 'N_anc': 9010.0, 'N_yri': 9010.0, 'N_ooa': 9010.0, 'N_ceu': 9010.0, 'N_chb': 9010.0, 'gr_ceu': 0.09, 'gr_chb': 0.09, 'm_yri_ooa': 1e-05, 'm_yri_ceu': 0.0, 'm_yri_chb': 0.0, 'm_ceu_chb': 0.0} -93289.79026449041
 
 
x_up: {'t1': 7.885, 't2': 40.20625, 't3': 102.98969, 'N_anc': 9010.0, 'N_yri': 9010.0, 'N_ooa': 9010.0, 'N_ceu': 9010.0, 'N_chb': 9010.0, 'gr_ceu': 0.09, 'gr_chb': 0.09, 'm_yri_ooa': 1e-05, 'm_yri_ceu': 0.0, 'm_yri_chb': 0.0, 'm_ceu_chb': 0.0} -93289.79026449041
x: {'t1': 7.885, 't2': 40.20625, 't3': 100, 'N_anc': 9010.0, 'N_yri': 9010.0, 'N_ooa': 9010.0, 'N_ceu': 9010.0, 'N_chb': 9010.0, 'gr_ceu': 0.09, 'gr_chb': 0.09, 'm_yri_ooa': 1e-05, 'm_yri_ceu': 0.0, 'm_yri_chb': 0.0, 'm_ceu_chb': 0.0} -93289.79026449041
x_down: {'t1': 7.885, 't2': 40.20625, 't3': 97.01031, 'N_anc': 9010.0, 'N_yri': 9010.0, 'N_ooa': 9010.0, 'N_ceu': 9010.0, 'N_chb': 9010.0, 'gr_ceu': 0.09, 'gr_chb': 0.09, 'm_yri_ooa': 1e-05, 'm_yri_ceu': 0.0, 'm_yri_chb': 0.0, 'm_ceu_chb': 0.0} -93289.79026449041
 
 
x_up: {'t1': 7.885, 't2': 40.20625, 't3': 100, 'N_anc': 10346.5, 'N_yri': 9010.0, 'N_ooa': 9010.0, 'N_ceu': 9010.0, 'N_chb': 9010.0, 'gr_ceu': 0.09, 'gr_chb': 0.09, 'm_yri_ooa': 1e-05, 'm_yri_ceu': 0.0, 'm_yri_chb': 0.0, 'm_ceu_chb': 0.0} -93312.11916242044
x: {'t1': 7.885, 't2': 40.20625, 't3': 100, 'N_anc': 9010.0, 'N_yri': 9010.0, 'N_ooa': 9010.0, 'N_ceu': 9010.0, 'N_chb': 9010.0, 'gr_ceu': 0.09, 'gr_chb': 0.09, 'm_yri_ooa': 1e-05, 'm_yri_ceu': 0.0, 'm_yri_chb': 0.0, 'm_ceu_chb': 0.0} -93289.79026449041
x_down: {'t1': 7.885, 't2': 40.20625, 't3': 100, 'N_anc': 7673.5, 'N_yri': 9010.0, 'N_ooa': 9010.0, 'N_ceu': 9010.0, 'N_chb': 9010.0, 'gr_ceu': 0.09, 'gr_chb': 0.09, 'm_yri_ooa': 1e-05, 'm_yri_ceu': 0.0, 'm_yri_chb': 0.0, 'm_ceu_chb': 0.0} -93264.0915934991
 
 
x_up: {'t1': 7.885, 't2': 40.20625, 't3': 100, 'N_anc': 7673.5, 'N_yri': 10346.5, 'N_ooa': 9010.0, 'N_ceu': 9010.0, 'N_chb': 9010.0, 'gr_ceu': 0.09, 'gr_chb': 0.09, 'm_yri_ooa': 1e-05, 'm_yri_ceu': 0.0, 'm_yri_chb': 0.0, 'm_ceu_chb': 0.0} -93542.56308688111
x: {'t1': 7.885, 't2': 40.20625, 't3': 100, 'N_anc': 7673.5, 'N_yri': 9010.0, 'N_ooa': 9010.0, 'N_ceu': 9010.0, 'N_chb': 9010.0, 'gr_ceu': 0.09, 'gr_chb': 0.09, 'm_yri_ooa': 1e-05, 'm_yri_ceu': 0.0, 'm_yri_chb': 0.0, 'm_ceu_chb': 0.0} -93264.0915934991
x_down: {'t1': 7.885, 't2': 40.20625, 't3': 100, 'N_anc': 7673.5, 'N_yri': 7673.5, 'N_ooa': 9010.0, 'N_ceu': 9010.0, 'N_chb': 9010.0, 'gr_ceu': 0.09, 'gr_chb': 0.09, 'm_yri_ooa': 1e-05, 'm_yri_ceu': 0.0, 'm_yri_chb': 0.0, 'm_ceu_chb': 0.0} -92926.50045234874
 
 
x_up: {'t1': 7.885, 't2': 40.20625, 't3': 100, 'N_anc': 7673.5, 'N_yri': 7673.5, 'N_ooa': 10346.5, 'N_ceu': 9010.0, 'N_chb': 9010.0, 'gr_ceu': 0.09, 'gr_chb': 0.09, 'm_yri_ooa': 1e-05, 'm_yri_ceu': 0.0, 'm_yri_chb': 0.0, 'm_ceu_chb': 0.0} -93146.47800717666
x: {'t1': 7.885, 't2': 40.20625, 't3': 100, 'N_anc': 7673.5, 'N_yri': 7673.5, 'N_ooa': 9010.0, 'N_ceu': 9010.0, 'N_chb': 9010.0, 'gr_ceu': 0.09, 'gr_chb': 0.09, 'm_yri_ooa': 1e-05, 'm_yri_ceu': 0.0, 'm_yri_chb': 0.0, 'm_ceu_chb': 0.0} -92926.50045234874
x_down: {'t1': 7.885, 't2': 40.20625, 't3': 100, 'N_anc': 7673.5, 'N_yri': 7673.5, 'N_ooa': 7673.5, 'N_ceu': 9010.0, 'N_chb': 9010.0, 'gr_ceu': 0.09, 'gr_chb': 0.09, 'm_yri_ooa': 1e-05, 'm_yri_ceu': 0.0, 'm_yri_chb': 0.0, 'm_ceu_chb': 0.0} -92713.27303389265
 
 
x_up: {'t1': 7.885, 't2': 40.20625, 't3': 100, 'N_anc': 7673.5, 'N_yri': 7673.5, 'N_ooa': 7673.5, 'N_ceu': 10346.5, 'N_chb': 9010.0, 'gr_ceu': 0.09, 'gr_chb': 0.09, 'm_yri_ooa': 1e-05, 'm_yri_ceu': 0.0, 'm_yri_chb': 0.0, 'm_ceu_chb': 0.0} -93104.51075646568
x: {'t1': 7.885, 't2': 40.20625, 't3': 100, 'N_anc': 7673.5, 'N_yri': 7673.5, 'N_ooa': 7673.5, 'N_ceu': 9010.0, 'N_chb': 9010.0, 'gr_ceu': 0.09, 'gr_chb': 0.09, 'm_yri_ooa': 1e-05, 'm_yri_ceu': 0.0, 'm_yri_chb': 0.0, 'm_ceu_chb': 0.0} -92713.27303389265
x_down: {'t1': 7.885, 't2': 40.20625, 't3': 100, 'N_anc': 7673.5, 'N_yri': 7673.5, 'N_ooa': 7673.5, 'N_ceu': 7673.5, 'N_chb': 9010.0, 'gr_ceu': 0.09, 'gr_chb': 0.09, 'm_yri_ooa': 1e-05, 'm_yri_ceu': 0.0, 'm_yri_chb': 0.0, 'm_ceu_chb': 0.0} -92160.30263279873
 
 
x_up: {'t1': 7.885, 't2': 40.20625, 't3': 100, 'N_anc': 7673.5, 'N_yri': 7673.5, 'N_ooa': 7673.5, 'N_ceu': 7673.5, 'N_chb': 10346.5, 'gr_ceu': 0.09, 'gr_chb': 0.09, 'm_yri_ooa': 1e-05, 'm_yri_ceu': 0.0, 'm_yri_chb': 0.0, 'm_ceu_chb': 0.0} -92462.97665774304
x: {'t1': 7.885, 't2': 40.20625, 't3': 100, 'N_anc': 7673.5, 'N_yri': 7673.5, 'N_ooa': 7673.5, 'N_ceu': 7673.5, 'N_chb': 9010.0, 'gr_ceu': 0.09, 'gr_chb': 0.09, 'm_yri_ooa': 1e-05, 'm_yri_ceu': 0.0, 'm_yri_chb': 0.0, 'm_ceu_chb': 0.0} -92160.30263279873
x_down: {'t1': 7.885, 't2': 40.20625, 't3': 100, 'N_anc': 7673.5, 'N_yri': 7673.5, 'N_ooa': 7673.5, 'N_ceu': 7673.5, 'N_chb': 7673.5, 'gr_ceu': 0.09, 'gr_chb': 0.09, 'm_yri_ooa': 1e-05, 'm_yri_ceu': 0.0, 'm_yri_chb': 0.0, 'm_ceu_chb': 0.0} -91747.14223535705
 
 
x_up: {'t1': 7.885, 't2': 40.20625, 't3': 100, 'N_anc': 7673.5, 'N_yri': 7673.5, 'N_ooa': 7673.5, 'N_ceu': 7673.5, 'N_chb': 7673.5, 'gr_ceu': 0.1035, 'gr_chb': 0.09, 'm_yri_ooa': 1e-05, 'm_yri_ceu': 0.0, 'm_yri_chb': 0.0, 'm_ceu_chb': 0.0} -91975.67717807337
x: {'t1': 7.885, 't2': 40.20625, 't3': 100, 'N_anc': 7673.5, 'N_yri': 7673.5, 'N_ooa': 7673.5, 'N_ceu': 7673.5, 'N_chb': 7673.5, 'gr_ceu': 0.09, 'gr_chb': 0.09, 'm_yri_ooa': 1e-05, 'm_yri_ceu': 0.0, 'm_yri_chb': 0.0, 'm_ceu_chb': 0.0} -91747.14223535705
x_down: {'t1': 7.885, 't2': 40.20625, 't3': 100, 'N_anc': 7673.5, 'N_yri': 7673.5, 'N_ooa': 7673.5, 'N_ceu': 7673.5, 'N_chb': 7673.5, 'gr_ceu': 0.0765, 'gr_chb': 0.09, 'm_yri_ooa': 1e-05, 'm_yri_ceu': 0.0, 'm_yri_chb': 0.0, 'm_ceu_chb': 0.0} -91485.90713037178
 
 
x_up: {'t1': 7.885, 't2': 40.20625, 't3': 100, 'N_anc': 7673.5, 'N_yri': 7673.5, 'N_ooa': 7673.5, 'N_ceu': 7673.5, 'N_chb': 7673.5, 'gr_ceu': 0.0765, 'gr_chb': 0.1035, 'm_yri_ooa': 1e-05, 'm_yri_ceu': 0.0, 'm_yri_chb': 0.0, 'm_ceu_chb': 0.0} -91673.56343332528
x: {'t1': 7.885, 't2': 40.20625, 't3': 100, 'N_anc': 7673.5, 'N_yri': 7673.5, 'N_ooa': 7673.5, 'N_ceu': 7673.5, 'N_chb': 7673.5, 'gr_ceu': 0.0765, 'gr_chb': 0.09, 'm_yri_ooa': 1e-05, 'm_yri_ceu': 0.0, 'm_yri_chb': 0.0, 'm_ceu_chb': 0.0} -91485.90713037178
x_down: {'t1': 7.885, 't2': 40.20625, 't3': 100, 'N_anc': 7673.5, 'N_yri': 7673.5, 'N_ooa': 7673.5, 'N_ceu': 7673.5, 'N_chb': 7673.5, 'gr_ceu': 0.0765, 'gr_chb': 0.0765, 'm_yri_ooa': 1e-05, 'm_yri_ceu': 0.0, 'm_yri_chb': 0.0, 'm_ceu_chb': 0.0} -91275.00925853822
 
 
x_up: {'t1': 7.885, 't2': 40.20625, 't3': 100, 'N_anc': 7673.5, 'N_yri': 7673.5, 'N_ooa': 7673.5, 'N_ceu': 7673.5, 'N_chb': 7673.5, 'gr_ceu': 0.0765, 'gr_chb': 0.0765, 'm_yri_ooa': 0.0, 'm_yri_ceu': 0.0, 'm_yri_chb': 0.0, 'm_ceu_chb': 0.0} -91311.71464067714
x: {'t1': 7.885, 't2': 40.20625, 't3': 100, 'N_anc': 7673.5, 'N_yri': 7673.5, 'N_ooa': 7673.5, 'N_ceu': 7673.5, 'N_chb': 7673.5, 'gr_ceu': 0.0765, 'gr_chb': 0.0765, 'm_yri_ooa': 1e-05, 'm_yri_ceu': 0.0, 'm_yri_chb': 0.0, 'm_ceu_chb': 0.0} -91275.00925853822
x_down: {'t1': 7.885, 't2': 40.20625, 't3': 100, 'N_anc': 7673.5, 'N_yri': 7673.5, 'N_ooa': 7673.5, 'N_ceu': 7673.5, 'N_chb': 7673.5, 'gr_ceu': 0.0765, 'gr_chb': 0.0765, 'm_yri_ooa': 1e-05, 'm_yri_ceu': 0.0, 'm_yri_chb': 0.0, 'm_ceu_chb': 0.0} -91275.00925853822
 
 
x_up: {'t1': 7.885, 't2': 40.20625, 't3': 100, 'N_anc': 7673.5, 'N_yri': 7673.5, 'N_ooa': 7673.5, 'N_ceu': 7673.5, 'N_chb': 7673.5, 'gr_ceu': 0.0765, 'gr_chb': 0.0765, 'm_yri_ooa': 1e-05, 'm_yri_ceu': 0.0, 'm_yri_chb': 0.0, 'm_ceu_chb': 0.0} -91275.00925853822
x: {'t1': 7.885, 't2': 40.20625, 't3': 100, 'N_anc': 7673.5, 'N_yri': 7673.5, 'N_ooa': 7673.5, 'N_ceu': 7673.5, 'N_chb': 7673.5, 'gr_ceu': 0.0765, 'gr_chb': 0.0765, 'm_yri_ooa': 1e-05, 'm_yri_ceu': 0.0, 'm_yri_chb': 0.0, 'm_ceu_chb': 0.0} -91275.00925853822
x_down: {'t1': 7.885, 't2': 40.20625, 't3': 100, 'N_anc': 7673.5, 'N_yri': 7673.5, 'N_ooa': 7673.5, 'N_ceu': 7673.5, 'N_chb': 7673.5, 'gr_ceu': 0.0765, 'gr_chb': 0.0765, 'm_yri_ooa': 1e-05, 'm_yri_ceu': 1e-05, 'm_yri_chb': 0.0, 'm_ceu_chb': 0.0} -91275.00925853993
 
 
x_up: {'t1': 7.885, 't2': 40.20625, 't3': 100, 'N_anc': 7673.5, 'N_yri': 7673.5, 'N_ooa': 7673.5, 'N_ceu': 7673.5, 'N_chb': 7673.5, 'gr_ceu': 0.0765, 'gr_chb': 0.0765, 'm_yri_ooa': 1e-05, 'm_yri_ceu': 0.0, 'm_yri_chb': 0.0, 'm_ceu_chb': 0.0} -91275.00925853822
x: {'t1': 7.885, 't2': 40.20625, 't3': 100, 'N_anc': 7673.5, 'N_yri': 7673.5, 'N_ooa': 7673.5, 'N_ceu': 7673.5, 'N_chb': 7673.5, 'gr_ceu': 0.0765, 'gr_chb': 0.0765, 'm_yri_ooa': 1e-05, 'm_yri_ceu': 0.0, 'm_yri_chb': 0.0, 'm_ceu_chb': 0.0} -91275.00925853822
x_down: {'t1': 7.885, 't2': 40.20625, 't3': 100, 'N_anc': 7673.5, 'N_yri': 7673.5, 'N_ooa': 7673.5, 'N_ceu': 7673.5, 'N_chb': 7673.5, 'gr_ceu': 0.0765, 'gr_chb': 0.0765, 'm_yri_ooa': 1e-05, 'm_yri_ceu': 0.0, 'm_yri_chb': 1e-05, 'm_ceu_chb': 0.0} -91275.00925854013
 
 
x_up: {'t1': 7.885, 't2': 40.20625, 't3': 100, 'N_anc': 7673.5, 'N_yri': 7673.5, 'N_ooa': 7673.5, 'N_ceu': 7673.5, 'N_chb': 7673.5, 'gr_ceu': 0.0765, 'gr_chb': 0.0765, 'm_yri_ooa': 1e-05, 'm_yri_ceu': 0.0, 'm_yri_chb': 0.0, 'm_ceu_chb': 0.0} -91275.00925853822
x: {'t1': 7.885, 't2': 40.20625, 't3': 100, 'N_anc': 7673.5, 'N_yri': 7673.5, 'N_ooa': 7673.5, 'N_ceu': 7673.5, 'N_chb': 7673.5, 'gr_ceu': 0.0765, 'gr_chb': 0.0765, 'm_yri_ooa': 1e-05, 'm_yri_ceu': 0.0, 'm_yri_chb': 0.0, 'm_ceu_chb': 0.0} -91275.00925853822
x_down: {'t1': 7.885, 't2': 40.20625, 't3': 100, 'N_anc': 7673.5, 'N_yri': 7673.5, 'N_ooa': 7673.5, 'N_ceu': 7673.5, 'N_chb': 7673.5, 'gr_ceu': 0.0765, 'gr_chb': 0.0765, 'm_yri_ooa': 1e-05, 'm_yri_ceu': 0.0, 'm_yri_chb': 0.0, 'm_ceu_chb': 1e-05} -91275.00925853985
 
{'t1': 7.885, 't2': 40.20625, 't3': 100, 'N_anc': 7673.5, 'N_yri': 7673.5, 'N_ooa': 7673.5, 'N_ceu': 7673.5, 'N_chb': 7673.5, 'gr_ceu': 0.0765, 'gr_chb': 0.0765, 'm_yri_ooa': 1e-05, 'm_yri_ceu': 0.0, 'm_yri_chb': 0.0, 'm_ceu_chb': 0.0} -91275.00925853822
 
x_up: {'t1': 9.43412, 't2': 40.20625, 't3': 100, 'N_anc': 7673.5, 'N_yri': 7673.5, 'N_ooa': 7673.5, 'N_ceu': 7673.5, 'N_chb': 7673.5, 'gr_ceu': 0.0765, 'gr_chb': 0.0765, 'm_yri_ooa': 1e-05, 'm_yri_ceu': 0.0, 'm_yri_chb': 0.0, 'm_ceu_chb': 0.0} -91956.05065361795
x: {'t1': 7.885, 't2': 40.20625, 't3': 100, 'N_anc': 7673.5, 'N_yri': 7673.5, 'N_ooa': 7673.5, 'N_ceu': 7673.5, 'N_chb': 7673.5, 'gr_ceu': 0.0765, 'gr_chb': 0.0765, 'm_yri_ooa': 1e-05, 'm_yri_ceu': 0.0, 'm_yri_chb': 0.0, 'm_ceu_chb': 0.0} -91275.00925853822
x_down: {'t1': 6.33587, 't2': 40.20625, 't3': 100, 'N_anc': 7673.5, 'N_yri': 7673.5, 'N_ooa': 7673.5, 'N_ceu': 7673.5, 'N_chb': 7673.5, 'gr_ceu': 0.0765, 'gr_chb': 0.0765, 'm_yri_ooa': 1e-05, 'm_yri_ceu': 0.0, 'm_yri_chb': 0.0, 'm_ceu_chb': 0.0} -90432.96979108507
 
 
x_up: {'t1': 6.33587, 't2': 47.82709, 't3': 100, 'N_anc': 7673.5, 'N_yri': 7673.5, 'N_ooa': 7673.5, 'N_ceu': 7673.5, 'N_chb': 7673.5, 'gr_ceu': 0.0765, 'gr_chb': 0.0765, 'm_yri_ooa': 1e-05, 'm_yri_ceu': 0.0, 'm_yri_chb': 0.0, 'm_ceu_chb': 0.0} -90536.5383389639
x: {'t1': 6.33587, 't2': 40.20625, 't3': 100, 'N_anc': 7673.5, 'N_yri': 7673.5, 'N_ooa': 7673.5, 'N_ceu': 7673.5, 'N_chb': 7673.5, 'gr_ceu': 0.0765, 'gr_chb': 0.0765, 'm_yri_ooa': 1e-05, 'm_yri_ceu': 0.0, 'm_yri_chb': 0.0, 'm_ceu_chb': 0.0} -90432.96979108507
x_down: {'t1': 6.33587, 't2': 32.58541, 't3': 100, 'N_anc': 7673.5, 'N_yri': 7673.5, 'N_ooa': 7673.5, 'N_ceu': 7673.5, 'N_chb': 7673.5, 'gr_ceu': 0.0765, 'gr_chb': 0.0765, 'm_yri_ooa': 1e-05, 'm_yri_ceu': 0.0, 'm_yri_chb': 0.0, 'm_ceu_chb': 0.0} -90308.43667290406
 
 
x_up: {'t1': 6.33587, 't2': 32.58541, 't3': 103.37073, 'N_anc': 7673.5, 'N_yri': 7673.5, 'N_ooa': 7673.5, 'N_ceu': 7673.5, 'N_chb': 7673.5, 'gr_ceu': 0.0765, 'gr_chb': 0.0765, 'm_yri_ooa': 1e-05, 'm_yri_ceu': 0.0, 'm_yri_chb': 0.0, 'm_ceu_chb': 0.0} -90308.43667290406
x: {'t1': 6.33587, 't2': 32.58541, 't3': 100, 'N_anc': 7673.5, 'N_yri': 7673.5, 'N_ooa': 7673.5, 'N_ceu': 7673.5, 'N_chb': 7673.5, 'gr_ceu': 0.0765, 'gr_chb': 0.0765, 'm_yri_ooa': 1e-05, 'm_yri_ceu': 0.0, 'm_yri_chb': 0.0, 'm_ceu_chb': 0.0} -90308.43667290406
x_down: {'t1': 6.33587, 't2': 32.58541, 't3': 96.62927, 'N_anc': 7673.5, 'N_yri': 7673.5, 'N_ooa': 7673.5, 'N_ceu': 7673.5, 'N_chb': 7673.5, 'gr_ceu': 0.0765, 'gr_chb': 0.0765, 'm_yri_ooa': 1e-05, 'm_yri_ceu': 0.0, 'm_yri_chb': 0.0, 'm_ceu_chb': 0.0} -90308.43667290406
 
 
x_up: {'t1': 6.33587, 't2': 32.58541, 't3': 100, 'N_anc': 9377.5375, 'N_yri': 7673.5, 'N_ooa': 7673.5, 'N_ceu': 7673.5, 'N_chb': 7673.5, 'gr_ceu': 0.0765, 'gr_chb': 0.0765, 'm_yri_ooa': 1e-05, 'm_yri_ceu': 0.0, 'm_yri_chb': 0.0, 'm_ceu_chb': 0.0} -90340.57295605793
x: {'t1': 6.33587, 't2': 32.58541, 't3': 100, 'N_anc': 7673.5, 'N_yri': 7673.5, 'N_ooa': 7673.5, 'N_ceu': 7673.5, 'N_chb': 7673.5, 'gr_ceu': 0.0765, 'gr_chb': 0.0765, 'm_yri_ooa': 1e-05, 'm_yri_ceu': 0.0, 'm_yri_chb': 0.0, 'm_ceu_chb': 0.0} -90308.43667290406
x_down: {'t1': 6.33587, 't2': 32.58541, 't3': 100, 'N_anc': 5969.4625, 'N_yri': 7673.5, 'N_ooa': 7673.5, 'N_ceu': 7673.5, 'N_chb': 7673.5, 'gr_ceu': 0.0765, 'gr_chb': 0.0765, 'm_yri_ooa': 1e-05, 'm_yri_ceu': 0.0, 'm_yri_chb': 0.0, 'm_ceu_chb': 0.0} -90268.82008567045
 
 
x_up: {'t1': 6.33587, 't2': 32.58541, 't3': 100, 'N_anc': 5969.4625, 'N_yri': 9377.5375, 'N_ooa': 7673.5, 'N_ceu': 7673.5, 'N_chb': 7673.5, 'gr_ceu': 0.0765, 'gr_chb': 0.0765, 'm_yri_ooa': 1e-05, 'm_yri_ceu': 0.0, 'm_yri_chb': 0.0, 'm_ceu_chb': 0.0} -90613.30848879072
x: {'t1': 6.33587, 't2': 32.58541, 't3': 100, 'N_anc': 5969.4625, 'N_yri': 7673.5, 'N_ooa': 7673.5, 'N_ceu': 7673.5, 'N_chb': 7673.5, 'gr_ceu': 0.0765, 'gr_chb': 0.0765, 'm_yri_ooa': 1e-05, 'm_yri_ceu': 0.0, 'm_yri_chb': 0.0, 'm_ceu_chb': 0.0} -90268.82008567045
x_down: {'t1': 6.33587, 't2': 32.58541, 't3': 100, 'N_anc': 5969.4625, 'N_yri': 5969.4625, 'N_ooa': 7673.5, 'N_ceu': 7673.5, 'N_chb': 7673.5, 'gr_ceu': 0.0765, 'gr_chb': 0.0765, 'm_yri_ooa': 1e-05, 'm_yri_ceu': 0.0, 'm_yri_chb': 0.0, 'm_ceu_chb': 0.0} -89815.6586170045
 
 
x_up: {'t1': 6.33587, 't2': 32.58541, 't3': 100, 'N_anc': 5969.4625, 'N_yri': 5969.4625, 'N_ooa': 9377.5375, 'N_ceu': 7673.5, 'N_chb': 7673.5, 'gr_ceu': 0.0765, 'gr_chb': 0.0765, 'm_yri_ooa': 1e-05, 'm_yri_ceu': 0.0, 'm_yri_chb': 0.0, 'm_ceu_chb': 0.0} -90192.60121733231
x: {'t1': 6.33587, 't2': 32.58541, 't3': 100, 'N_anc': 5969.4625, 'N_yri': 5969.4625, 'N_ooa': 7673.5, 'N_ceu': 7673.5, 'N_chb': 7673.5, 'gr_ceu': 0.0765, 'gr_chb': 0.0765, 'm_yri_ooa': 1e-05, 'm_yri_ceu': 0.0, 'm_yri_chb': 0.0, 'm_ceu_chb': 0.0} -89815.6586170045
x_down: {'t1': 6.33587, 't2': 32.58541, 't3': 100, 'N_anc': 5969.4625, 'N_yri': 5969.4625, 'N_ooa': 5969.4625, 'N_ceu': 7673.5, 'N_chb': 7673.5, 'gr_ceu': 0.0765, 'gr_chb': 0.0765, 'm_yri_ooa': 1e-05, 'm_yri_ceu': 0.0, 'm_yri_chb': 0.0, 'm_ceu_chb': 0.0} -89382.53127203387
 
 
x_up: {'t1': 6.33587, 't2': 32.58541, 't3': 100, 'N_anc': 5969.4625, 'N_yri': 5969.4625, 'N_ooa': 5969.4625, 'N_ceu': 9377.5375, 'N_chb': 7673.5, 'gr_ceu': 0.0765, 'gr_chb': 0.0765, 'm_yri_ooa': 1e-05, 'm_yri_ceu': 0.0, 'm_yri_chb': 0.0, 'm_ceu_chb': 0.0} -89869.28569147983
x: {'t1': 6.33587, 't2': 32.58541, 't3': 100, 'N_anc': 5969.4625, 'N_yri': 5969.4625, 'N_ooa': 5969.4625, 'N_ceu': 7673.5, 'N_chb': 7673.5, 'gr_ceu': 0.0765, 'gr_chb': 0.0765, 'm_yri_ooa': 1e-05, 'm_yri_ceu': 0.0, 'm_yri_chb': 0.0, 'm_ceu_chb': 0.0} -89382.53127203387
x_down: {'t1': 6.33587, 't2': 32.58541, 't3': 100, 'N_anc': 5969.4625, 'N_yri': 5969.4625, 'N_ooa': 5969.4625, 'N_ceu': 5969.4625, 'N_chb': 7673.5, 'gr_ceu': 0.0765, 'gr_chb': 0.0765, 'm_yri_ooa': 1e-05, 'm_yri_ceu': 0.0, 'm_yri_chb': 0.0, 'm_ceu_chb': 0.0} -88522.89630113187
 
 
x_up: {'t1': 6.33587, 't2': 32.58541, 't3': 100, 'N_anc': 5969.4625, 'N_yri': 5969.4625, 'N_ooa': 5969.4625, 'N_ceu': 5969.4625, 'N_chb': 9377.5375, 'gr_ceu': 0.0765, 'gr_chb': 0.0765, 'm_yri_ooa': 1e-05, 'm_yri_ceu': 0.0, 'm_yri_chb': 0.0, 'm_ceu_chb': 0.0} -88911.98505124576
x: {'t1': 6.33587, 't2': 32.58541, 't3': 100, 'N_anc': 5969.4625, 'N_yri': 5969.4625, 'N_ooa': 5969.4625, 'N_ceu': 5969.4625, 'N_chb': 7673.5, 'gr_ceu': 0.0765, 'gr_chb': 0.0765, 'm_yri_ooa': 1e-05, 'm_yri_ceu': 0.0, 'm_yri_chb': 0.0, 'm_ceu_chb': 0.0} -88522.89630113187
x_down: {'t1': 6.33587, 't2': 32.58541, 't3': 100, 'N_anc': 5969.4625, 'N_yri': 5969.4625, 'N_ooa': 5969.4625, 'N_ceu': 5969.4625, 'N_chb': 5969.4625, 'gr_ceu': 0.0765, 'gr_chb': 0.0765, 'm_yri_ooa': 1e-05, 'm_yri_ceu': 0.0, 'm_yri_chb': 0.0, 'm_ceu_chb': 0.0} -87937.71034312158
 
 
x_up: {'t1': 6.33587, 't2': 32.58541, 't3': 100, 'N_anc': 5969.4625, 'N_yri': 5969.4625, 'N_ooa': 5969.4625, 'N_ceu': 5969.4625, 'N_chb': 5969.4625, 'gr_ceu': 0.09371, 'gr_chb': 0.0765, 'm_yri_ooa': 1e-05, 'm_yri_ceu': 0.0, 'm_yri_chb': 0.0, 'm_ceu_chb': 0.0} -88143.82092433675
x: {'t1': 6.33587, 't2': 32.58541, 't3': 100, 'N_anc': 5969.4625, 'N_yri': 5969.4625, 'N_ooa': 5969.4625, 'N_ceu': 5969.4625, 'N_chb': 5969.4625, 'gr_ceu': 0.0765, 'gr_chb': 0.0765, 'm_yri_ooa': 1e-05, 'm_yri_ceu': 0.0, 'm_yri_chb': 0.0, 'm_ceu_chb': 0.0} -87937.71034312158
x_down: {'t1': 6.33587, 't2': 32.58541, 't3': 100, 'N_anc': 5969.4625, 'N_yri': 5969.4625, 'N_ooa': 5969.4625, 'N_ceu': 5969.4625, 'N_chb': 5969.4625, 'gr_ceu': 0.05929, 'gr_chb': 0.0765, 'm_yri_ooa': 1e-05, 'm_yri_ceu': 0.0, 'm_yri_chb': 0.0, 'm_ceu_chb': 0.0} -87694.3207374723
 
 
x_up: {'t1': 6.33587, 't2': 32.58541, 't3': 100, 'N_anc': 5969.4625, 'N_yri': 5969.4625, 'N_ooa': 5969.4625, 'N_ceu': 5969.4625, 'N_chb': 5969.4625, 'gr_ceu': 0.05929, 'gr_chb': 0.09371, 'm_yri_ooa': 1e-05, 'm_yri_ceu': 0.0, 'm_yri_chb': 0.0, 'm_ceu_chb': 0.0} -87870.80762130606
x: {'t1': 6.33587, 't2': 32.58541, 't3': 100, 'N_anc': 5969.4625, 'N_yri': 5969.4625, 'N_ooa': 5969.4625, 'N_ceu': 5969.4625, 'N_chb': 5969.4625, 'gr_ceu': 0.05929, 'gr_chb': 0.0765, 'm_yri_ooa': 1e-05, 'm_yri_ceu': 0.0, 'm_yri_chb': 0.0, 'm_ceu_chb': 0.0} -87694.3207374723
x_down: {'t1': 6.33587, 't2': 32.58541, 't3': 100, 'N_anc': 5969.4625, 'N_yri': 5969.4625, 'N_ooa': 5969.4625, 'N_ceu': 5969.4625, 'N_chb': 5969.4625, 'gr_ceu': 0.05929, 'gr_chb': 0.05929, 'm_yri_ooa': 1e-05, 'm_yri_ceu': 0.0, 'm_yri_chb': 0.0, 'm_ceu_chb': 0.0} -87486.46519478076
 
 
x_up: {'t1': 6.33587, 't2': 32.58541, 't3': 100, 'N_anc': 5969.4625, 'N_yri': 5969.4625, 'N_ooa': 5969.4625, 'N_ceu': 5969.4625, 'N_chb': 5969.4625, 'gr_ceu': 0.05929, 'gr_chb': 0.05929, 'm_yri_ooa': 0.0, 'm_yri_ceu': 0.0, 'm_yri_chb': 0.0, 'm_ceu_chb': 0.0} -87491.74126708589
x: {'t1': 6.33587, 't2': 32.58541, 't3': 100, 'N_anc': 5969.4625, 'N_yri': 5969.4625, 'N_ooa': 5969.4625, 'N_ceu': 5969.4625, 'N_chb': 5969.4625, 'gr_ceu': 0.05929, 'gr_chb': 0.05929, 'm_yri_ooa': 1e-05, 'm_yri_ceu': 0.0, 'm_yri_chb': 0.0, 'm_ceu_chb': 0.0} -87486.46519478076
x_down: {'t1': 6.33587, 't2': 32.58541, 't3': 100, 'N_anc': 5969.4625, 'N_yri': 5969.4625, 'N_ooa': 5969.4625, 'N_ceu': 5969.4625, 'N_chb': 5969.4625, 'gr_ceu': 0.05929, 'gr_chb': 0.05929, 'm_yri_ooa': 1e-05, 'm_yri_ceu': 0.0, 'm_yri_chb': 0.0, 'm_ceu_chb': 0.0} -87486.46519478076
 
 
x_up: {'t1': 6.33587, 't2': 32.58541, 't3': 100, 'N_anc': 5969.4625, 'N_yri': 5969.4625, 'N_ooa': 5969.4625, 'N_ceu': 5969.4625, 'N_chb': 5969.4625, 'gr_ceu': 0.05929, 'gr_chb': 0.05929, 'm_yri_ooa': 1e-05, 'm_yri_ceu': 0.0, 'm_yri_chb': 0.0, 'm_ceu_chb': 0.0} -87486.46519478076
x: {'t1': 6.33587, 't2': 32.58541, 't3': 100, 'N_anc': 5969.4625, 'N_yri': 5969.4625, 'N_ooa': 5969.4625, 'N_ceu': 5969.4625, 'N_chb': 5969.4625, 'gr_ceu': 0.05929, 'gr_chb': 0.05929, 'm_yri_ooa': 1e-05, 'm_yri_ceu': 0.0, 'm_yri_chb': 0.0, 'm_ceu_chb': 0.0} -87486.46519478076
x_down: {'t1': 6.33587, 't2': 32.58541, 't3': 100, 'N_anc': 5969.4625, 'N_yri': 5969.4625, 'N_ooa': 5969.4625, 'N_ceu': 5969.4625, 'N_chb': 5969.4625, 'gr_ceu': 0.05929, 'gr_chb': 0.05929, 'm_yri_ooa': 1e-05, 'm_yri_ceu': 1e-05, 'm_yri_chb': 0.0, 'm_ceu_chb': 0.0} -87486.46519477227
 
 
x_up: {'t1': 6.33587, 't2': 32.58541, 't3': 100, 'N_anc': 5969.4625, 'N_yri': 5969.4625, 'N_ooa': 5969.4625, 'N_ceu': 5969.4625, 'N_chb': 5969.4625, 'gr_ceu': 0.05929, 'gr_chb': 0.05929, 'm_yri_ooa': 1e-05, 'm_yri_ceu': 1e-05, 'm_yri_chb': 0.0, 'm_ceu_chb': 0.0} -87486.46519477227
x: {'t1': 6.33587, 't2': 32.58541, 't3': 100, 'N_anc': 5969.4625, 'N_yri': 5969.4625, 'N_ooa': 5969.4625, 'N_ceu': 5969.4625, 'N_chb': 5969.4625, 'gr_ceu': 0.05929, 'gr_chb': 0.05929, 'm_yri_ooa': 1e-05, 'm_yri_ceu': 1e-05, 'm_yri_chb': 0.0, 'm_ceu_chb': 0.0} -87486.46519477227
x_down: {'t1': 6.33587, 't2': 32.58541, 't3': 100, 'N_anc': 5969.4625, 'N_yri': 5969.4625, 'N_ooa': 5969.4625, 'N_ceu': 5969.4625, 'N_chb': 5969.4625, 'gr_ceu': 0.05929, 'gr_chb': 0.05929, 'm_yri_ooa': 1e-05, 'm_yri_ceu': 1e-05, 'm_yri_chb': 1e-05, 'm_ceu_chb': 0.0} -87486.46519476999
 
 
x_up: {'t1': 6.33587, 't2': 32.58541, 't3': 100, 'N_anc': 5969.4625, 'N_yri': 5969.4625, 'N_ooa': 5969.4625, 'N_ceu': 5969.4625, 'N_chb': 5969.4625, 'gr_ceu': 0.05929, 'gr_chb': 0.05929, 'm_yri_ooa': 1e-05, 'm_yri_ceu': 1e-05, 'm_yri_chb': 1e-05, 'm_ceu_chb': 0.0} -87486.46519476999
x: {'t1': 6.33587, 't2': 32.58541, 't3': 100, 'N_anc': 5969.4625, 'N_yri': 5969.4625, 'N_ooa': 5969.4625, 'N_ceu': 5969.4625, 'N_chb': 5969.4625, 'gr_ceu': 0.05929, 'gr_chb': 0.05929, 'm_yri_ooa': 1e-05, 'm_yri_ceu': 1e-05, 'm_yri_chb': 1e-05, 'm_ceu_chb': 0.0} -87486.46519476999
x_down: {'t1': 6.33587, 't2': 32.58541, 't3': 100, 'N_anc': 5969.4625, 'N_yri': 5969.4625, 'N_ooa': 5969.4625, 'N_ceu': 5969.4625, 'N_chb': 5969.4625, 'gr_ceu': 0.05929, 'gr_chb': 0.05929, 'm_yri_ooa': 1e-05, 'm_yri_ceu': 1e-05, 'm_yri_chb': 1e-05, 'm_ceu_chb': 1e-05} -87486.46519476981
 
{'t1': 6.33587, 't2': 32.58541, 't3': 100, 'N_anc': 5969.4625, 'N_yri': 5969.4625, 'N_ooa': 5969.4625, 'N_ceu': 5969.4625, 'N_chb': 5969.4625, 'gr_ceu': 0.05929, 'gr_chb': 0.05929, 'm_yri_ooa': 1e-05, 'm_yri_ceu': 1e-05, 'm_yri_chb': 1e-05, 'm_ceu_chb': 1e-05} -87486.46519476981
 
x_up: {'t1': 8.13673, 't2': 32.58541, 't3': 100, 'N_anc': 5969.4625, 'N_yri': 5969.4625, 'N_ooa': 5969.4625, 'N_ceu': 5969.4625, 'N_chb': 5969.4625, 'gr_ceu': 0.05929, 'gr_chb': 0.05929, 'm_yri_ooa': 1e-05, 'm_yri_ceu': 1e-05, 'm_yri_chb': 1e-05, 'm_ceu_chb': 1e-05} -88275.55938124165
x: {'t1': 6.33587, 't2': 32.58541, 't3': 100, 'N_anc': 5969.4625, 'N_yri': 5969.4625, 'N_ooa': 5969.4625, 'N_ceu': 5969.4625, 'N_chb': 5969.4625, 'gr_ceu': 0.05929, 'gr_chb': 0.05929, 'm_yri_ooa': 1e-05, 'm_yri_ceu': 1e-05, 'm_yri_chb': 1e-05, 'm_ceu_chb': 1e-05} -87486.46519476981
x_down: {'t1': 4.53501, 't2': 32.58541, 't3': 100, 'N_anc': 5969.4625, 'N_yri': 5969.4625, 'N_ooa': 5969.4625, 'N_ceu': 5969.4625, 'N_chb': 5969.4625, 'gr_ceu': 0.05929, 'gr_chb': 0.05929, 'm_yri_ooa': 1e-05, 'm_yri_ceu': 1e-05, 'm_yri_chb': 1e-05, 'm_ceu_chb': 1e-05} -86602.37376789478
 
 
x_up: {'t1': 4.53501, 't2': 42.05242, 't3': 100, 'N_anc': 5969.4625, 'N_yri': 5969.4625, 'N_ooa': 5969.4625, 'N_ceu': 5969.4625, 'N_chb': 5969.4625, 'gr_ceu': 0.05929, 'gr_chb': 0.05929, 'm_yri_ooa': 1e-05, 'm_yri_ceu': 1e-05, 'm_yri_chb': 1e-05, 'm_ceu_chb': 1e-05} -86712.80140116082
x: {'t1': 4.53501, 't2': 32.58541, 't3': 100, 'N_anc': 5969.4625, 'N_yri': 5969.4625, 'N_ooa': 5969.4625, 'N_ceu': 5969.4625, 'N_chb': 5969.4625, 'gr_ceu': 0.05929, 'gr_chb': 0.05929, 'm_yri_ooa': 1e-05, 'm_yri_ceu': 1e-05, 'm_yri_chb': 1e-05, 'm_ceu_chb': 1e-05} -86602.37376789478
x_down: {'t1': 4.53501, 't2': 23.1184, 't3': 100, 'N_anc': 5969.4625, 'N_yri': 5969.4625, 'N_ooa': 5969.4625, 'N_ceu': 5969.4625, 'N_chb': 5969.4625, 'gr_ceu': 0.05929, 'gr_chb': 0.05929, 'm_yri_ooa': 1e-05, 'm_yri_ceu': 1e-05, 'm_yri_chb': 1e-05, 'm_ceu_chb': 1e-05} -86494.84440202208
 
 
x_up: {'t1': 4.53501, 't2': 23.1184, 't3': 103.84408, 'N_anc': 5969.4625, 'N_yri': 5969.4625, 'N_ooa': 5969.4625, 'N_ceu': 5969.4625, 'N_chb': 5969.4625, 'gr_ceu': 0.05929, 'gr_chb': 0.05929, 'm_yri_ooa': 1e-05, 'm_yri_ceu': 1e-05, 'm_yri_chb': 1e-05, 'm_ceu_chb': 1e-05} -86494.84440202208
x: {'t1': 4.53501, 't2': 23.1184, 't3': 100, 'N_anc': 5969.4625, 'N_yri': 5969.4625, 'N_ooa': 5969.4625, 'N_ceu': 5969.4625, 'N_chb': 5969.4625, 'gr_ceu': 0.05929, 'gr_chb': 0.05929, 'm_yri_ooa': 1e-05, 'm_yri_ceu': 1e-05, 'm_yri_chb': 1e-05, 'm_ceu_chb': 1e-05} -86494.84440202208
x_down: {'t1': 4.53501, 't2': 23.1184, 't3': 96.15592, 'N_anc': 5969.4625, 'N_yri': 5969.4625, 'N_ooa': 5969.4625, 'N_ceu': 5969.4625, 'N_chb': 5969.4625, 'gr_ceu': 0.05929, 'gr_chb': 0.05929, 'm_yri_ooa': 1e-05, 'm_yri_ceu': 1e-05, 'm_yri_chb': 1e-05, 'm_ceu_chb': 1e-05} -86494.84440202208
 
 
x_up: {'t1': 4.53501, 't2': 23.1184, 't3': 100, 'N_anc': 7950.40609, 'N_yri': 5969.4625, 'N_ooa': 5969.4625, 'N_ceu': 5969.4625, 'N_chb': 5969.4625, 'gr_ceu': 0.05929, 'gr_chb': 0.05929, 'm_yri_ooa': 1e-05, 'm_yri_ceu': 1e-05, 'm_yri_chb': 1e-05, 'm_ceu_chb': 1e-05} -86540.11256359889
x: {'t1': 4.53501, 't2': 23.1184, 't3': 100, 'N_anc': 5969.4625, 'N_yri': 5969.4625, 'N_ooa': 5969.4625, 'N_ceu': 5969.4625, 'N_chb': 5969.4625, 'gr_ceu': 0.05929, 'gr_chb': 0.05929, 'm_yri_ooa': 1e-05, 'm_yri_ceu': 1e-05, 'm_yri_chb': 1e-05, 'm_ceu_chb': 1e-05} -86494.84440202208
x_down: {'t1': 4.53501, 't2': 23.1184, 't3': 100, 'N_anc': 3988.51891, 'N_yri': 5969.4625, 'N_ooa': 5969.4625, 'N_ceu': 5969.4625, 'N_chb': 5969.4625, 'gr_ceu': 0.05929, 'gr_chb': 0.05929, 'm_yri_ooa': 1e-05, 'm_yri_ceu': 1e-05, 'm_yri_chb': 1e-05, 'm_ceu_chb': 1e-05} -86433.16725801528
 
 
x_up: {'t1': 4.53501, 't2': 23.1184, 't3': 100, 'N_anc': 3988.51891, 'N_yri': 7950.40609, 'N_ooa': 5969.4625, 'N_ceu': 5969.4625, 'N_chb': 5969.4625, 'gr_ceu': 0.05929, 'gr_chb': 0.05929, 'm_yri_ooa': 1e-05, 'm_yri_ceu': 1e-05, 'm_yri_chb': 1e-05, 'm_ceu_chb': 1e-05} -86762.22203677891
x: {'t1': 4.53501, 't2': 23.1184, 't3': 100, 'N_anc': 3988.51891, 'N_yri': 5969.4625, 'N_ooa': 5969.4625, 'N_ceu': 5969.4625, 'N_chb': 5969.4625, 'gr_ceu': 0.05929, 'gr_chb': 0.05929, 'm_yri_ooa': 1e-05, 'm_yri_ceu': 1e-05, 'm_yri_chb': 1e-05, 'm_ceu_chb': 1e-05} -86433.16725801528
x_down: {'t1': 4.53501, 't2': 23.1184, 't3': 100, 'N_anc': 3988.51891, 'N_yri': 3988.51891, 'N_ooa': 5969.4625, 'N_ceu': 5969.4625, 'N_chb': 5969.4625, 'gr_ceu': 0.05929, 'gr_chb': 0.05929, 'm_yri_ooa': 1e-05, 'm_yri_ceu': 1e-05, 'm_yri_chb': 1e-05, 'm_ceu_chb': 1e-05} -85842.40813086816
 
 
x_up: {'t1': 4.53501, 't2': 23.1184, 't3': 100, 'N_anc': 3988.51891, 'N_yri': 3988.51891, 'N_ooa': 7950.40609, 'N_ceu': 5969.4625, 'N_chb': 5969.4625, 'gr_ceu': 0.05929, 'gr_chb': 0.05929, 'm_yri_ooa': 1e-05, 'm_yri_ceu': 1e-05, 'm_yri_chb': 1e-05, 'm_ceu_chb': 1e-05} -86490.79235506145
x: {'t1': 4.53501, 't2': 23.1184, 't3': 100, 'N_anc': 3988.51891, 'N_yri': 3988.51891, 'N_ooa': 5969.4625, 'N_ceu': 5969.4625, 'N_chb': 5969.4625, 'gr_ceu': 0.05929, 'gr_chb': 0.05929, 'm_yri_ooa': 1e-05, 'm_yri_ceu': 1e-05, 'm_yri_chb': 1e-05, 'm_ceu_chb': 1e-05} -85842.40813086816
x_down: {'t1': 4.53501, 't2': 23.1184, 't3': 100, 'N_anc': 3988.51891, 'N_yri': 3988.51891, 'N_ooa': 3988.51891, 'N_ceu': 5969.4625, 'N_chb': 5969.4625, 'gr_ceu': 0.05929, 'gr_chb': 0.05929, 'm_yri_ooa': 1e-05, 'm_yri_ceu': 1e-05, 'm_yri_chb': 1e-05, 'm_ceu_chb': 1e-05} -84966.03155643487
 
 
x_up: {'t1': 4.53501, 't2': 23.1184, 't3': 100, 'N_anc': 3988.51891, 'N_yri': 3988.51891, 'N_ooa': 3988.51891, 'N_ceu': 7950.40609, 'N_chb': 5969.4625, 'gr_ceu': 0.05929, 'gr_chb': 0.05929, 'm_yri_ooa': 1e-05, 'm_yri_ceu': 1e-05, 'm_yri_chb': 1e-05, 'm_ceu_chb': 1e-05} -85582.68404795724
x: {'t1': 4.53501, 't2': 23.1184, 't3': 100, 'N_anc': 3988.51891, 'N_yri': 3988.51891, 'N_ooa': 3988.51891, 'N_ceu': 5969.4625, 'N_chb': 5969.4625, 'gr_ceu': 0.05929, 'gr_chb': 0.05929, 'm_yri_ooa': 1e-05, 'm_yri_ceu': 1e-05, 'm_yri_chb': 1e-05, 'm_ceu_chb': 1e-05} -84966.03155643487
x_down: {'t1': 4.53501, 't2': 23.1184, 't3': 100, 'N_anc': 3988.51891, 'N_yri': 3988.51891, 'N_ooa': 3988.51891, 'N_ceu': 3988.51891, 'N_chb': 5969.4625, 'gr_ceu': 0.05929, 'gr_chb': 0.05929, 'm_yri_ooa': 1e-05, 'm_yri_ceu': 1e-05, 'm_yri_chb': 1e-05, 'm_ceu_chb': 1e-05} -83641.90492514057
 
 
x_up: {'t1': 4.53501, 't2': 23.1184, 't3': 100, 'N_anc': 3988.51891, 'N_yri': 3988.51891, 'N_ooa': 3988.51891, 'N_ceu': 3988.51891, 'N_chb': 7950.40609, 'gr_ceu': 0.05929, 'gr_chb': 0.05929, 'm_yri_ooa': 1e-05, 'm_yri_ceu': 1e-05, 'm_yri_chb': 1e-05, 'm_ceu_chb': 1e-05} -84157.51103096304
x: {'t1': 4.53501, 't2': 23.1184, 't3': 100, 'N_anc': 3988.51891, 'N_yri': 3988.51891, 'N_ooa': 3988.51891, 'N_ceu': 3988.51891, 'N_chb': 5969.4625, 'gr_ceu': 0.05929, 'gr_chb': 0.05929, 'm_yri_ooa': 1e-05, 'm_yri_ceu': 1e-05, 'm_yri_chb': 1e-05, 'm_ceu_chb': 1e-05} -83641.90492514057
x_down: {'t1': 4.53501, 't2': 23.1184, 't3': 100, 'N_anc': 3988.51891, 'N_yri': 3988.51891, 'N_ooa': 3988.51891, 'N_ceu': 3988.51891, 'N_chb': 3988.51891, 'gr_ceu': 0.05929, 'gr_chb': 0.05929, 'm_yri_ooa': 1e-05, 'm_yri_ceu': 1e-05, 'm_yri_chb': 1e-05, 'm_ceu_chb': 1e-05} -82825.66654030557
 
 
x_up: {'t1': 4.53501, 't2': 23.1184, 't3': 100, 'N_anc': 3988.51891, 'N_yri': 3988.51891, 'N_ooa': 3988.51891, 'N_ceu': 3988.51891, 'N_chb': 3988.51891, 'gr_ceu': 0.0793, 'gr_chb': 0.05929, 'm_yri_ooa': 1e-05, 'm_yri_ceu': 1e-05, 'm_yri_chb': 1e-05, 'm_ceu_chb': 1e-05} -82978.56403476358
x: {'t1': 4.53501, 't2': 23.1184, 't3': 100, 'N_anc': 3988.51891, 'N_yri': 3988.51891, 'N_ooa': 3988.51891, 'N_ceu': 3988.51891, 'N_chb': 3988.51891, 'gr_ceu': 0.05929, 'gr_chb': 0.05929, 'm_yri_ooa': 1e-05, 'm_yri_ceu': 1e-05, 'm_yri_chb': 1e-05, 'm_ceu_chb': 1e-05} -82825.66654030557
x_down: {'t1': 4.53501, 't2': 23.1184, 't3': 100, 'N_anc': 3988.51891, 'N_yri': 3988.51891, 'N_ooa': 3988.51891, 'N_ceu': 3988.51891, 'N_chb': 3988.51891, 'gr_ceu': 0.03928, 'gr_chb': 0.05929, 'm_yri_ooa': 1e-05, 'm_yri_ceu': 1e-05, 'm_yri_chb': 1e-05, 'm_ceu_chb': 1e-05} -82654.67559706354
 
 
x_up: {'t1': 4.53501, 't2': 23.1184, 't3': 100, 'N_anc': 3988.51891, 'N_yri': 3988.51891, 'N_ooa': 3988.51891, 'N_ceu': 3988.51891, 'N_chb': 3988.51891, 'gr_ceu': 0.03928, 'gr_chb': 0.0793, 'm_yri_ooa': 1e-05, 'm_yri_ceu': 1e-05, 'm_yri_chb': 1e-05, 'm_ceu_chb': 1e-05} -82790.80547079437
x: {'t1': 4.53501, 't2': 23.1184, 't3': 100, 'N_anc': 3988.51891, 'N_yri': 3988.51891, 'N_ooa': 3988.51891, 'N_ceu': 3988.51891, 'N_chb': 3988.51891, 'gr_ceu': 0.03928, 'gr_chb': 0.05929, 'm_yri_ooa': 1e-05, 'm_yri_ceu': 1e-05, 'm_yri_chb': 1e-05, 'm_ceu_chb': 1e-05} -82654.67559706354
x_down: {'t1': 4.53501, 't2': 23.1184, 't3': 100, 'N_anc': 3988.51891, 'N_yri': 3988.51891, 'N_ooa': 3988.51891, 'N_ceu': 3988.51891, 'N_chb': 3988.51891, 'gr_ceu': 0.03928, 'gr_chb': 0.03928, 'm_yri_ooa': 1e-05, 'm_yri_ceu': 1e-05, 'm_yri_chb': 1e-05, 'm_ceu_chb': 1e-05} -82501.54656104848
 
 
x_up: {'t1': 4.53501, 't2': 23.1184, 't3': 100, 'N_anc': 3988.51891, 'N_yri': 3988.51891, 'N_ooa': 3988.51891, 'N_ceu': 3988.51891, 'N_chb': 3988.51891, 'gr_ceu': 0.03928, 'gr_chb': 0.03928, 'm_yri_ooa': 0.0, 'm_yri_ceu': 1e-05, 'm_yri_chb': 1e-05, 'm_ceu_chb': 1e-05} -82501.4489596781
x: {'t1': 4.53501, 't2': 23.1184, 't3': 100, 'N_anc': 3988.51891, 'N_yri': 3988.51891, 'N_ooa': 3988.51891, 'N_ceu': 3988.51891, 'N_chb': 3988.51891, 'gr_ceu': 0.03928, 'gr_chb': 0.03928, 'm_yri_ooa': 1e-05, 'm_yri_ceu': 1e-05, 'm_yri_chb': 1e-05, 'm_ceu_chb': 1e-05} -82501.54656104848
x_down: {'t1': 4.53501, 't2': 23.1184, 't3': 100, 'N_anc': 3988.51891, 'N_yri': 3988.51891, 'N_ooa': 3988.51891, 'N_ceu': 3988.51891, 'N_chb': 3988.51891, 'gr_ceu': 0.03928, 'gr_chb': 0.03928, 'm_yri_ooa': 1e-05, 'm_yri_ceu': 1e-05, 'm_yri_chb': 1e-05, 'm_ceu_chb': 1e-05} -82501.54656104848
 
 
x_up: {'t1': 4.53501, 't2': 23.1184, 't3': 100, 'N_anc': 3988.51891, 'N_yri': 3988.51891, 'N_ooa': 3988.51891, 'N_ceu': 3988.51891, 'N_chb': 3988.51891, 'gr_ceu': 0.03928, 'gr_chb': 0.03928, 'm_yri_ooa': 0.0, 'm_yri_ceu': 0.0, 'm_yri_chb': 1e-05, 'm_ceu_chb': 1e-05} -82501.44895968348
x: {'t1': 4.53501, 't2': 23.1184, 't3': 100, 'N_anc': 3988.51891, 'N_yri': 3988.51891, 'N_ooa': 3988.51891, 'N_ceu': 3988.51891, 'N_chb': 3988.51891, 'gr_ceu': 0.03928, 'gr_chb': 0.03928, 'm_yri_ooa': 0.0, 'm_yri_ceu': 1e-05, 'm_yri_chb': 1e-05, 'm_ceu_chb': 1e-05} -82501.4489596781
x_down: {'t1': 4.53501, 't2': 23.1184, 't3': 100, 'N_anc': 3988.51891, 'N_yri': 3988.51891, 'N_ooa': 3988.51891, 'N_ceu': 3988.51891, 'N_chb': 3988.51891, 'gr_ceu': 0.03928, 'gr_chb': 0.03928, 'm_yri_ooa': 0.0, 'm_yri_ceu': 1e-05, 'm_yri_chb': 1e-05, 'm_ceu_chb': 1e-05} -82501.4489596781
 
 
x_up: {'t1': 4.53501, 't2': 23.1184, 't3': 100, 'N_anc': 3988.51891, 'N_yri': 3988.51891, 'N_ooa': 3988.51891, 'N_ceu': 3988.51891, 'N_chb': 3988.51891, 'gr_ceu': 0.03928, 'gr_chb': 0.03928, 'm_yri_ooa': 0.0, 'm_yri_ceu': 1e-05, 'm_yri_chb': 0.0, 'm_ceu_chb': 1e-05} -82501.44895968397
x: {'t1': 4.53501, 't2': 23.1184, 't3': 100, 'N_anc': 3988.51891, 'N_yri': 3988.51891, 'N_ooa': 3988.51891, 'N_ceu': 3988.51891, 'N_chb': 3988.51891, 'gr_ceu': 0.03928, 'gr_chb': 0.03928, 'm_yri_ooa': 0.0, 'm_yri_ceu': 1e-05, 'm_yri_chb': 1e-05, 'm_ceu_chb': 1e-05} -82501.4489596781
x_down: {'t1': 4.53501, 't2': 23.1184, 't3': 100, 'N_anc': 3988.51891, 'N_yri': 3988.51891, 'N_ooa': 3988.51891, 'N_ceu': 3988.51891, 'N_chb': 3988.51891, 'gr_ceu': 0.03928, 'gr_chb': 0.03928, 'm_yri_ooa': 0.0, 'm_yri_ceu': 1e-05, 'm_yri_chb': 1e-05, 'm_ceu_chb': 1e-05} -82501.4489596781
 
 
x_up: {'t1': 4.53501, 't2': 23.1184, 't3': 100, 'N_anc': 3988.51891, 'N_yri': 3988.51891, 'N_ooa': 3988.51891, 'N_ceu': 3988.51891, 'N_chb': 3988.51891, 'gr_ceu': 0.03928, 'gr_chb': 0.03928, 'm_yri_ooa': 0.0, 'm_yri_ceu': 1e-05, 'm_yri_chb': 1e-05, 'm_ceu_chb': 0.0} -82501.44895967844
x: {'t1': 4.53501, 't2': 23.1184, 't3': 100, 'N_anc': 3988.51891, 'N_yri': 3988.51891, 'N_ooa': 3988.51891, 'N_ceu': 3988.51891, 'N_chb': 3988.51891, 'gr_ceu': 0.03928, 'gr_chb': 0.03928, 'm_yri_ooa': 0.0, 'm_yri_ceu': 1e-05, 'm_yri_chb': 1e-05, 'm_ceu_chb': 1e-05} -82501.4489596781
x_down: {'t1': 4.53501, 't2': 23.1184, 't3': 100, 'N_anc': 3988.51891, 'N_yri': 3988.51891, 'N_ooa': 3988.51891, 'N_ceu': 3988.51891, 'N_chb': 3988.51891, 'gr_ceu': 0.03928, 'gr_chb': 0.03928, 'm_yri_ooa': 0.0, 'm_yri_ceu': 1e-05, 'm_yri_chb': 1e-05, 'm_ceu_chb': 1e-05} -82501.4489596781
 
{'t1': 4.53501, 't2': 23.1184, 't3': 100, 'N_anc': 3988.51891, 'N_yri': 3988.51891, 'N_ooa': 3988.51891, 'N_ceu': 3988.51891, 'N_chb': 3988.51891, 'gr_ceu': 0.03928, 'gr_chb': 0.03928, 'm_yri_ooa': 0.0, 'm_yri_ceu': 1e-05, 'm_yri_chb': 1e-05, 'm_ceu_chb': 1e-05} -82501.4489596781
 
x_up: {'t1': 6.30251, 't2': 23.1184, 't3': 100, 'N_anc': 3988.51891, 'N_yri': 3988.51891, 'N_ooa': 3988.51891, 'N_ceu': 3988.51891, 'N_chb': 3988.51891, 'gr_ceu': 0.03928, 'gr_chb': 0.03928, 'm_yri_ooa': 0.0, 'm_yri_ceu': 1e-05, 'm_yri_chb': 1e-05, 'm_ceu_chb': 1e-05} -83118.16624916371
x: {'t1': 4.53501, 't2': 23.1184, 't3': 100, 'N_anc': 3988.51891, 'N_yri': 3988.51891, 'N_ooa': 3988.51891, 'N_ceu': 3988.51891, 'N_chb': 3988.51891, 'gr_ceu': 0.03928, 'gr_chb': 0.03928, 'm_yri_ooa': 0.0, 'm_yri_ceu': 1e-05, 'm_yri_chb': 1e-05, 'm_ceu_chb': 1e-05} -82501.4489596781
x_down: {'t1': 2.7675, 't2': 23.1184, 't3': 100, 'N_anc': 3988.51891, 'N_yri': 3988.51891, 'N_ooa': 3988.51891, 'N_ceu': 3988.51891, 'N_chb': 3988.51891, 'gr_ceu': 0.03928, 'gr_chb': 0.03928, 'm_yri_ooa': 0.0, 'm_yri_ceu': 1e-05, 'm_yri_chb': 1e-05, 'm_ceu_chb': 1e-05} -81550.42283335472
 
 
x_up: {'t1': 2.7675, 't2': 33.29385, 't3': 100, 'N_anc': 3988.51891, 'N_yri': 3988.51891, 'N_ooa': 3988.51891, 'N_ceu': 3988.51891, 'N_chb': 3988.51891, 'gr_ceu': 0.03928, 'gr_chb': 0.03928, 'm_yri_ooa': 0.0, 'm_yri_ceu': 1e-05, 'm_yri_chb': 1e-05, 'm_ceu_chb': 1e-05} -81645.80034849491
x: {'t1': 2.7675, 't2': 23.1184, 't3': 100, 'N_anc': 3988.51891, 'N_yri': 3988.51891, 'N_ooa': 3988.51891, 'N_ceu': 3988.51891, 'N_chb': 3988.51891, 'gr_ceu': 0.03928, 'gr_chb': 0.03928, 'm_yri_ooa': 0.0, 'm_yri_ceu': 1e-05, 'm_yri_chb': 1e-05, 'm_ceu_chb': 1e-05} -81550.42283335472
x_down: {'t1': 2.7675, 't2': 12.94295, 't3': 100, 'N_anc': 3988.51891, 'N_yri': 3988.51891, 'N_ooa': 3988.51891, 'N_ceu': 3988.51891, 'N_chb': 3988.51891, 'gr_ceu': 0.03928, 'gr_chb': 0.03928, 'm_yri_ooa': 0.0, 'm_yri_ceu': 1e-05, 'm_yri_chb': 1e-05, 'm_ceu_chb': 1e-05} -81262.95735025758
 
 
x_up: {'t1': 2.7675, 't2': 12.94295, 't3': 104.35285, 'N_anc': 3988.51891, 'N_yri': 3988.51891, 'N_ooa': 3988.51891, 'N_ceu': 3988.51891, 'N_chb': 3988.51891, 'gr_ceu': 0.03928, 'gr_chb': 0.03928, 'm_yri_ooa': 0.0, 'm_yri_ceu': 1e-05, 'm_yri_chb': 1e-05, 'm_ceu_chb': 1e-05} -81262.95735025758
x: {'t1': 2.7675, 't2': 12.94295, 't3': 100, 'N_anc': 3988.51891, 'N_yri': 3988.51891, 'N_ooa': 3988.51891, 'N_ceu': 3988.51891, 'N_chb': 3988.51891, 'gr_ceu': 0.03928, 'gr_chb': 0.03928, 'm_yri_ooa': 0.0, 'm_yri_ceu': 1e-05, 'm_yri_chb': 1e-05, 'm_ceu_chb': 1e-05} -81262.95735025758
x_down: {'t1': 2.7675, 't2': 12.94295, 't3': 95.64715, 'N_anc': 3988.51891, 'N_yri': 3988.51891, 'N_ooa': 3988.51891, 'N_ceu': 3988.51891, 'N_chb': 3988.51891, 'gr_ceu': 0.03928, 'gr_chb': 0.03928, 'm_yri_ooa': 0.0, 'm_yri_ceu': 1e-05, 'm_yri_chb': 1e-05, 'm_ceu_chb': 1e-05} -81262.95735025758
 
 
x_up: {'t1': 2.7675, 't2': 12.94295, 't3': 100, 'N_anc': 5932.77837, 'N_yri': 3988.51891, 'N_ooa': 3988.51891, 'N_ceu': 3988.51891, 'N_chb': 3988.51891, 'gr_ceu': 0.03928, 'gr_chb': 0.03928, 'm_yri_ooa': 0.0, 'm_yri_ceu': 1e-05, 'm_yri_chb': 1e-05, 'm_ceu_chb': 1e-05} -81323.67213888209
x: {'t1': 2.7675, 't2': 12.94295, 't3': 100, 'N_anc': 3988.51891, 'N_yri': 3988.51891, 'N_ooa': 3988.51891, 'N_ceu': 3988.51891, 'N_chb': 3988.51891, 'gr_ceu': 0.03928, 'gr_chb': 0.03928, 'm_yri_ooa': 0.0, 'm_yri_ceu': 1e-05, 'm_yri_chb': 1e-05, 'm_ceu_chb': 1e-05} -81262.95735025758
x_down: {'t1': 2.7675, 't2': 12.94295, 't3': 100, 'N_anc': 2044.25945, 'N_yri': 3988.51891, 'N_ooa': 3988.51891, 'N_ceu': 3988.51891, 'N_chb': 3988.51891, 'gr_ceu': 0.03928, 'gr_chb': 0.03928, 'm_yri_ooa': 0.0, 'm_yri_ceu': 1e-05, 'm_yri_chb': 1e-05, 'm_ceu_chb': 1e-05} -81169.0306429221
 
 
x_up: {'t1': 2.7675, 't2': 12.94295, 't3': 100, 'N_anc': 2044.25945, 'N_yri': 5932.77837, 'N_ooa': 3988.51891, 'N_ceu': 3988.51891, 'N_chb': 3988.51891, 'gr_ceu': 0.03928, 'gr_chb': 0.03928, 'm_yri_ooa': 0.0, 'm_yri_ceu': 1e-05, 'm_yri_chb': 1e-05, 'm_ceu_chb': 1e-05} -81574.27206585724
x: {'t1': 2.7675, 't2': 12.94295, 't3': 100, 'N_anc': 2044.25945, 'N_yri': 3988.51891, 'N_ooa': 3988.51891, 'N_ceu': 3988.51891, 'N_chb': 3988.51891, 'gr_ceu': 0.03928, 'gr_chb': 0.03928, 'm_yri_ooa': 0.0, 'm_yri_ceu': 1e-05, 'm_yri_chb': 1e-05, 'm_ceu_chb': 1e-05} -81169.0306429221
x_down: {'t1': 2.7675, 't2': 12.94295, 't3': 100, 'N_anc': 2044.25945, 'N_yri': 2044.25945, 'N_ooa': 3988.51891, 'N_ceu': 3988.51891, 'N_chb': 3988.51891, 'gr_ceu': 0.03928, 'gr_chb': 0.03928, 'm_yri_ooa': 0.0, 'm_yri_ceu': 1e-05, 'm_yri_chb': 1e-05, 'm_ceu_chb': 1e-05} -80234.7981592781
 
 
x_up: {'t1': 2.7675, 't2': 12.94295, 't3': 100, 'N_anc': 2044.25945, 'N_yri': 2044.25945, 'N_ooa': 5932.77837, 'N_ceu': 3988.51891, 'N_chb': 3988.51891, 'gr_ceu': 0.03928, 'gr_chb': 0.03928, 'm_yri_ooa': 0.0, 'm_yri_ceu': 1e-05, 'm_yri_chb': 1e-05, 'm_ceu_chb': 1e-05} -81464.03359769647
x: {'t1': 2.7675, 't2': 12.94295, 't3': 100, 'N_anc': 2044.25945, 'N_yri': 2044.25945, 'N_ooa': 3988.51891, 'N_ceu': 3988.51891, 'N_chb': 3988.51891, 'gr_ceu': 0.03928, 'gr_chb': 0.03928, 'm_yri_ooa': 0.0, 'm_yri_ceu': 1e-05, 'm_yri_chb': 1e-05, 'm_ceu_chb': 1e-05} -80234.7981592781
x_down: {'t1': 2.7675, 't2': 12.94295, 't3': 100, 'N_anc': 2044.25945, 'N_yri': 2044.25945, 'N_ooa': 2044.25945, 'N_ceu': 3988.51891, 'N_chb': 3988.51891, 'gr_ceu': 0.03928, 'gr_chb': 0.03928, 'm_yri_ooa': 0.0, 'm_yri_ceu': 1e-05, 'm_yri_chb': 1e-05, 'm_ceu_chb': 1e-05} -78423.52685474162
 
 
x_up: {'t1': 2.7675, 't2': 12.94295, 't3': 100, 'N_anc': 2044.25945, 'N_yri': 2044.25945, 'N_ooa': 2044.25945, 'N_ceu': 5932.77837, 'N_chb': 3988.51891, 'gr_ceu': 0.03928, 'gr_chb': 0.03928, 'm_yri_ooa': 0.0, 'm_yri_ceu': 1e-05, 'm_yri_chb': 1e-05, 'm_ceu_chb': 1e-05} -79106.75758452054
x: {'t1': 2.7675, 't2': 12.94295, 't3': 100, 'N_anc': 2044.25945, 'N_yri': 2044.25945, 'N_ooa': 2044.25945, 'N_ceu': 3988.51891, 'N_chb': 3988.51891, 'gr_ceu': 0.03928, 'gr_chb': 0.03928, 'm_yri_ooa': 0.0, 'm_yri_ceu': 1e-05, 'm_yri_chb': 1e-05, 'm_ceu_chb': 1e-05} -78423.52685474162
x_down: {'t1': 2.7675, 't2': 12.94295, 't3': 100, 'N_anc': 2044.25945, 'N_yri': 2044.25945, 'N_ooa': 2044.25945, 'N_ceu': 2044.25945, 'N_chb': 3988.51891, 'gr_ceu': 0.03928, 'gr_chb': 0.03928, 'm_yri_ooa': 0.0, 'm_yri_ceu': 1e-05, 'm_yri_chb': 1e-05, 'm_ceu_chb': 1e-05} -76788.99513574563
 
 
x_up: {'t1': 2.7675, 't2': 12.94295, 't3': 100, 'N_anc': 2044.25945, 'N_yri': 2044.25945, 'N_ooa': 2044.25945, 'N_ceu': 2044.25945, 'N_chb': 5932.77837, 'gr_ceu': 0.03928, 'gr_chb': 0.03928, 'm_yri_ooa': 0.0, 'm_yri_ceu': 1e-05, 'm_yri_chb': 1e-05, 'm_ceu_chb': 1e-05} -77374.65329219431
x: {'t1': 2.7675, 't2': 12.94295, 't3': 100, 'N_anc': 2044.25945, 'N_yri': 2044.25945, 'N_ooa': 2044.25945, 'N_ceu': 2044.25945, 'N_chb': 3988.51891, 'gr_ceu': 0.03928, 'gr_chb': 0.03928, 'm_yri_ooa': 0.0, 'm_yri_ceu': 1e-05, 'm_yri_chb': 1e-05, 'm_ceu_chb': 1e-05} -76788.99513574563
x_down: {'t1': 2.7675, 't2': 12.94295, 't3': 100, 'N_anc': 2044.25945, 'N_yri': 2044.25945, 'N_ooa': 2044.25945, 'N_ceu': 2044.25945, 'N_chb': 2044.25945, 'gr_ceu': 0.03928, 'gr_chb': 0.03928, 'm_yri_ooa': 0.0, 'm_yri_ceu': 1e-05, 'm_yri_chb': 1e-05, 'm_ceu_chb': 1e-05} -75753.64813886597
 
 
x_up: {'t1': 2.7675, 't2': 12.94295, 't3': 100, 'N_anc': 2044.25945, 'N_yri': 2044.25945, 'N_ooa': 2044.25945, 'N_ceu': 2044.25945, 'N_chb': 2044.25945, 'gr_ceu': 0.05892, 'gr_chb': 0.03928, 'm_yri_ooa': 0.0, 'm_yri_ceu': 1e-05, 'm_yri_chb': 1e-05, 'm_ceu_chb': 1e-05} -75819.49803601734
x: {'t1': 2.7675, 't2': 12.94295, 't3': 100, 'N_anc': 2044.25945, 'N_yri': 2044.25945, 'N_ooa': 2044.25945, 'N_ceu': 2044.25945, 'N_chb': 2044.25945, 'gr_ceu': 0.03928, 'gr_chb': 0.03928, 'm_yri_ooa': 0.0, 'm_yri_ceu': 1e-05, 'm_yri_chb': 1e-05, 'm_ceu_chb': 1e-05} -75753.64813886597
x_down: {'t1': 2.7675, 't2': 12.94295, 't3': 100, 'N_anc': 2044.25945, 'N_yri': 2044.25945, 'N_ooa': 2044.25945, 'N_ceu': 2044.25945, 'N_chb': 2044.25945, 'gr_ceu': 0.01964, 'gr_chb': 0.03928, 'm_yri_ooa': 0.0, 'm_yri_ceu': 1e-05, 'm_yri_chb': 1e-05, 'm_ceu_chb': 1e-05} -75685.32929701639
 
 
x_up: {'t1': 2.7675, 't2': 12.94295, 't3': 100, 'N_anc': 2044.25945, 'N_yri': 2044.25945, 'N_ooa': 2044.25945, 'N_ceu': 2044.25945, 'N_chb': 2044.25945, 'gr_ceu': 0.01964, 'gr_chb': 0.05892, 'm_yri_ooa': 0.0, 'm_yri_ceu': 1e-05, 'm_yri_chb': 1e-05, 'm_ceu_chb': 1e-05} -75748.40075071923
x: {'t1': 2.7675, 't2': 12.94295, 't3': 100, 'N_anc': 2044.25945, 'N_yri': 2044.25945, 'N_ooa': 2044.25945, 'N_ceu': 2044.25945, 'N_chb': 2044.25945, 'gr_ceu': 0.01964, 'gr_chb': 0.03928, 'm_yri_ooa': 0.0, 'm_yri_ceu': 1e-05, 'm_yri_chb': 1e-05, 'm_ceu_chb': 1e-05} -75685.32929701639
x_down: {'t1': 2.7675, 't2': 12.94295, 't3': 100, 'N_anc': 2044.25945, 'N_yri': 2044.25945, 'N_ooa': 2044.25945, 'N_ceu': 2044.25945, 'N_chb': 2044.25945, 'gr_ceu': 0.01964, 'gr_chb': 0.01964, 'm_yri_ooa': 0.0, 'm_yri_ceu': 1e-05, 'm_yri_chb': 1e-05, 'm_ceu_chb': 1e-05} -75619.74213766128
 
 
x_up: {'t1': 2.7675, 't2': 12.94295, 't3': 100, 'N_anc': 2044.25945, 'N_yri': 2044.25945, 'N_ooa': 2044.25945, 'N_ceu': 2044.25945, 'N_chb': 2044.25945, 'gr_ceu': 0.01964, 'gr_chb': 0.01964, 'm_yri_ooa': 0.0, 'm_yri_ceu': 1e-05, 'm_yri_chb': 1e-05, 'm_ceu_chb': 1e-05} -75619.74213766128
x: {'t1': 2.7675, 't2': 12.94295, 't3': 100, 'N_anc': 2044.25945, 'N_yri': 2044.25945, 'N_ooa': 2044.25945, 'N_ceu': 2044.25945, 'N_chb': 2044.25945, 'gr_ceu': 0.01964, 'gr_chb': 0.01964, 'm_yri_ooa': 0.0, 'm_yri_ceu': 1e-05, 'm_yri_chb': 1e-05, 'm_ceu_chb': 1e-05} -75619.74213766128
x_down: {'t1': 2.7675, 't2': 12.94295, 't3': 100, 'N_anc': 2044.25945, 'N_yri': 2044.25945, 'N_ooa': 2044.25945, 'N_ceu': 2044.25945, 'N_chb': 2044.25945, 'gr_ceu': 0.01964, 'gr_chb': 0.01964, 'm_yri_ooa': 1e-05, 'm_yri_ceu': 1e-05, 'm_yri_chb': 1e-05, 'm_ceu_chb': 1e-05} -75619.83702193343
 
 
x_up: {'t1': 2.7675, 't2': 12.94295, 't3': 100, 'N_anc': 2044.25945, 'N_yri': 2044.25945, 'N_ooa': 2044.25945, 'N_ceu': 2044.25945, 'N_chb': 2044.25945, 'gr_ceu': 0.01964, 'gr_chb': 0.01964, 'm_yri_ooa': 0.0, 'm_yri_ceu': 0.0, 'm_yri_chb': 1e-05, 'm_ceu_chb': 1e-05} -75619.74213766854
x: {'t1': 2.7675, 't2': 12.94295, 't3': 100, 'N_anc': 2044.25945, 'N_yri': 2044.25945, 'N_ooa': 2044.25945, 'N_ceu': 2044.25945, 'N_chb': 2044.25945, 'gr_ceu': 0.01964, 'gr_chb': 0.01964, 'm_yri_ooa': 0.0, 'm_yri_ceu': 1e-05, 'm_yri_chb': 1e-05, 'm_ceu_chb': 1e-05} -75619.74213766128
x_down: {'t1': 2.7675, 't2': 12.94295, 't3': 100, 'N_anc': 2044.25945, 'N_yri': 2044.25945, 'N_ooa': 2044.25945, 'N_ceu': 2044.25945, 'N_chb': 2044.25945, 'gr_ceu': 0.01964, 'gr_chb': 0.01964, 'm_yri_ooa': 0.0, 'm_yri_ceu': 1e-05, 'm_yri_chb': 1e-05, 'm_ceu_chb': 1e-05} -75619.74213766128
 
 
x_up: {'t1': 2.7675, 't2': 12.94295, 't3': 100, 'N_anc': 2044.25945, 'N_yri': 2044.25945, 'N_ooa': 2044.25945, 'N_ceu': 2044.25945, 'N_chb': 2044.25945, 'gr_ceu': 0.01964, 'gr_chb': 0.01964, 'm_yri_ooa': 0.0, 'm_yri_ceu': 1e-05, 'm_yri_chb': 0.0, 'm_ceu_chb': 1e-05} -75619.74213766793
x: {'t1': 2.7675, 't2': 12.94295, 't3': 100, 'N_anc': 2044.25945, 'N_yri': 2044.25945, 'N_ooa': 2044.25945, 'N_ceu': 2044.25945, 'N_chb': 2044.25945, 'gr_ceu': 0.01964, 'gr_chb': 0.01964, 'm_yri_ooa': 0.0, 'm_yri_ceu': 1e-05, 'm_yri_chb': 1e-05, 'm_ceu_chb': 1e-05} -75619.74213766128
x_down: {'t1': 2.7675, 't2': 12.94295, 't3': 100, 'N_anc': 2044.25945, 'N_yri': 2044.25945, 'N_ooa': 2044.25945, 'N_ceu': 2044.25945, 'N_chb': 2044.25945, 'gr_ceu': 0.01964, 'gr_chb': 0.01964, 'm_yri_ooa': 0.0, 'm_yri_ceu': 1e-05, 'm_yri_chb': 1e-05, 'm_ceu_chb': 1e-05} -75619.74213766128
 
 
x_up: {'t1': 2.7675, 't2': 12.94295, 't3': 100, 'N_anc': 2044.25945, 'N_yri': 2044.25945, 'N_ooa': 2044.25945, 'N_ceu': 2044.25945, 'N_chb': 2044.25945, 'gr_ceu': 0.01964, 'gr_chb': 0.01964, 'm_yri_ooa': 0.0, 'm_yri_ceu': 1e-05, 'm_yri_chb': 1e-05, 'm_ceu_chb': 0.0} -75619.74213766141
x: {'t1': 2.7675, 't2': 12.94295, 't3': 100, 'N_anc': 2044.25945, 'N_yri': 2044.25945, 'N_ooa': 2044.25945, 'N_ceu': 2044.25945, 'N_chb': 2044.25945, 'gr_ceu': 0.01964, 'gr_chb': 0.01964, 'm_yri_ooa': 0.0, 'm_yri_ceu': 1e-05, 'm_yri_chb': 1e-05, 'm_ceu_chb': 1e-05} -75619.74213766128
x_down: {'t1': 2.7675, 't2': 12.94295, 't3': 100, 'N_anc': 2044.25945, 'N_yri': 2044.25945, 'N_ooa': 2044.25945, 'N_ceu': 2044.25945, 'N_chb': 2044.25945, 'gr_ceu': 0.01964, 'gr_chb': 0.01964, 'm_yri_ooa': 0.0, 'm_yri_ceu': 1e-05, 'm_yri_chb': 1e-05, 'm_ceu_chb': 1e-05} -75619.74213766128
 
{'t1': 2.7675, 't2': 12.94295, 't3': 100, 'N_anc': 2044.25945, 'N_yri': 2044.25945, 'N_ooa': 2044.25945, 'N_ceu': 2044.25945, 'N_chb': 2044.25945, 'gr_ceu': 0.01964, 'gr_chb': 0.01964, 'm_yri_ooa': 0.0, 'm_yri_ceu': 1e-05, 'm_yri_chb': 1e-05, 'm_ceu_chb': 1e-05} -75619.74213766128
 
x_up: {'t1': 3.65125, 't2': 12.94295, 't3': 100, 'N_anc': 2044.25945, 'N_yri': 2044.25945, 'N_ooa': 2044.25945, 'N_ceu': 2044.25945, 'N_chb': 2044.25945, 'gr_ceu': 0.01964, 'gr_chb': 0.01964, 'm_yri_ooa': 0.0, 'm_yri_ceu': 1e-05, 'm_yri_chb': 1e-05, 'm_ceu_chb': 1e-05} -75986.6120831108
x: {'t1': 2.7675, 't2': 12.94295, 't3': 100, 'N_anc': 2044.25945, 'N_yri': 2044.25945, 'N_ooa': 2044.25945, 'N_ceu': 2044.25945, 'N_chb': 2044.25945, 'gr_ceu': 0.01964, 'gr_chb': 0.01964, 'm_yri_ooa': 0.0, 'm_yri_ceu': 1e-05, 'm_yri_chb': 1e-05, 'm_ceu_chb': 1e-05} -75619.74213766128
x_down: {'t1': 1.88375, 't2': 12.94295, 't3': 100, 'N_anc': 2044.25945, 'N_yri': 2044.25945, 'N_ooa': 2044.25945, 'N_ceu': 2044.25945, 'N_chb': 2044.25945, 'gr_ceu': 0.01964, 'gr_chb': 0.01964, 'm_yri_ooa': 0.0, 'm_yri_ceu': 1e-05, 'm_yri_chb': 1e-05, 'm_ceu_chb': 1e-05} -75207.96499124655
 
 
x_up: {'t1': 1.88375, 't2': 18.47255, 't3': 100, 'N_anc': 2044.25945, 'N_yri': 2044.25945, 'N_ooa': 2044.25945, 'N_ceu': 2044.25945, 'N_chb': 2044.25945, 'gr_ceu': 0.01964, 'gr_chb': 0.01964, 'm_yri_ooa': 0.0, 'm_yri_ceu': 1e-05, 'm_yri_chb': 1e-05, 'm_ceu_chb': 1e-05} -75428.10201066548
x: {'t1': 1.88375, 't2': 12.94295, 't3': 100, 'N_anc': 2044.25945, 'N_yri': 2044.25945, 'N_ooa': 2044.25945, 'N_ceu': 2044.25945, 'N_chb': 2044.25945, 'gr_ceu': 0.01964, 'gr_chb': 0.01964, 'm_yri_ooa': 0.0, 'm_yri_ceu': 1e-05, 'm_yri_chb': 1e-05, 'm_ceu_chb': 1e-05} -75207.96499124655
x_down: {'t1': 1.88375, 't2': 7.41335, 't3': 100, 'N_anc': 2044.25945, 'N_yri': 2044.25945, 'N_ooa': 2044.25945, 'N_ceu': 2044.25945, 'N_chb': 2044.25945, 'gr_ceu': 0.01964, 'gr_chb': 0.01964, 'm_yri_ooa': 0.0, 'm_yri_ceu': 1e-05, 'm_yri_chb': 1e-05, 'm_ceu_chb': 1e-05} -74832.57479192624
 
 
x_up: {'t1': 1.88375, 't2': 7.41335, 't3': 104.62933, 'N_anc': 2044.25945, 'N_yri': 2044.25945, 'N_ooa': 2044.25945, 'N_ceu': 2044.25945, 'N_chb': 2044.25945, 'gr_ceu': 0.01964, 'gr_chb': 0.01964, 'm_yri_ooa': 0.0, 'm_yri_ceu': 1e-05, 'm_yri_chb': 1e-05, 'm_ceu_chb': 1e-05} -74832.57479192624
x: {'t1': 1.88375, 't2': 7.41335, 't3': 100, 'N_anc': 2044.25945, 'N_yri': 2044.25945, 'N_ooa': 2044.25945, 'N_ceu': 2044.25945, 'N_chb': 2044.25945, 'gr_ceu': 0.01964, 'gr_chb': 0.01964, 'm_yri_ooa': 0.0, 'm_yri_ceu': 1e-05, 'm_yri_chb': 1e-05, 'm_ceu_chb': 1e-05} -74832.57479192624
x_down: {'t1': 1.88375, 't2': 7.41335, 't3': 95.37067, 'N_anc': 2044.25945, 'N_yri': 2044.25945, 'N_ooa': 2044.25945, 'N_ceu': 2044.25945, 'N_chb': 2044.25945, 'gr_ceu': 0.01964, 'gr_chb': 0.01964, 'm_yri_ooa': 0.0, 'm_yri_ceu': 1e-05, 'm_yri_chb': 1e-05, 'm_ceu_chb': 1e-05} -74832.57479192624
 
 
x_up: {'t1': 1.88375, 't2': 7.41335, 't3': 100, 'N_anc': 3016.38918, 'N_yri': 2044.25945, 'N_ooa': 2044.25945, 'N_ceu': 2044.25945, 'N_chb': 2044.25945, 'gr_ceu': 0.01964, 'gr_chb': 0.01964, 'm_yri_ooa': 0.0, 'm_yri_ceu': 1e-05, 'm_yri_chb': 1e-05, 'm_ceu_chb': 1e-05} -74885.6854412488
x: {'t1': 1.88375, 't2': 7.41335, 't3': 100, 'N_anc': 2044.25945, 'N_yri': 2044.25945, 'N_ooa': 2044.25945, 'N_ceu': 2044.25945, 'N_chb': 2044.25945, 'gr_ceu': 0.01964, 'gr_chb': 0.01964, 'm_yri_ooa': 0.0, 'm_yri_ceu': 1e-05, 'm_yri_chb': 1e-05, 'm_ceu_chb': 1e-05} -74832.57479192624
x_down: {'t1': 1.88375, 't2': 7.41335, 't3': 100, 'N_anc': 1072.12973, 'N_yri': 2044.25945, 'N_ooa': 2044.25945, 'N_ceu': 2044.25945, 'N_chb': 2044.25945, 'gr_ceu': 0.01964, 'gr_chb': 0.01964, 'm_yri_ooa': 0.0, 'm_yri_ceu': 1e-05, 'm_yri_chb': 1e-05, 'm_ceu_chb': 1e-05} -74759.50000631613
 
 
x_up: {'t1': 1.88375, 't2': 7.41335, 't3': 100, 'N_anc': 1072.12973, 'N_yri': 3016.38918, 'N_ooa': 2044.25945, 'N_ceu': 2044.25945, 'N_chb': 2044.25945, 'gr_ceu': 0.01964, 'gr_chb': 0.01964, 'm_yri_ooa': 0.0, 'm_yri_ceu': 1e-05, 'm_yri_chb': 1e-05, 'm_ceu_chb': 1e-05} -75194.94604215756
x: {'t1': 1.88375, 't2': 7.41335, 't3': 100, 'N_anc': 1072.12973, 'N_yri': 2044.25945, 'N_ooa': 2044.25945, 'N_ceu': 2044.25945, 'N_chb': 2044.25945, 'gr_ceu': 0.01964, 'gr_chb': 0.01964, 'm_yri_ooa': 0.0, 'm_yri_ceu': 1e-05, 'm_yri_chb': 1e-05, 'm_ceu_chb': 1e-05} -74759.50000631613
x_down: {'t1': 1.88375, 't2': 7.41335, 't3': 100, 'N_anc': 1072.12973, 'N_yri': 1072.12973, 'N_ooa': 2044.25945, 'N_ceu': 2044.25945, 'N_chb': 2044.25945, 'gr_ceu': 0.01964, 'gr_chb': 0.01964, 'm_yri_ooa': 0.0, 'm_yri_ceu': 1e-05, 'm_yri_chb': 1e-05, 'm_ceu_chb': 1e-05} -73940.16916986421
 
 
x_up: {'t1': 1.88375, 't2': 7.41335, 't3': 100, 'N_anc': 1072.12973, 'N_yri': 1072.12973, 'N_ooa': 3016.38918, 'N_ceu': 2044.25945, 'N_chb': 2044.25945, 'gr_ceu': 0.01964, 'gr_chb': 0.01964, 'm_yri_ooa': 0.0, 'm_yri_ceu': 1e-05, 'm_yri_chb': 1e-05, 'm_ceu_chb': 1e-05} -75163.97437753966
x: {'t1': 1.88375, 't2': 7.41335, 't3': 100, 'N_anc': 1072.12973, 'N_yri': 1072.12973, 'N_ooa': 2044.25945, 'N_ceu': 2044.25945, 'N_chb': 2044.25945, 'gr_ceu': 0.01964, 'gr_chb': 0.01964, 'm_yri_ooa': 0.0, 'm_yri_ceu': 1e-05, 'm_yri_chb': 1e-05, 'm_ceu_chb': 1e-05} -73940.16916986421
x_down: {'t1': 1.88375, 't2': 7.41335, 't3': 100, 'N_anc': 1072.12973, 'N_yri': 1072.12973, 'N_ooa': 1072.12973, 'N_ceu': 2044.25945, 'N_chb': 2044.25945, 'gr_ceu': 0.01964, 'gr_chb': 0.01964, 'm_yri_ooa': 0.0, 'm_yri_ceu': 1e-05, 'm_yri_chb': 1e-05, 'm_ceu_chb': 1e-05} -72497.88237605385
 
 
x_up: {'t1': 1.88375, 't2': 7.41335, 't3': 100, 'N_anc': 1072.12973, 'N_yri': 1072.12973, 'N_ooa': 1072.12973, 'N_ceu': 3016.38918, 'N_chb': 2044.25945, 'gr_ceu': 0.01964, 'gr_chb': 0.01964, 'm_yri_ooa': 0.0, 'm_yri_ceu': 1e-05, 'm_yri_chb': 1e-05, 'm_ceu_chb': 1e-05} -73011.60390249462
x: {'t1': 1.88375, 't2': 7.41335, 't3': 100, 'N_anc': 1072.12973, 'N_yri': 1072.12973, 'N_ooa': 1072.12973, 'N_ceu': 2044.25945, 'N_chb': 2044.25945, 'gr_ceu': 0.01964, 'gr_chb': 0.01964, 'm_yri_ooa': 0.0, 'm_yri_ceu': 1e-05, 'm_yri_chb': 1e-05, 'm_ceu_chb': 1e-05} -72497.88237605385
x_down: {'t1': 1.88375, 't2': 7.41335, 't3': 100, 'N_anc': 1072.12973, 'N_yri': 1072.12973, 'N_ooa': 1072.12973, 'N_ceu': 1072.12973, 'N_chb': 2044.25945, 'gr_ceu': 0.01964, 'gr_chb': 0.01964, 'm_yri_ooa': 0.0, 'm_yri_ceu': 1e-05, 'm_yri_chb': 1e-05, 'm_ceu_chb': 1e-05} -71452.37280868423
 
 
x_up: {'t1': 1.88375, 't2': 7.41335, 't3': 100, 'N_anc': 1072.12973, 'N_yri': 1072.12973, 'N_ooa': 1072.12973, 'N_ceu': 1072.12973, 'N_chb': 3016.38918, 'gr_ceu': 0.01964, 'gr_chb': 0.01964, 'm_yri_ooa': 0.0, 'm_yri_ceu': 1e-05, 'm_yri_chb': 1e-05, 'm_ceu_chb': 1e-05} -71870.82182038775
x: {'t1': 1.88375, 't2': 7.41335, 't3': 100, 'N_anc': 1072.12973, 'N_yri': 1072.12973, 'N_ooa': 1072.12973, 'N_ceu': 1072.12973, 'N_chb': 2044.25945, 'gr_ceu': 0.01964, 'gr_chb': 0.01964, 'm_yri_ooa': 0.0, 'm_yri_ceu': 1e-05, 'm_yri_chb': 1e-05, 'm_ceu_chb': 1e-05} -71452.37280868423
x_down: {'t1': 1.88375, 't2': 7.41335, 't3': 100, 'N_anc': 1072.12973, 'N_yri': 1072.12973, 'N_ooa': 1072.12973, 'N_ceu': 1072.12973, 'N_chb': 1072.12973, 'gr_ceu': 0.01964, 'gr_chb': 0.01964, 'm_yri_ooa': 0.0, 'm_yri_ceu': 1e-05, 'm_yri_chb': 1e-05, 'm_ceu_chb': 1e-05} -70765.35235229359
 
 
x_up: {'t1': 1.88375, 't2': 7.41335, 't3': 100, 'N_anc': 1072.12973, 'N_yri': 1072.12973, 'N_ooa': 1072.12973, 'N_ceu': 1072.12973, 'N_chb': 1072.12973, 'gr_ceu': 0.02946, 'gr_chb': 0.01964, 'm_yri_ooa': 0.0, 'm_yri_ceu': 1e-05, 'm_yri_chb': 1e-05, 'm_ceu_chb': 1e-05} -70779.40941954505
x: {'t1': 1.88375, 't2': 7.41335, 't3': 100, 'N_anc': 1072.12973, 'N_yri': 1072.12973, 'N_ooa': 1072.12973, 'N_ceu': 1072.12973, 'N_chb': 1072.12973, 'gr_ceu': 0.01964, 'gr_chb': 0.01964, 'm_yri_ooa': 0.0, 'm_yri_ceu': 1e-05, 'm_yri_chb': 1e-05, 'm_ceu_chb': 1e-05} -70765.35235229359
x_down: {'t1': 1.88375, 't2': 7.41335, 't3': 100, 'N_anc': 1072.12973, 'N_yri': 1072.12973, 'N_ooa': 1072.12973, 'N_ceu': 1072.12973, 'N_chb': 1072.12973, 'gr_ceu': 0.00982, 'gr_chb': 0.01964, 'm_yri_ooa': 0.0, 'm_yri_ceu': 1e-05, 'm_yri_chb': 1e-05, 'm_ceu_chb': 1e-05} -70751.20690773262
 
 
x_up: {'t1': 1.88375, 't2': 7.41335, 't3': 100, 'N_anc': 1072.12973, 'N_yri': 1072.12973, 'N_ooa': 1072.12973, 'N_ceu': 1072.12973, 'N_chb': 1072.12973, 'gr_ceu': 0.00982, 'gr_chb': 0.02946, 'm_yri_ooa': 0.0, 'm_yri_ceu': 1e-05, 'm_yri_chb': 1e-05, 'm_ceu_chb': 1e-05} -70765.07393406823
x: {'t1': 1.88375, 't2': 7.41335, 't3': 100, 'N_anc': 1072.12973, 'N_yri': 1072.12973, 'N_ooa': 1072.12973, 'N_ceu': 1072.12973, 'N_chb': 1072.12973, 'gr_ceu': 0.00982, 'gr_chb': 0.01964, 'm_yri_ooa': 0.0, 'm_yri_ceu': 1e-05, 'm_yri_chb': 1e-05, 'm_ceu_chb': 1e-05} -70751.20690773262
x_down: {'t1': 1.88375, 't2': 7.41335, 't3': 100, 'N_anc': 1072.12973, 'N_yri': 1072.12973, 'N_ooa': 1072.12973, 'N_ceu': 1072.12973, 'N_chb': 1072.12973, 'gr_ceu': 0.00982, 'gr_chb': 0.00982, 'm_yri_ooa': 0.0, 'm_yri_ceu': 1e-05, 'm_yri_chb': 1e-05, 'm_ceu_chb': 1e-05} -70737.24976711748
 
 
x_up: {'t1': 1.88375, 't2': 7.41335, 't3': 100, 'N_anc': 1072.12973, 'N_yri': 1072.12973, 'N_ooa': 1072.12973, 'N_ceu': 1072.12973, 'N_chb': 1072.12973, 'gr_ceu': 0.00982, 'gr_chb': 0.00982, 'm_yri_ooa': 0.0, 'm_yri_ceu': 1e-05, 'm_yri_chb': 1e-05, 'm_ceu_chb': 1e-05} -70737.24976711748
x: {'t1': 1.88375, 't2': 7.41335, 't3': 100, 'N_anc': 1072.12973, 'N_yri': 1072.12973, 'N_ooa': 1072.12973, 'N_ceu': 1072.12973, 'N_chb': 1072.12973, 'gr_ceu': 0.00982, 'gr_chb': 0.00982, 'm_yri_ooa': 0.0, 'm_yri_ceu': 1e-05, 'm_yri_chb': 1e-05, 'm_ceu_chb': 1e-05} -70737.24976711748
x_down: {'t1': 1.88375, 't2': 7.41335, 't3': 100, 'N_anc': 1072.12973, 'N_yri': 1072.12973, 'N_ooa': 1072.12973, 'N_ceu': 1072.12973, 'N_chb': 1072.12973, 'gr_ceu': 0.00982, 'gr_chb': 0.00982, 'm_yri_ooa': 1e-05, 'm_yri_ceu': 1e-05, 'm_yri_chb': 1e-05, 'm_ceu_chb': 1e-05} -70737.36443784375
 
 
x_up: {'t1': 1.88375, 't2': 7.41335, 't3': 100, 'N_anc': 1072.12973, 'N_yri': 1072.12973, 'N_ooa': 1072.12973, 'N_ceu': 1072.12973, 'N_chb': 1072.12973, 'gr_ceu': 0.00982, 'gr_chb': 0.00982, 'm_yri_ooa': 0.0, 'm_yri_ceu': 0.0, 'm_yri_chb': 1e-05, 'm_ceu_chb': 1e-05} -70737.24976712407
x: {'t1': 1.88375, 't2': 7.41335, 't3': 100, 'N_anc': 1072.12973, 'N_yri': 1072.12973, 'N_ooa': 1072.12973, 'N_ceu': 1072.12973, 'N_chb': 1072.12973, 'gr_ceu': 0.00982, 'gr_chb': 0.00982, 'm_yri_ooa': 0.0, 'm_yri_ceu': 1e-05, 'm_yri_chb': 1e-05, 'm_ceu_chb': 1e-05} -70737.24976711748
x_down: {'t1': 1.88375, 't2': 7.41335, 't3': 100, 'N_anc': 1072.12973, 'N_yri': 1072.12973, 'N_ooa': 1072.12973, 'N_ceu': 1072.12973, 'N_chb': 1072.12973, 'gr_ceu': 0.00982, 'gr_chb': 0.00982, 'm_yri_ooa': 0.0, 'm_yri_ceu': 1e-05, 'm_yri_chb': 1e-05, 'm_ceu_chb': 1e-05} -70737.24976711748
 
 
x_up: {'t1': 1.88375, 't2': 7.41335, 't3': 100, 'N_anc': 1072.12973, 'N_yri': 1072.12973, 'N_ooa': 1072.12973, 'N_ceu': 1072.12973, 'N_chb': 1072.12973, 'gr_ceu': 0.00982, 'gr_chb': 0.00982, 'm_yri_ooa': 0.0, 'm_yri_ceu': 1e-05, 'm_yri_chb': 0.0, 'm_ceu_chb': 1e-05} -70737.24976712391
x: {'t1': 1.88375, 't2': 7.41335, 't3': 100, 'N_anc': 1072.12973, 'N_yri': 1072.12973, 'N_ooa': 1072.12973, 'N_ceu': 1072.12973, 'N_chb': 1072.12973, 'gr_ceu': 0.00982, 'gr_chb': 0.00982, 'm_yri_ooa': 0.0, 'm_yri_ceu': 1e-05, 'm_yri_chb': 1e-05, 'm_ceu_chb': 1e-05} -70737.24976711748
x_down: {'t1': 1.88375, 't2': 7.41335, 't3': 100, 'N_anc': 1072.12973, 'N_yri': 1072.12973, 'N_ooa': 1072.12973, 'N_ceu': 1072.12973, 'N_chb': 1072.12973, 'gr_ceu': 0.00982, 'gr_chb': 0.00982, 'm_yri_ooa': 0.0, 'm_yri_ceu': 1e-05, 'm_yri_chb': 1e-05, 'm_ceu_chb': 1e-05} -70737.24976711748
 
 
x_up: {'t1': 1.88375, 't2': 7.41335, 't3': 100, 'N_anc': 1072.12973, 'N_yri': 1072.12973, 'N_ooa': 1072.12973, 'N_ceu': 1072.12973, 'N_chb': 1072.12973, 'gr_ceu': 0.00982, 'gr_chb': 0.00982, 'm_yri_ooa': 0.0, 'm_yri_ceu': 1e-05, 'm_yri_chb': 1e-05, 'm_ceu_chb': 0.0} -70737.24976711761
x: {'t1': 1.88375, 't2': 7.41335, 't3': 100, 'N_anc': 1072.12973, 'N_yri': 1072.12973, 'N_ooa': 1072.12973, 'N_ceu': 1072.12973, 'N_chb': 1072.12973, 'gr_ceu': 0.00982, 'gr_chb': 0.00982, 'm_yri_ooa': 0.0, 'm_yri_ceu': 1e-05, 'm_yri_chb': 1e-05, 'm_ceu_chb': 1e-05} -70737.24976711748
x_down: {'t1': 1.88375, 't2': 7.41335, 't3': 100, 'N_anc': 1072.12973, 'N_yri': 1072.12973, 'N_ooa': 1072.12973, 'N_ceu': 1072.12973, 'N_chb': 1072.12973, 'gr_ceu': 0.00982, 'gr_chb': 0.00982, 'm_yri_ooa': 0.0, 'm_yri_ceu': 1e-05, 'm_yri_chb': 1e-05, 'm_ceu_chb': 1e-05} -70737.24976711748
 
{'t1': 1.88375, 't2': 7.41335, 't3': 100, 'N_anc': 1072.12973, 'N_yri': 1072.12973, 'N_ooa': 1072.12973, 'N_ceu': 1072.12973, 'N_chb': 1072.12973, 'gr_ceu': 0.00982, 'gr_chb': 0.00982, 'm_yri_ooa': 0.0, 'm_yri_ceu': 1e-05, 'm_yri_chb': 1e-05, 'm_ceu_chb': 1e-05} -70737.24976711748
 
x_up: {'t1': 2.32563, 't2': 7.41335, 't3': 100, 'N_anc': 1072.12973, 'N_yri': 1072.12973, 'N_ooa': 1072.12973, 'N_ceu': 1072.12973, 'N_chb': 1072.12973, 'gr_ceu': 0.00982, 'gr_chb': 0.00982, 'm_yri_ooa': 0.0, 'm_yri_ceu': 1e-05, 'm_yri_chb': 1e-05, 'm_ceu_chb': 1e-05} -70814.73694159657
x: {'t1': 1.88375, 't2': 7.41335, 't3': 100, 'N_anc': 1072.12973, 'N_yri': 1072.12973, 'N_ooa': 1072.12973, 'N_ceu': 1072.12973, 'N_chb': 1072.12973, 'gr_ceu': 0.00982, 'gr_chb': 0.00982, 'm_yri_ooa': 0.0, 'm_yri_ceu': 1e-05, 'm_yri_chb': 1e-05, 'm_ceu_chb': 1e-05} -70737.24976711748
x_down: {'t1': 1.44188, 't2': 7.41335, 't3': 100, 'N_anc': 1072.12973, 'N_yri': 1072.12973, 'N_ooa': 1072.12973, 'N_ceu': 1072.12973, 'N_chb': 1072.12973, 'gr_ceu': 0.00982, 'gr_chb': 0.00982, 'm_yri_ooa': 0.0, 'm_yri_ceu': 1e-05, 'm_yri_chb': 1e-05, 'm_ceu_chb': 1e-05} -70657.73563913745
 
 
x_up: {'t1': 1.44188, 't2': 10.39908, 't3': 100, 'N_anc': 1072.12973, 'N_yri': 1072.12973, 'N_ooa': 1072.12973, 'N_ceu': 1072.12973, 'N_chb': 1072.12973, 'gr_ceu': 0.00982, 'gr_chb': 0.00982, 'm_yri_ooa': 0.0, 'm_yri_ceu': 1e-05, 'm_yri_chb': 1e-05, 'm_ceu_chb': 1e-05} -71013.01392735857
x: {'t1': 1.44188, 't2': 7.41335, 't3': 100, 'N_anc': 1072.12973, 'N_yri': 1072.12973, 'N_ooa': 1072.12973, 'N_ceu': 1072.12973, 'N_chb': 1072.12973, 'gr_ceu': 0.00982, 'gr_chb': 0.00982, 'm_yri_ooa': 0.0, 'm_yri_ceu': 1e-05, 'm_yri_chb': 1e-05, 'm_ceu_chb': 1e-05} -70657.73563913745
x_down: {'t1': 1.44188, 't2': 4.42762, 't3': 100, 'N_anc': 1072.12973, 'N_yri': 1072.12973, 'N_ooa': 1072.12973, 'N_ceu': 1072.12973, 'N_chb': 1072.12973, 'gr_ceu': 0.00982, 'gr_chb': 0.00982, 'm_yri_ooa': 0.0, 'm_yri_ceu': 1e-05, 'm_yri_chb': 1e-05, 'm_ceu_chb': 1e-05} -70259.54827282237
 
 
x_up: {'t1': 1.44188, 't2': 4.42762, 't3': 104.77862, 'N_anc': 1072.12973, 'N_yri': 1072.12973, 'N_ooa': 1072.12973, 'N_ceu': 1072.12973, 'N_chb': 1072.12973, 'gr_ceu': 0.00982, 'gr_chb': 0.00982, 'm_yri_ooa': 0.0, 'm_yri_ceu': 1e-05, 'm_yri_chb': 1e-05, 'm_ceu_chb': 1e-05} -70259.54827282237
x: {'t1': 1.44188, 't2': 4.42762, 't3': 100, 'N_anc': 1072.12973, 'N_yri': 1072.12973, 'N_ooa': 1072.12973, 'N_ceu': 1072.12973, 'N_chb': 1072.12973, 'gr_ceu': 0.00982, 'gr_chb': 0.00982, 'm_yri_ooa': 0.0, 'm_yri_ceu': 1e-05, 'm_yri_chb': 1e-05, 'm_ceu_chb': 1e-05} -70259.54827282237
x_down: {'t1': 1.44188, 't2': 4.42762, 't3': 95.22138, 'N_anc': 1072.12973, 'N_yri': 1072.12973, 'N_ooa': 1072.12973, 'N_ceu': 1072.12973, 'N_chb': 1072.12973, 'gr_ceu': 0.00982, 'gr_chb': 0.00982, 'm_yri_ooa': 0.0, 'm_yri_ceu': 1e-05, 'm_yri_chb': 1e-05, 'm_ceu_chb': 1e-05} -70259.54827282237
 
 
x_up: {'t1': 1.44188, 't2': 4.42762, 't3': 100, 'N_anc': 1558.1946, 'N_yri': 1072.12973, 'N_ooa': 1072.12973, 'N_ceu': 1072.12973, 'N_chb': 1072.12973, 'gr_ceu': 0.00982, 'gr_chb': 0.00982, 'm_yri_ooa': 0.0, 'm_yri_ceu': 1e-05, 'm_yri_chb': 1e-05, 'm_ceu_chb': 1e-05} -70299.07241464632
x: {'t1': 1.44188, 't2': 4.42762, 't3': 100, 'N_anc': 1072.12973, 'N_yri': 1072.12973, 'N_ooa': 1072.12973, 'N_ceu': 1072.12973, 'N_chb': 1072.12973, 'gr_ceu': 0.00982, 'gr_chb': 0.00982, 'm_yri_ooa': 0.0, 'm_yri_ceu': 1e-05, 'm_yri_chb': 1e-05, 'm_ceu_chb': 1e-05} -70259.54827282237
x_down: {'t1': 1.44188, 't2': 4.42762, 't3': 100, 'N_anc': 586.06487, 'N_yri': 1072.12973, 'N_ooa': 1072.12973, 'N_ceu': 1072.12973, 'N_chb': 1072.12973, 'gr_ceu': 0.00982, 'gr_chb': 0.00982, 'm_yri_ooa': 0.0, 'm_yri_ceu': 1e-05, 'm_yri_chb': 1e-05, 'm_ceu_chb': 1e-05} -70220.77745661071
 
 
x_up: {'t1': 1.44188, 't2': 4.42762, 't3': 100, 'N_anc': 586.06487, 'N_yri': 1558.1946, 'N_ooa': 1072.12973, 'N_ceu': 1072.12973, 'N_chb': 1072.12973, 'gr_ceu': 0.00982, 'gr_chb': 0.00982, 'm_yri_ooa': 0.0, 'm_yri_ceu': 1e-05, 'm_yri_chb': 1e-05, 'm_ceu_chb': 1e-05} -70603.20798267049
x: {'t1': 1.44188, 't2': 4.42762, 't3': 100, 'N_anc': 586.06487, 'N_yri': 1072.12973, 'N_ooa': 1072.12973, 'N_ceu': 1072.12973, 'N_chb': 1072.12973, 'gr_ceu': 0.00982, 'gr_chb': 0.00982, 'm_yri_ooa': 0.0, 'm_yri_ceu': 1e-05, 'm_yri_chb': 1e-05, 'm_ceu_chb': 1e-05} -70220.77745661071
x_down: {'t1': 1.44188, 't2': 4.42762, 't3': 100, 'N_anc': 586.06487, 'N_yri': 586.06487, 'N_ooa': 1072.12973, 'N_ceu': 1072.12973, 'N_chb': 1072.12973, 'gr_ceu': 0.00982, 'gr_chb': 0.00982, 'm_yri_ooa': 0.0, 'm_yri_ceu': 1e-05, 'm_yri_chb': 1e-05, 'm_ceu_chb': 1e-05} -69588.84941872097
 
 
x_up: {'t1': 1.44188, 't2': 4.42762, 't3': 100, 'N_anc': 586.06487, 'N_yri': 586.06487, 'N_ooa': 1558.1946, 'N_ceu': 1072.12973, 'N_chb': 1072.12973, 'gr_ceu': 0.00982, 'gr_chb': 0.00982, 'm_yri_ooa': 0.0, 'm_yri_ceu': 1e-05, 'm_yri_chb': 1e-05, 'm_ceu_chb': 1e-05} -70330.4048836659
x: {'t1': 1.44188, 't2': 4.42762, 't3': 100, 'N_anc': 586.06487, 'N_yri': 586.06487, 'N_ooa': 1072.12973, 'N_ceu': 1072.12973, 'N_chb': 1072.12973, 'gr_ceu': 0.00982, 'gr_chb': 0.00982, 'm_yri_ooa': 0.0, 'm_yri_ceu': 1e-05, 'm_yri_chb': 1e-05, 'm_ceu_chb': 1e-05} -69588.84941872097
x_down: {'t1': 1.44188, 't2': 4.42762, 't3': 100, 'N_anc': 586.06487, 'N_yri': 586.06487, 'N_ooa': 586.06487, 'N_ceu': 1072.12973, 'N_chb': 1072.12973, 'gr_ceu': 0.00982, 'gr_chb': 0.00982, 'm_yri_ooa': 0.0, 'm_yri_ceu': 1e-05, 'm_yri_chb': 1e-05, 'm_ceu_chb': 1e-05} -69614.6632792323
 
 
x_up: {'t1': 1.44188, 't2': 4.42762, 't3': 100, 'N_anc': 586.06487, 'N_yri': 586.06487, 'N_ooa': 1072.12973, 'N_ceu': 1558.1946, 'N_chb': 1072.12973, 'gr_ceu': 0.00982, 'gr_chb': 0.00982, 'm_yri_ooa': 0.0, 'm_yri_ceu': 1e-05, 'm_yri_chb': 1e-05, 'm_ceu_chb': 1e-05} -69923.19986112588
x: {'t1': 1.44188, 't2': 4.42762, 't3': 100, 'N_anc': 586.06487, 'N_yri': 586.06487, 'N_ooa': 1072.12973, 'N_ceu': 1072.12973, 'N_chb': 1072.12973, 'gr_ceu': 0.00982, 'gr_chb': 0.00982, 'm_yri_ooa': 0.0, 'm_yri_ceu': 1e-05, 'm_yri_chb': 1e-05, 'm_ceu_chb': 1e-05} -69588.84941872097
x_down: {'t1': 1.44188, 't2': 4.42762, 't3': 100, 'N_anc': 586.06487, 'N_yri': 586.06487, 'N_ooa': 1072.12973, 'N_ceu': 586.06487, 'N_chb': 1072.12973, 'gr_ceu': 0.00982, 'gr_chb': 0.00982, 'm_yri_ooa': 0.0, 'm_yri_ceu': 1e-05, 'm_yri_chb': 1e-05, 'm_ceu_chb': 1e-05} -69021.08950566791
 
 
x_up: {'t1': 1.44188, 't2': 4.42762, 't3': 100, 'N_anc': 586.06487, 'N_yri': 586.06487, 'N_ooa': 1072.12973, 'N_ceu': 586.06487, 'N_chb': 1558.1946, 'gr_ceu': 0.00982, 'gr_chb': 0.00982, 'm_yri_ooa': 0.0, 'm_yri_ceu': 1e-05, 'm_yri_chb': 1e-05, 'm_ceu_chb': 1e-05} -69291.44872967889
x: {'t1': 1.44188, 't2': 4.42762, 't3': 100, 'N_anc': 586.06487, 'N_yri': 586.06487, 'N_ooa': 1072.12973, 'N_ceu': 586.06487, 'N_chb': 1072.12973, 'gr_ceu': 0.00982, 'gr_chb': 0.00982, 'm_yri_ooa': 0.0, 'm_yri_ceu': 1e-05, 'm_yri_chb': 1e-05, 'm_ceu_chb': 1e-05} -69021.08950566791
x_down: {'t1': 1.44188, 't2': 4.42762, 't3': 100, 'N_anc': 586.06487, 'N_yri': 586.06487, 'N_ooa': 1072.12973, 'N_ceu': 586.06487, 'N_chb': 586.06487, 'gr_ceu': 0.00982, 'gr_chb': 0.00982, 'm_yri_ooa': 0.0, 'm_yri_ceu': 1e-05, 'm_yri_chb': 1e-05, 'm_ceu_chb': 1e-05} -68668.79582952245
 
 
x_up: {'t1': 1.44188, 't2': 4.42762, 't3': 100, 'N_anc': 586.06487, 'N_yri': 586.06487, 'N_ooa': 1072.12973, 'N_ceu': 586.06487, 'N_chb': 586.06487, 'gr_ceu': 0.01473, 'gr_chb': 0.00982, 'm_yri_ooa': 0.0, 'm_yri_ceu': 1e-05, 'm_yri_chb': 1e-05, 'm_ceu_chb': 1e-05} -68671.22851603777
x: {'t1': 1.44188, 't2': 4.42762, 't3': 100, 'N_anc': 586.06487, 'N_yri': 586.06487, 'N_ooa': 1072.12973, 'N_ceu': 586.06487, 'N_chb': 586.06487, 'gr_ceu': 0.00982, 'gr_chb': 0.00982, 'm_yri_ooa': 0.0, 'm_yri_ceu': 1e-05, 'm_yri_chb': 1e-05, 'm_ceu_chb': 1e-05} -68668.79582952245
x_down: {'t1': 1.44188, 't2': 4.42762, 't3': 100, 'N_anc': 586.06487, 'N_yri': 586.06487, 'N_ooa': 1072.12973, 'N_ceu': 586.06487, 'N_chb': 586.06487, 'gr_ceu': 0.00491, 'gr_chb': 0.00982, 'm_yri_ooa': 0.0, 'm_yri_ceu': 1e-05, 'm_yri_chb': 1e-05, 'm_ceu_chb': 1e-05} -68666.3648816941
 
 
x_up: {'t1': 1.44188, 't2': 4.42762, 't3': 100, 'N_anc': 586.06487, 'N_yri': 586.06487, 'N_ooa': 1072.12973, 'N_ceu': 586.06487, 'N_chb': 586.06487, 'gr_ceu': 0.00491, 'gr_chb': 0.01473, 'm_yri_ooa': 0.0, 'm_yri_ceu': 1e-05, 'm_yri_chb': 1e-05, 'm_ceu_chb': 1e-05} -68668.78994280081
x: {'t1': 1.44188, 't2': 4.42762, 't3': 100, 'N_anc': 586.06487, 'N_yri': 586.06487, 'N_ooa': 1072.12973, 'N_ceu': 586.06487, 'N_chb': 586.06487, 'gr_ceu': 0.00491, 'gr_chb': 0.00982, 'm_yri_ooa': 0.0, 'm_yri_ceu': 1e-05, 'm_yri_chb': 1e-05, 'm_ceu_chb': 1e-05} -68666.3648816941
x_down: {'t1': 1.44188, 't2': 4.42762, 't3': 100, 'N_anc': 586.06487, 'N_yri': 586.06487, 'N_ooa': 1072.12973, 'N_ceu': 586.06487, 'N_chb': 586.06487, 'gr_ceu': 0.00491, 'gr_chb': 0.00491, 'm_yri_ooa': 0.0, 'm_yri_ceu': 1e-05, 'm_yri_chb': 1e-05, 'm_ceu_chb': 1e-05} -68663.94182798173
 
 
x_up: {'t1': 1.44188, 't2': 4.42762, 't3': 100, 'N_anc': 586.06487, 'N_yri': 586.06487, 'N_ooa': 1072.12973, 'N_ceu': 586.06487, 'N_chb': 586.06487, 'gr_ceu': 0.00491, 'gr_chb': 0.00491, 'm_yri_ooa': 0.0, 'm_yri_ceu': 1e-05, 'm_yri_chb': 1e-05, 'm_ceu_chb': 1e-05} -68663.94182798173
x: {'t1': 1.44188, 't2': 4.42762, 't3': 100, 'N_anc': 586.06487, 'N_yri': 586.06487, 'N_ooa': 1072.12973, 'N_ceu': 586.06487, 'N_chb': 586.06487, 'gr_ceu': 0.00491, 'gr_chb': 0.00491, 'm_yri_ooa': 0.0, 'm_yri_ceu': 1e-05, 'm_yri_chb': 1e-05, 'm_ceu_chb': 1e-05} -68663.94182798173
x_down: {'t1': 1.44188, 't2': 4.42762, 't3': 100, 'N_anc': 586.06487, 'N_yri': 586.06487, 'N_ooa': 1072.12973, 'N_ceu': 586.06487, 'N_chb': 586.06487, 'gr_ceu': 0.00491, 'gr_chb': 0.00491, 'm_yri_ooa': 1e-05, 'm_yri_ceu': 1e-05, 'm_yri_chb': 1e-05, 'm_ceu_chb': 1e-05} -68664.00142068298
 
 
x_up: {'t1': 1.44188, 't2': 4.42762, 't3': 100, 'N_anc': 586.06487, 'N_yri': 586.06487, 'N_ooa': 1072.12973, 'N_ceu': 586.06487, 'N_chb': 586.06487, 'gr_ceu': 0.00491, 'gr_chb': 0.00491, 'm_yri_ooa': 0.0, 'm_yri_ceu': 0.0, 'm_yri_chb': 1e-05, 'm_ceu_chb': 1e-05} -68663.94182798582
x: {'t1': 1.44188, 't2': 4.42762, 't3': 100, 'N_anc': 586.06487, 'N_yri': 586.06487, 'N_ooa': 1072.12973, 'N_ceu': 586.06487, 'N_chb': 586.06487, 'gr_ceu': 0.00491, 'gr_chb': 0.00491, 'm_yri_ooa': 0.0, 'm_yri_ceu': 1e-05, 'm_yri_chb': 1e-05, 'm_ceu_chb': 1e-05} -68663.94182798173
x_down: {'t1': 1.44188, 't2': 4.42762, 't3': 100, 'N_anc': 586.06487, 'N_yri': 586.06487, 'N_ooa': 1072.12973, 'N_ceu': 586.06487, 'N_chb': 586.06487, 'gr_ceu': 0.00491, 'gr_chb': 0.00491, 'm_yri_ooa': 0.0, 'm_yri_ceu': 1e-05, 'm_yri_chb': 1e-05, 'm_ceu_chb': 1e-05} -68663.94182798173
 
 
x_up: {'t1': 1.44188, 't2': 4.42762, 't3': 100, 'N_anc': 586.06487, 'N_yri': 586.06487, 'N_ooa': 1072.12973, 'N_ceu': 586.06487, 'N_chb': 586.06487, 'gr_ceu': 0.00491, 'gr_chb': 0.00491, 'm_yri_ooa': 0.0, 'm_yri_ceu': 1e-05, 'm_yri_chb': 0.0, 'm_ceu_chb': 1e-05} -68663.94182798754
x: {'t1': 1.44188, 't2': 4.42762, 't3': 100, 'N_anc': 586.06487, 'N_yri': 586.06487, 'N_ooa': 1072.12973, 'N_ceu': 586.06487, 'N_chb': 586.06487, 'gr_ceu': 0.00491, 'gr_chb': 0.00491, 'm_yri_ooa': 0.0, 'm_yri_ceu': 1e-05, 'm_yri_chb': 1e-05, 'm_ceu_chb': 1e-05} -68663.94182798173
x_down: {'t1': 1.44188, 't2': 4.42762, 't3': 100, 'N_anc': 586.06487, 'N_yri': 586.06487, 'N_ooa': 1072.12973, 'N_ceu': 586.06487, 'N_chb': 586.06487, 'gr_ceu': 0.00491, 'gr_chb': 0.00491, 'm_yri_ooa': 0.0, 'm_yri_ceu': 1e-05, 'm_yri_chb': 1e-05, 'm_ceu_chb': 1e-05} -68663.94182798173
 
 
x_up: {'t1': 1.44188, 't2': 4.42762, 't3': 100, 'N_anc': 586.06487, 'N_yri': 586.06487, 'N_ooa': 1072.12973, 'N_ceu': 586.06487, 'N_chb': 586.06487, 'gr_ceu': 0.00491, 'gr_chb': 0.00491, 'm_yri_ooa': 0.0, 'm_yri_ceu': 1e-05, 'm_yri_chb': 1e-05, 'm_ceu_chb': 0.0} -68663.94182798159
x: {'t1': 1.44188, 't2': 4.42762, 't3': 100, 'N_anc': 586.06487, 'N_yri': 586.06487, 'N_ooa': 1072.12973, 'N_ceu': 586.06487, 'N_chb': 586.06487, 'gr_ceu': 0.00491, 'gr_chb': 0.00491, 'm_yri_ooa': 0.0, 'm_yri_ceu': 1e-05, 'm_yri_chb': 1e-05, 'm_ceu_chb': 1e-05} -68663.94182798173
x_down: {'t1': 1.44188, 't2': 4.42762, 't3': 100, 'N_anc': 586.06487, 'N_yri': 586.06487, 'N_ooa': 1072.12973, 'N_ceu': 586.06487, 'N_chb': 586.06487, 'gr_ceu': 0.00491, 'gr_chb': 0.00491, 'm_yri_ooa': 0.0, 'm_yri_ceu': 1e-05, 'm_yri_chb': 1e-05, 'm_ceu_chb': 1e-05} -68663.94182798173
 
{'t1': 1.44188, 't2': 4.42762, 't3': 100, 'N_anc': 586.06487, 'N_yri': 586.06487, 'N_ooa': 1072.12973, 'N_ceu': 586.06487, 'N_chb': 586.06487, 'gr_ceu': 0.00491, 'gr_chb': 0.00491, 'm_yri_ooa': 0.0, 'm_yri_ceu': 1e-05, 'm_yri_chb': 1e-05, 'm_ceu_chb': 0.0} -68663.94182798159
 
x_up: {'t1': 1.66282, 't2': 4.42762, 't3': 100, 'N_anc': 586.06487, 'N_yri': 586.06487, 'N_ooa': 1072.12973, 'N_ceu': 586.06487, 'N_chb': 586.06487, 'gr_ceu': 0.00491, 'gr_chb': 0.00491, 'm_yri_ooa': 0.0, 'm_yri_ceu': 1e-05, 'm_yri_chb': 1e-05, 'm_ceu_chb': 0.0} -68619.48630006364
x: {'t1': 1.44188, 't2': 4.42762, 't3': 100, 'N_anc': 586.06487, 'N_yri': 586.06487, 'N_ooa': 1072.12973, 'N_ceu': 586.06487, 'N_chb': 586.06487, 'gr_ceu': 0.00491, 'gr_chb': 0.00491, 'm_yri_ooa': 0.0, 'm_yri_ceu': 1e-05, 'm_yri_chb': 1e-05, 'm_ceu_chb': 0.0} -68663.94182798159
x_down: {'t1': 1.22094, 't2': 4.42762, 't3': 100, 'N_anc': 586.06487, 'N_yri': 586.06487, 'N_ooa': 1072.12973, 'N_ceu': 586.06487, 'N_chb': 586.06487, 'gr_ceu': 0.00491, 'gr_chb': 0.00491, 'm_yri_ooa': 0.0, 'm_yri_ceu': 1e-05, 'm_yri_chb': 1e-05, 'm_ceu_chb': 0.0} -68695.38264970602
 
 
x_up: {'t1': 1.66282, 't2': 5.81002, 't3': 100, 'N_anc': 586.06487, 'N_yri': 586.06487, 'N_ooa': 1072.12973, 'N_ceu': 586.06487, 'N_chb': 586.06487, 'gr_ceu': 0.00491, 'gr_chb': 0.00491, 'm_yri_ooa': 0.0, 'm_yri_ceu': 1e-05, 'm_yri_chb': 1e-05, 'm_ceu_chb': 0.0} -68751.60773248738
x: {'t1': 1.66282, 't2': 4.42762, 't3': 100, 'N_anc': 586.06487, 'N_yri': 586.06487, 'N_ooa': 1072.12973, 'N_ceu': 586.06487, 'N_chb': 586.06487, 'gr_ceu': 0.00491, 'gr_chb': 0.00491, 'm_yri_ooa': 0.0, 'm_yri_ceu': 1e-05, 'm_yri_chb': 1e-05, 'm_ceu_chb': 0.0} -68619.48630006364
x_down: {'t1': 1.66282, 't2': 3.04522, 't3': 100, 'N_anc': 586.06487, 'N_yri': 586.06487, 'N_ooa': 1072.12973, 'N_ceu': 586.06487, 'N_chb': 586.06487, 'gr_ceu': 0.00491, 'gr_chb': 0.00491, 'm_yri_ooa': 0.0, 'm_yri_ceu': 1e-05, 'm_yri_chb': 1e-05, 'm_ceu_chb': 0.0} -68403.52256976218
 
 
x_up: {'t1': 1.66282, 't2': 3.04522, 't3': 104.84774, 'N_anc': 586.06487, 'N_yri': 586.06487, 'N_ooa': 1072.12973, 'N_ceu': 586.06487, 'N_chb': 586.06487, 'gr_ceu': 0.00491, 'gr_chb': 0.00491, 'm_yri_ooa': 0.0, 'm_yri_ceu': 1e-05, 'm_yri_chb': 1e-05, 'm_ceu_chb': 0.0} -68404.83890720313
x: {'t1': 1.66282, 't2': 3.04522, 't3': 100, 'N_anc': 586.06487, 'N_yri': 586.06487, 'N_ooa': 1072.12973, 'N_ceu': 586.06487, 'N_chb': 586.06487, 'gr_ceu': 0.00491, 'gr_chb': 0.00491, 'm_yri_ooa': 0.0, 'm_yri_ceu': 1e-05, 'm_yri_chb': 1e-05, 'm_ceu_chb': 0.0} -68403.52256976218
x_down: {'t1': 1.66282, 't2': 3.04522, 't3': 95.15226, 'N_anc': 586.06487, 'N_yri': 586.06487, 'N_ooa': 1072.12973, 'N_ceu': 586.06487, 'N_chb': 586.06487, 'gr_ceu': 0.00491, 'gr_chb': 0.00491, 'm_yri_ooa': 0.0, 'm_yri_ceu': 1e-05, 'm_yri_chb': 1e-05, 'm_ceu_chb': 0.0} -68399.6996701638
 
 
x_up: {'t1': 1.66282, 't2': 3.04522, 't3': 95.15226, 'N_anc': 829.09731, 'N_yri': 586.06487, 'N_ooa': 1072.12973, 'N_ceu': 586.06487, 'N_chb': 586.06487, 'gr_ceu': 0.00491, 'gr_chb': 0.00491, 'm_yri_ooa': 0.0, 'm_yri_ceu': 1e-05, 'm_yri_chb': 1e-05, 'm_ceu_chb': 0.0} -68419.08610689745
x: {'t1': 1.66282, 't2': 3.04522, 't3': 95.15226, 'N_anc': 586.06487, 'N_yri': 586.06487, 'N_ooa': 1072.12973, 'N_ceu': 586.06487, 'N_chb': 586.06487, 'gr_ceu': 0.00491, 'gr_chb': 0.00491, 'm_yri_ooa': 0.0, 'm_yri_ceu': 1e-05, 'm_yri_chb': 1e-05, 'm_ceu_chb': 0.0} -68399.6996701638
x_down: {'t1': 1.66282, 't2': 3.04522, 't3': 95.15226, 'N_anc': 343.03244, 'N_yri': 586.06487, 'N_ooa': 1072.12973, 'N_ceu': 586.06487, 'N_chb': 586.06487, 'gr_ceu': 0.00491, 'gr_chb': 0.00491, 'm_yri_ooa': 0.0, 'm_yri_ceu': 1e-05, 'm_yri_chb': 1e-05, 'm_ceu_chb': 0.0} -68409.4775227853
 
 
x_up: {'t1': 1.66282, 't2': 3.04522, 't3': 95.15226, 'N_anc': 586.06487, 'N_yri': 829.09731, 'N_ooa': 1072.12973, 'N_ceu': 586.06487, 'N_chb': 586.06487, 'gr_ceu': 0.00491, 'gr_chb': 0.00491, 'm_yri_ooa': 0.0, 'm_yri_ceu': 1e-05, 'm_yri_chb': 1e-05, 'm_ceu_chb': 0.0} -68694.20349957886
x: {'t1': 1.66282, 't2': 3.04522, 't3': 95.15226, 'N_anc': 586.06487, 'N_yri': 586.06487, 'N_ooa': 1072.12973, 'N_ceu': 586.06487, 'N_chb': 586.06487, 'gr_ceu': 0.00491, 'gr_chb': 0.00491, 'm_yri_ooa': 0.0, 'm_yri_ceu': 1e-05, 'm_yri_chb': 1e-05, 'm_ceu_chb': 0.0} -68399.6996701638
x_down: {'t1': 1.66282, 't2': 3.04522, 't3': 95.15226, 'N_anc': 586.06487, 'N_yri': 343.03244, 'N_ooa': 1072.12973, 'N_ceu': 586.06487, 'N_chb': 586.06487, 'gr_ceu': 0.00491, 'gr_chb': 0.00491, 'm_yri_ooa': 0.0, 'm_yri_ceu': 1e-05, 'm_yri_chb': 1e-05, 'm_ceu_chb': 0.0} -68112.39820317015
 
 
x_up: {'t1': 1.66282, 't2': 3.04522, 't3': 95.15226, 'N_anc': 586.06487, 'N_yri': 343.03244, 'N_ooa': 1315.16216, 'N_ceu': 586.06487, 'N_chb': 586.06487, 'gr_ceu': 0.00491, 'gr_chb': 0.00491, 'm_yri_ooa': 0.0, 'm_yri_ceu': 1e-05, 'm_yri_chb': 1e-05, 'm_ceu_chb': 0.0} -68391.13150318072
x: {'t1': 1.66282, 't2': 3.04522, 't3': 95.15226, 'N_anc': 586.06487, 'N_yri': 343.03244, 'N_ooa': 1072.12973, 'N_ceu': 586.06487, 'N_chb': 586.06487, 'gr_ceu': 0.00491, 'gr_chb': 0.00491, 'm_yri_ooa': 0.0, 'm_yri_ceu': 1e-05, 'm_yri_chb': 1e-05, 'm_ceu_chb': 0.0} -68112.39820317015
x_down: {'t1': 1.66282, 't2': 3.04522, 't3': 95.15226, 'N_anc': 586.06487, 'N_yri': 343.03244, 'N_ooa': 829.0973, 'N_ceu': 586.06487, 'N_chb': 586.06487, 'gr_ceu': 0.00491, 'gr_chb': 0.00491, 'm_yri_ooa': 0.0, 'm_yri_ceu': 1e-05, 'm_yri_chb': 1e-05, 'm_ceu_chb': 0.0} -68009.45265873613
 
 
x_up: {'t1': 1.66282, 't2': 3.04522, 't3': 95.15226, 'N_anc': 586.06487, 'N_yri': 343.03244, 'N_ooa': 829.0973, 'N_ceu': 829.09731, 'N_chb': 586.06487, 'gr_ceu': 0.00491, 'gr_chb': 0.00491, 'm_yri_ooa': 0.0, 'm_yri_ceu': 1e-05, 'm_yri_chb': 1e-05, 'm_ceu_chb': 0.0} -68223.95830687716
x: {'t1': 1.66282, 't2': 3.04522, 't3': 95.15226, 'N_anc': 586.06487, 'N_yri': 343.03244, 'N_ooa': 829.0973, 'N_ceu': 586.06487, 'N_chb': 586.06487, 'gr_ceu': 0.00491, 'gr_chb': 0.00491, 'm_yri_ooa': 0.0, 'm_yri_ceu': 1e-05, 'm_yri_chb': 1e-05, 'm_ceu_chb': 0.0} -68009.45265873613
x_down: {'t1': 1.66282, 't2': 3.04522, 't3': 95.15226, 'N_anc': 586.06487, 'N_yri': 343.03244, 'N_ooa': 829.0973, 'N_ceu': 343.03244, 'N_chb': 586.06487, 'gr_ceu': 0.00491, 'gr_chb': 0.00491, 'm_yri_ooa': 0.0, 'm_yri_ceu': 1e-05, 'm_yri_chb': 1e-05, 'm_ceu_chb': 0.0} -67758.45848823343
 
 
x_up: {'t1': 1.66282, 't2': 3.04522, 't3': 95.15226, 'N_anc': 586.06487, 'N_yri': 343.03244, 'N_ooa': 829.0973, 'N_ceu': 343.03244, 'N_chb': 829.09731, 'gr_ceu': 0.00491, 'gr_chb': 0.00491, 'm_yri_ooa': 0.0, 'm_yri_ceu': 1e-05, 'm_yri_chb': 1e-05, 'm_ceu_chb': 0.0} -67926.7355531225
x: {'t1': 1.66282, 't2': 3.04522, 't3': 95.15226, 'N_anc': 586.06487, 'N_yri': 343.03244, 'N_ooa': 829.0973, 'N_ceu': 343.03244, 'N_chb': 586.06487, 'gr_ceu': 0.00491, 'gr_chb': 0.00491, 'm_yri_ooa': 0.0, 'm_yri_ceu': 1e-05, 'm_yri_chb': 1e-05, 'm_ceu_chb': 0.0} -67758.45848823343
x_down: {'t1': 1.66282, 't2': 3.04522, 't3': 95.15226, 'N_anc': 586.06487, 'N_yri': 343.03244, 'N_ooa': 829.0973, 'N_ceu': 343.03244, 'N_chb': 343.03244, 'gr_ceu': 0.00491, 'gr_chb': 0.00491, 'm_yri_ooa': 0.0, 'm_yri_ceu': 1e-05, 'm_yri_chb': 1e-05, 'm_ceu_chb': 0.0} -67647.942804306
 
 
x_up: {'t1': 1.66282, 't2': 3.04522, 't3': 95.15226, 'N_anc': 586.06487, 'N_yri': 343.03244, 'N_ooa': 829.0973, 'N_ceu': 343.03244, 'N_chb': 343.03244, 'gr_ceu': 0.00737, 'gr_chb': 0.00491, 'm_yri_ooa': 0.0, 'm_yri_ceu': 1e-05, 'm_yri_chb': 1e-05, 'm_ceu_chb': 0.0} -67648.09299926732
x: {'t1': 1.66282, 't2': 3.04522, 't3': 95.15226, 'N_anc': 586.06487, 'N_yri': 343.03244, 'N_ooa': 829.0973, 'N_ceu': 343.03244, 'N_chb': 343.03244, 'gr_ceu': 0.00491, 'gr_chb': 0.00491, 'm_yri_ooa': 0.0, 'm_yri_ceu': 1e-05, 'm_yri_chb': 1e-05, 'm_ceu_chb': 0.0} -67647.942804306
x_down: {'t1': 1.66282, 't2': 3.04522, 't3': 95.15226, 'N_anc': 586.06487, 'N_yri': 343.03244, 'N_ooa': 829.0973, 'N_ceu': 343.03244, 'N_chb': 343.03244, 'gr_ceu': 0.00246, 'gr_chb': 0.00491, 'm_yri_ooa': 0.0, 'm_yri_ceu': 1e-05, 'm_yri_chb': 1e-05, 'm_ceu_chb': 0.0} -67647.7972760164
 
 
x_up: {'t1': 1.66282, 't2': 3.04522, 't3': 95.15226, 'N_anc': 586.06487, 'N_yri': 343.03244, 'N_ooa': 829.0973, 'N_ceu': 343.03244, 'N_chb': 343.03244, 'gr_ceu': 0.00246, 'gr_chb': 0.00737, 'm_yri_ooa': 0.0, 'm_yri_ceu': 1e-05, 'm_yri_chb': 1e-05, 'm_ceu_chb': 0.0} -67648.01013375688
x: {'t1': 1.66282, 't2': 3.04522, 't3': 95.15226, 'N_anc': 586.06487, 'N_yri': 343.03244, 'N_ooa': 829.0973, 'N_ceu': 343.03244, 'N_chb': 343.03244, 'gr_ceu': 0.00246, 'gr_chb': 0.00491, 'm_yri_ooa': 0.0, 'm_yri_ceu': 1e-05, 'm_yri_chb': 1e-05, 'm_ceu_chb': 0.0} -67647.7972760164
x_down: {'t1': 1.66282, 't2': 3.04522, 't3': 95.15226, 'N_anc': 586.06487, 'N_yri': 343.03244, 'N_ooa': 829.0973, 'N_ceu': 343.03244, 'N_chb': 343.03244, 'gr_ceu': 0.00246, 'gr_chb': 0.00246, 'm_yri_ooa': 0.0, 'm_yri_ceu': 1e-05, 'm_yri_chb': 1e-05, 'm_ceu_chb': 0.0} -67647.5897884393
 
 
x_up: {'t1': 1.66282, 't2': 3.04522, 't3': 95.15226, 'N_anc': 586.06487, 'N_yri': 343.03244, 'N_ooa': 829.0973, 'N_ceu': 343.03244, 'N_chb': 343.03244, 'gr_ceu': 0.00246, 'gr_chb': 0.00246, 'm_yri_ooa': 0.0, 'm_yri_ceu': 1e-05, 'm_yri_chb': 1e-05, 'm_ceu_chb': 0.0} -67647.5897884393
x: {'t1': 1.66282, 't2': 3.04522, 't3': 95.15226, 'N_anc': 586.06487, 'N_yri': 343.03244, 'N_ooa': 829.0973, 'N_ceu': 343.03244, 'N_chb': 343.03244, 'gr_ceu': 0.00246, 'gr_chb': 0.00246, 'm_yri_ooa': 0.0, 'm_yri_ceu': 1e-05, 'm_yri_chb': 1e-05, 'm_ceu_chb': 0.0} -67647.5897884393
x_down: {'t1': 1.66282, 't2': 3.04522, 't3': 95.15226, 'N_anc': 586.06487, 'N_yri': 343.03244, 'N_ooa': 829.0973, 'N_ceu': 343.03244, 'N_chb': 343.03244, 'gr_ceu': 0.00246, 'gr_chb': 0.00246, 'm_yri_ooa': 1e-05, 'm_yri_ceu': 1e-05, 'm_yri_chb': 1e-05, 'm_ceu_chb': 0.0} -67647.5178763083
 
 
x_up: {'t1': 1.66282, 't2': 3.04522, 't3': 95.15226, 'N_anc': 586.06487, 'N_yri': 343.03244, 'N_ooa': 829.0973, 'N_ceu': 343.03244, 'N_chb': 343.03244, 'gr_ceu': 0.00246, 'gr_chb': 0.00246, 'm_yri_ooa': 1e-05, 'm_yri_ceu': 0.0, 'm_yri_chb': 1e-05, 'm_ceu_chb': 0.0} -67647.51787630915
x: {'t1': 1.66282, 't2': 3.04522, 't3': 95.15226, 'N_anc': 586.06487, 'N_yri': 343.03244, 'N_ooa': 829.0973, 'N_ceu': 343.03244, 'N_chb': 343.03244, 'gr_ceu': 0.00246, 'gr_chb': 0.00246, 'm_yri_ooa': 1e-05, 'm_yri_ceu': 1e-05, 'm_yri_chb': 1e-05, 'm_ceu_chb': 0.0} -67647.5178763083
x_down: {'t1': 1.66282, 't2': 3.04522, 't3': 95.15226, 'N_anc': 586.06487, 'N_yri': 343.03244, 'N_ooa': 829.0973, 'N_ceu': 343.03244, 'N_chb': 343.03244, 'gr_ceu': 0.00246, 'gr_chb': 0.00246, 'm_yri_ooa': 1e-05, 'm_yri_ceu': 1e-05, 'm_yri_chb': 1e-05, 'm_ceu_chb': 0.0} -67647.5178763083
 
 
x_up: {'t1': 1.66282, 't2': 3.04522, 't3': 95.15226, 'N_anc': 586.06487, 'N_yri': 343.03244, 'N_ooa': 829.0973, 'N_ceu': 343.03244, 'N_chb': 343.03244, 'gr_ceu': 0.00246, 'gr_chb': 0.00246, 'm_yri_ooa': 1e-05, 'm_yri_ceu': 1e-05, 'm_yri_chb': 0.0, 'm_ceu_chb': 0.0} -67647.51787630876
x: {'t1': 1.66282, 't2': 3.04522, 't3': 95.15226, 'N_anc': 586.06487, 'N_yri': 343.03244, 'N_ooa': 829.0973, 'N_ceu': 343.03244, 'N_chb': 343.03244, 'gr_ceu': 0.00246, 'gr_chb': 0.00246, 'm_yri_ooa': 1e-05, 'm_yri_ceu': 1e-05, 'm_yri_chb': 1e-05, 'm_ceu_chb': 0.0} -67647.5178763083
x_down: {'t1': 1.66282, 't2': 3.04522, 't3': 95.15226, 'N_anc': 586.06487, 'N_yri': 343.03244, 'N_ooa': 829.0973, 'N_ceu': 343.03244, 'N_chb': 343.03244, 'gr_ceu': 0.00246, 'gr_chb': 0.00246, 'm_yri_ooa': 1e-05, 'm_yri_ceu': 1e-05, 'm_yri_chb': 1e-05, 'm_ceu_chb': 0.0} -67647.5178763083
 
 
x_up: {'t1': 1.66282, 't2': 3.04522, 't3': 95.15226, 'N_anc': 586.06487, 'N_yri': 343.03244, 'N_ooa': 829.0973, 'N_ceu': 343.03244, 'N_chb': 343.03244, 'gr_ceu': 0.00246, 'gr_chb': 0.00246, 'm_yri_ooa': 1e-05, 'm_yri_ceu': 1e-05, 'm_yri_chb': 1e-05, 'm_ceu_chb': 0.0} -67647.5178763083
x: {'t1': 1.66282, 't2': 3.04522, 't3': 95.15226, 'N_anc': 586.06487, 'N_yri': 343.03244, 'N_ooa': 829.0973, 'N_ceu': 343.03244, 'N_chb': 343.03244, 'gr_ceu': 0.00246, 'gr_chb': 0.00246, 'm_yri_ooa': 1e-05, 'm_yri_ceu': 1e-05, 'm_yri_chb': 1e-05, 'm_ceu_chb': 0.0} -67647.5178763083
x_down: {'t1': 1.66282, 't2': 3.04522, 't3': 95.15226, 'N_anc': 586.06487, 'N_yri': 343.03244, 'N_ooa': 829.0973, 'N_ceu': 343.03244, 'N_chb': 343.03244, 'gr_ceu': 0.00246, 'gr_chb': 0.00246, 'm_yri_ooa': 1e-05, 'm_yri_ceu': 1e-05, 'm_yri_chb': 1e-05, 'm_ceu_chb': 1e-05} -67647.51787630838
 
{'t1': 1.66282, 't2': 3.04522, 't3': 95.15226, 'N_anc': 586.06487, 'N_yri': 343.03244, 'N_ooa': 829.0973, 'N_ceu': 343.03244, 'N_chb': 343.03244, 'gr_ceu': 0.00246, 'gr_chb': 0.00246, 'm_yri_ooa': 1e-05, 'm_yri_ceu': 1e-05, 'm_yri_chb': 1e-05, 'm_ceu_chb': 0.0} -67647.5178763083
 
x_up: {'t1': 1.99423, 't2': 3.04522, 't3': 95.15226, 'N_anc': 586.06487, 'N_yri': 343.03244, 'N_ooa': 829.0973, 'N_ceu': 343.03244, 'N_chb': 343.03244, 'gr_ceu': 0.00246, 'gr_chb': 0.00246, 'm_yri_ooa': 1e-05, 'm_yri_ceu': 1e-05, 'm_yri_chb': 1e-05, 'm_ceu_chb': 0.0} -67627.75773148963
x: {'t1': 1.66282, 't2': 3.04522, 't3': 95.15226, 'N_anc': 586.06487, 'N_yri': 343.03244, 'N_ooa': 829.0973, 'N_ceu': 343.03244, 'N_chb': 343.03244, 'gr_ceu': 0.00246, 'gr_chb': 0.00246, 'm_yri_ooa': 1e-05, 'm_yri_ceu': 1e-05, 'm_yri_chb': 1e-05, 'm_ceu_chb': 0.0} -67647.5178763083
x_down: {'t1': 1.33141, 't2': 3.04522, 't3': 95.15226, 'N_anc': 586.06487, 'N_yri': 343.03244, 'N_ooa': 829.0973, 'N_ceu': 343.03244, 'N_chb': 343.03244, 'gr_ceu': 0.00246, 'gr_chb': 0.00246, 'm_yri_ooa': 1e-05, 'm_yri_ceu': 1e-05, 'm_yri_chb': 1e-05, 'm_ceu_chb': 0.0} -67696.92185018366
 
 
x_up: {'t1': 1.99423, 't2': 3.57071, 't3': 95.15226, 'N_anc': 586.06487, 'N_yri': 343.03244, 'N_ooa': 829.0973, 'N_ceu': 343.03244, 'N_chb': 343.03244, 'gr_ceu': 0.00246, 'gr_chb': 0.00246, 'm_yri_ooa': 1e-05, 'm_yri_ceu': 1e-05, 'm_yri_chb': 1e-05, 'm_ceu_chb': 0.0} -67641.07498018924
x: {'t1': 1.99423, 't2': 3.04522, 't3': 95.15226, 'N_anc': 586.06487, 'N_yri': 343.03244, 'N_ooa': 829.0973, 'N_ceu': 343.03244, 'N_chb': 343.03244, 'gr_ceu': 0.00246, 'gr_chb': 0.00246, 'm_yri_ooa': 1e-05, 'm_yri_ceu': 1e-05, 'm_yri_chb': 1e-05, 'm_ceu_chb': 0.0} -67627.75773148963
x_down: {'t1': 1.99423, 't2': 2.51973, 't3': 95.15226, 'N_anc': 586.06487, 'N_yri': 343.03244, 'N_ooa': 829.0973, 'N_ceu': 343.03244, 'N_chb': 343.03244, 'gr_ceu': 0.00246, 'gr_chb': 0.00246, 'm_yri_ooa': 1e-05, 'm_yri_ceu': 1e-05, 'm_yri_chb': 1e-05, 'm_ceu_chb': 0.0} -67593.10093315631
 
 
x_up: {'t1': 1.99423, 't2': 2.51973, 't3': 102.0997, 'N_anc': 586.06487, 'N_yri': 343.03244, 'N_ooa': 829.0973, 'N_ceu': 343.03244, 'N_chb': 343.03244, 'gr_ceu': 0.00246, 'gr_chb': 0.00246, 'm_yri_ooa': 1e-05, 'm_yri_ceu': 1e-05, 'm_yri_chb': 1e-05, 'm_ceu_chb': 0.0} -67596.04210199213
x: {'t1': 1.99423, 't2': 2.51973, 't3': 95.15226, 'N_anc': 586.06487, 'N_yri': 343.03244, 'N_ooa': 829.0973, 'N_ceu': 343.03244, 'N_chb': 343.03244, 'gr_ceu': 0.00246, 'gr_chb': 0.00246, 'm_yri_ooa': 1e-05, 'm_yri_ceu': 1e-05, 'm_yri_chb': 1e-05, 'm_ceu_chb': 0.0} -67593.10093315631
x_down: {'t1': 1.99423, 't2': 2.51973, 't3': 88.20482, 'N_anc': 586.06487, 'N_yri': 343.03244, 'N_ooa': 829.0973, 'N_ceu': 343.03244, 'N_chb': 343.03244, 'gr_ceu': 0.00246, 'gr_chb': 0.00246, 'm_yri_ooa': 1e-05, 'm_yri_ceu': 1e-05, 'm_yri_chb': 1e-05, 'm_ceu_chb': 0.0} -67596.03639054894
 
 
x_up: {'t1': 1.99423, 't2': 2.51973, 't3': 95.15226, 'N_anc': 707.58109, 'N_yri': 343.03244, 'N_ooa': 829.0973, 'N_ceu': 343.03244, 'N_chb': 343.03244, 'gr_ceu': 0.00246, 'gr_chb': 0.00246, 'm_yri_ooa': 1e-05, 'm_yri_ceu': 1e-05, 'm_yri_chb': 1e-05, 'm_ceu_chb': 0.0} -67601.68751893479
x: {'t1': 1.99423, 't2': 2.51973, 't3': 95.15226, 'N_anc': 586.06487, 'N_yri': 343.03244, 'N_ooa': 829.0973, 'N_ceu': 343.03244, 'N_chb': 343.03244, 'gr_ceu': 0.00246, 'gr_chb': 0.00246, 'm_yri_ooa': 1e-05, 'm_yri_ceu': 1e-05, 'm_yri_chb': 1e-05, 'm_ceu_chb': 0.0} -67593.10093315631
x_down: {'t1': 1.99423, 't2': 2.51973, 't3': 95.15226, 'N_anc': 464.54865, 'N_yri': 343.03244, 'N_ooa': 829.0973, 'N_ceu': 343.03244, 'N_chb': 343.03244, 'gr_ceu': 0.00246, 'gr_chb': 0.00246, 'm_yri_ooa': 1e-05, 'm_yri_ceu': 1e-05, 'm_yri_chb': 1e-05, 'm_ceu_chb': 0.0} -67590.23837889453
 
 
x_up: {'t1': 1.99423, 't2': 2.51973, 't3': 95.15226, 'N_anc': 464.54865, 'N_yri': 464.54866, 'N_ooa': 829.0973, 'N_ceu': 343.03244, 'N_chb': 343.03244, 'gr_ceu': 0.00246, 'gr_chb': 0.00246, 'm_yri_ooa': 1e-05, 'm_yri_ceu': 1e-05, 'm_yri_chb': 1e-05, 'm_ceu_chb': 0.0} -67617.37067184706
x: {'t1': 1.99423, 't2': 2.51973, 't3': 95.15226, 'N_anc': 464.54865, 'N_yri': 343.03244, 'N_ooa': 829.0973, 'N_ceu': 343.03244, 'N_chb': 343.03244, 'gr_ceu': 0.00246, 'gr_chb': 0.00246, 'm_yri_ooa': 1e-05, 'm_yri_ceu': 1e-05, 'm_yri_chb': 1e-05, 'm_ceu_chb': 0.0} -67590.23837889453
x_down: {'t1': 1.99423, 't2': 2.51973, 't3': 95.15226, 'N_anc': 464.54865, 'N_yri': 221.51622, 'N_ooa': 829.0973, 'N_ceu': 343.03244, 'N_chb': 343.03244, 'gr_ceu': 0.00246, 'gr_chb': 0.00246, 'm_yri_ooa': 1e-05, 'm_yri_ceu': 1e-05, 'm_yri_chb': 1e-05, 'm_ceu_chb': 0.0} -67786.48440431712
 
 
x_up: {'t1': 1.99423, 't2': 2.51973, 't3': 95.15226, 'N_anc': 464.54865, 'N_yri': 343.03244, 'N_ooa': 1102.50879, 'N_ceu': 343.03244, 'N_chb': 343.03244, 'gr_ceu': 0.00246, 'gr_chb': 0.00246, 'm_yri_ooa': 1e-05, 'm_yri_ceu': 1e-05, 'm_yri_chb': 1e-05, 'm_ceu_chb': 0.0} -67650.71177551035
x: {'t1': 1.99423, 't2': 2.51973, 't3': 95.15226, 'N_anc': 464.54865, 'N_yri': 343.03244, 'N_ooa': 829.0973, 'N_ceu': 343.03244, 'N_chb': 343.03244, 'gr_ceu': 0.00246, 'gr_chb': 0.00246, 'm_yri_ooa': 1e-05, 'm_yri_ceu': 1e-05, 'm_yri_chb': 1e-05, 'm_ceu_chb': 0.0} -67590.23837889453
x_down: {'t1': 1.99423, 't2': 2.51973, 't3': 95.15226, 'N_anc': 464.54865, 'N_yri': 343.03244, 'N_ooa': 555.68581, 'N_ceu': 343.03244, 'N_chb': 343.03244, 'gr_ceu': 0.00246, 'gr_chb': 0.00246, 'm_yri_ooa': 1e-05, 'm_yri_ceu': 1e-05, 'm_yri_chb': 1e-05, 'm_ceu_chb': 0.0} -68203.19206929453
 
 
x_up: {'t1': 1.99423, 't2': 2.51973, 't3': 95.15226, 'N_anc': 464.54865, 'N_yri': 343.03244, 'N_ooa': 829.0973, 'N_ceu': 464.54866, 'N_chb': 343.03244, 'gr_ceu': 0.00246, 'gr_chb': 0.00246, 'm_yri_ooa': 1e-05, 'm_yri_ceu': 1e-05, 'm_yri_chb': 1e-05, 'm_ceu_chb': 0.0} -67655.69223509645
x: {'t1': 1.99423, 't2': 2.51973, 't3': 95.15226, 'N_anc': 464.54865, 'N_yri': 343.03244, 'N_ooa': 829.0973, 'N_ceu': 343.03244, 'N_chb': 343.03244, 'gr_ceu': 0.00246, 'gr_chb': 0.00246, 'm_yri_ooa': 1e-05, 'm_yri_ceu': 1e-05, 'm_yri_chb': 1e-05, 'm_ceu_chb': 0.0} -67590.23837889453
x_down: {'t1': 1.99423, 't2': 2.51973, 't3': 95.15226, 'N_anc': 464.54865, 'N_yri': 343.03244, 'N_ooa': 829.0973, 'N_ceu': 221.51622, 'N_chb': 343.03244, 'gr_ceu': 0.00246, 'gr_chb': 0.00246, 'm_yri_ooa': 1e-05, 'm_yri_ceu': 1e-05, 'm_yri_chb': 1e-05, 'm_ceu_chb': 0.0} -67625.41274908656
 
 
x_up: {'t1': 1.99423, 't2': 2.51973, 't3': 95.15226, 'N_anc': 464.54865, 'N_yri': 343.03244, 'N_ooa': 829.0973, 'N_ceu': 343.03244, 'N_chb': 464.54866, 'gr_ceu': 0.00246, 'gr_chb': 0.00246, 'm_yri_ooa': 1e-05, 'm_yri_ceu': 1e-05, 'm_yri_chb': 1e-05, 'm_ceu_chb': 0.0} -67654.51866153826
x: {'t1': 1.99423, 't2': 2.51973, 't3': 95.15226, 'N_anc': 464.54865, 'N_yri': 343.03244, 'N_ooa': 829.0973, 'N_ceu': 343.03244, 'N_chb': 343.03244, 'gr_ceu': 0.00246, 'gr_chb': 0.00246, 'm_yri_ooa': 1e-05, 'm_yri_ceu': 1e-05, 'm_yri_chb': 1e-05, 'm_ceu_chb': 0.0} -67590.23837889453
x_down: {'t1': 1.99423, 't2': 2.51973, 't3': 95.15226, 'N_anc': 464.54865, 'N_yri': 343.03244, 'N_ooa': 829.0973, 'N_ceu': 343.03244, 'N_chb': 221.51622, 'gr_ceu': 0.00246, 'gr_chb': 0.00246, 'm_yri_ooa': 1e-05, 'm_yri_ceu': 1e-05, 'm_yri_chb': 1e-05, 'm_ceu_chb': 0.0} -67625.14893172387
 
 
x_up: {'t1': 1.99423, 't2': 2.51973, 't3': 95.15226, 'N_anc': 464.54865, 'N_yri': 343.03244, 'N_ooa': 829.0973, 'N_ceu': 343.03244, 'N_chb': 343.03244, 'gr_ceu': 0.00369, 'gr_chb': 0.00246, 'm_yri_ooa': 1e-05, 'm_yri_ceu': 1e-05, 'm_yri_chb': 1e-05, 'm_ceu_chb': 0.0} -67590.46870670136
x: {'t1': 1.99423, 't2': 2.51973, 't3': 95.15226, 'N_anc': 464.54865, 'N_yri': 343.03244, 'N_ooa': 829.0973, 'N_ceu': 343.03244, 'N_chb': 343.03244, 'gr_ceu': 0.00246, 'gr_chb': 0.00246, 'm_yri_ooa': 1e-05, 'm_yri_ceu': 1e-05, 'm_yri_chb': 1e-05, 'm_ceu_chb': 0.0} -67590.23837889453
x_down: {'t1': 1.99423, 't2': 2.51973, 't3': 95.15226, 'N_anc': 464.54865, 'N_yri': 343.03244, 'N_ooa': 829.0973, 'N_ceu': 343.03244, 'N_chb': 343.03244, 'gr_ceu': 0.00123, 'gr_chb': 0.00246, 'm_yri_ooa': 1e-05, 'm_yri_ceu': 1e-05, 'm_yri_chb': 1e-05, 'm_ceu_chb': 0.0} -67590.0095544482
 
 
x_up: {'t1': 1.99423, 't2': 2.51973, 't3': 95.15226, 'N_anc': 464.54865, 'N_yri': 343.03244, 'N_ooa': 829.0973, 'N_ceu': 343.03244, 'N_chb': 343.03244, 'gr_ceu': 0.00123, 'gr_chb': 0.00369, 'm_yri_ooa': 1e-05, 'm_yri_ceu': 1e-05, 'm_yri_chb': 1e-05, 'm_ceu_chb': 0.0} -67590.15526285699
x: {'t1': 1.99423, 't2': 2.51973, 't3': 95.15226, 'N_anc': 464.54865, 'N_yri': 343.03244, 'N_ooa': 829.0973, 'N_ceu': 343.03244, 'N_chb': 343.03244, 'gr_ceu': 0.00123, 'gr_chb': 0.00246, 'm_yri_ooa': 1e-05, 'm_yri_ceu': 1e-05, 'm_yri_chb': 1e-05, 'm_ceu_chb': 0.0} -67590.0095544482
x_down: {'t1': 1.99423, 't2': 2.51973, 't3': 95.15226, 'N_anc': 464.54865, 'N_yri': 343.03244, 'N_ooa': 829.0973, 'N_ceu': 343.03244, 'N_chb': 343.03244, 'gr_ceu': 0.00123, 'gr_chb': 0.00123, 'm_yri_ooa': 1e-05, 'm_yri_ceu': 1e-05, 'm_yri_chb': 1e-05, 'm_ceu_chb': 0.0} -67589.86554345612
 
 
x_up: {'t1': 1.99423, 't2': 2.51973, 't3': 95.15226, 'N_anc': 464.54865, 'N_yri': 343.03244, 'N_ooa': 829.0973, 'N_ceu': 343.03244, 'N_chb': 343.03244, 'gr_ceu': 0.00123, 'gr_chb': 0.00123, 'm_yri_ooa': 0.0, 'm_yri_ceu': 1e-05, 'm_yri_chb': 1e-05, 'm_ceu_chb': 0.0} -67589.86417553313
x: {'t1': 1.99423, 't2': 2.51973, 't3': 95.15226, 'N_anc': 464.54865, 'N_yri': 343.03244, 'N_ooa': 829.0973, 'N_ceu': 343.03244, 'N_chb': 343.03244, 'gr_ceu': 0.00123, 'gr_chb': 0.00123, 'm_yri_ooa': 1e-05, 'm_yri_ceu': 1e-05, 'm_yri_chb': 1e-05, 'm_ceu_chb': 0.0} -67589.86554345612
x_down: {'t1': 1.99423, 't2': 2.51973, 't3': 95.15226, 'N_anc': 464.54865, 'N_yri': 343.03244, 'N_ooa': 829.0973, 'N_ceu': 343.03244, 'N_chb': 343.03244, 'gr_ceu': 0.00123, 'gr_chb': 0.00123, 'm_yri_ooa': 1e-05, 'm_yri_ceu': 1e-05, 'm_yri_chb': 1e-05, 'm_ceu_chb': 0.0} -67589.86554345612
 
 
x_up: {'t1': 1.99423, 't2': 2.51973, 't3': 95.15226, 'N_anc': 464.54865, 'N_yri': 343.03244, 'N_ooa': 829.0973, 'N_ceu': 343.03244, 'N_chb': 343.03244, 'gr_ceu': 0.00123, 'gr_chb': 0.00123, 'm_yri_ooa': 0.0, 'm_yri_ceu': 0.0, 'm_yri_chb': 1e-05, 'm_ceu_chb': 0.0} -67589.86417553324
x: {'t1': 1.99423, 't2': 2.51973, 't3': 95.15226, 'N_anc': 464.54865, 'N_yri': 343.03244, 'N_ooa': 829.0973, 'N_ceu': 343.03244, 'N_chb': 343.03244, 'gr_ceu': 0.00123, 'gr_chb': 0.00123, 'm_yri_ooa': 0.0, 'm_yri_ceu': 1e-05, 'm_yri_chb': 1e-05, 'm_ceu_chb': 0.0} -67589.86417553313
x_down: {'t1': 1.99423, 't2': 2.51973, 't3': 95.15226, 'N_anc': 464.54865, 'N_yri': 343.03244, 'N_ooa': 829.0973, 'N_ceu': 343.03244, 'N_chb': 343.03244, 'gr_ceu': 0.00123, 'gr_chb': 0.00123, 'm_yri_ooa': 0.0, 'm_yri_ceu': 1e-05, 'm_yri_chb': 1e-05, 'm_ceu_chb': 0.0} -67589.86417553313
 
 
x_up: {'t1': 1.99423, 't2': 2.51973, 't3': 95.15226, 'N_anc': 464.54865, 'N_yri': 343.03244, 'N_ooa': 829.0973, 'N_ceu': 343.03244, 'N_chb': 343.03244, 'gr_ceu': 0.00123, 'gr_chb': 0.00123, 'm_yri_ooa': 0.0, 'm_yri_ceu': 1e-05, 'm_yri_chb': 0.0, 'm_ceu_chb': 0.0} -67589.86417553324
x: {'t1': 1.99423, 't2': 2.51973, 't3': 95.15226, 'N_anc': 464.54865, 'N_yri': 343.03244, 'N_ooa': 829.0973, 'N_ceu': 343.03244, 'N_chb': 343.03244, 'gr_ceu': 0.00123, 'gr_chb': 0.00123, 'm_yri_ooa': 0.0, 'm_yri_ceu': 1e-05, 'm_yri_chb': 1e-05, 'm_ceu_chb': 0.0} -67589.86417553313
x_down: {'t1': 1.99423, 't2': 2.51973, 't3': 95.15226, 'N_anc': 464.54865, 'N_yri': 343.03244, 'N_ooa': 829.0973, 'N_ceu': 343.03244, 'N_chb': 343.03244, 'gr_ceu': 0.00123, 'gr_chb': 0.00123, 'm_yri_ooa': 0.0, 'm_yri_ceu': 1e-05, 'm_yri_chb': 1e-05, 'm_ceu_chb': 0.0} -67589.86417553313
 
 
x_up: {'t1': 1.99423, 't2': 2.51973, 't3': 95.15226, 'N_anc': 464.54865, 'N_yri': 343.03244, 'N_ooa': 829.0973, 'N_ceu': 343.03244, 'N_chb': 343.03244, 'gr_ceu': 0.00123, 'gr_chb': 0.00123, 'm_yri_ooa': 0.0, 'm_yri_ceu': 1e-05, 'm_yri_chb': 1e-05, 'm_ceu_chb': 0.0} -67589.86417553313
x: {'t1': 1.99423, 't2': 2.51973, 't3': 95.15226, 'N_anc': 464.54865, 'N_yri': 343.03244, 'N_ooa': 829.0973, 'N_ceu': 343.03244, 'N_chb': 343.03244, 'gr_ceu': 0.00123, 'gr_chb': 0.00123, 'm_yri_ooa': 0.0, 'm_yri_ceu': 1e-05, 'm_yri_chb': 1e-05, 'm_ceu_chb': 0.0} -67589.86417553313
x_down: {'t1': 1.99423, 't2': 2.51973, 't3': 95.15226, 'N_anc': 464.54865, 'N_yri': 343.03244, 'N_ooa': 829.0973, 'N_ceu': 343.03244, 'N_chb': 343.03244, 'gr_ceu': 0.00123, 'gr_chb': 0.00123, 'm_yri_ooa': 0.0, 'm_yri_ceu': 1e-05, 'm_yri_chb': 1e-05, 'm_ceu_chb': 1e-05} -67589.86417553318
 
{'t1': 1.99423, 't2': 2.51973, 't3': 95.15226, 'N_anc': 464.54865, 'N_yri': 343.03244, 'N_ooa': 829.0973, 'N_ceu': 343.03244, 'N_chb': 343.03244, 'gr_ceu': 0.00123, 'gr_chb': 0.00123, 'm_yri_ooa': 0.0, 'm_yri_ceu': 1e-05, 'm_yri_chb': 1e-05, 'm_ceu_chb': 0.0} -67589.86417553313
 
x_up: {'t1': 2.25698, 't2': 2.51973, 't3': 95.15226, 'N_anc': 464.54865, 'N_yri': 343.03244, 'N_ooa': 829.0973, 'N_ceu': 343.03244, 'N_chb': 343.03244, 'gr_ceu': 0.00123, 'gr_chb': 0.00123, 'm_yri_ooa': 0.0, 'm_yri_ceu': 1e-05, 'm_yri_chb': 1e-05, 'm_ceu_chb': 0.0} -67602.47133792244
x: {'t1': 1.99423, 't2': 2.51973, 't3': 95.15226, 'N_anc': 464.54865, 'N_yri': 343.03244, 'N_ooa': 829.0973, 'N_ceu': 343.03244, 'N_chb': 343.03244, 'gr_ceu': 0.00123, 'gr_chb': 0.00123, 'm_yri_ooa': 0.0, 'm_yri_ceu': 1e-05, 'm_yri_chb': 1e-05, 'm_ceu_chb': 0.0} -67589.86417553313
x_down: {'t1': 1.73148, 't2': 2.51973, 't3': 95.15226, 'N_anc': 464.54865, 'N_yri': 343.03244, 'N_ooa': 829.0973, 'N_ceu': 343.03244, 'N_chb': 343.03244, 'gr_ceu': 0.00123, 'gr_chb': 0.00123, 'm_yri_ooa': 0.0, 'm_yri_ceu': 1e-05, 'm_yri_chb': 1e-05, 'm_ceu_chb': 0.0} -67572.35629453628
 
 
x_up: {'t1': 1.73148, 't2': 2.91385, 't3': 95.15226, 'N_anc': 464.54865, 'N_yri': 343.03244, 'N_ooa': 829.0973, 'N_ceu': 343.03244, 'N_chb': 343.03244, 'gr_ceu': 0.00123, 'gr_chb': 0.00123, 'm_yri_ooa': 0.0, 'm_yri_ceu': 1e-05, 'm_yri_chb': 1e-05, 'm_ceu_chb': 0.0} -67637.779645116
x: {'t1': 1.73148, 't2': 2.51973, 't3': 95.15226, 'N_anc': 464.54865, 'N_yri': 343.03244, 'N_ooa': 829.0973, 'N_ceu': 343.03244, 'N_chb': 343.03244, 'gr_ceu': 0.00123, 'gr_chb': 0.00123, 'm_yri_ooa': 0.0, 'm_yri_ceu': 1e-05, 'm_yri_chb': 1e-05, 'm_ceu_chb': 0.0} -67572.35629453628
x_down: {'t1': 1.73148, 't2': 2.12561, 't3': 95.15226, 'N_anc': 464.54865, 'N_yri': 343.03244, 'N_ooa': 829.0973, 'N_ceu': 343.03244, 'N_chb': 343.03244, 'gr_ceu': 0.00123, 'gr_chb': 0.00123, 'm_yri_ooa': 0.0, 'm_yri_ceu': 1e-05, 'm_yri_chb': 1e-05, 'm_ceu_chb': 0.0} -67606.9594735013
 
 
x_up: {'t1': 1.73148, 't2': 2.51973, 't3': 99.78389, 'N_anc': 464.54865, 'N_yri': 343.03244, 'N_ooa': 829.0973, 'N_ceu': 343.03244, 'N_chb': 343.03244, 'gr_ceu': 0.00123, 'gr_chb': 0.00123, 'm_yri_ooa': 0.0, 'm_yri_ceu': 1e-05, 'm_yri_chb': 1e-05, 'm_ceu_chb': 0.0} -67574.05781515576
x: {'t1': 1.73148, 't2': 2.51973, 't3': 95.15226, 'N_anc': 464.54865, 'N_yri': 343.03244, 'N_ooa': 829.0973, 'N_ceu': 343.03244, 'N_chb': 343.03244, 'gr_ceu': 0.00123, 'gr_chb': 0.00123, 'm_yri_ooa': 0.0, 'm_yri_ceu': 1e-05, 'm_yri_chb': 1e-05, 'm_ceu_chb': 0.0} -67572.35629453628
x_down: {'t1': 1.73148, 't2': 2.51973, 't3': 90.52063, 'N_anc': 464.54865, 'N_yri': 343.03244, 'N_ooa': 829.0973, 'N_ceu': 343.03244, 'N_chb': 343.03244, 'gr_ceu': 0.00123, 'gr_chb': 0.00123, 'm_yri_ooa': 0.0, 'm_yri_ceu': 1e-05, 'm_yri_chb': 1e-05, 'm_ceu_chb': 0.0} -67578.46385318441
 
 
x_up: {'t1': 1.73148, 't2': 2.51973, 't3': 95.15226, 'N_anc': 601.25439, 'N_yri': 343.03244, 'N_ooa': 829.0973, 'N_ceu': 343.03244, 'N_chb': 343.03244, 'gr_ceu': 0.00123, 'gr_chb': 0.00123, 'm_yri_ooa': 0.0, 'm_yri_ceu': 1e-05, 'm_yri_chb': 1e-05, 'm_ceu_chb': 0.0} -67576.08363895005
x: {'t1': 1.73148, 't2': 2.51973, 't3': 95.15226, 'N_anc': 464.54865, 'N_yri': 343.03244, 'N_ooa': 829.0973, 'N_ceu': 343.03244, 'N_chb': 343.03244, 'gr_ceu': 0.00123, 'gr_chb': 0.00123, 'm_yri_ooa': 0.0, 'm_yri_ceu': 1e-05, 'm_yri_chb': 1e-05, 'm_ceu_chb': 0.0} -67572.35629453628
x_down: {'t1': 1.73148, 't2': 2.51973, 't3': 95.15226, 'N_anc': 327.84291, 'N_yri': 343.03244, 'N_ooa': 829.0973, 'N_ceu': 343.03244, 'N_chb': 343.03244, 'gr_ceu': 0.00123, 'gr_chb': 0.00123, 'm_yri_ooa': 0.0, 'm_yri_ceu': 1e-05, 'm_yri_chb': 1e-05, 'm_ceu_chb': 0.0} -67588.81026599325
 
 
x_up: {'t1': 1.73148, 't2': 2.51973, 't3': 95.15226, 'N_anc': 464.54865, 'N_yri': 403.79055, 'N_ooa': 829.0973, 'N_ceu': 343.03244, 'N_chb': 343.03244, 'gr_ceu': 0.00123, 'gr_chb': 0.00123, 'm_yri_ooa': 0.0, 'm_yri_ceu': 1e-05, 'm_yri_chb': 1e-05, 'm_ceu_chb': 0.0} -67584.62167926581
x: {'t1': 1.73148, 't2': 2.51973, 't3': 95.15226, 'N_anc': 464.54865, 'N_yri': 343.03244, 'N_ooa': 829.0973, 'N_ceu': 343.03244, 'N_chb': 343.03244, 'gr_ceu': 0.00123, 'gr_chb': 0.00123, 'm_yri_ooa': 0.0, 'm_yri_ceu': 1e-05, 'm_yri_chb': 1e-05, 'm_ceu_chb': 0.0} -67572.35629453628
x_down: {'t1': 1.73148, 't2': 2.51973, 't3': 95.15226, 'N_anc': 464.54865, 'N_yri': 282.27433, 'N_ooa': 829.0973, 'N_ceu': 343.03244, 'N_chb': 343.03244, 'gr_ceu': 0.00123, 'gr_chb': 0.00123, 'm_yri_ooa': 0.0, 'm_yri_ceu': 1e-05, 'm_yri_chb': 1e-05, 'm_ceu_chb': 0.0} -67596.71445237067
 
 
x_up: {'t1': 1.73148, 't2': 2.51973, 't3': 95.15226, 'N_anc': 464.54865, 'N_yri': 343.03244, 'N_ooa': 965.80304, 'N_ceu': 343.03244, 'N_chb': 343.03244, 'gr_ceu': 0.00123, 'gr_chb': 0.00123, 'm_yri_ooa': 0.0, 'm_yri_ceu': 1e-05, 'm_yri_chb': 1e-05, 'm_ceu_chb': 0.0} -67567.98313756997
x: {'t1': 1.73148, 't2': 2.51973, 't3': 95.15226, 'N_anc': 464.54865, 'N_yri': 343.03244, 'N_ooa': 829.0973, 'N_ceu': 343.03244, 'N_chb': 343.03244, 'gr_ceu': 0.00123, 'gr_chb': 0.00123, 'm_yri_ooa': 0.0, 'm_yri_ceu': 1e-05, 'm_yri_chb': 1e-05, 'm_ceu_chb': 0.0} -67572.35629453628
x_down: {'t1': 1.73148, 't2': 2.51973, 't3': 95.15226, 'N_anc': 464.54865, 'N_yri': 343.03244, 'N_ooa': 692.39156, 'N_ceu': 343.03244, 'N_chb': 343.03244, 'gr_ceu': 0.00123, 'gr_chb': 0.00123, 'm_yri_ooa': 0.0, 'm_yri_ceu': 1e-05, 'm_yri_chb': 1e-05, 'm_ceu_chb': 0.0} -67728.10510896519
 
 
x_up: {'t1': 1.73148, 't2': 2.51973, 't3': 95.15226, 'N_anc': 464.54865, 'N_yri': 343.03244, 'N_ooa': 965.80304, 'N_ceu': 403.79055, 'N_chb': 343.03244, 'gr_ceu': 0.00123, 'gr_chb': 0.00123, 'm_yri_ooa': 0.0, 'm_yri_ceu': 1e-05, 'm_yri_chb': 1e-05, 'm_ceu_chb': 0.0} -67586.85068502839
x: {'t1': 1.73148, 't2': 2.51973, 't3': 95.15226, 'N_anc': 464.54865, 'N_yri': 343.03244, 'N_ooa': 965.80304, 'N_ceu': 343.03244, 'N_chb': 343.03244, 'gr_ceu': 0.00123, 'gr_chb': 0.00123, 'm_yri_ooa': 0.0, 'm_yri_ceu': 1e-05, 'm_yri_chb': 1e-05, 'm_ceu_chb': 0.0} -67567.98313756997
x_down: {'t1': 1.73148, 't2': 2.51973, 't3': 95.15226, 'N_anc': 464.54865, 'N_yri': 343.03244, 'N_ooa': 965.80304, 'N_ceu': 282.27433, 'N_chb': 343.03244, 'gr_ceu': 0.00123, 'gr_chb': 0.00123, 'm_yri_ooa': 0.0, 'm_yri_ceu': 1e-05, 'm_yri_chb': 1e-05, 'm_ceu_chb': 0.0} -67572.16859071725
 
 
x_up: {'t1': 1.73148, 't2': 2.51973, 't3': 95.15226, 'N_anc': 464.54865, 'N_yri': 343.03244, 'N_ooa': 965.80304, 'N_ceu': 343.03244, 'N_chb': 403.79055, 'gr_ceu': 0.00123, 'gr_chb': 0.00123, 'm_yri_ooa': 0.0, 'm_yri_ceu': 1e-05, 'm_yri_chb': 1e-05, 'm_ceu_chb': 0.0} -67591.96434323484
x: {'t1': 1.73148, 't2': 2.51973, 't3': 95.15226, 'N_anc': 464.54865, 'N_yri': 343.03244, 'N_ooa': 965.80304, 'N_ceu': 343.03244, 'N_chb': 343.03244, 'gr_ceu': 0.00123, 'gr_chb': 0.00123, 'm_yri_ooa': 0.0, 'm_yri_ceu': 1e-05, 'm_yri_chb': 1e-05, 'm_ceu_chb': 0.0} -67567.98313756997
x_down: {'t1': 1.73148, 't2': 2.51973, 't3': 95.15226, 'N_anc': 464.54865, 'N_yri': 343.03244, 'N_ooa': 965.80304, 'N_ceu': 343.03244, 'N_chb': 282.27433, 'gr_ceu': 0.00123, 'gr_chb': 0.00123, 'm_yri_ooa': 0.0, 'm_yri_ceu': 1e-05, 'm_yri_chb': 1e-05, 'm_ceu_chb': 0.0} -67565.91910937091
 
 
x_up: {'t1': 1.73148, 't2': 2.51973, 't3': 95.15226, 'N_anc': 464.54865, 'N_yri': 343.03244, 'N_ooa': 965.80304, 'N_ceu': 343.03244, 'N_chb': 282.27433, 'gr_ceu': 0.00184, 'gr_chb': 0.00123, 'm_yri_ooa': 0.0, 'm_yri_ceu': 1e-05, 'm_yri_chb': 1e-05, 'm_ceu_chb': 0.0} -67565.90737151093
x: {'t1': 1.73148, 't2': 2.51973, 't3': 95.15226, 'N_anc': 464.54865, 'N_yri': 343.03244, 'N_ooa': 965.80304, 'N_ceu': 343.03244, 'N_chb': 282.27433, 'gr_ceu': 0.00123, 'gr_chb': 0.00123, 'm_yri_ooa': 0.0, 'm_yri_ceu': 1e-05, 'm_yri_chb': 1e-05, 'm_ceu_chb': 0.0} -67565.91910937091
x_down: {'t1': 1.73148, 't2': 2.51973, 't3': 95.15226, 'N_anc': 464.54865, 'N_yri': 343.03244, 'N_ooa': 965.80304, 'N_ceu': 343.03244, 'N_chb': 282.27433, 'gr_ceu': 0.00061, 'gr_chb': 0.00123, 'm_yri_ooa': 0.0, 'm_yri_ceu': 1e-05, 'm_yri_chb': 1e-05, 'm_ceu_chb': 0.0} -67565.93149339988
 
 
x_up: {'t1': 1.73148, 't2': 2.51973, 't3': 95.15226, 'N_anc': 464.54865, 'N_yri': 343.03244, 'N_ooa': 965.80304, 'N_ceu': 343.03244, 'N_chb': 282.27433, 'gr_ceu': 0.00184, 'gr_chb': 0.00184, 'm_yri_ooa': 0.0, 'm_yri_ceu': 1e-05, 'm_yri_chb': 1e-05, 'm_ceu_chb': 0.0} -67565.8833719829
x: {'t1': 1.73148, 't2': 2.51973, 't3': 95.15226, 'N_anc': 464.54865, 'N_yri': 343.03244, 'N_ooa': 965.80304, 'N_ceu': 343.03244, 'N_chb': 282.27433, 'gr_ceu': 0.00184, 'gr_chb': 0.00123, 'm_yri_ooa': 0.0, 'm_yri_ceu': 1e-05, 'm_yri_chb': 1e-05, 'm_ceu_chb': 0.0} -67565.90737151093
x_down: {'t1': 1.73148, 't2': 2.51973, 't3': 95.15226, 'N_anc': 464.54865, 'N_yri': 343.03244, 'N_ooa': 965.80304, 'N_ceu': 343.03244, 'N_chb': 282.27433, 'gr_ceu': 0.00184, 'gr_chb': 0.00061, 'm_yri_ooa': 0.0, 'm_yri_ceu': 1e-05, 'm_yri_chb': 1e-05, 'm_ceu_chb': 0.0} -67565.93232010925
 
 
x_up: {'t1': 1.73148, 't2': 2.51973, 't3': 95.15226, 'N_anc': 464.54865, 'N_yri': 343.03244, 'N_ooa': 965.80304, 'N_ceu': 343.03244, 'N_chb': 282.27433, 'gr_ceu': 0.00184, 'gr_chb': 0.00184, 'm_yri_ooa': 0.0, 'm_yri_ceu': 1e-05, 'm_yri_chb': 1e-05, 'm_ceu_chb': 0.0} -67565.8833719829
x: {'t1': 1.73148, 't2': 2.51973, 't3': 95.15226, 'N_anc': 464.54865, 'N_yri': 343.03244, 'N_ooa': 965.80304, 'N_ceu': 343.03244, 'N_chb': 282.27433, 'gr_ceu': 0.00184, 'gr_chb': 0.00184, 'm_yri_ooa': 0.0, 'm_yri_ceu': 1e-05, 'm_yri_chb': 1e-05, 'm_ceu_chb': 0.0} -67565.8833719829
x_down: {'t1': 1.73148, 't2': 2.51973, 't3': 95.15226, 'N_anc': 464.54865, 'N_yri': 343.03244, 'N_ooa': 965.80304, 'N_ceu': 343.03244, 'N_chb': 282.27433, 'gr_ceu': 0.00184, 'gr_chb': 0.00184, 'm_yri_ooa': 1e-05, 'm_yri_ceu': 1e-05, 'm_yri_chb': 1e-05, 'm_ceu_chb': 0.0} -67565.9951669507
 
 
x_up: {'t1': 1.73148, 't2': 2.51973, 't3': 95.15226, 'N_anc': 464.54865, 'N_yri': 343.03244, 'N_ooa': 965.80304, 'N_ceu': 343.03244, 'N_chb': 282.27433, 'gr_ceu': 0.00184, 'gr_chb': 0.00184, 'm_yri_ooa': 0.0, 'm_yri_ceu': 0.0, 'm_yri_chb': 1e-05, 'm_ceu_chb': 0.0} -67565.88337198284
x: {'t1': 1.73148, 't2': 2.51973, 't3': 95.15226, 'N_anc': 464.54865, 'N_yri': 343.03244, 'N_ooa': 965.80304, 'N_ceu': 343.03244, 'N_chb': 282.27433, 'gr_ceu': 0.00184, 'gr_chb': 0.00184, 'm_yri_ooa': 0.0, 'm_yri_ceu': 1e-05, 'm_yri_chb': 1e-05, 'm_ceu_chb': 0.0} -67565.8833719829
x_down: {'t1': 1.73148, 't2': 2.51973, 't3': 95.15226, 'N_anc': 464.54865, 'N_yri': 343.03244, 'N_ooa': 965.80304, 'N_ceu': 343.03244, 'N_chb': 282.27433, 'gr_ceu': 0.00184, 'gr_chb': 0.00184, 'm_yri_ooa': 0.0, 'm_yri_ceu': 1e-05, 'm_yri_chb': 1e-05, 'm_ceu_chb': 0.0} -67565.8833719829
 
 
x_up: {'t1': 1.73148, 't2': 2.51973, 't3': 95.15226, 'N_anc': 464.54865, 'N_yri': 343.03244, 'N_ooa': 965.80304, 'N_ceu': 343.03244, 'N_chb': 282.27433, 'gr_ceu': 0.00184, 'gr_chb': 0.00184, 'm_yri_ooa': 0.0, 'm_yri_ceu': 0.0, 'm_yri_chb': 0.0, 'm_ceu_chb': 0.0} -67565.88337194228
x: {'t1': 1.73148, 't2': 2.51973, 't3': 95.15226, 'N_anc': 464.54865, 'N_yri': 343.03244, 'N_ooa': 965.80304, 'N_ceu': 343.03244, 'N_chb': 282.27433, 'gr_ceu': 0.00184, 'gr_chb': 0.00184, 'm_yri_ooa': 0.0, 'm_yri_ceu': 0.0, 'm_yri_chb': 1e-05, 'm_ceu_chb': 0.0} -67565.88337198284
x_down: {'t1': 1.73148, 't2': 2.51973, 't3': 95.15226, 'N_anc': 464.54865, 'N_yri': 343.03244, 'N_ooa': 965.80304, 'N_ceu': 343.03244, 'N_chb': 282.27433, 'gr_ceu': 0.00184, 'gr_chb': 0.00184, 'm_yri_ooa': 0.0, 'm_yri_ceu': 0.0, 'm_yri_chb': 1e-05, 'm_ceu_chb': 0.0} -67565.88337198284
 
 
x_up: {'t1': 1.73148, 't2': 2.51973, 't3': 95.15226, 'N_anc': 464.54865, 'N_yri': 343.03244, 'N_ooa': 965.80304, 'N_ceu': 343.03244, 'N_chb': 282.27433, 'gr_ceu': 0.00184, 'gr_chb': 0.00184, 'm_yri_ooa': 0.0, 'm_yri_ceu': 0.0, 'm_yri_chb': 0.0, 'm_ceu_chb': 0.0} -67565.88337194228
x: {'t1': 1.73148, 't2': 2.51973, 't3': 95.15226, 'N_anc': 464.54865, 'N_yri': 343.03244, 'N_ooa': 965.80304, 'N_ceu': 343.03244, 'N_chb': 282.27433, 'gr_ceu': 0.00184, 'gr_chb': 0.00184, 'm_yri_ooa': 0.0, 'm_yri_ceu': 0.0, 'm_yri_chb': 0.0, 'm_ceu_chb': 0.0} -67565.88337194228
x_down: {'t1': 1.73148, 't2': 2.51973, 't3': 95.15226, 'N_anc': 464.54865, 'N_yri': 343.03244, 'N_ooa': 965.80304, 'N_ceu': 343.03244, 'N_chb': 282.27433, 'gr_ceu': 0.00184, 'gr_chb': 0.00184, 'm_yri_ooa': 0.0, 'm_yri_ceu': 0.0, 'm_yri_chb': 0.0, 'm_ceu_chb': 1e-05} -67565.883371984
 
{'t1': 1.73148, 't2': 2.51973, 't3': 95.15226, 'N_anc': 464.54865, 'N_yri': 343.03244, 'N_ooa': 965.80304, 'N_ceu': 343.03244, 'N_chb': 282.27433, 'gr_ceu': 0.00184, 'gr_chb': 0.00184, 'm_yri_ooa': 0.0, 'm_yri_ceu': 0.0, 'm_yri_chb': 0.0, 'm_ceu_chb': 0.0} -67565.88337194228
 
x_up: {'t1': 2.09722, 't2': 2.51973, 't3': 95.15226, 'N_anc': 464.54865, 'N_yri': 343.03244, 'N_ooa': 965.80304, 'N_ceu': 343.03244, 'N_chb': 282.27433, 'gr_ceu': 0.00184, 'gr_chb': 0.00184, 'm_yri_ooa': 0.0, 'm_yri_ceu': 0.0, 'm_yri_chb': 0.0, 'm_ceu_chb': 0.0} -67569.89800657102
x: {'t1': 1.73148, 't2': 2.51973, 't3': 95.15226, 'N_anc': 464.54865, 'N_yri': 343.03244, 'N_ooa': 965.80304, 'N_ceu': 343.03244, 'N_chb': 282.27433, 'gr_ceu': 0.00184, 'gr_chb': 0.00184, 'm_yri_ooa': 0.0, 'm_yri_ceu': 0.0, 'm_yri_chb': 0.0, 'm_ceu_chb': 0.0} -67565.88337194228
x_down: {'t1': 1.36574, 't2': 2.51973, 't3': 95.15226, 'N_anc': 464.54865, 'N_yri': 343.03244, 'N_ooa': 965.80304, 'N_ceu': 343.03244, 'N_chb': 282.27433, 'gr_ceu': 0.00184, 'gr_chb': 0.00184, 'm_yri_ooa': 0.0, 'm_yri_ceu': 0.0, 'm_yri_chb': 0.0, 'm_ceu_chb': 0.0} -67636.85553326759
 
 
x_up: {'t1': 1.73148, 't2': 2.71679, 't3': 95.15226, 'N_anc': 464.54865, 'N_yri': 343.03244, 'N_ooa': 965.80304, 'N_ceu': 343.03244, 'N_chb': 282.27433, 'gr_ceu': 0.00184, 'gr_chb': 0.00184, 'm_yri_ooa': 0.0, 'm_yri_ceu': 0.0, 'm_yri_chb': 0.0, 'm_ceu_chb': 0.0} -67605.24261138169
x: {'t1': 1.73148, 't2': 2.51973, 't3': 95.15226, 'N_anc': 464.54865, 'N_yri': 343.03244, 'N_ooa': 965.80304, 'N_ceu': 343.03244, 'N_chb': 282.27433, 'gr_ceu': 0.00184, 'gr_chb': 0.00184, 'm_yri_ooa': 0.0, 'm_yri_ceu': 0.0, 'm_yri_chb': 0.0, 'm_ceu_chb': 0.0} -67565.88337194228
x_down: {'t1': 1.73148, 't2': 2.32267, 't3': 95.15226, 'N_anc': 464.54865, 'N_yri': 343.03244, 'N_ooa': 965.80304, 'N_ceu': 343.03244, 'N_chb': 282.27433, 'gr_ceu': 0.00184, 'gr_chb': 0.00184, 'm_yri_ooa': 0.0, 'm_yri_ceu': 0.0, 'm_yri_chb': 0.0, 'm_ceu_chb': 0.0} -67558.39104082104
 
 
x_up: {'t1': 1.73148, 't2': 2.32267, 't3': 99.79374, 'N_anc': 464.54865, 'N_yri': 343.03244, 'N_ooa': 965.80304, 'N_ceu': 343.03244, 'N_chb': 282.27433, 'gr_ceu': 0.00184, 'gr_chb': 0.00184, 'm_yri_ooa': 0.0, 'm_yri_ceu': 0.0, 'm_yri_chb': 0.0, 'm_ceu_chb': 0.0} -67561.15238536886
x: {'t1': 1.73148, 't2': 2.32267, 't3': 95.15226, 'N_anc': 464.54865, 'N_yri': 343.03244, 'N_ooa': 965.80304, 'N_ceu': 343.03244, 'N_chb': 282.27433, 'gr_ceu': 0.00184, 'gr_chb': 0.00184, 'm_yri_ooa': 0.0, 'm_yri_ceu': 0.0, 'm_yri_chb': 0.0, 'm_ceu_chb': 0.0} -67558.39104082104
x_down: {'t1': 1.73148, 't2': 2.32267, 't3': 90.51078, 'N_anc': 464.54865, 'N_yri': 343.03244, 'N_ooa': 965.80304, 'N_ceu': 343.03244, 'N_chb': 282.27433, 'gr_ceu': 0.00184, 'gr_chb': 0.00184, 'm_yri_ooa': 0.0, 'm_yri_ceu': 0.0, 'm_yri_chb': 0.0, 'm_ceu_chb': 0.0} -67564.69742293886
 
 
x_up: {'t1': 1.73148, 't2': 2.32267, 't3': 95.15226, 'N_anc': 532.90152, 'N_yri': 343.03244, 'N_ooa': 965.80304, 'N_ceu': 343.03244, 'N_chb': 282.27433, 'gr_ceu': 0.00184, 'gr_chb': 0.00184, 'm_yri_ooa': 0.0, 'm_yri_ceu': 0.0, 'm_yri_chb': 0.0, 'm_ceu_chb': 0.0} -67558.95124675178
x: {'t1': 1.73148, 't2': 2.32267, 't3': 95.15226, 'N_anc': 464.54865, 'N_yri': 343.03244, 'N_ooa': 965.80304, 'N_ceu': 343.03244, 'N_chb': 282.27433, 'gr_ceu': 0.00184, 'gr_chb': 0.00184, 'm_yri_ooa': 0.0, 'm_yri_ceu': 0.0, 'm_yri_chb': 0.0, 'm_ceu_chb': 0.0} -67558.39104082104
x_down: {'t1': 1.73148, 't2': 2.32267, 't3': 95.15226, 'N_anc': 396.19578, 'N_yri': 343.03244, 'N_ooa': 965.80304, 'N_ceu': 343.03244, 'N_chb': 282.27433, 'gr_ceu': 0.00184, 'gr_chb': 0.00184, 'm_yri_ooa': 0.0, 'm_yri_ceu': 0.0, 'm_yri_chb': 0.0, 'm_ceu_chb': 0.0} -67562.4017600302
 
 
x_up: {'t1': 1.73148, 't2': 2.32267, 't3': 95.15226, 'N_anc': 464.54865, 'N_yri': 373.4115, 'N_ooa': 965.80304, 'N_ceu': 343.03244, 'N_chb': 282.27433, 'gr_ceu': 0.00184, 'gr_chb': 0.00184, 'm_yri_ooa': 0.0, 'm_yri_ceu': 0.0, 'm_yri_chb': 0.0, 'm_ceu_chb': 0.0} -67550.46226361448
x: {'t1': 1.73148, 't2': 2.32267, 't3': 95.15226, 'N_anc': 464.54865, 'N_yri': 343.03244, 'N_ooa': 965.80304, 'N_ceu': 343.03244, 'N_chb': 282.27433, 'gr_ceu': 0.00184, 'gr_chb': 0.00184, 'm_yri_ooa': 0.0, 'm_yri_ceu': 0.0, 'm_yri_chb': 0.0, 'm_ceu_chb': 0.0} -67558.39104082104
x_down: {'t1': 1.73148, 't2': 2.32267, 't3': 95.15226, 'N_anc': 464.54865, 'N_yri': 312.65339, 'N_ooa': 965.80304, 'N_ceu': 343.03244, 'N_chb': 282.27433, 'gr_ceu': 0.00184, 'gr_chb': 0.00184, 'm_yri_ooa': 0.0, 'm_yri_ceu': 0.0, 'm_yri_chb': 0.0, 'm_ceu_chb': 0.0} -67566.83349085605
 
 
x_up: {'t1': 1.73148, 't2': 2.32267, 't3': 95.15226, 'N_anc': 464.54865, 'N_yri': 373.4115, 'N_ooa': 1209.31014, 'N_ceu': 343.03244, 'N_chb': 282.27433, 'gr_ceu': 0.00184, 'gr_chb': 0.00184, 'm_yri_ooa': 0.0, 'm_yri_ceu': 0.0, 'm_yri_chb': 0.0, 'm_ceu_chb': 0.0} -67735.62651118347
x: {'t1': 1.73148, 't2': 2.32267, 't3': 95.15226, 'N_anc': 464.54865, 'N_yri': 373.4115, 'N_ooa': 965.80304, 'N_ceu': 343.03244, 'N_chb': 282.27433, 'gr_ceu': 0.00184, 'gr_chb': 0.00184, 'm_yri_ooa': 0.0, 'm_yri_ceu': 0.0, 'm_yri_chb': 0.0, 'm_ceu_chb': 0.0} -67550.46226361448
x_down: {'t1': 1.73148, 't2': 2.32267, 't3': 95.15226, 'N_anc': 464.54865, 'N_yri': 373.4115, 'N_ooa': 722.29593, 'N_ceu': 343.03244, 'N_chb': 282.27433, 'gr_ceu': 0.00184, 'gr_chb': 0.00184, 'm_yri_ooa': 0.0, 'm_yri_ceu': 0.0, 'm_yri_chb': 0.0, 'm_ceu_chb': 0.0} -67672.92038775964
 
 
x_up: {'t1': 1.73148, 't2': 2.32267, 't3': 95.15226, 'N_anc': 464.54865, 'N_yri': 373.4115, 'N_ooa': 965.80304, 'N_ceu': 373.4115, 'N_chb': 282.27433, 'gr_ceu': 0.00184, 'gr_chb': 0.00184, 'm_yri_ooa': 0.0, 'm_yri_ceu': 0.0, 'm_yri_chb': 0.0, 'm_ceu_chb': 0.0} -67553.1006800961
x: {'t1': 1.73148, 't2': 2.32267, 't3': 95.15226, 'N_anc': 464.54865, 'N_yri': 373.4115, 'N_ooa': 965.80304, 'N_ceu': 343.03244, 'N_chb': 282.27433, 'gr_ceu': 0.00184, 'gr_chb': 0.00184, 'm_yri_ooa': 0.0, 'm_yri_ceu': 0.0, 'm_yri_chb': 0.0, 'm_ceu_chb': 0.0} -67550.46226361448
x_down: {'t1': 1.73148, 't2': 2.32267, 't3': 95.15226, 'N_anc': 464.54865, 'N_yri': 373.4115, 'N_ooa': 965.80304, 'N_ceu': 312.65339, 'N_chb': 282.27433, 'gr_ceu': 0.00184, 'gr_chb': 0.00184, 'm_yri_ooa': 0.0, 'm_yri_ceu': 0.0, 'm_yri_chb': 0.0, 'm_ceu_chb': 0.0} -67554.99929075933
 
 
x_up: {'t1': 1.73148, 't2': 2.32267, 't3': 95.15226, 'N_anc': 464.54865, 'N_yri': 373.4115, 'N_ooa': 965.80304, 'N_ceu': 343.03244, 'N_chb': 350.6272, 'gr_ceu': 0.00184, 'gr_chb': 0.00184, 'm_yri_ooa': 0.0, 'm_yri_ceu': 0.0, 'm_yri_chb': 0.0, 'm_ceu_chb': 0.0} -67564.40034487461
x: {'t1': 1.73148, 't2': 2.32267, 't3': 95.15226, 'N_anc': 464.54865, 'N_yri': 373.4115, 'N_ooa': 965.80304, 'N_ceu': 343.03244, 'N_chb': 282.27433, 'gr_ceu': 0.00184, 'gr_chb': 0.00184, 'm_yri_ooa': 0.0, 'm_yri_ceu': 0.0, 'm_yri_chb': 0.0, 'm_ceu_chb': 0.0} -67550.46226361448
x_down: {'t1': 1.73148, 't2': 2.32267, 't3': 95.15226, 'N_anc': 464.54865, 'N_yri': 373.4115, 'N_ooa': 965.80304, 'N_ceu': 343.03244, 'N_chb': 213.92146, 'gr_ceu': 0.00184, 'gr_chb': 0.00184, 'm_yri_ooa': 0.0, 'm_yri_ceu': 0.0, 'm_yri_chb': 0.0, 'm_ceu_chb': 0.0} -67596.3325876781
 
 
x_up: {'t1': 1.73148, 't2': 2.32267, 't3': 95.15226, 'N_anc': 464.54865, 'N_yri': 373.4115, 'N_ooa': 965.80304, 'N_ceu': 343.03244, 'N_chb': 282.27433, 'gr_ceu': 0.00276, 'gr_chb': 0.00184, 'm_yri_ooa': 0.0, 'm_yri_ceu': 0.0, 'm_yri_chb': 0.0, 'm_ceu_chb': 0.0} -67550.49901047257
x: {'t1': 1.73148, 't2': 2.32267, 't3': 95.15226, 'N_anc': 464.54865, 'N_yri': 373.4115, 'N_ooa': 965.80304, 'N_ceu': 343.03244, 'N_chb': 282.27433, 'gr_ceu': 0.00184, 'gr_chb': 0.00184, 'm_yri_ooa': 0.0, 'm_yri_ceu': 0.0, 'm_yri_chb': 0.0, 'm_ceu_chb': 0.0} -67550.46226361448
x_down: {'t1': 1.73148, 't2': 2.32267, 't3': 95.15226, 'N_anc': 464.54865, 'N_yri': 373.4115, 'N_ooa': 965.80304, 'N_ceu': 343.03244, 'N_chb': 282.27433, 'gr_ceu': 0.00092, 'gr_chb': 0.00184, 'm_yri_ooa': 0.0, 'm_yri_ceu': 0.0, 'm_yri_chb': 0.0, 'm_ceu_chb': 0.0} -67550.42645124589
 
 
x_up: {'t1': 1.73148, 't2': 2.32267, 't3': 95.15226, 'N_anc': 464.54865, 'N_yri': 373.4115, 'N_ooa': 965.80304, 'N_ceu': 343.03244, 'N_chb': 282.27433, 'gr_ceu': 0.00092, 'gr_chb': 0.00276, 'm_yri_ooa': 0.0, 'm_yri_ceu': 0.0, 'm_yri_chb': 0.0, 'm_ceu_chb': 0.0} -67550.44058421161
x: {'t1': 1.73148, 't2': 2.32267, 't3': 95.15226, 'N_anc': 464.54865, 'N_yri': 373.4115, 'N_ooa': 965.80304, 'N_ceu': 343.03244, 'N_chb': 282.27433, 'gr_ceu': 0.00092, 'gr_chb': 0.00184, 'm_yri_ooa': 0.0, 'm_yri_ceu': 0.0, 'm_yri_chb': 0.0, 'm_ceu_chb': 0.0} -67550.42645124589
x_down: {'t1': 1.73148, 't2': 2.32267, 't3': 95.15226, 'N_anc': 464.54865, 'N_yri': 373.4115, 'N_ooa': 965.80304, 'N_ceu': 343.03244, 'N_chb': 282.27433, 'gr_ceu': 0.00092, 'gr_chb': 0.00092, 'm_yri_ooa': 0.0, 'm_yri_ceu': 0.0, 'm_yri_chb': 0.0, 'm_ceu_chb': 0.0} -67550.41337196401
 
 
x_up: {'t1': 1.73148, 't2': 2.32267, 't3': 95.15226, 'N_anc': 464.54865, 'N_yri': 373.4115, 'N_ooa': 965.80304, 'N_ceu': 343.03244, 'N_chb': 282.27433, 'gr_ceu': 0.00092, 'gr_chb': 0.00092, 'm_yri_ooa': 0.0, 'm_yri_ceu': 0.0, 'm_yri_chb': 0.0, 'm_ceu_chb': 0.0} -67550.41337196401
x: {'t1': 1.73148, 't2': 2.32267, 't3': 95.15226, 'N_anc': 464.54865, 'N_yri': 373.4115, 'N_ooa': 965.80304, 'N_ceu': 343.03244, 'N_chb': 282.27433, 'gr_ceu': 0.00092, 'gr_chb': 0.00092, 'm_yri_ooa': 0.0, 'm_yri_ceu': 0.0, 'm_yri_chb': 0.0, 'm_ceu_chb': 0.0} -67550.41337196401
x_down: {'t1': 1.73148, 't2': 2.32267, 't3': 95.15226, 'N_anc': 464.54865, 'N_yri': 373.4115, 'N_ooa': 965.80304, 'N_ceu': 343.03244, 'N_chb': 282.27433, 'gr_ceu': 0.00092, 'gr_chb': 0.00092, 'm_yri_ooa': 1e-05, 'm_yri_ceu': 0.0, 'm_yri_chb': 0.0, 'm_ceu_chb': 0.0} -67550.44305341941
 
 
x_up: {'t1': 1.73148, 't2': 2.32267, 't3': 95.15226, 'N_anc': 464.54865, 'N_yri': 373.4115, 'N_ooa': 965.80304, 'N_ceu': 343.03244, 'N_chb': 282.27433, 'gr_ceu': 0.00092, 'gr_chb': 0.00092, 'm_yri_ooa': 0.0, 'm_yri_ceu': 0.0, 'm_yri_chb': 0.0, 'm_ceu_chb': 0.0} -67550.41337196401
x: {'t1': 1.73148, 't2': 2.32267, 't3': 95.15226, 'N_anc': 464.54865, 'N_yri': 373.4115, 'N_ooa': 965.80304, 'N_ceu': 343.03244, 'N_chb': 282.27433, 'gr_ceu': 0.00092, 'gr_chb': 0.00092, 'm_yri_ooa': 0.0, 'm_yri_ceu': 0.0, 'm_yri_chb': 0.0, 'm_ceu_chb': 0.0} -67550.41337196401
x_down: {'t1': 1.73148, 't2': 2.32267, 't3': 95.15226, 'N_anc': 464.54865, 'N_yri': 373.4115, 'N_ooa': 965.80304, 'N_ceu': 343.03244, 'N_chb': 282.27433, 'gr_ceu': 0.00092, 'gr_chb': 0.00092, 'm_yri_ooa': 0.0, 'm_yri_ceu': 1e-05, 'm_yri_chb': 0.0, 'm_ceu_chb': 0.0} -67550.41337194477
 
 
x_up: {'t1': 1.73148, 't2': 2.32267, 't3': 95.15226, 'N_anc': 464.54865, 'N_yri': 373.4115, 'N_ooa': 965.80304, 'N_ceu': 343.03244, 'N_chb': 282.27433, 'gr_ceu': 0.00092, 'gr_chb': 0.00092, 'm_yri_ooa': 0.0, 'm_yri_ceu': 1e-05, 'm_yri_chb': 0.0, 'm_ceu_chb': 0.0} -67550.41337194477
x: {'t1': 1.73148, 't2': 2.32267, 't3': 95.15226, 'N_anc': 464.54865, 'N_yri': 373.4115, 'N_ooa': 965.80304, 'N_ceu': 343.03244, 'N_chb': 282.27433, 'gr_ceu': 0.00092, 'gr_chb': 0.00092, 'm_yri_ooa': 0.0, 'm_yri_ceu': 1e-05, 'm_yri_chb': 0.0, 'm_ceu_chb': 0.0} -67550.41337194477
x_down: {'t1': 1.73148, 't2': 2.32267, 't3': 95.15226, 'N_anc': 464.54865, 'N_yri': 373.4115, 'N_ooa': 965.80304, 'N_ceu': 343.03244, 'N_chb': 282.27433, 'gr_ceu': 0.00092, 'gr_chb': 0.00092, 'm_yri_ooa': 0.0, 'm_yri_ceu': 1e-05, 'm_yri_chb': 1e-05, 'm_ceu_chb': 0.0} -67550.41337194368
 
 
x_up: {'t1': 1.73148, 't2': 2.32267, 't3': 95.15226, 'N_anc': 464.54865, 'N_yri': 373.4115, 'N_ooa': 965.80304, 'N_ceu': 343.03244, 'N_chb': 282.27433, 'gr_ceu': 0.00092, 'gr_chb': 0.00092, 'm_yri_ooa': 0.0, 'm_yri_ceu': 1e-05, 'm_yri_chb': 1e-05, 'm_ceu_chb': 0.0} -67550.41337194368
x: {'t1': 1.73148, 't2': 2.32267, 't3': 95.15226, 'N_anc': 464.54865, 'N_yri': 373.4115, 'N_ooa': 965.80304, 'N_ceu': 343.03244, 'N_chb': 282.27433, 'gr_ceu': 0.00092, 'gr_chb': 0.00092, 'm_yri_ooa': 0.0, 'm_yri_ceu': 1e-05, 'm_yri_chb': 1e-05, 'm_ceu_chb': 0.0} -67550.41337194368
x_down: {'t1': 1.73148, 't2': 2.32267, 't3': 95.15226, 'N_anc': 464.54865, 'N_yri': 373.4115, 'N_ooa': 965.80304, 'N_ceu': 343.03244, 'N_chb': 282.27433, 'gr_ceu': 0.00092, 'gr_chb': 0.00092, 'm_yri_ooa': 0.0, 'm_yri_ceu': 1e-05, 'm_yri_chb': 1e-05, 'm_ceu_chb': 1e-05} -67550.41337194397
 
{'t1': 1.73148, 't2': 2.32267, 't3': 95.15226, 'N_anc': 464.54865, 'N_yri': 373.4115, 'N_ooa': 965.80304, 'N_ceu': 343.03244, 'N_chb': 282.27433, 'gr_ceu': 0.00092, 'gr_chb': 0.00092, 'm_yri_ooa': 0.0, 'm_yri_ceu': 1e-05, 'm_yri_chb': 1e-05, 'm_ceu_chb': 0.0} -67550.41337194368
 
x_up: {'t1': 1.87928, 't2': 2.32267, 't3': 95.15226, 'N_anc': 464.54865, 'N_yri': 373.4115, 'N_ooa': 965.80304, 'N_ceu': 343.03244, 'N_chb': 282.27433, 'gr_ceu': 0.00092, 'gr_chb': 0.00092, 'm_yri_ooa': 0.0, 'm_yri_ceu': 1e-05, 'm_yri_chb': 1e-05, 'm_ceu_chb': 0.0} -67554.60332215574
x: {'t1': 1.73148, 't2': 2.32267, 't3': 95.15226, 'N_anc': 464.54865, 'N_yri': 373.4115, 'N_ooa': 965.80304, 'N_ceu': 343.03244, 'N_chb': 282.27433, 'gr_ceu': 0.00092, 'gr_chb': 0.00092, 'm_yri_ooa': 0.0, 'm_yri_ceu': 1e-05, 'm_yri_chb': 1e-05, 'm_ceu_chb': 0.0} -67550.41337194368
x_down: {'t1': 1.58368, 't2': 2.32267, 't3': 95.15226, 'N_anc': 464.54865, 'N_yri': 373.4115, 'N_ooa': 965.80304, 'N_ceu': 343.03244, 'N_chb': 282.27433, 'gr_ceu': 0.00092, 'gr_chb': 0.00092, 'm_yri_ooa': 0.0, 'm_yri_ceu': 1e-05, 'm_yri_chb': 1e-05, 'm_ceu_chb': 0.0} -67570.95569518408
 
 
x_up: {'t1': 1.73148, 't2': 2.54437, 't3': 95.15226, 'N_anc': 464.54865, 'N_yri': 373.4115, 'N_ooa': 965.80304, 'N_ceu': 343.03244, 'N_chb': 282.27433, 'gr_ceu': 0.00092, 'gr_chb': 0.00092, 'm_yri_ooa': 0.0, 'm_yri_ceu': 1e-05, 'm_yri_chb': 1e-05, 'm_ceu_chb': 0.0} -67577.61002505447
x: {'t1': 1.73148, 't2': 2.32267, 't3': 95.15226, 'N_anc': 464.54865, 'N_yri': 373.4115, 'N_ooa': 965.80304, 'N_ceu': 343.03244, 'N_chb': 282.27433, 'gr_ceu': 0.00092, 'gr_chb': 0.00092, 'm_yri_ooa': 0.0, 'm_yri_ceu': 1e-05, 'm_yri_chb': 1e-05, 'm_ceu_chb': 0.0} -67550.41337194368
x_down: {'t1': 1.73148, 't2': 2.10097, 't3': 95.15226, 'N_anc': 464.54865, 'N_yri': 373.4115, 'N_ooa': 965.80304, 'N_ceu': 343.03244, 'N_chb': 282.27433, 'gr_ceu': 0.00092, 'gr_chb': 0.00092, 'm_yri_ooa': 0.0, 'm_yri_ceu': 1e-05, 'm_yri_chb': 1e-05, 'm_ceu_chb': 0.0} -67587.1549731067
 
 
x_up: {'t1': 1.73148, 't2': 2.32267, 't3': 99.79374, 'N_anc': 464.54865, 'N_yri': 373.4115, 'N_ooa': 965.80304, 'N_ceu': 343.03244, 'N_chb': 282.27433, 'gr_ceu': 0.00092, 'gr_chb': 0.00092, 'm_yri_ooa': 0.0, 'm_yri_ceu': 1e-05, 'm_yri_chb': 1e-05, 'm_ceu_chb': 0.0} -67553.1747164915
x: {'t1': 1.73148, 't2': 2.32267, 't3': 95.15226, 'N_anc': 464.54865, 'N_yri': 373.4115, 'N_ooa': 965.80304, 'N_ceu': 343.03244, 'N_chb': 282.27433, 'gr_ceu': 0.00092, 'gr_chb': 0.00092, 'm_yri_ooa': 0.0, 'm_yri_ceu': 1e-05, 'm_yri_chb': 1e-05, 'm_ceu_chb': 0.0} -67550.41337194368
x_down: {'t1': 1.73148, 't2': 2.32267, 't3': 90.51078, 'N_anc': 464.54865, 'N_yri': 373.4115, 'N_ooa': 965.80304, 'N_ceu': 343.03244, 'N_chb': 282.27433, 'gr_ceu': 0.00092, 'gr_chb': 0.00092, 'm_yri_ooa': 0.0, 'm_yri_ceu': 1e-05, 'm_yri_chb': 1e-05, 'm_ceu_chb': 0.0} -67556.7197540615
 
 
x_up: {'t1': 1.73148, 't2': 2.32267, 't3': 95.15226, 'N_anc': 498.72509, 'N_yri': 373.4115, 'N_ooa': 965.80304, 'N_ceu': 343.03244, 'N_chb': 282.27433, 'gr_ceu': 0.00092, 'gr_chb': 0.00092, 'm_yri_ooa': 0.0, 'm_yri_ceu': 1e-05, 'm_yri_chb': 1e-05, 'm_ceu_chb': 0.0} -67550.27324640233
x: {'t1': 1.73148, 't2': 2.32267, 't3': 95.15226, 'N_anc': 464.54865, 'N_yri': 373.4115, 'N_ooa': 965.80304, 'N_ceu': 343.03244, 'N_chb': 282.27433, 'gr_ceu': 0.00092, 'gr_chb': 0.00092, 'm_yri_ooa': 0.0, 'm_yri_ceu': 1e-05, 'm_yri_chb': 1e-05, 'm_ceu_chb': 0.0} -67550.41337194368
x_down: {'t1': 1.73148, 't2': 2.32267, 't3': 95.15226, 'N_anc': 430.37221, 'N_yri': 373.4115, 'N_ooa': 965.80304, 'N_ceu': 343.03244, 'N_chb': 282.27433, 'gr_ceu': 0.00092, 'gr_chb': 0.00092, 'm_yri_ooa': 0.0, 'm_yri_ceu': 1e-05, 'm_yri_chb': 1e-05, 'm_ceu_chb': 0.0} -67551.66923618212
 
 
x_up: {'t1': 1.73148, 't2': 2.32267, 't3': 95.15226, 'N_anc': 498.72509, 'N_yri': 424.67616, 'N_ooa': 965.80304, 'N_ceu': 343.03244, 'N_chb': 282.27433, 'gr_ceu': 0.00092, 'gr_chb': 0.00092, 'm_yri_ooa': 0.0, 'm_yri_ceu': 1e-05, 'm_yri_chb': 1e-05, 'm_ceu_chb': 0.0} -67567.5774649191
x: {'t1': 1.73148, 't2': 2.32267, 't3': 95.15226, 'N_anc': 498.72509, 'N_yri': 373.4115, 'N_ooa': 965.80304, 'N_ceu': 343.03244, 'N_chb': 282.27433, 'gr_ceu': 0.00092, 'gr_chb': 0.00092, 'm_yri_ooa': 0.0, 'm_yri_ceu': 1e-05, 'm_yri_chb': 1e-05, 'm_ceu_chb': 0.0} -67550.27324640233
x_down: {'t1': 1.73148, 't2': 2.32267, 't3': 95.15226, 'N_anc': 498.72509, 'N_yri': 322.14684, 'N_ooa': 965.80304, 'N_ceu': 343.03244, 'N_chb': 282.27433, 'gr_ceu': 0.00092, 'gr_chb': 0.00092, 'm_yri_ooa': 0.0, 'm_yri_ceu': 1e-05, 'm_yri_chb': 1e-05, 'm_ceu_chb': 0.0} -67561.60648711213
 
 
x_up: {'t1': 1.73148, 't2': 2.32267, 't3': 95.15226, 'N_anc': 498.72509, 'N_yri': 373.4115, 'N_ooa': 1087.55659, 'N_ceu': 343.03244, 'N_chb': 282.27433, 'gr_ceu': 0.00092, 'gr_chb': 0.00092, 'm_yri_ooa': 0.0, 'm_yri_ceu': 1e-05, 'm_yri_chb': 1e-05, 'm_ceu_chb': 0.0} -67627.84220706898
x: {'t1': 1.73148, 't2': 2.32267, 't3': 95.15226, 'N_anc': 498.72509, 'N_yri': 373.4115, 'N_ooa': 965.80304, 'N_ceu': 343.03244, 'N_chb': 282.27433, 'gr_ceu': 0.00092, 'gr_chb': 0.00092, 'm_yri_ooa': 0.0, 'm_yri_ceu': 1e-05, 'm_yri_chb': 1e-05, 'm_ceu_chb': 0.0} -67550.27324640233
x_down: {'t1': 1.73148, 't2': 2.32267, 't3': 95.15226, 'N_anc': 498.72509, 'N_yri': 373.4115, 'N_ooa': 844.04949, 'N_ceu': 343.03244, 'N_chb': 282.27433, 'gr_ceu': 0.00092, 'gr_chb': 0.00092, 'm_yri_ooa': 0.0, 'm_yri_ceu': 1e-05, 'm_yri_chb': 1e-05, 'm_ceu_chb': 0.0} -67551.17231093535
 
 
x_up: {'t1': 1.73148, 't2': 2.32267, 't3': 95.15226, 'N_anc': 498.72509, 'N_yri': 373.4115, 'N_ooa': 965.80304, 'N_ceu': 358.22197, 'N_chb': 282.27433, 'gr_ceu': 0.00092, 'gr_chb': 0.00092, 'm_yri_ooa': 0.0, 'm_yri_ceu': 1e-05, 'm_yri_chb': 1e-05, 'm_ceu_chb': 0.0} -67550.72645937858
x: {'t1': 1.73148, 't2': 2.32267, 't3': 95.15226, 'N_anc': 498.72509, 'N_yri': 373.4115, 'N_ooa': 965.80304, 'N_ceu': 343.03244, 'N_chb': 282.27433, 'gr_ceu': 0.00092, 'gr_chb': 0.00092, 'm_yri_ooa': 0.0, 'm_yri_ceu': 1e-05, 'm_yri_chb': 1e-05, 'm_ceu_chb': 0.0} -67550.27324640233
x_down: {'t1': 1.73148, 't2': 2.32267, 't3': 95.15226, 'N_anc': 498.72509, 'N_yri': 373.4115, 'N_ooa': 965.80304, 'N_ceu': 327.84291, 'N_chb': 282.27433, 'gr_ceu': 0.00092, 'gr_chb': 0.00092, 'm_yri_ooa': 0.0, 'm_yri_ceu': 1e-05, 'm_yri_chb': 1e-05, 'm_ceu_chb': 0.0} -67551.6221750404
 
 
x_up: {'t1': 1.73148, 't2': 2.32267, 't3': 95.15226, 'N_anc': 498.72509, 'N_yri': 373.4115, 'N_ooa': 965.80304, 'N_ceu': 343.03244, 'N_chb': 316.45077, 'gr_ceu': 0.00092, 'gr_chb': 0.00092, 'm_yri_ooa': 0.0, 'm_yri_ceu': 1e-05, 'm_yri_chb': 1e-05, 'm_ceu_chb': 0.0} -67552.74290891533
x: {'t1': 1.73148, 't2': 2.32267, 't3': 95.15226, 'N_anc': 498.72509, 'N_yri': 373.4115, 'N_ooa': 965.80304, 'N_ceu': 343.03244, 'N_chb': 282.27433, 'gr_ceu': 0.00092, 'gr_chb': 0.00092, 'm_yri_ooa': 0.0, 'm_yri_ceu': 1e-05, 'm_yri_chb': 1e-05, 'm_ceu_chb': 0.0} -67550.27324640233
x_down: {'t1': 1.73148, 't2': 2.32267, 't3': 95.15226, 'N_anc': 498.72509, 'N_yri': 373.4115, 'N_ooa': 965.80304, 'N_ceu': 343.03244, 'N_chb': 248.09789, 'gr_ceu': 0.00092, 'gr_chb': 0.00092, 'm_yri_ooa': 0.0, 'm_yri_ceu': 1e-05, 'm_yri_chb': 1e-05, 'm_ceu_chb': 0.0} -67561.23894658529
 
 
x_up: {'t1': 1.73148, 't2': 2.32267, 't3': 95.15226, 'N_anc': 498.72509, 'N_yri': 373.4115, 'N_ooa': 965.80304, 'N_ceu': 343.03244, 'N_chb': 282.27433, 'gr_ceu': 0.00138, 'gr_chb': 0.00092, 'm_yri_ooa': 0.0, 'm_yri_ceu': 1e-05, 'm_yri_chb': 1e-05, 'm_ceu_chb': 0.0} -67550.29071371182
x: {'t1': 1.73148, 't2': 2.32267, 't3': 95.15226, 'N_anc': 498.72509, 'N_yri': 373.4115, 'N_ooa': 965.80304, 'N_ceu': 343.03244, 'N_chb': 282.27433, 'gr_ceu': 0.00092, 'gr_chb': 0.00092, 'm_yri_ooa': 0.0, 'm_yri_ceu': 1e-05, 'm_yri_chb': 1e-05, 'm_ceu_chb': 0.0} -67550.27324640233
x_down: {'t1': 1.73148, 't2': 2.32267, 't3': 95.15226, 'N_anc': 498.72509, 'N_yri': 373.4115, 'N_ooa': 965.80304, 'N_ceu': 343.03244, 'N_chb': 282.27433, 'gr_ceu': 0.00046, 'gr_chb': 0.00092, 'm_yri_ooa': 0.0, 'm_yri_ceu': 1e-05, 'm_yri_chb': 1e-05, 'm_ceu_chb': 0.0} -67550.25601300044
 
 
x_up: {'t1': 1.73148, 't2': 2.32267, 't3': 95.15226, 'N_anc': 498.72509, 'N_yri': 373.4115, 'N_ooa': 965.80304, 'N_ceu': 343.03244, 'N_chb': 282.27433, 'gr_ceu': 0.00046, 'gr_chb': 0.00138, 'm_yri_ooa': 0.0, 'm_yri_ceu': 1e-05, 'm_yri_chb': 1e-05, 'm_ceu_chb': 0.0} -67550.26225980079
x: {'t1': 1.73148, 't2': 2.32267, 't3': 95.15226, 'N_anc': 498.72509, 'N_yri': 373.4115, 'N_ooa': 965.80304, 'N_ceu': 343.03244, 'N_chb': 282.27433, 'gr_ceu': 0.00046, 'gr_chb': 0.00092, 'm_yri_ooa': 0.0, 'm_yri_ceu': 1e-05, 'm_yri_chb': 1e-05, 'm_ceu_chb': 0.0} -67550.25601300044
x_down: {'t1': 1.73148, 't2': 2.32267, 't3': 95.15226, 'N_anc': 498.72509, 'N_yri': 373.4115, 'N_ooa': 965.80304, 'N_ceu': 343.03244, 'N_chb': 282.27433, 'gr_ceu': 0.00046, 'gr_chb': 0.00046, 'm_yri_ooa': 0.0, 'm_yri_ceu': 1e-05, 'm_yri_chb': 1e-05, 'm_ceu_chb': 0.0} -67550.25002960354
 
 
x_up: {'t1': 1.73148, 't2': 2.32267, 't3': 95.15226, 'N_anc': 498.72509, 'N_yri': 373.4115, 'N_ooa': 965.80304, 'N_ceu': 343.03244, 'N_chb': 282.27433, 'gr_ceu': 0.00046, 'gr_chb': 0.00046, 'm_yri_ooa': 0.0, 'm_yri_ceu': 1e-05, 'm_yri_chb': 1e-05, 'm_ceu_chb': 0.0} -67550.25002960354
x: {'t1': 1.73148, 't2': 2.32267, 't3': 95.15226, 'N_anc': 498.72509, 'N_yri': 373.4115, 'N_ooa': 965.80304, 'N_ceu': 343.03244, 'N_chb': 282.27433, 'gr_ceu': 0.00046, 'gr_chb': 0.00046, 'm_yri_ooa': 0.0, 'm_yri_ceu': 1e-05, 'm_yri_chb': 1e-05, 'm_ceu_chb': 0.0} -67550.25002960354
x_down: {'t1': 1.73148, 't2': 2.32267, 't3': 95.15226, 'N_anc': 498.72509, 'N_yri': 373.4115, 'N_ooa': 965.80304, 'N_ceu': 343.03244, 'N_chb': 282.27433, 'gr_ceu': 0.00046, 'gr_chb': 0.00046, 'm_yri_ooa': 1e-05, 'm_yri_ceu': 1e-05, 'm_yri_chb': 1e-05, 'm_ceu_chb': 0.0} -67550.27912637065
 
 
x_up: {'t1': 1.73148, 't2': 2.32267, 't3': 95.15226, 'N_anc': 498.72509, 'N_yri': 373.4115, 'N_ooa': 965.80304, 'N_ceu': 343.03244, 'N_chb': 282.27433, 'gr_ceu': 0.00046, 'gr_chb': 0.00046, 'm_yri_ooa': 0.0, 'm_yri_ceu': 0.0, 'm_yri_chb': 1e-05, 'm_ceu_chb': 0.0} -67550.25002960423
x: {'t1': 1.73148, 't2': 2.32267, 't3': 95.15226, 'N_anc': 498.72509, 'N_yri': 373.4115, 'N_ooa': 965.80304, 'N_ceu': 343.03244, 'N_chb': 282.27433, 'gr_ceu': 0.00046, 'gr_chb': 0.00046, 'm_yri_ooa': 0.0, 'm_yri_ceu': 1e-05, 'm_yri_chb': 1e-05, 'm_ceu_chb': 0.0} -67550.25002960354
x_down: {'t1': 1.73148, 't2': 2.32267, 't3': 95.15226, 'N_anc': 498.72509, 'N_yri': 373.4115, 'N_ooa': 965.80304, 'N_ceu': 343.03244, 'N_chb': 282.27433, 'gr_ceu': 0.00046, 'gr_chb': 0.00046, 'm_yri_ooa': 0.0, 'm_yri_ceu': 1e-05, 'm_yri_chb': 1e-05, 'm_ceu_chb': 0.0} -67550.25002960354
 
 
x_up: {'t1': 1.73148, 't2': 2.32267, 't3': 95.15226, 'N_anc': 498.72509, 'N_yri': 373.4115, 'N_ooa': 965.80304, 'N_ceu': 343.03244, 'N_chb': 282.27433, 'gr_ceu': 0.00046, 'gr_chb': 0.00046, 'm_yri_ooa': 0.0, 'm_yri_ceu': 1e-05, 'm_yri_chb': 0.0, 'm_ceu_chb': 0.0} -67550.25002960456
x: {'t1': 1.73148, 't2': 2.32267, 't3': 95.15226, 'N_anc': 498.72509, 'N_yri': 373.4115, 'N_ooa': 965.80304, 'N_ceu': 343.03244, 'N_chb': 282.27433, 'gr_ceu': 0.00046, 'gr_chb': 0.00046, 'm_yri_ooa': 0.0, 'm_yri_ceu': 1e-05, 'm_yri_chb': 1e-05, 'm_ceu_chb': 0.0} -67550.25002960354
x_down: {'t1': 1.73148, 't2': 2.32267, 't3': 95.15226, 'N_anc': 498.72509, 'N_yri': 373.4115, 'N_ooa': 965.80304, 'N_ceu': 343.03244, 'N_chb': 282.27433, 'gr_ceu': 0.00046, 'gr_chb': 0.00046, 'm_yri_ooa': 0.0, 'm_yri_ceu': 1e-05, 'm_yri_chb': 1e-05, 'm_ceu_chb': 0.0} -67550.25002960354
 
 
x_up: {'t1': 1.73148, 't2': 2.32267, 't3': 95.15226, 'N_anc': 498.72509, 'N_yri': 373.4115, 'N_ooa': 965.80304, 'N_ceu': 343.03244, 'N_chb': 282.27433, 'gr_ceu': 0.00046, 'gr_chb': 0.00046, 'm_yri_ooa': 0.0, 'm_yri_ceu': 1e-05, 'm_yri_chb': 1e-05, 'm_ceu_chb': 0.0} -67550.25002960354
x: {'t1': 1.73148, 't2': 2.32267, 't3': 95.15226, 'N_anc': 498.72509, 'N_yri': 373.4115, 'N_ooa': 965.80304, 'N_ceu': 343.03244, 'N_chb': 282.27433, 'gr_ceu': 0.00046, 'gr_chb': 0.00046, 'm_yri_ooa': 0.0, 'm_yri_ceu': 1e-05, 'm_yri_chb': 1e-05, 'm_ceu_chb': 0.0} -67550.25002960354
x_down: {'t1': 1.73148, 't2': 2.32267, 't3': 95.15226, 'N_anc': 498.72509, 'N_yri': 373.4115, 'N_ooa': 965.80304, 'N_ceu': 343.03244, 'N_chb': 282.27433, 'gr_ceu': 0.00046, 'gr_chb': 0.00046, 'm_yri_ooa': 0.0, 'm_yri_ceu': 1e-05, 'm_yri_chb': 1e-05, 'm_ceu_chb': 1e-05} -67550.250029604
 
{'t1': 1.73148, 't2': 2.32267, 't3': 95.15226, 'N_anc': 498.72509, 'N_yri': 373.4115, 'N_ooa': 965.80304, 'N_ceu': 343.03244, 'N_chb': 282.27433, 'gr_ceu': 0.00046, 'gr_chb': 0.00046, 'm_yri_ooa': 0.0, 'm_yri_ceu': 1e-05, 'm_yri_chb': 1e-05, 'm_ceu_chb': 0.0} -67550.25002960354
 
x_up: {'t1': 1.80538, 't2': 2.32267, 't3': 95.15226, 'N_anc': 498.72509, 'N_yri': 373.4115, 'N_ooa': 965.80304, 'N_ceu': 343.03244, 'N_chb': 282.27433, 'gr_ceu': 0.00046, 'gr_chb': 0.00046, 'm_yri_ooa': 0.0, 'm_yri_ceu': 1e-05, 'm_yri_chb': 1e-05, 'm_ceu_chb': 0.0} -67549.78610861482
x: {'t1': 1.73148, 't2': 2.32267, 't3': 95.15226, 'N_anc': 498.72509, 'N_yri': 373.4115, 'N_ooa': 965.80304, 'N_ceu': 343.03244, 'N_chb': 282.27433, 'gr_ceu': 0.00046, 'gr_chb': 0.00046, 'm_yri_ooa': 0.0, 'm_yri_ceu': 1e-05, 'm_yri_chb': 1e-05, 'm_ceu_chb': 0.0} -67550.25002960354
x_down: {'t1': 1.65758, 't2': 2.32267, 't3': 95.15226, 'N_anc': 498.72509, 'N_yri': 373.4115, 'N_ooa': 965.80304, 'N_ceu': 343.03244, 'N_chb': 282.27433, 'gr_ceu': 0.00046, 'gr_chb': 0.00046, 'm_yri_ooa': 0.0, 'm_yri_ceu': 1e-05, 'm_yri_chb': 1e-05, 'm_ceu_chb': 0.0} -67562.5814620137
 
 
x_up: {'t1': 1.80538, 't2': 2.41966, 't3': 95.15226, 'N_anc': 498.72509, 'N_yri': 373.4115, 'N_ooa': 965.80304, 'N_ceu': 343.03244, 'N_chb': 282.27433, 'gr_ceu': 0.00046, 'gr_chb': 0.00046, 'm_yri_ooa': 0.0, 'm_yri_ceu': 1e-05, 'm_yri_chb': 1e-05, 'm_ceu_chb': 0.0} -67568.85222410422
x: {'t1': 1.80538, 't2': 2.32267, 't3': 95.15226, 'N_anc': 498.72509, 'N_yri': 373.4115, 'N_ooa': 965.80304, 'N_ceu': 343.03244, 'N_chb': 282.27433, 'gr_ceu': 0.00046, 'gr_chb': 0.00046, 'm_yri_ooa': 0.0, 'm_yri_ceu': 1e-05, 'm_yri_chb': 1e-05, 'm_ceu_chb': 0.0} -67549.78610861482
x_down: {'t1': 1.80538, 't2': 2.22568, 't3': 95.15226, 'N_anc': 498.72509, 'N_yri': 373.4115, 'N_ooa': 965.80304, 'N_ceu': 343.03244, 'N_chb': 282.27433, 'gr_ceu': 0.00046, 'gr_chb': 0.00046, 'm_yri_ooa': 0.0, 'm_yri_ceu': 1e-05, 'm_yri_chb': 1e-05, 'm_ceu_chb': 0.0} -67566.53449698162
 
 
x_up: {'t1': 1.80538, 't2': 2.32267, 't3': 99.79374, 'N_anc': 498.72509, 'N_yri': 373.4115, 'N_ooa': 965.80304, 'N_ceu': 343.03244, 'N_chb': 282.27433, 'gr_ceu': 0.00046, 'gr_chb': 0.00046, 'm_yri_ooa': 0.0, 'm_yri_ceu': 1e-05, 'm_yri_chb': 1e-05, 'm_ceu_chb': 0.0} -67552.59322732873
x: {'t1': 1.80538, 't2': 2.32267, 't3': 95.15226, 'N_anc': 498.72509, 'N_yri': 373.4115, 'N_ooa': 965.80304, 'N_ceu': 343.03244, 'N_chb': 282.27433, 'gr_ceu': 0.00046, 'gr_chb': 0.00046, 'm_yri_ooa': 0.0, 'm_yri_ceu': 1e-05, 'm_yri_chb': 1e-05, 'm_ceu_chb': 0.0} -67549.78610861482
x_down: {'t1': 1.80538, 't2': 2.32267, 't3': 90.51078, 'N_anc': 498.72509, 'N_yri': 373.4115, 'N_ooa': 965.80304, 'N_ceu': 343.03244, 'N_chb': 282.27433, 'gr_ceu': 0.00046, 'gr_chb': 0.00046, 'm_yri_ooa': 0.0, 'm_yri_ceu': 1e-05, 'm_yri_chb': 1e-05, 'm_ceu_chb': 0.0} -67555.13157240792
 
 
x_up: {'t1': 1.80538, 't2': 2.32267, 't3': 95.15226, 'N_anc': 554.79581, 'N_yri': 373.4115, 'N_ooa': 965.80304, 'N_ceu': 343.03244, 'N_chb': 282.27433, 'gr_ceu': 0.00046, 'gr_chb': 0.00046, 'm_yri_ooa': 0.0, 'm_yri_ceu': 1e-05, 'm_yri_chb': 1e-05, 'm_ceu_chb': 0.0} -67551.281178599
x: {'t1': 1.80538, 't2': 2.32267, 't3': 95.15226, 'N_anc': 498.72509, 'N_yri': 373.4115, 'N_ooa': 965.80304, 'N_ceu': 343.03244, 'N_chb': 282.27433, 'gr_ceu': 0.00046, 'gr_chb': 0.00046, 'm_yri_ooa': 0.0, 'm_yri_ceu': 1e-05, 'm_yri_chb': 1e-05, 'm_ceu_chb': 0.0} -67549.78610861482
x_down: {'t1': 1.80538, 't2': 2.32267, 't3': 95.15226, 'N_anc': 442.65437, 'N_yri': 373.4115, 'N_ooa': 965.80304, 'N_ceu': 343.03244, 'N_chb': 282.27433, 'gr_ceu': 0.00046, 'gr_chb': 0.00046, 'm_yri_ooa': 0.0, 'm_yri_ceu': 1e-05, 'm_yri_chb': 1e-05, 'm_ceu_chb': 0.0} -67550.58102115466
 
 
x_up: {'t1': 1.80538, 't2': 2.32267, 't3': 95.15226, 'N_anc': 498.72509, 'N_yri': 399.04383, 'N_ooa': 965.80304, 'N_ceu': 343.03244, 'N_chb': 282.27433, 'gr_ceu': 0.00046, 'gr_chb': 0.00046, 'm_yri_ooa': 0.0, 'm_yri_ceu': 1e-05, 'm_yri_chb': 1e-05, 'm_ceu_chb': 0.0} -67558.13229270776
x: {'t1': 1.80538, 't2': 2.32267, 't3': 95.15226, 'N_anc': 498.72509, 'N_yri': 373.4115, 'N_ooa': 965.80304, 'N_ceu': 343.03244, 'N_chb': 282.27433, 'gr_ceu': 0.00046, 'gr_chb': 0.00046, 'm_yri_ooa': 0.0, 'm_yri_ceu': 1e-05, 'm_yri_chb': 1e-05, 'm_ceu_chb': 0.0} -67549.78610861482
x_down: {'t1': 1.80538, 't2': 2.32267, 't3': 95.15226, 'N_anc': 498.72509, 'N_yri': 347.77917, 'N_ooa': 965.80304, 'N_ceu': 343.03244, 'N_chb': 282.27433, 'gr_ceu': 0.00046, 'gr_chb': 0.00046, 'm_yri_ooa': 0.0, 'm_yri_ceu': 1e-05, 'm_yri_chb': 1e-05, 'm_ceu_chb': 0.0} -67553.62370358192
 
 
x_up: {'t1': 1.80538, 't2': 2.32267, 't3': 95.15226, 'N_anc': 498.72509, 'N_yri': 373.4115, 'N_ooa': 1026.67982, 'N_ceu': 343.03244, 'N_chb': 282.27433, 'gr_ceu': 0.00046, 'gr_chb': 0.00046, 'm_yri_ooa': 0.0, 'm_yri_ceu': 1e-05, 'm_yri_chb': 1e-05, 'm_ceu_chb': 0.0} -67580.68690442674
x: {'t1': 1.80538, 't2': 2.32267, 't3': 95.15226, 'N_anc': 498.72509, 'N_yri': 373.4115, 'N_ooa': 965.80304, 'N_ceu': 343.03244, 'N_chb': 282.27433, 'gr_ceu': 0.00046, 'gr_chb': 0.00046, 'm_yri_ooa': 0.0, 'm_yri_ceu': 1e-05, 'm_yri_chb': 1e-05, 'm_ceu_chb': 0.0} -67549.78610861482
x_down: {'t1': 1.80538, 't2': 2.32267, 't3': 95.15226, 'N_anc': 498.72509, 'N_yri': 373.4115, 'N_ooa': 904.92626, 'N_ceu': 343.03244, 'N_chb': 282.27433, 'gr_ceu': 0.00046, 'gr_chb': 0.00046, 'm_yri_ooa': 0.0, 'm_yri_ceu': 1e-05, 'm_yri_chb': 1e-05, 'm_ceu_chb': 0.0} -67542.92689891918
 
 
x_up: {'t1': 1.80538, 't2': 2.32267, 't3': 95.15226, 'N_anc': 498.72509, 'N_yri': 373.4115, 'N_ooa': 904.92626, 'N_ceu': 355.18406, 'N_chb': 282.27433, 'gr_ceu': 0.00046, 'gr_chb': 0.00046, 'm_yri_ooa': 0.0, 'm_yri_ceu': 1e-05, 'm_yri_chb': 1e-05, 'm_ceu_chb': 0.0} -67543.1697946235
x: {'t1': 1.80538, 't2': 2.32267, 't3': 95.15226, 'N_anc': 498.72509, 'N_yri': 373.4115, 'N_ooa': 904.92626, 'N_ceu': 343.03244, 'N_chb': 282.27433, 'gr_ceu': 0.00046, 'gr_chb': 0.00046, 'm_yri_ooa': 0.0, 'm_yri_ceu': 1e-05, 'm_yri_chb': 1e-05, 'm_ceu_chb': 0.0} -67542.92689891918
x_down: {'t1': 1.80538, 't2': 2.32267, 't3': 95.15226, 'N_anc': 498.72509, 'N_yri': 373.4115, 'N_ooa': 904.92626, 'N_ceu': 330.88082, 'N_chb': 282.27433, 'gr_ceu': 0.00046, 'gr_chb': 0.00046, 'm_yri_ooa': 0.0, 'm_yri_ceu': 1e-05, 'm_yri_chb': 1e-05, 'm_ceu_chb': 0.0} -67543.78998246681
 
 
x_up: {'t1': 1.80538, 't2': 2.32267, 't3': 95.15226, 'N_anc': 498.72509, 'N_yri': 373.4115, 'N_ooa': 904.92626, 'N_ceu': 343.03244, 'N_chb': 299.36255, 'gr_ceu': 0.00046, 'gr_chb': 0.00046, 'm_yri_ooa': 0.0, 'm_yri_ceu': 1e-05, 'm_yri_chb': 1e-05, 'm_ceu_chb': 0.0} -67541.76591455241
x: {'t1': 1.80538, 't2': 2.32267, 't3': 95.15226, 'N_anc': 498.72509, 'N_yri': 373.4115, 'N_ooa': 904.92626, 'N_ceu': 343.03244, 'N_chb': 282.27433, 'gr_ceu': 0.00046, 'gr_chb': 0.00046, 'm_yri_ooa': 0.0, 'm_yri_ceu': 1e-05, 'm_yri_chb': 1e-05, 'm_ceu_chb': 0.0} -67542.92689891918
x_down: {'t1': 1.80538, 't2': 2.32267, 't3': 95.15226, 'N_anc': 498.72509, 'N_yri': 373.4115, 'N_ooa': 904.92626, 'N_ceu': 343.03244, 'N_chb': 265.18611, 'gr_ceu': 0.00046, 'gr_chb': 0.00046, 'm_yri_ooa': 0.0, 'm_yri_ceu': 1e-05, 'm_yri_chb': 1e-05, 'm_ceu_chb': 0.0} -67547.02765278376
 
 
x_up: {'t1': 1.80538, 't2': 2.32267, 't3': 95.15226, 'N_anc': 498.72509, 'N_yri': 373.4115, 'N_ooa': 904.92626, 'N_ceu': 343.03244, 'N_chb': 299.36255, 'gr_ceu': 0.00069, 'gr_chb': 0.00046, 'm_yri_ooa': 0.0, 'm_yri_ceu': 1e-05, 'm_yri_chb': 1e-05, 'm_ceu_chb': 0.0} -67541.78578576577
x: {'t1': 1.80538, 't2': 2.32267, 't3': 95.15226, 'N_anc': 498.72509, 'N_yri': 373.4115, 'N_ooa': 904.92626, 'N_ceu': 343.03244, 'N_chb': 299.36255, 'gr_ceu': 0.00046, 'gr_chb': 0.00046, 'm_yri_ooa': 0.0, 'm_yri_ceu': 1e-05, 'm_yri_chb': 1e-05, 'm_ceu_chb': 0.0} -67541.76591455241
x_down: {'t1': 1.80538, 't2': 2.32267, 't3': 95.15226, 'N_anc': 498.72509, 'N_yri': 373.4115, 'N_ooa': 904.92626, 'N_ceu': 343.03244, 'N_chb': 299.36255, 'gr_ceu': 0.00023, 'gr_chb': 0.00046, 'm_yri_ooa': 0.0, 'm_yri_ceu': 1e-05, 'm_yri_chb': 1e-05, 'm_ceu_chb': 0.0} -67541.7460975881
 
 
x_up: {'t1': 1.80538, 't2': 2.32267, 't3': 95.15226, 'N_anc': 498.72509, 'N_yri': 373.4115, 'N_ooa': 904.92626, 'N_ceu': 343.03244, 'N_chb': 299.36255, 'gr_ceu': 0.00023, 'gr_chb': 0.00069, 'm_yri_ooa': 0.0, 'm_yri_ceu': 1e-05, 'm_yri_chb': 1e-05, 'm_ceu_chb': 0.0} -67541.75878626926
x: {'t1': 1.80538, 't2': 2.32267, 't3': 95.15226, 'N_anc': 498.72509, 'N_yri': 373.4115, 'N_ooa': 904.92626, 'N_ceu': 343.03244, 'N_chb': 299.36255, 'gr_ceu': 0.00023, 'gr_chb': 0.00046, 'm_yri_ooa': 0.0, 'm_yri_ceu': 1e-05, 'm_yri_chb': 1e-05, 'm_ceu_chb': 0.0} -67541.7460975881
x_down: {'t1': 1.80538, 't2': 2.32267, 't3': 95.15226, 'N_anc': 498.72509, 'N_yri': 373.4115, 'N_ooa': 904.92626, 'N_ceu': 343.03244, 'N_chb': 299.36255, 'gr_ceu': 0.00023, 'gr_chb': 0.00023, 'm_yri_ooa': 0.0, 'm_yri_ceu': 1e-05, 'm_yri_chb': 1e-05, 'm_ceu_chb': 0.0} -67541.7334669263
 
 
x_up: {'t1': 1.80538, 't2': 2.32267, 't3': 95.15226, 'N_anc': 498.72509, 'N_yri': 373.4115, 'N_ooa': 904.92626, 'N_ceu': 343.03244, 'N_chb': 299.36255, 'gr_ceu': 0.00023, 'gr_chb': 0.00023, 'm_yri_ooa': 0.0, 'm_yri_ceu': 1e-05, 'm_yri_chb': 1e-05, 'm_ceu_chb': 0.0} -67541.7334669263
x: {'t1': 1.80538, 't2': 2.32267, 't3': 95.15226, 'N_anc': 498.72509, 'N_yri': 373.4115, 'N_ooa': 904.92626, 'N_ceu': 343.03244, 'N_chb': 299.36255, 'gr_ceu': 0.00023, 'gr_chb': 0.00023, 'm_yri_ooa': 0.0, 'm_yri_ceu': 1e-05, 'm_yri_chb': 1e-05, 'm_ceu_chb': 0.0} -67541.7334669263
x_down: {'t1': 1.80538, 't2': 2.32267, 't3': 95.15226, 'N_anc': 498.72509, 'N_yri': 373.4115, 'N_ooa': 904.92626, 'N_ceu': 343.03244, 'N_chb': 299.36255, 'gr_ceu': 0.00023, 'gr_chb': 0.00023, 'm_yri_ooa': 1e-05, 'm_yri_ceu': 1e-05, 'm_yri_chb': 1e-05, 'm_ceu_chb': 0.0} -67541.68409526766
 
 
x_up: {'t1': 1.80538, 't2': 2.32267, 't3': 95.15226, 'N_anc': 498.72509, 'N_yri': 373.4115, 'N_ooa': 904.92626, 'N_ceu': 343.03244, 'N_chb': 299.36255, 'gr_ceu': 0.00023, 'gr_chb': 0.00023, 'm_yri_ooa': 1e-05, 'm_yri_ceu': 0.0, 'm_yri_chb': 1e-05, 'm_ceu_chb': 0.0} -67541.6840952677
x: {'t1': 1.80538, 't2': 2.32267, 't3': 95.15226, 'N_anc': 498.72509, 'N_yri': 373.4115, 'N_ooa': 904.92626, 'N_ceu': 343.03244, 'N_chb': 299.36255, 'gr_ceu': 0.00023, 'gr_chb': 0.00023, 'm_yri_ooa': 1e-05, 'm_yri_ceu': 1e-05, 'm_yri_chb': 1e-05, 'm_ceu_chb': 0.0} -67541.68409526766
x_down: {'t1': 1.80538, 't2': 2.32267, 't3': 95.15226, 'N_anc': 498.72509, 'N_yri': 373.4115, 'N_ooa': 904.92626, 'N_ceu': 343.03244, 'N_chb': 299.36255, 'gr_ceu': 0.00023, 'gr_chb': 0.00023, 'm_yri_ooa': 1e-05, 'm_yri_ceu': 1e-05, 'm_yri_chb': 1e-05, 'm_ceu_chb': 0.0} -67541.68409526766
 
 
x_up: {'t1': 1.80538, 't2': 2.32267, 't3': 95.15226, 'N_anc': 498.72509, 'N_yri': 373.4115, 'N_ooa': 904.92626, 'N_ceu': 343.03244, 'N_chb': 299.36255, 'gr_ceu': 0.00023, 'gr_chb': 0.00023, 'm_yri_ooa': 1e-05, 'm_yri_ceu': 1e-05, 'm_yri_chb': 0.0, 'm_ceu_chb': 0.0} -67541.68409526763
x: {'t1': 1.80538, 't2': 2.32267, 't3': 95.15226, 'N_anc': 498.72509, 'N_yri': 373.4115, 'N_ooa': 904.92626, 'N_ceu': 343.03244, 'N_chb': 299.36255, 'gr_ceu': 0.00023, 'gr_chb': 0.00023, 'm_yri_ooa': 1e-05, 'm_yri_ceu': 1e-05, 'm_yri_chb': 1e-05, 'm_ceu_chb': 0.0} -67541.68409526766
x_down: {'t1': 1.80538, 't2': 2.32267, 't3': 95.15226, 'N_anc': 498.72509, 'N_yri': 373.4115, 'N_ooa': 904.92626, 'N_ceu': 343.03244, 'N_chb': 299.36255, 'gr_ceu': 0.00023, 'gr_chb': 0.00023, 'm_yri_ooa': 1e-05, 'm_yri_ceu': 1e-05, 'm_yri_chb': 1e-05, 'm_ceu_chb': 0.0} -67541.68409526766
 
 
x_up: {'t1': 1.80538, 't2': 2.32267, 't3': 95.15226, 'N_anc': 498.72509, 'N_yri': 373.4115, 'N_ooa': 904.92626, 'N_ceu': 343.03244, 'N_chb': 299.36255, 'gr_ceu': 0.00023, 'gr_chb': 0.00023, 'm_yri_ooa': 1e-05, 'm_yri_ceu': 1e-05, 'm_yri_chb': 0.0, 'm_ceu_chb': 0.0} -67541.68409526763
x: {'t1': 1.80538, 't2': 2.32267, 't3': 95.15226, 'N_anc': 498.72509, 'N_yri': 373.4115, 'N_ooa': 904.92626, 'N_ceu': 343.03244, 'N_chb': 299.36255, 'gr_ceu': 0.00023, 'gr_chb': 0.00023, 'm_yri_ooa': 1e-05, 'm_yri_ceu': 1e-05, 'm_yri_chb': 0.0, 'm_ceu_chb': 0.0} -67541.68409526763
x_down: {'t1': 1.80538, 't2': 2.32267, 't3': 95.15226, 'N_anc': 498.72509, 'N_yri': 373.4115, 'N_ooa': 904.92626, 'N_ceu': 343.03244, 'N_chb': 299.36255, 'gr_ceu': 0.00023, 'gr_chb': 0.00023, 'm_yri_ooa': 1e-05, 'm_yri_ceu': 1e-05, 'm_yri_chb': 0.0, 'm_ceu_chb': 1e-05} -67541.68409526706
 
{'t1': 1.80538, 't2': 2.32267, 't3': 95.15226, 'N_anc': 498.72509, 'N_yri': 373.4115, 'N_ooa': 904.92626, 'N_ceu': 343.03244, 'N_chb': 299.36255, 'gr_ceu': 0.00023, 'gr_chb': 0.00023, 'm_yri_ooa': 1e-05, 'm_yri_ceu': 1e-05, 'm_yri_chb': 0.0, 'm_ceu_chb': 1e-05} -67541.68409526706
 
x_up: {'t1': 1.90237, 't2': 2.32267, 't3': 95.15226, 'N_anc': 498.72509, 'N_yri': 373.4115, 'N_ooa': 904.92626, 'N_ceu': 343.03244, 'N_chb': 299.36255, 'gr_ceu': 0.00023, 'gr_chb': 0.00023, 'm_yri_ooa': 1e-05, 'm_yri_ceu': 1e-05, 'm_yri_chb': 0.0, 'm_ceu_chb': 1e-05} -67549.75783929811
x: {'t1': 1.80538, 't2': 2.32267, 't3': 95.15226, 'N_anc': 498.72509, 'N_yri': 373.4115, 'N_ooa': 904.92626, 'N_ceu': 343.03244, 'N_chb': 299.36255, 'gr_ceu': 0.00023, 'gr_chb': 0.00023, 'm_yri_ooa': 1e-05, 'm_yri_ceu': 1e-05, 'm_yri_chb': 0.0, 'm_ceu_chb': 1e-05} -67541.68409526706
x_down: {'t1': 1.70839, 't2': 2.32267, 't3': 95.15226, 'N_anc': 498.72509, 'N_yri': 373.4115, 'N_ooa': 904.92626, 'N_ceu': 343.03244, 'N_chb': 299.36255, 'gr_ceu': 0.00023, 'gr_chb': 0.00023, 'm_yri_ooa': 1e-05, 'm_yri_ceu': 1e-05, 'm_yri_chb': 0.0, 'm_ceu_chb': 1e-05} -67534.5107988292
 
 
x_up: {'t1': 1.70839, 't2': 2.38026, 't3': 95.15226, 'N_anc': 498.72509, 'N_yri': 373.4115, 'N_ooa': 904.92626, 'N_ceu': 343.03244, 'N_chb': 299.36255, 'gr_ceu': 0.00023, 'gr_chb': 0.00023, 'm_yri_ooa': 1e-05, 'm_yri_ceu': 1e-05, 'm_yri_chb': 0.0, 'm_ceu_chb': 1e-05} -67534.5752089479
x: {'t1': 1.70839, 't2': 2.32267, 't3': 95.15226, 'N_anc': 498.72509, 'N_yri': 373.4115, 'N_ooa': 904.92626, 'N_ceu': 343.03244, 'N_chb': 299.36255, 'gr_ceu': 0.00023, 'gr_chb': 0.00023, 'm_yri_ooa': 1e-05, 'm_yri_ceu': 1e-05, 'm_yri_chb': 0.0, 'm_ceu_chb': 1e-05} -67534.5107988292
x_down: {'t1': 1.70839, 't2': 2.26508, 't3': 95.15226, 'N_anc': 498.72509, 'N_yri': 373.4115, 'N_ooa': 904.92626, 'N_ceu': 343.03244, 'N_chb': 299.36255, 'gr_ceu': 0.00023, 'gr_chb': 0.00023, 'm_yri_ooa': 1e-05, 'm_yri_ceu': 1e-05, 'm_yri_chb': 0.0, 'm_ceu_chb': 1e-05} -67545.77404796424
 
 
x_up: {'t1': 1.70839, 't2': 2.32267, 't3': 99.79374, 'N_anc': 498.72509, 'N_yri': 373.4115, 'N_ooa': 904.92626, 'N_ceu': 343.03244, 'N_chb': 299.36255, 'gr_ceu': 0.00023, 'gr_chb': 0.00023, 'm_yri_ooa': 1e-05, 'm_yri_ceu': 1e-05, 'm_yri_chb': 0.0, 'm_ceu_chb': 1e-05} -67536.83414934538
x: {'t1': 1.70839, 't2': 2.32267, 't3': 95.15226, 'N_anc': 498.72509, 'N_yri': 373.4115, 'N_ooa': 904.92626, 'N_ceu': 343.03244, 'N_chb': 299.36255, 'gr_ceu': 0.00023, 'gr_chb': 0.00023, 'm_yri_ooa': 1e-05, 'm_yri_ceu': 1e-05, 'm_yri_chb': 0.0, 'm_ceu_chb': 1e-05} -67534.5107988292
x_down: {'t1': 1.70839, 't2': 2.32267, 't3': 90.51078, 'N_anc': 498.72509, 'N_yri': 373.4115, 'N_ooa': 904.92626, 'N_ceu': 343.03244, 'N_chb': 299.36255, 'gr_ceu': 0.00023, 'gr_chb': 0.00023, 'm_yri_ooa': 1e-05, 'm_yri_ceu': 1e-05, 'm_yri_chb': 0.0, 'm_ceu_chb': 1e-05} -67539.56045987924
 
 
x_up: {'t1': 1.70839, 't2': 2.32267, 't3': 95.15226, 'N_anc': 526.76045, 'N_yri': 373.4115, 'N_ooa': 904.92626, 'N_ceu': 343.03244, 'N_chb': 299.36255, 'gr_ceu': 0.00023, 'gr_chb': 0.00023, 'm_yri_ooa': 1e-05, 'm_yri_ceu': 1e-05, 'm_yri_chb': 0.0, 'm_ceu_chb': 1e-05} -67535.03314558616
x: {'t1': 1.70839, 't2': 2.32267, 't3': 95.15226, 'N_anc': 498.72509, 'N_yri': 373.4115, 'N_ooa': 904.92626, 'N_ceu': 343.03244, 'N_chb': 299.36255, 'gr_ceu': 0.00023, 'gr_chb': 0.00023, 'm_yri_ooa': 1e-05, 'm_yri_ceu': 1e-05, 'm_yri_chb': 0.0, 'm_ceu_chb': 1e-05} -67534.5107988292
x_down: {'t1': 1.70839, 't2': 2.32267, 't3': 95.15226, 'N_anc': 470.68973, 'N_yri': 373.4115, 'N_ooa': 904.92626, 'N_ceu': 343.03244, 'N_chb': 299.36255, 'gr_ceu': 0.00023, 'gr_chb': 0.00023, 'm_yri_ooa': 1e-05, 'm_yri_ceu': 1e-05, 'm_yri_chb': 0.0, 'm_ceu_chb': 1e-05} -67534.55267843214
 
 
x_up: {'t1': 1.70839, 't2': 2.32267, 't3': 95.15226, 'N_anc': 498.72509, 'N_yri': 387.08207, 'N_ooa': 904.92626, 'N_ceu': 343.03244, 'N_chb': 299.36255, 'gr_ceu': 0.00023, 'gr_chb': 0.00023, 'm_yri_ooa': 1e-05, 'm_yri_ceu': 1e-05, 'm_yri_chb': 0.0, 'm_ceu_chb': 1e-05} -67538.66617088881
x: {'t1': 1.70839, 't2': 2.32267, 't3': 95.15226, 'N_anc': 498.72509, 'N_yri': 373.4115, 'N_ooa': 904.92626, 'N_ceu': 343.03244, 'N_chb': 299.36255, 'gr_ceu': 0.00023, 'gr_chb': 0.00023, 'm_yri_ooa': 1e-05, 'm_yri_ceu': 1e-05, 'm_yri_chb': 0.0, 'm_ceu_chb': 1e-05} -67534.5107988292
x_down: {'t1': 1.70839, 't2': 2.32267, 't3': 95.15226, 'N_anc': 498.72509, 'N_yri': 359.74093, 'N_ooa': 904.92626, 'N_ceu': 343.03244, 'N_chb': 299.36255, 'gr_ceu': 0.00023, 'gr_chb': 0.00023, 'm_yri_ooa': 1e-05, 'm_yri_ceu': 1e-05, 'm_yri_chb': 0.0, 'm_ceu_chb': 1e-05} -67540.64538827067
 
 
x_up: {'t1': 1.70839, 't2': 2.32267, 't3': 95.15226, 'N_anc': 498.72509, 'N_yri': 373.4115, 'N_ooa': 989.82083, 'N_ceu': 343.03244, 'N_chb': 299.36255, 'gr_ceu': 0.00023, 'gr_chb': 0.00023, 'm_yri_ooa': 1e-05, 'm_yri_ceu': 1e-05, 'm_yri_chb': 0.0, 'm_ceu_chb': 1e-05} -67564.41415103298
x: {'t1': 1.70839, 't2': 2.32267, 't3': 95.15226, 'N_anc': 498.72509, 'N_yri': 373.4115, 'N_ooa': 904.92626, 'N_ceu': 343.03244, 'N_chb': 299.36255, 'gr_ceu': 0.00023, 'gr_chb': 0.00023, 'm_yri_ooa': 1e-05, 'm_yri_ceu': 1e-05, 'm_yri_chb': 0.0, 'm_ceu_chb': 1e-05} -67534.5107988292
x_down: {'t1': 1.70839, 't2': 2.32267, 't3': 95.15226, 'N_anc': 498.72509, 'N_yri': 373.4115, 'N_ooa': 820.03169, 'N_ceu': 343.03244, 'N_chb': 299.36255, 'gr_ceu': 0.00023, 'gr_chb': 0.00023, 'm_yri_ooa': 1e-05, 'm_yri_ceu': 1e-05, 'm_yri_chb': 0.0, 'm_ceu_chb': 1e-05} -67560.67454546904
 
 
x_up: {'t1': 1.70839, 't2': 2.32267, 't3': 95.15226, 'N_anc': 498.72509, 'N_yri': 373.4115, 'N_ooa': 904.92626, 'N_ceu': 355.18406, 'N_chb': 299.36255, 'gr_ceu': 0.00023, 'gr_chb': 0.00023, 'm_yri_ooa': 1e-05, 'm_yri_ceu': 1e-05, 'm_yri_chb': 0.0, 'm_ceu_chb': 1e-05} -67536.91384140254
x: {'t1': 1.70839, 't2': 2.32267, 't3': 95.15226, 'N_anc': 498.72509, 'N_yri': 373.4115, 'N_ooa': 904.92626, 'N_ceu': 343.03244, 'N_chb': 299.36255, 'gr_ceu': 0.00023, 'gr_chb': 0.00023, 'm_yri_ooa': 1e-05, 'm_yri_ceu': 1e-05, 'm_yri_chb': 0.0, 'm_ceu_chb': 1e-05} -67534.5107988292
x_down: {'t1': 1.70839, 't2': 2.32267, 't3': 95.15226, 'N_anc': 498.72509, 'N_yri': 373.4115, 'N_ooa': 904.92626, 'N_ceu': 330.88082, 'N_chb': 299.36255, 'gr_ceu': 0.00023, 'gr_chb': 0.00023, 'm_yri_ooa': 1e-05, 'm_yri_ceu': 1e-05, 'm_yri_chb': 0.0, 'm_ceu_chb': 1e-05} -67533.39081045921
 
 
x_up: {'t1': 1.70839, 't2': 2.32267, 't3': 95.15226, 'N_anc': 498.72509, 'N_yri': 373.4115, 'N_ooa': 904.92626, 'N_ceu': 330.88082, 'N_chb': 327.39791, 'gr_ceu': 0.00023, 'gr_chb': 0.00023, 'm_yri_ooa': 1e-05, 'm_yri_ceu': 1e-05, 'm_yri_chb': 0.0, 'm_ceu_chb': 1e-05} -67538.45640614076
x: {'t1': 1.70839, 't2': 2.32267, 't3': 95.15226, 'N_anc': 498.72509, 'N_yri': 373.4115, 'N_ooa': 904.92626, 'N_ceu': 330.88082, 'N_chb': 299.36255, 'gr_ceu': 0.00023, 'gr_chb': 0.00023, 'm_yri_ooa': 1e-05, 'm_yri_ceu': 1e-05, 'm_yri_chb': 0.0, 'm_ceu_chb': 1e-05} -67533.39081045921
x_down: {'t1': 1.70839, 't2': 2.32267, 't3': 95.15226, 'N_anc': 498.72509, 'N_yri': 373.4115, 'N_ooa': 904.92626, 'N_ceu': 330.88082, 'N_chb': 271.32719, 'gr_ceu': 0.00023, 'gr_chb': 0.00023, 'm_yri_ooa': 1e-05, 'm_yri_ceu': 1e-05, 'm_yri_chb': 0.0, 'm_ceu_chb': 1e-05} -67538.92700354266
 
 
x_up: {'t1': 1.70839, 't2': 2.32267, 't3': 95.15226, 'N_anc': 498.72509, 'N_yri': 373.4115, 'N_ooa': 904.92626, 'N_ceu': 330.88082, 'N_chb': 299.36255, 'gr_ceu': 0.00035, 'gr_chb': 0.00023, 'm_yri_ooa': 1e-05, 'm_yri_ceu': 1e-05, 'm_yri_chb': 0.0, 'm_ceu_chb': 1e-05} -67533.39715290607
x: {'t1': 1.70839, 't2': 2.32267, 't3': 95.15226, 'N_anc': 498.72509, 'N_yri': 373.4115, 'N_ooa': 904.92626, 'N_ceu': 330.88082, 'N_chb': 299.36255, 'gr_ceu': 0.00023, 'gr_chb': 0.00023, 'm_yri_ooa': 1e-05, 'm_yri_ceu': 1e-05, 'm_yri_chb': 0.0, 'm_ceu_chb': 1e-05} -67533.39081045921
x_down: {'t1': 1.70839, 't2': 2.32267, 't3': 95.15226, 'N_anc': 498.72509, 'N_yri': 373.4115, 'N_ooa': 904.92626, 'N_ceu': 330.88082, 'N_chb': 299.36255, 'gr_ceu': 0.00012, 'gr_chb': 0.00023, 'm_yri_ooa': 1e-05, 'm_yri_ceu': 1e-05, 'm_yri_chb': 0.0, 'm_ceu_chb': 1e-05} -67533.38501417577
 
 
x_up: {'t1': 1.70839, 't2': 2.32267, 't3': 95.15226, 'N_anc': 498.72509, 'N_yri': 373.4115, 'N_ooa': 904.92626, 'N_ceu': 330.88082, 'N_chb': 299.36255, 'gr_ceu': 0.00012, 'gr_chb': 0.00035, 'm_yri_ooa': 1e-05, 'm_yri_ceu': 1e-05, 'm_yri_chb': 0.0, 'm_ceu_chb': 1e-05} -67533.39370646366
x: {'t1': 1.70839, 't2': 2.32267, 't3': 95.15226, 'N_anc': 498.72509, 'N_yri': 373.4115, 'N_ooa': 904.92626, 'N_ceu': 330.88082, 'N_chb': 299.36255, 'gr_ceu': 0.00012, 'gr_chb': 0.00023, 'm_yri_ooa': 1e-05, 'm_yri_ceu': 1e-05, 'm_yri_chb': 0.0, 'm_ceu_chb': 1e-05} -67533.38501417577
x_down: {'t1': 1.70839, 't2': 2.32267, 't3': 95.15226, 'N_anc': 498.72509, 'N_yri': 373.4115, 'N_ooa': 904.92626, 'N_ceu': 330.88082, 'N_chb': 299.36255, 'gr_ceu': 0.00012, 'gr_chb': 0.00012, 'm_yri_ooa': 1e-05, 'm_yri_ceu': 1e-05, 'm_yri_chb': 0.0, 'm_ceu_chb': 1e-05} -67533.37706562247
 
 
x_up: {'t1': 1.70839, 't2': 2.32267, 't3': 95.15226, 'N_anc': 498.72509, 'N_yri': 373.4115, 'N_ooa': 904.92626, 'N_ceu': 330.88082, 'N_chb': 299.36255, 'gr_ceu': 0.00012, 'gr_chb': 0.00012, 'm_yri_ooa': 0.0, 'm_yri_ceu': 1e-05, 'm_yri_chb': 0.0, 'm_ceu_chb': 1e-05} -67533.36798672643
x: {'t1': 1.70839, 't2': 2.32267, 't3': 95.15226, 'N_anc': 498.72509, 'N_yri': 373.4115, 'N_ooa': 904.92626, 'N_ceu': 330.88082, 'N_chb': 299.36255, 'gr_ceu': 0.00012, 'gr_chb': 0.00012, 'm_yri_ooa': 1e-05, 'm_yri_ceu': 1e-05, 'm_yri_chb': 0.0, 'm_ceu_chb': 1e-05} -67533.37706562247
x_down: {'t1': 1.70839, 't2': 2.32267, 't3': 95.15226, 'N_anc': 498.72509, 'N_yri': 373.4115, 'N_ooa': 904.92626, 'N_ceu': 330.88082, 'N_chb': 299.36255, 'gr_ceu': 0.00012, 'gr_chb': 0.00012, 'm_yri_ooa': 1e-05, 'm_yri_ceu': 1e-05, 'm_yri_chb': 0.0, 'm_ceu_chb': 1e-05} -67533.37706562247
 
 
x_up: {'t1': 1.70839, 't2': 2.32267, 't3': 95.15226, 'N_anc': 498.72509, 'N_yri': 373.4115, 'N_ooa': 904.92626, 'N_ceu': 330.88082, 'N_chb': 299.36255, 'gr_ceu': 0.00012, 'gr_chb': 0.00012, 'm_yri_ooa': 0.0, 'm_yri_ceu': 0.0, 'm_yri_chb': 0.0, 'm_ceu_chb': 1e-05} -67533.36798672652
x: {'t1': 1.70839, 't2': 2.32267, 't3': 95.15226, 'N_anc': 498.72509, 'N_yri': 373.4115, 'N_ooa': 904.92626, 'N_ceu': 330.88082, 'N_chb': 299.36255, 'gr_ceu': 0.00012, 'gr_chb': 0.00012, 'm_yri_ooa': 0.0, 'm_yri_ceu': 1e-05, 'm_yri_chb': 0.0, 'm_ceu_chb': 1e-05} -67533.36798672643
x_down: {'t1': 1.70839, 't2': 2.32267, 't3': 95.15226, 'N_anc': 498.72509, 'N_yri': 373.4115, 'N_ooa': 904.92626, 'N_ceu': 330.88082, 'N_chb': 299.36255, 'gr_ceu': 0.00012, 'gr_chb': 0.00012, 'm_yri_ooa': 0.0, 'm_yri_ceu': 1e-05, 'm_yri_chb': 0.0, 'm_ceu_chb': 1e-05} -67533.36798672643
 
 
x_up: {'t1': 1.70839, 't2': 2.32267, 't3': 95.15226, 'N_anc': 498.72509, 'N_yri': 373.4115, 'N_ooa': 904.92626, 'N_ceu': 330.88082, 'N_chb': 299.36255, 'gr_ceu': 0.00012, 'gr_chb': 0.00012, 'm_yri_ooa': 0.0, 'm_yri_ceu': 1e-05, 'm_yri_chb': 0.0, 'm_ceu_chb': 1e-05} -67533.36798672643
x: {'t1': 1.70839, 't2': 2.32267, 't3': 95.15226, 'N_anc': 498.72509, 'N_yri': 373.4115, 'N_ooa': 904.92626, 'N_ceu': 330.88082, 'N_chb': 299.36255, 'gr_ceu': 0.00012, 'gr_chb': 0.00012, 'm_yri_ooa': 0.0, 'm_yri_ceu': 1e-05, 'm_yri_chb': 0.0, 'm_ceu_chb': 1e-05} -67533.36798672643
x_down: {'t1': 1.70839, 't2': 2.32267, 't3': 95.15226, 'N_anc': 498.72509, 'N_yri': 373.4115, 'N_ooa': 904.92626, 'N_ceu': 330.88082, 'N_chb': 299.36255, 'gr_ceu': 0.00012, 'gr_chb': 0.00012, 'm_yri_ooa': 0.0, 'm_yri_ceu': 1e-05, 'm_yri_chb': 1e-05, 'm_ceu_chb': 1e-05} -67533.36798672519
 
 
x_up: {'t1': 1.70839, 't2': 2.32267, 't3': 95.15226, 'N_anc': 498.72509, 'N_yri': 373.4115, 'N_ooa': 904.92626, 'N_ceu': 330.88082, 'N_chb': 299.36255, 'gr_ceu': 0.00012, 'gr_chb': 0.00012, 'm_yri_ooa': 0.0, 'm_yri_ceu': 1e-05, 'm_yri_chb': 1e-05, 'm_ceu_chb': 0.0} -67533.36798672493
x: {'t1': 1.70839, 't2': 2.32267, 't3': 95.15226, 'N_anc': 498.72509, 'N_yri': 373.4115, 'N_ooa': 904.92626, 'N_ceu': 330.88082, 'N_chb': 299.36255, 'gr_ceu': 0.00012, 'gr_chb': 0.00012, 'm_yri_ooa': 0.0, 'm_yri_ceu': 1e-05, 'm_yri_chb': 1e-05, 'm_ceu_chb': 1e-05} -67533.36798672519
x_down: {'t1': 1.70839, 't2': 2.32267, 't3': 95.15226, 'N_anc': 498.72509, 'N_yri': 373.4115, 'N_ooa': 904.92626, 'N_ceu': 330.88082, 'N_chb': 299.36255, 'gr_ceu': 0.00012, 'gr_chb': 0.00012, 'm_yri_ooa': 0.0, 'm_yri_ceu': 1e-05, 'm_yri_chb': 1e-05, 'm_ceu_chb': 1e-05} -67533.36798672519
 
{'t1': 1.70839, 't2': 2.32267, 't3': 95.15226, 'N_anc': 498.72509, 'N_yri': 373.4115, 'N_ooa': 904.92626, 'N_ceu': 330.88082, 'N_chb': 299.36255, 'gr_ceu': 0.00012, 'gr_chb': 0.00012, 'm_yri_ooa': 0.0, 'm_yri_ceu': 1e-05, 'm_yri_chb': 1e-05, 'm_ceu_chb': 0.0} -67533.36798672493
 
x_up: {'t1': 1.88116, 't2': 2.32267, 't3': 95.15226, 'N_anc': 498.72509, 'N_yri': 373.4115, 'N_ooa': 904.92626, 'N_ceu': 330.88082, 'N_chb': 299.36255, 'gr_ceu': 0.00012, 'gr_chb': 0.00012, 'm_yri_ooa': 0.0, 'm_yri_ceu': 1e-05, 'm_yri_chb': 1e-05, 'm_ceu_chb': 0.0} -67541.27092859441
x: {'t1': 1.70839, 't2': 2.32267, 't3': 95.15226, 'N_anc': 498.72509, 'N_yri': 373.4115, 'N_ooa': 904.92626, 'N_ceu': 330.88082, 'N_chb': 299.36255, 'gr_ceu': 0.00012, 'gr_chb': 0.00012, 'm_yri_ooa': 0.0, 'm_yri_ceu': 1e-05, 'm_yri_chb': 1e-05, 'm_ceu_chb': 0.0} -67533.36798672493
x_down: {'t1': 1.53562, 't2': 2.32267, 't3': 95.15226, 'N_anc': 498.72509, 'N_yri': 373.4115, 'N_ooa': 904.92626, 'N_ceu': 330.88082, 'N_chb': 299.36255, 'gr_ceu': 0.00012, 'gr_chb': 0.00012, 'm_yri_ooa': 0.0, 'm_yri_ceu': 1e-05, 'm_yri_chb': 1e-05, 'm_ceu_chb': 0.0} -67554.72156435349
 
 
x_up: {'t1': 1.70839, 't2': 2.35338, 't3': 95.15226, 'N_anc': 498.72509, 'N_yri': 373.4115, 'N_ooa': 904.92626, 'N_ceu': 330.88082, 'N_chb': 299.36255, 'gr_ceu': 0.00012, 'gr_chb': 0.00012, 'm_yri_ooa': 0.0, 'm_yri_ceu': 1e-05, 'm_yri_chb': 1e-05, 'm_ceu_chb': 0.0} -67530.85163335054
x: {'t1': 1.70839, 't2': 2.32267, 't3': 95.15226, 'N_anc': 498.72509, 'N_yri': 373.4115, 'N_ooa': 904.92626, 'N_ceu': 330.88082, 'N_chb': 299.36255, 'gr_ceu': 0.00012, 'gr_chb': 0.00012, 'm_yri_ooa': 0.0, 'm_yri_ceu': 1e-05, 'm_yri_chb': 1e-05, 'm_ceu_chb': 0.0} -67533.36798672493
x_down: {'t1': 1.70839, 't2': 2.29196, 't3': 95.15226, 'N_anc': 498.72509, 'N_yri': 373.4115, 'N_ooa': 904.92626, 'N_ceu': 330.88082, 'N_chb': 299.36255, 'gr_ceu': 0.00012, 'gr_chb': 0.00012, 'm_yri_ooa': 0.0, 'm_yri_ceu': 1e-05, 'm_yri_chb': 1e-05, 'm_ceu_chb': 0.0} -67570.09946961563
 
 
x_up: {'t1': 1.70839, 't2': 2.35338, 't3': 99.7922, 'N_anc': 498.72509, 'N_yri': 373.4115, 'N_ooa': 904.92626, 'N_ceu': 330.88082, 'N_chb': 299.36255, 'gr_ceu': 0.00012, 'gr_chb': 0.00012, 'm_yri_ooa': 0.0, 'm_yri_ceu': 1e-05, 'm_yri_chb': 1e-05, 'm_ceu_chb': 0.0} -67533.17716000824
x: {'t1': 1.70839, 't2': 2.35338, 't3': 95.15226, 'N_anc': 498.72509, 'N_yri': 373.4115, 'N_ooa': 904.92626, 'N_ceu': 330.88082, 'N_chb': 299.36255, 'gr_ceu': 0.00012, 'gr_chb': 0.00012, 'm_yri_ooa': 0.0, 'm_yri_ceu': 1e-05, 'm_yri_chb': 1e-05, 'm_ceu_chb': 0.0} -67530.85163335054
x_down: {'t1': 1.70839, 't2': 2.35338, 't3': 90.51232, 'N_anc': 498.72509, 'N_yri': 373.4115, 'N_ooa': 904.92626, 'N_ceu': 330.88082, 'N_chb': 299.36255, 'gr_ceu': 0.00012, 'gr_chb': 0.00012, 'm_yri_ooa': 0.0, 'm_yri_ceu': 1e-05, 'm_yri_chb': 1e-05, 'm_ceu_chb': 0.0} -67535.89856521419
 
 
x_up: {'t1': 1.70839, 't2': 2.35338, 't3': 95.15226, 'N_anc': 518.66134, 'N_yri': 373.4115, 'N_ooa': 904.92626, 'N_ceu': 330.88082, 'N_chb': 299.36255, 'gr_ceu': 0.00012, 'gr_chb': 0.00012, 'm_yri_ooa': 0.0, 'm_yri_ceu': 1e-05, 'm_yri_chb': 1e-05, 'm_ceu_chb': 0.0} -67531.17232155918
x: {'t1': 1.70839, 't2': 2.35338, 't3': 95.15226, 'N_anc': 498.72509, 'N_yri': 373.4115, 'N_ooa': 904.92626, 'N_ceu': 330.88082, 'N_chb': 299.36255, 'gr_ceu': 0.00012, 'gr_chb': 0.00012, 'm_yri_ooa': 0.0, 'm_yri_ceu': 1e-05, 'm_yri_chb': 1e-05, 'm_ceu_chb': 0.0} -67530.85163335054
x_down: {'t1': 1.70839, 't2': 2.35338, 't3': 95.15226, 'N_anc': 478.78884, 'N_yri': 373.4115, 'N_ooa': 904.92626, 'N_ceu': 330.88082, 'N_chb': 299.36255, 'gr_ceu': 0.00012, 'gr_chb': 0.00012, 'm_yri_ooa': 0.0, 'm_yri_ceu': 1e-05, 'm_yri_chb': 1e-05, 'm_ceu_chb': 0.0} -67530.8155818699
 
 
x_up: {'t1': 1.70839, 't2': 2.35338, 't3': 95.15226, 'N_anc': 478.78884, 'N_yri': 387.08207, 'N_ooa': 904.92626, 'N_ceu': 330.88082, 'N_chb': 299.36255, 'gr_ceu': 0.00012, 'gr_chb': 0.00012, 'm_yri_ooa': 0.0, 'm_yri_ceu': 1e-05, 'm_yri_chb': 1e-05, 'm_ceu_chb': 0.0} -67531.17562107246
x: {'t1': 1.70839, 't2': 2.35338, 't3': 95.15226, 'N_anc': 478.78884, 'N_yri': 373.4115, 'N_ooa': 904.92626, 'N_ceu': 330.88082, 'N_chb': 299.36255, 'gr_ceu': 0.00012, 'gr_chb': 0.00012, 'm_yri_ooa': 0.0, 'm_yri_ceu': 1e-05, 'm_yri_chb': 1e-05, 'm_ceu_chb': 0.0} -67530.8155818699
x_down: {'t1': 1.70839, 't2': 2.35338, 't3': 95.15226, 'N_anc': 478.78884, 'N_yri': 359.74093, 'N_ooa': 904.92626, 'N_ceu': 330.88082, 'N_chb': 299.36255, 'gr_ceu': 0.00012, 'gr_chb': 0.00012, 'm_yri_ooa': 0.0, 'm_yri_ceu': 1e-05, 'm_yri_chb': 1e-05, 'm_ceu_chb': 0.0} -67525.36249887431
 
 
x_up: {'t1': 1.70839, 't2': 2.35338, 't3': 95.15226, 'N_anc': 478.78884, 'N_yri': 359.74093, 'N_ooa': 947.37354, 'N_ceu': 330.88082, 'N_chb': 299.36255, 'gr_ceu': 0.00012, 'gr_chb': 0.00012, 'm_yri_ooa': 0.0, 'm_yri_ceu': 1e-05, 'm_yri_chb': 1e-05, 'm_ceu_chb': 0.0} -67533.49246467184
x: {'t1': 1.70839, 't2': 2.35338, 't3': 95.15226, 'N_anc': 478.78884, 'N_yri': 359.74093, 'N_ooa': 904.92626, 'N_ceu': 330.88082, 'N_chb': 299.36255, 'gr_ceu': 0.00012, 'gr_chb': 0.00012, 'm_yri_ooa': 0.0, 'm_yri_ceu': 1e-05, 'm_yri_chb': 1e-05, 'm_ceu_chb': 0.0} -67525.36249887431
x_down: {'t1': 1.70839, 't2': 2.35338, 't3': 95.15226, 'N_anc': 478.78884, 'N_yri': 359.74093, 'N_ooa': 862.47898, 'N_ceu': 330.88082, 'N_chb': 299.36255, 'gr_ceu': 0.00012, 'gr_chb': 0.00012, 'm_yri_ooa': 0.0, 'm_yri_ceu': 1e-05, 'm_yri_chb': 1e-05, 'm_ceu_chb': 0.0} -67532.50213457445
 
 
x_up: {'t1': 1.70839, 't2': 2.35338, 't3': 95.15226, 'N_anc': 478.78884, 'N_yri': 359.74093, 'N_ooa': 904.92626, 'N_ceu': 348.19688, 'N_chb': 299.36255, 'gr_ceu': 0.00012, 'gr_chb': 0.00012, 'm_yri_ooa': 0.0, 'm_yri_ceu': 1e-05, 'm_yri_chb': 1e-05, 'm_ceu_chb': 0.0} -67525.89314182993
x: {'t1': 1.70839, 't2': 2.35338, 't3': 95.15226, 'N_anc': 478.78884, 'N_yri': 359.74093, 'N_ooa': 904.92626, 'N_ceu': 330.88082, 'N_chb': 299.36255, 'gr_ceu': 0.00012, 'gr_chb': 0.00012, 'm_yri_ooa': 0.0, 'm_yri_ceu': 1e-05, 'm_yri_chb': 1e-05, 'm_ceu_chb': 0.0} -67525.36249887431
x_down: {'t1': 1.70839, 't2': 2.35338, 't3': 95.15226, 'N_anc': 478.78884, 'N_yri': 359.74093, 'N_ooa': 904.92626, 'N_ceu': 313.56476, 'N_chb': 299.36255, 'gr_ceu': 0.00012, 'gr_chb': 0.00012, 'm_yri_ooa': 0.0, 'm_yri_ceu': 1e-05, 'm_yri_chb': 1e-05, 'm_ceu_chb': 0.0} -67527.12572243295
 
 
x_up: {'t1': 1.70839, 't2': 2.35338, 't3': 95.15226, 'N_anc': 478.78884, 'N_yri': 359.74093, 'N_ooa': 904.92626, 'N_ceu': 330.88082, 'N_chb': 313.38023, 'gr_ceu': 0.00012, 'gr_chb': 0.00012, 'm_yri_ooa': 0.0, 'm_yri_ceu': 1e-05, 'm_yri_chb': 1e-05, 'm_ceu_chb': 0.0} -67525.13544328461
x: {'t1': 1.70839, 't2': 2.35338, 't3': 95.15226, 'N_anc': 478.78884, 'N_yri': 359.74093, 'N_ooa': 904.92626, 'N_ceu': 330.88082, 'N_chb': 299.36255, 'gr_ceu': 0.00012, 'gr_chb': 0.00012, 'm_yri_ooa': 0.0, 'm_yri_ceu': 1e-05, 'm_yri_chb': 1e-05, 'm_ceu_chb': 0.0} -67525.36249887431
x_down: {'t1': 1.70839, 't2': 2.35338, 't3': 95.15226, 'N_anc': 478.78884, 'N_yri': 359.74093, 'N_ooa': 904.92626, 'N_ceu': 330.88082, 'N_chb': 285.34487, 'gr_ceu': 0.00012, 'gr_chb': 0.00012, 'm_yri_ooa': 0.0, 'm_yri_ceu': 1e-05, 'm_yri_chb': 1e-05, 'm_ceu_chb': 0.0} -67527.51861321105
 
 
x_up: {'t1': 1.70839, 't2': 2.35338, 't3': 95.15226, 'N_anc': 478.78884, 'N_yri': 359.74093, 'N_ooa': 904.92626, 'N_ceu': 330.88082, 'N_chb': 313.38023, 'gr_ceu': 0.00018, 'gr_chb': 0.00012, 'm_yri_ooa': 0.0, 'm_yri_ceu': 1e-05, 'm_yri_chb': 1e-05, 'm_ceu_chb': 0.0} -67525.13930538006
x: {'t1': 1.70839, 't2': 2.35338, 't3': 95.15226, 'N_anc': 478.78884, 'N_yri': 359.74093, 'N_ooa': 904.92626, 'N_ceu': 330.88082, 'N_chb': 313.38023, 'gr_ceu': 0.00012, 'gr_chb': 0.00012, 'm_yri_ooa': 0.0, 'm_yri_ceu': 1e-05, 'm_yri_chb': 1e-05, 'm_ceu_chb': 0.0} -67525.13544328461
x_down: {'t1': 1.70839, 't2': 2.35338, 't3': 95.15226, 'N_anc': 478.78884, 'N_yri': 359.74093, 'N_ooa': 904.92626, 'N_ceu': 330.88082, 'N_chb': 313.38023, 'gr_ceu': 6e-05, 'gr_chb': 0.00012, 'm_yri_ooa': 0.0, 'm_yri_ceu': 1e-05, 'm_yri_chb': 1e-05, 'm_ceu_chb': 0.0} -67525.13158457134
 
 
x_up: {'t1': 1.70839, 't2': 2.35338, 't3': 95.15226, 'N_anc': 478.78884, 'N_yri': 359.74093, 'N_ooa': 904.92626, 'N_ceu': 330.88082, 'N_chb': 313.38023, 'gr_ceu': 6e-05, 'gr_chb': 0.00018, 'm_yri_ooa': 0.0, 'm_yri_ceu': 1e-05, 'm_yri_chb': 1e-05, 'm_ceu_chb': 0.0} -67525.13580154523
x: {'t1': 1.70839, 't2': 2.35338, 't3': 95.15226, 'N_anc': 478.78884, 'N_yri': 359.74093, 'N_ooa': 904.92626, 'N_ceu': 330.88082, 'N_chb': 313.38023, 'gr_ceu': 6e-05, 'gr_chb': 0.00012, 'm_yri_ooa': 0.0, 'm_yri_ceu': 1e-05, 'm_yri_chb': 1e-05, 'm_ceu_chb': 0.0} -67525.13158457134
x_down: {'t1': 1.70839, 't2': 2.35338, 't3': 95.15226, 'N_anc': 478.78884, 'N_yri': 359.74093, 'N_ooa': 904.92626, 'N_ceu': 330.88082, 'N_chb': 313.38023, 'gr_ceu': 6e-05, 'gr_chb': 6e-05, 'm_yri_ooa': 0.0, 'm_yri_ceu': 1e-05, 'm_yri_chb': 1e-05, 'm_ceu_chb': 0.0} -67525.12737123237
 
 
x_up: {'t1': 1.70839, 't2': 2.35338, 't3': 95.15226, 'N_anc': 478.78884, 'N_yri': 359.74093, 'N_ooa': 904.92626, 'N_ceu': 330.88082, 'N_chb': 313.38023, 'gr_ceu': 6e-05, 'gr_chb': 6e-05, 'm_yri_ooa': 0.0, 'm_yri_ceu': 1e-05, 'm_yri_chb': 1e-05, 'm_ceu_chb': 0.0} -67525.12737123237
x: {'t1': 1.70839, 't2': 2.35338, 't3': 95.15226, 'N_anc': 478.78884, 'N_yri': 359.74093, 'N_ooa': 904.92626, 'N_ceu': 330.88082, 'N_chb': 313.38023, 'gr_ceu': 6e-05, 'gr_chb': 6e-05, 'm_yri_ooa': 0.0, 'm_yri_ceu': 1e-05, 'm_yri_chb': 1e-05, 'm_ceu_chb': 0.0} -67525.12737123237
x_down: {'t1': 1.70839, 't2': 2.35338, 't3': 95.15226, 'N_anc': 478.78884, 'N_yri': 359.74093, 'N_ooa': 904.92626, 'N_ceu': 330.88082, 'N_chb': 313.38023, 'gr_ceu': 6e-05, 'gr_chb': 6e-05, 'm_yri_ooa': 1e-05, 'm_yri_ceu': 1e-05, 'm_yri_chb': 1e-05, 'm_ceu_chb': 0.0} -67525.13161981644
 
 
x_up: {'t1': 1.70839, 't2': 2.35338, 't3': 95.15226, 'N_anc': 478.78884, 'N_yri': 359.74093, 'N_ooa': 904.92626, 'N_ceu': 330.88082, 'N_chb': 313.38023, 'gr_ceu': 6e-05, 'gr_chb': 6e-05, 'm_yri_ooa': 0.0, 'm_yri_ceu': 0.0, 'm_yri_chb': 1e-05, 'm_ceu_chb': 0.0} -67525.12737123248
x: {'t1': 1.70839, 't2': 2.35338, 't3': 95.15226, 'N_anc': 478.78884, 'N_yri': 359.74093, 'N_ooa': 904.92626, 'N_ceu': 330.88082, 'N_chb': 313.38023, 'gr_ceu': 6e-05, 'gr_chb': 6e-05, 'm_yri_ooa': 0.0, 'm_yri_ceu': 1e-05, 'm_yri_chb': 1e-05, 'm_ceu_chb': 0.0} -67525.12737123237
x_down: {'t1': 1.70839, 't2': 2.35338, 't3': 95.15226, 'N_anc': 478.78884, 'N_yri': 359.74093, 'N_ooa': 904.92626, 'N_ceu': 330.88082, 'N_chb': 313.38023, 'gr_ceu': 6e-05, 'gr_chb': 6e-05, 'm_yri_ooa': 0.0, 'm_yri_ceu': 1e-05, 'm_yri_chb': 1e-05, 'm_ceu_chb': 0.0} -67525.12737123237
 
 
x_up: {'t1': 1.70839, 't2': 2.35338, 't3': 95.15226, 'N_anc': 478.78884, 'N_yri': 359.74093, 'N_ooa': 904.92626, 'N_ceu': 330.88082, 'N_chb': 313.38023, 'gr_ceu': 6e-05, 'gr_chb': 6e-05, 'm_yri_ooa': 0.0, 'm_yri_ceu': 1e-05, 'm_yri_chb': 0.0, 'm_ceu_chb': 0.0} -67525.12737123301
x: {'t1': 1.70839, 't2': 2.35338, 't3': 95.15226, 'N_anc': 478.78884, 'N_yri': 359.74093, 'N_ooa': 904.92626, 'N_ceu': 330.88082, 'N_chb': 313.38023, 'gr_ceu': 6e-05, 'gr_chb': 6e-05, 'm_yri_ooa': 0.0, 'm_yri_ceu': 1e-05, 'm_yri_chb': 1e-05, 'm_ceu_chb': 0.0} -67525.12737123237
x_down: {'t1': 1.70839, 't2': 2.35338, 't3': 95.15226, 'N_anc': 478.78884, 'N_yri': 359.74093, 'N_ooa': 904.92626, 'N_ceu': 330.88082, 'N_chb': 313.38023, 'gr_ceu': 6e-05, 'gr_chb': 6e-05, 'm_yri_ooa': 0.0, 'm_yri_ceu': 1e-05, 'm_yri_chb': 1e-05, 'm_ceu_chb': 0.0} -67525.12737123237
 
 
x_up: {'t1': 1.70839, 't2': 2.35338, 't3': 95.15226, 'N_anc': 478.78884, 'N_yri': 359.74093, 'N_ooa': 904.92626, 'N_ceu': 330.88082, 'N_chb': 313.38023, 'gr_ceu': 6e-05, 'gr_chb': 6e-05, 'm_yri_ooa': 0.0, 'm_yri_ceu': 1e-05, 'm_yri_chb': 1e-05, 'm_ceu_chb': 0.0} -67525.12737123237
x: {'t1': 1.70839, 't2': 2.35338, 't3': 95.15226, 'N_anc': 478.78884, 'N_yri': 359.74093, 'N_ooa': 904.92626, 'N_ceu': 330.88082, 'N_chb': 313.38023, 'gr_ceu': 6e-05, 'gr_chb': 6e-05, 'm_yri_ooa': 0.0, 'm_yri_ceu': 1e-05, 'm_yri_chb': 1e-05, 'm_ceu_chb': 0.0} -67525.12737123237
x_down: {'t1': 1.70839, 't2': 2.35338, 't3': 95.15226, 'N_anc': 478.78884, 'N_yri': 359.74093, 'N_ooa': 904.92626, 'N_ceu': 330.88082, 'N_chb': 313.38023, 'gr_ceu': 6e-05, 'gr_chb': 6e-05, 'm_yri_ooa': 0.0, 'm_yri_ceu': 1e-05, 'm_yri_chb': 1e-05, 'm_ceu_chb': 1e-05} -67525.12737123221
 
{'t1': 1.70839, 't2': 2.35338, 't3': 95.15226, 'N_anc': 478.78884, 'N_yri': 359.74093, 'N_ooa': 904.92626, 'N_ceu': 330.88082, 'N_chb': 313.38023, 'gr_ceu': 6e-05, 'gr_chb': 6e-05, 'm_yri_ooa': 0.0, 'm_yri_ceu': 1e-05, 'm_yri_chb': 1e-05, 'm_ceu_chb': 1e-05} -67525.12737123221
 
x_up: {'t1': 1.79909, 't2': 2.35338, 't3': 95.15226, 'N_anc': 478.78884, 'N_yri': 359.74093, 'N_ooa': 904.92626, 'N_ceu': 330.88082, 'N_chb': 313.38023, 'gr_ceu': 6e-05, 'gr_chb': 6e-05, 'm_yri_ooa': 0.0, 'm_yri_ceu': 1e-05, 'm_yri_chb': 1e-05, 'm_ceu_chb': 1e-05} -67533.26855285645
x: {'t1': 1.70839, 't2': 2.35338, 't3': 95.15226, 'N_anc': 478.78884, 'N_yri': 359.74093, 'N_ooa': 904.92626, 'N_ceu': 330.88082, 'N_chb': 313.38023, 'gr_ceu': 6e-05, 'gr_chb': 6e-05, 'm_yri_ooa': 0.0, 'm_yri_ceu': 1e-05, 'm_yri_chb': 1e-05, 'm_ceu_chb': 1e-05} -67525.12737123221
x_down: {'t1': 1.61769, 't2': 2.35338, 't3': 95.15226, 'N_anc': 478.78884, 'N_yri': 359.74093, 'N_ooa': 904.92626, 'N_ceu': 330.88082, 'N_chb': 313.38023, 'gr_ceu': 6e-05, 'gr_chb': 6e-05, 'm_yri_ooa': 0.0, 'm_yri_ceu': 1e-05, 'm_yri_chb': 1e-05, 'm_ceu_chb': 1e-05} -67545.48543962746
 
 
x_up: {'t1': 1.70839, 't2': 2.40175, 't3': 95.15226, 'N_anc': 478.78884, 'N_yri': 359.74093, 'N_ooa': 904.92626, 'N_ceu': 330.88082, 'N_chb': 313.38023, 'gr_ceu': 6e-05, 'gr_chb': 6e-05, 'm_yri_ooa': 0.0, 'm_yri_ceu': 1e-05, 'm_yri_chb': 1e-05, 'm_ceu_chb': 1e-05} -67548.30044481679
x: {'t1': 1.70839, 't2': 2.35338, 't3': 95.15226, 'N_anc': 478.78884, 'N_yri': 359.74093, 'N_ooa': 904.92626, 'N_ceu': 330.88082, 'N_chb': 313.38023, 'gr_ceu': 6e-05, 'gr_chb': 6e-05, 'm_yri_ooa': 0.0, 'm_yri_ceu': 1e-05, 'm_yri_chb': 1e-05, 'm_ceu_chb': 1e-05} -67525.12737123221
x_down: {'t1': 1.70839, 't2': 2.30501, 't3': 95.15226, 'N_anc': 478.78884, 'N_yri': 359.74093, 'N_ooa': 904.92626, 'N_ceu': 330.88082, 'N_chb': 313.38023, 'gr_ceu': 6e-05, 'gr_chb': 6e-05, 'm_yri_ooa': 0.0, 'm_yri_ceu': 1e-05, 'm_yri_chb': 1e-05, 'm_ceu_chb': 1e-05} -67557.712911783
 
 
x_up: {'t1': 1.70839, 't2': 2.35338, 't3': 99.7922, 'N_anc': 478.78884, 'N_yri': 359.74093, 'N_ooa': 904.92626, 'N_ceu': 330.88082, 'N_chb': 313.38023, 'gr_ceu': 6e-05, 'gr_chb': 6e-05, 'm_yri_ooa': 0.0, 'm_yri_ceu': 1e-05, 'm_yri_chb': 1e-05, 'm_ceu_chb': 1e-05} -67527.4370627219
x: {'t1': 1.70839, 't2': 2.35338, 't3': 95.15226, 'N_anc': 478.78884, 'N_yri': 359.74093, 'N_ooa': 904.92626, 'N_ceu': 330.88082, 'N_chb': 313.38023, 'gr_ceu': 6e-05, 'gr_chb': 6e-05, 'm_yri_ooa': 0.0, 'm_yri_ceu': 1e-05, 'm_yri_chb': 1e-05, 'm_ceu_chb': 1e-05} -67525.12737123221
x_down: {'t1': 1.70839, 't2': 2.35338, 't3': 90.51232, 'N_anc': 478.78884, 'N_yri': 359.74093, 'N_ooa': 904.92626, 'N_ceu': 330.88082, 'N_chb': 313.38023, 'gr_ceu': 6e-05, 'gr_chb': 6e-05, 'm_yri_ooa': 0.0, 'm_yri_ceu': 1e-05, 'm_yri_chb': 1e-05, 'm_ceu_chb': 1e-05} -67530.7148294258
 
 
x_up: {'t1': 1.70839, 't2': 2.35338, 't3': 95.15226, 'N_anc': 507.198, 'N_yri': 359.74093, 'N_ooa': 904.92626, 'N_ceu': 330.88082, 'N_chb': 313.38023, 'gr_ceu': 6e-05, 'gr_chb': 6e-05, 'm_yri_ooa': 0.0, 'm_yri_ceu': 1e-05, 'm_yri_chb': 1e-05, 'm_ceu_chb': 1e-05} -67525.26756054089
x: {'t1': 1.70839, 't2': 2.35338, 't3': 95.15226, 'N_anc': 478.78884, 'N_yri': 359.74093, 'N_ooa': 904.92626, 'N_ceu': 330.88082, 'N_chb': 313.38023, 'gr_ceu': 6e-05, 'gr_chb': 6e-05, 'm_yri_ooa': 0.0, 'm_yri_ceu': 1e-05, 'm_yri_chb': 1e-05, 'm_ceu_chb': 1e-05} -67525.12737123221
x_down: {'t1': 1.70839, 't2': 2.35338, 't3': 95.15226, 'N_anc': 450.37968, 'N_yri': 359.74093, 'N_ooa': 904.92626, 'N_ceu': 330.88082, 'N_chb': 313.38023, 'gr_ceu': 6e-05, 'gr_chb': 6e-05, 'm_yri_ooa': 0.0, 'm_yri_ceu': 1e-05, 'm_yri_chb': 1e-05, 'm_ceu_chb': 1e-05} -67525.66980674246
 
 
x_up: {'t1': 1.70839, 't2': 2.35338, 't3': 95.15226, 'N_anc': 478.78884, 'N_yri': 379.2215, 'N_ooa': 904.92626, 'N_ceu': 330.88082, 'N_chb': 313.38023, 'gr_ceu': 6e-05, 'gr_chb': 6e-05, 'm_yri_ooa': 0.0, 'm_yri_ceu': 1e-05, 'm_yri_chb': 1e-05, 'm_ceu_chb': 1e-05} -67529.09715462508
x: {'t1': 1.70839, 't2': 2.35338, 't3': 95.15226, 'N_anc': 478.78884, 'N_yri': 359.74093, 'N_ooa': 904.92626, 'N_ceu': 330.88082, 'N_chb': 313.38023, 'gr_ceu': 6e-05, 'gr_chb': 6e-05, 'm_yri_ooa': 0.0, 'm_yri_ceu': 1e-05, 'm_yri_chb': 1e-05, 'm_ceu_chb': 1e-05} -67525.12737123221
x_down: {'t1': 1.70839, 't2': 2.35338, 't3': 95.15226, 'N_anc': 478.78884, 'N_yri': 340.26036, 'N_ooa': 904.92626, 'N_ceu': 330.88082, 'N_chb': 313.38023, 'gr_ceu': 6e-05, 'gr_chb': 6e-05, 'm_yri_ooa': 0.0, 'm_yri_ceu': 1e-05, 'm_yri_chb': 1e-05, 'm_ceu_chb': 1e-05} -67527.58298569424
 
 
x_up: {'t1': 1.70839, 't2': 2.35338, 't3': 95.15226, 'N_anc': 478.78884, 'N_yri': 359.74093, 'N_ooa': 945.17257, 'N_ceu': 330.88082, 'N_chb': 313.38023, 'gr_ceu': 6e-05, 'gr_chb': 6e-05, 'm_yri_ooa': 0.0, 'm_yri_ceu': 1e-05, 'm_yri_chb': 1e-05, 'm_ceu_chb': 1e-05} -67532.67939689182
x: {'t1': 1.70839, 't2': 2.35338, 't3': 95.15226, 'N_anc': 478.78884, 'N_yri': 359.74093, 'N_ooa': 904.92626, 'N_ceu': 330.88082, 'N_chb': 313.38023, 'gr_ceu': 6e-05, 'gr_chb': 6e-05, 'm_yri_ooa': 0.0, 'm_yri_ceu': 1e-05, 'm_yri_chb': 1e-05, 'm_ceu_chb': 1e-05} -67525.12737123221
x_down: {'t1': 1.70839, 't2': 2.35338, 't3': 95.15226, 'N_anc': 478.78884, 'N_yri': 359.74093, 'N_ooa': 864.67995, 'N_ceu': 330.88082, 'N_chb': 313.38023, 'gr_ceu': 6e-05, 'gr_chb': 6e-05, 'm_yri_ooa': 0.0, 'm_yri_ceu': 1e-05, 'm_yri_chb': 1e-05, 'm_ceu_chb': 1e-05} -67532.17535866919
 
 
x_up: {'t1': 1.70839, 't2': 2.35338, 't3': 95.15226, 'N_anc': 478.78884, 'N_yri': 359.74093, 'N_ooa': 904.92626, 'N_ceu': 342.42486, 'N_chb': 313.38023, 'gr_ceu': 6e-05, 'gr_chb': 6e-05, 'm_yri_ooa': 0.0, 'm_yri_ceu': 1e-05, 'm_yri_chb': 1e-05, 'm_ceu_chb': 1e-05} -67526.2043872418
x: {'t1': 1.70839, 't2': 2.35338, 't3': 95.15226, 'N_anc': 478.78884, 'N_yri': 359.74093, 'N_ooa': 904.92626, 'N_ceu': 330.88082, 'N_chb': 313.38023, 'gr_ceu': 6e-05, 'gr_chb': 6e-05, 'm_yri_ooa': 0.0, 'm_yri_ceu': 1e-05, 'm_yri_chb': 1e-05, 'm_ceu_chb': 1e-05} -67525.12737123221
x_down: {'t1': 1.70839, 't2': 2.35338, 't3': 95.15226, 'N_anc': 478.78884, 'N_yri': 359.74093, 'N_ooa': 904.92626, 'N_ceu': 319.33678, 'N_chb': 313.38023, 'gr_ceu': 6e-05, 'gr_chb': 6e-05, 'm_yri_ooa': 0.0, 'm_yri_ceu': 1e-05, 'm_yri_chb': 1e-05, 'm_ceu_chb': 1e-05} -67525.04109391531
 
 
x_up: {'t1': 1.70839, 't2': 2.35338, 't3': 95.15226, 'N_anc': 478.78884, 'N_yri': 359.74093, 'N_ooa': 904.92626, 'N_ceu': 319.33678, 'N_chb': 335.88518, 'gr_ceu': 6e-05, 'gr_chb': 6e-05, 'm_yri_ooa': 0.0, 'm_yri_ceu': 1e-05, 'm_yri_chb': 1e-05, 'm_ceu_chb': 1e-05} -67526.73990722653
x: {'t1': 1.70839, 't2': 2.35338, 't3': 95.15226, 'N_anc': 478.78884, 'N_yri': 359.74093, 'N_ooa': 904.92626, 'N_ceu': 319.33678, 'N_chb': 313.38023, 'gr_ceu': 6e-05, 'gr_chb': 6e-05, 'm_yri_ooa': 0.0, 'm_yri_ceu': 1e-05, 'm_yri_chb': 1e-05, 'm_ceu_chb': 1e-05} -67525.04109391531
x_down: {'t1': 1.70839, 't2': 2.35338, 't3': 95.15226, 'N_anc': 478.78884, 'N_yri': 359.74093, 'N_ooa': 904.92626, 'N_ceu': 319.33678, 'N_chb': 290.87528, 'gr_ceu': 6e-05, 'gr_chb': 6e-05, 'm_yri_ooa': 0.0, 'm_yri_ceu': 1e-05, 'm_yri_chb': 1e-05, 'm_ceu_chb': 1e-05} -67527.94112244957
 
 
x_up: {'t1': 1.70839, 't2': 2.35338, 't3': 95.15226, 'N_anc': 478.78884, 'N_yri': 359.74093, 'N_ooa': 904.92626, 'N_ceu': 319.33678, 'N_chb': 313.38023, 'gr_ceu': 9e-05, 'gr_chb': 6e-05, 'm_yri_ooa': 0.0, 'm_yri_ceu': 1e-05, 'm_yri_chb': 1e-05, 'm_ceu_chb': 1e-05} -67525.0421463871
x: {'t1': 1.70839, 't2': 2.35338, 't3': 95.15226, 'N_anc': 478.78884, 'N_yri': 359.74093, 'N_ooa': 904.92626, 'N_ceu': 319.33678, 'N_chb': 313.38023, 'gr_ceu': 6e-05, 'gr_chb': 6e-05, 'm_yri_ooa': 0.0, 'm_yri_ceu': 1e-05, 'm_yri_chb': 1e-05, 'm_ceu_chb': 1e-05} -67525.04109391531
x_down: {'t1': 1.70839, 't2': 2.35338, 't3': 95.15226, 'N_anc': 478.78884, 'N_yri': 359.74093, 'N_ooa': 904.92626, 'N_ceu': 319.33678, 'N_chb': 313.38023, 'gr_ceu': 3e-05, 'gr_chb': 6e-05, 'm_yri_ooa': 0.0, 'm_yri_ceu': 1e-05, 'm_yri_chb': 1e-05, 'm_ceu_chb': 1e-05} -67525.04004235474
 
 
x_up: {'t1': 1.70839, 't2': 2.35338, 't3': 95.15226, 'N_anc': 478.78884, 'N_yri': 359.74093, 'N_ooa': 904.92626, 'N_ceu': 319.33678, 'N_chb': 313.38023, 'gr_ceu': 3e-05, 'gr_chb': 9e-05, 'm_yri_ooa': 0.0, 'm_yri_ceu': 1e-05, 'm_yri_chb': 1e-05, 'm_ceu_chb': 1e-05} -67525.04150648431
x: {'t1': 1.70839, 't2': 2.35338, 't3': 95.15226, 'N_anc': 478.78884, 'N_yri': 359.74093, 'N_ooa': 904.92626, 'N_ceu': 319.33678, 'N_chb': 313.38023, 'gr_ceu': 3e-05, 'gr_chb': 6e-05, 'm_yri_ooa': 0.0, 'm_yri_ceu': 1e-05, 'm_yri_chb': 1e-05, 'm_ceu_chb': 1e-05} -67525.04004235474
x_down: {'t1': 1.70839, 't2': 2.35338, 't3': 95.15226, 'N_anc': 478.78884, 'N_yri': 359.74093, 'N_ooa': 904.92626, 'N_ceu': 319.33678, 'N_chb': 313.38023, 'gr_ceu': 3e-05, 'gr_chb': 3e-05, 'm_yri_ooa': 0.0, 'm_yri_ceu': 1e-05, 'm_yri_chb': 1e-05, 'm_ceu_chb': 1e-05} -67525.03857915984
 
 
x_up: {'t1': 1.70839, 't2': 2.35338, 't3': 95.15226, 'N_anc': 478.78884, 'N_yri': 359.74093, 'N_ooa': 904.92626, 'N_ceu': 319.33678, 'N_chb': 313.38023, 'gr_ceu': 3e-05, 'gr_chb': 3e-05, 'm_yri_ooa': 0.0, 'm_yri_ceu': 1e-05, 'm_yri_chb': 1e-05, 'm_ceu_chb': 1e-05} -67525.03857915984
x: {'t1': 1.70839, 't2': 2.35338, 't3': 95.15226, 'N_anc': 478.78884, 'N_yri': 359.74093, 'N_ooa': 904.92626, 'N_ceu': 319.33678, 'N_chb': 313.38023, 'gr_ceu': 3e-05, 'gr_chb': 3e-05, 'm_yri_ooa': 0.0, 'm_yri_ceu': 1e-05, 'm_yri_chb': 1e-05, 'm_ceu_chb': 1e-05} -67525.03857915984
x_down: {'t1': 1.70839, 't2': 2.35338, 't3': 95.15226, 'N_anc': 478.78884, 'N_yri': 359.74093, 'N_ooa': 904.92626, 'N_ceu': 319.33678, 'N_chb': 313.38023, 'gr_ceu': 3e-05, 'gr_chb': 3e-05, 'm_yri_ooa': 1e-05, 'm_yri_ceu': 1e-05, 'm_yri_chb': 1e-05, 'm_ceu_chb': 1e-05} -67525.04243133595
 
 
x_up: {'t1': 1.70839, 't2': 2.35338, 't3': 95.15226, 'N_anc': 478.78884, 'N_yri': 359.74093, 'N_ooa': 904.92626, 'N_ceu': 319.33678, 'N_chb': 313.38023, 'gr_ceu': 3e-05, 'gr_chb': 3e-05, 'm_yri_ooa': 0.0, 'm_yri_ceu': 0.0, 'm_yri_chb': 1e-05, 'm_ceu_chb': 1e-05} -67525.03857916036
x: {'t1': 1.70839, 't2': 2.35338, 't3': 95.15226, 'N_anc': 478.78884, 'N_yri': 359.74093, 'N_ooa': 904.92626, 'N_ceu': 319.33678, 'N_chb': 313.38023, 'gr_ceu': 3e-05, 'gr_chb': 3e-05, 'm_yri_ooa': 0.0, 'm_yri_ceu': 1e-05, 'm_yri_chb': 1e-05, 'm_ceu_chb': 1e-05} -67525.03857915984
x_down: {'t1': 1.70839, 't2': 2.35338, 't3': 95.15226, 'N_anc': 478.78884, 'N_yri': 359.74093, 'N_ooa': 904.92626, 'N_ceu': 319.33678, 'N_chb': 313.38023, 'gr_ceu': 3e-05, 'gr_chb': 3e-05, 'm_yri_ooa': 0.0, 'm_yri_ceu': 1e-05, 'm_yri_chb': 1e-05, 'm_ceu_chb': 1e-05} -67525.03857915984
 
 
x_up: {'t1': 1.70839, 't2': 2.35338, 't3': 95.15226, 'N_anc': 478.78884, 'N_yri': 359.74093, 'N_ooa': 904.92626, 'N_ceu': 319.33678, 'N_chb': 313.38023, 'gr_ceu': 3e-05, 'gr_chb': 3e-05, 'm_yri_ooa': 0.0, 'm_yri_ceu': 1e-05, 'm_yri_chb': 0.0, 'm_ceu_chb': 1e-05} -67525.03857916061
x: {'t1': 1.70839, 't2': 2.35338, 't3': 95.15226, 'N_anc': 478.78884, 'N_yri': 359.74093, 'N_ooa': 904.92626, 'N_ceu': 319.33678, 'N_chb': 313.38023, 'gr_ceu': 3e-05, 'gr_chb': 3e-05, 'm_yri_ooa': 0.0, 'm_yri_ceu': 1e-05, 'm_yri_chb': 1e-05, 'm_ceu_chb': 1e-05} -67525.03857915984
x_down: {'t1': 1.70839, 't2': 2.35338, 't3': 95.15226, 'N_anc': 478.78884, 'N_yri': 359.74093, 'N_ooa': 904.92626, 'N_ceu': 319.33678, 'N_chb': 313.38023, 'gr_ceu': 3e-05, 'gr_chb': 3e-05, 'm_yri_ooa': 0.0, 'm_yri_ceu': 1e-05, 'm_yri_chb': 1e-05, 'm_ceu_chb': 1e-05} -67525.03857915984
 
 
x_up: {'t1': 1.70839, 't2': 2.35338, 't3': 95.15226, 'N_anc': 478.78884, 'N_yri': 359.74093, 'N_ooa': 904.92626, 'N_ceu': 319.33678, 'N_chb': 313.38023, 'gr_ceu': 3e-05, 'gr_chb': 3e-05, 'm_yri_ooa': 0.0, 'm_yri_ceu': 1e-05, 'm_yri_chb': 1e-05, 'm_ceu_chb': 0.0} -67525.03857915966
x: {'t1': 1.70839, 't2': 2.35338, 't3': 95.15226, 'N_anc': 478.78884, 'N_yri': 359.74093, 'N_ooa': 904.92626, 'N_ceu': 319.33678, 'N_chb': 313.38023, 'gr_ceu': 3e-05, 'gr_chb': 3e-05, 'm_yri_ooa': 0.0, 'm_yri_ceu': 1e-05, 'm_yri_chb': 1e-05, 'm_ceu_chb': 1e-05} -67525.03857915984
x_down: {'t1': 1.70839, 't2': 2.35338, 't3': 95.15226, 'N_anc': 478.78884, 'N_yri': 359.74093, 'N_ooa': 904.92626, 'N_ceu': 319.33678, 'N_chb': 313.38023, 'gr_ceu': 3e-05, 'gr_chb': 3e-05, 'm_yri_ooa': 0.0, 'm_yri_ceu': 1e-05, 'm_yri_chb': 1e-05, 'm_ceu_chb': 1e-05} -67525.03857915984
 
{'t1': 1.70839, 't2': 2.35338, 't3': 95.15226, 'N_anc': 478.78884, 'N_yri': 359.74093, 'N_ooa': 904.92626, 'N_ceu': 319.33678, 'N_chb': 313.38023, 'gr_ceu': 3e-05, 'gr_chb': 3e-05, 'm_yri_ooa': 0.0, 'm_yri_ceu': 1e-05, 'm_yri_chb': 1e-05, 'm_ceu_chb': 0.0} -67525.03857915966
 
x_up: {'t1': 1.75374, 't2': 2.35338, 't3': 95.15226, 'N_anc': 478.78884, 'N_yri': 359.74093, 'N_ooa': 904.92626, 'N_ceu': 319.33678, 'N_chb': 313.38023, 'gr_ceu': 3e-05, 'gr_chb': 3e-05, 'm_yri_ooa': 0.0, 'm_yri_ceu': 1e-05, 'm_yri_chb': 1e-05, 'm_ceu_chb': 0.0} -67531.83951592239
x: {'t1': 1.70839, 't2': 2.35338, 't3': 95.15226, 'N_anc': 478.78884, 'N_yri': 359.74093, 'N_ooa': 904.92626, 'N_ceu': 319.33678, 'N_chb': 313.38023, 'gr_ceu': 3e-05, 'gr_chb': 3e-05, 'm_yri_ooa': 0.0, 'm_yri_ceu': 1e-05, 'm_yri_chb': 1e-05, 'm_ceu_chb': 0.0} -67525.03857915966
x_down: {'t1': 1.66304, 't2': 2.35338, 't3': 95.15226, 'N_anc': 478.78884, 'N_yri': 359.74093, 'N_ooa': 904.92626, 'N_ceu': 319.33678, 'N_chb': 313.38023, 'gr_ceu': 3e-05, 'gr_chb': 3e-05, 'm_yri_ooa': 0.0, 'm_yri_ceu': 1e-05, 'm_yri_chb': 1e-05, 'm_ceu_chb': 0.0} -67533.65674659458
 
 
x_up: {'t1': 1.70839, 't2': 2.38563, 't3': 95.15226, 'N_anc': 478.78884, 'N_yri': 359.74093, 'N_ooa': 904.92626, 'N_ceu': 319.33678, 'N_chb': 313.38023, 'gr_ceu': 3e-05, 'gr_chb': 3e-05, 'm_yri_ooa': 0.0, 'm_yri_ceu': 1e-05, 'm_yri_chb': 1e-05, 'm_ceu_chb': 0.0} -67534.84915958867
x: {'t1': 1.70839, 't2': 2.35338, 't3': 95.15226, 'N_anc': 478.78884, 'N_yri': 359.74093, 'N_ooa': 904.92626, 'N_ceu': 319.33678, 'N_chb': 313.38023, 'gr_ceu': 3e-05, 'gr_chb': 3e-05, 'm_yri_ooa': 0.0, 'm_yri_ceu': 1e-05, 'm_yri_chb': 1e-05, 'm_ceu_chb': 0.0} -67525.03857915966
x_down: {'t1': 1.70839, 't2': 2.32113, 't3': 95.15226, 'N_anc': 478.78884, 'N_yri': 359.74093, 'N_ooa': 904.92626, 'N_ceu': 319.33678, 'N_chb': 313.38023, 'gr_ceu': 3e-05, 'gr_chb': 3e-05, 'm_yri_ooa': 0.0, 'm_yri_ceu': 1e-05, 'm_yri_chb': 1e-05, 'm_ceu_chb': 0.0} -67539.76024562136
 
 
x_up: {'t1': 1.70839, 't2': 2.35338, 't3': 99.7922, 'N_anc': 478.78884, 'N_yri': 359.74093, 'N_ooa': 904.92626, 'N_ceu': 319.33678, 'N_chb': 313.38023, 'gr_ceu': 3e-05, 'gr_chb': 3e-05, 'm_yri_ooa': 0.0, 'm_yri_ceu': 1e-05, 'm_yri_chb': 1e-05, 'm_ceu_chb': 0.0} -67527.34827064937
x: {'t1': 1.70839, 't2': 2.35338, 't3': 95.15226, 'N_anc': 478.78884, 'N_yri': 359.74093, 'N_ooa': 904.92626, 'N_ceu': 319.33678, 'N_chb': 313.38023, 'gr_ceu': 3e-05, 'gr_chb': 3e-05, 'm_yri_ooa': 0.0, 'm_yri_ceu': 1e-05, 'm_yri_chb': 1e-05, 'm_ceu_chb': 0.0} -67525.03857915966
x_down: {'t1': 1.70839, 't2': 2.35338, 't3': 90.51232, 'N_anc': 478.78884, 'N_yri': 359.74093, 'N_ooa': 904.92626, 'N_ceu': 319.33678, 'N_chb': 313.38023, 'gr_ceu': 3e-05, 'gr_chb': 3e-05, 'm_yri_ooa': 0.0, 'm_yri_ceu': 1e-05, 'm_yri_chb': 1e-05, 'm_ceu_chb': 0.0} -67530.62603735323
 
 
x_up: {'t1': 1.70839, 't2': 2.35338, 't3': 95.15226, 'N_anc': 497.72828, 'N_yri': 359.74093, 'N_ooa': 904.92626, 'N_ceu': 319.33678, 'N_chb': 313.38023, 'gr_ceu': 3e-05, 'gr_chb': 3e-05, 'm_yri_ooa': 0.0, 'm_yri_ceu': 1e-05, 'm_yri_chb': 1e-05, 'm_ceu_chb': 0.0} -67525.06568401413
x: {'t1': 1.70839, 't2': 2.35338, 't3': 95.15226, 'N_anc': 478.78884, 'N_yri': 359.74093, 'N_ooa': 904.92626, 'N_ceu': 319.33678, 'N_chb': 313.38023, 'gr_ceu': 3e-05, 'gr_chb': 3e-05, 'm_yri_ooa': 0.0, 'm_yri_ceu': 1e-05, 'm_yri_chb': 1e-05, 'm_ceu_chb': 0.0} -67525.03857915966
x_down: {'t1': 1.70839, 't2': 2.35338, 't3': 95.15226, 'N_anc': 459.8494, 'N_yri': 359.74093, 'N_ooa': 904.92626, 'N_ceu': 319.33678, 'N_chb': 313.38023, 'gr_ceu': 3e-05, 'gr_chb': 3e-05, 'm_yri_ooa': 0.0, 'm_yri_ceu': 1e-05, 'm_yri_chb': 1e-05, 'm_ceu_chb': 0.0} -67525.31398167361
 
 
x_up: {'t1': 1.70839, 't2': 2.35338, 't3': 95.15226, 'N_anc': 478.78884, 'N_yri': 372.72798, 'N_ooa': 904.92626, 'N_ceu': 319.33678, 'N_chb': 313.38023, 'gr_ceu': 3e-05, 'gr_chb': 3e-05, 'm_yri_ooa': 0.0, 'm_yri_ceu': 1e-05, 'm_yri_chb': 1e-05, 'm_ceu_chb': 0.0} -67530.6220932334
x: {'t1': 1.70839, 't2': 2.35338, 't3': 95.15226, 'N_anc': 478.78884, 'N_yri': 359.74093, 'N_ooa': 904.92626, 'N_ceu': 319.33678, 'N_chb': 313.38023, 'gr_ceu': 3e-05, 'gr_chb': 3e-05, 'm_yri_ooa': 0.0, 'm_yri_ceu': 1e-05, 'm_yri_chb': 1e-05, 'm_ceu_chb': 0.0} -67525.03857915966
x_down: {'t1': 1.70839, 't2': 2.35338, 't3': 95.15226, 'N_anc': 478.78884, 'N_yri': 346.75388, 'N_ooa': 904.92626, 'N_ceu': 319.33678, 'N_chb': 313.38023, 'gr_ceu': 3e-05, 'gr_chb': 3e-05, 'm_yri_ooa': 0.0, 'm_yri_ceu': 1e-05, 'm_yri_chb': 1e-05, 'm_ceu_chb': 0.0} -67526.40509295167
 
 
x_up: {'t1': 1.70839, 't2': 2.35338, 't3': 95.15226, 'N_anc': 478.78884, 'N_yri': 359.74093, 'N_ooa': 945.17257, 'N_ceu': 319.33678, 'N_chb': 313.38023, 'gr_ceu': 3e-05, 'gr_chb': 3e-05, 'm_yri_ooa': 0.0, 'm_yri_ceu': 1e-05, 'm_yri_chb': 1e-05, 'm_ceu_chb': 0.0} -67532.36386921605
x: {'t1': 1.70839, 't2': 2.35338, 't3': 95.15226, 'N_anc': 478.78884, 'N_yri': 359.74093, 'N_ooa': 904.92626, 'N_ceu': 319.33678, 'N_chb': 313.38023, 'gr_ceu': 3e-05, 'gr_chb': 3e-05, 'm_yri_ooa': 0.0, 'm_yri_ceu': 1e-05, 'm_yri_chb': 1e-05, 'm_ceu_chb': 0.0} -67525.03857915966
x_down: {'t1': 1.70839, 't2': 2.35338, 't3': 95.15226, 'N_anc': 478.78884, 'N_yri': 359.74093, 'N_ooa': 864.67995, 'N_ceu': 319.33678, 'N_chb': 313.38023, 'gr_ceu': 3e-05, 'gr_chb': 3e-05, 'm_yri_ooa': 0.0, 'm_yri_ceu': 1e-05, 'm_yri_chb': 1e-05, 'm_ceu_chb': 0.0} -67531.5844082221
 
 
x_up: {'t1': 1.70839, 't2': 2.35338, 't3': 95.15226, 'N_anc': 478.78884, 'N_yri': 359.74093, 'N_ooa': 904.92626, 'N_ceu': 335.78704, 'N_chb': 313.38023, 'gr_ceu': 3e-05, 'gr_chb': 3e-05, 'm_yri_ooa': 0.0, 'm_yri_ceu': 1e-05, 'm_yri_chb': 1e-05, 'm_ceu_chb': 0.0} -67525.46837914576
x: {'t1': 1.70839, 't2': 2.35338, 't3': 95.15226, 'N_anc': 478.78884, 'N_yri': 359.74093, 'N_ooa': 904.92626, 'N_ceu': 319.33678, 'N_chb': 313.38023, 'gr_ceu': 3e-05, 'gr_chb': 3e-05, 'm_yri_ooa': 0.0, 'm_yri_ceu': 1e-05, 'm_yri_chb': 1e-05, 'm_ceu_chb': 0.0} -67525.03857915966
x_down: {'t1': 1.70839, 't2': 2.35338, 't3': 95.15226, 'N_anc': 478.78884, 'N_yri': 359.74093, 'N_ooa': 904.92626, 'N_ceu': 302.88652, 'N_chb': 313.38023, 'gr_ceu': 3e-05, 'gr_chb': 3e-05, 'm_yri_ooa': 0.0, 'm_yri_ceu': 1e-05, 'm_yri_chb': 1e-05, 'm_ceu_chb': 0.0} -67526.95010401863
 
 
x_up: {'t1': 1.70839, 't2': 2.35338, 't3': 95.15226, 'N_anc': 478.78884, 'N_yri': 359.74093, 'N_ooa': 904.92626, 'N_ceu': 319.33678, 'N_chb': 324.6327, 'gr_ceu': 3e-05, 'gr_chb': 3e-05, 'm_yri_ooa': 0.0, 'm_yri_ceu': 1e-05, 'm_yri_chb': 1e-05, 'm_ceu_chb': 0.0} -67525.37118838713
x: {'t1': 1.70839, 't2': 2.35338, 't3': 95.15226, 'N_anc': 478.78884, 'N_yri': 359.74093, 'N_ooa': 904.92626, 'N_ceu': 319.33678, 'N_chb': 313.38023, 'gr_ceu': 3e-05, 'gr_chb': 3e-05, 'm_yri_ooa': 0.0, 'm_yri_ceu': 1e-05, 'm_yri_chb': 1e-05, 'm_ceu_chb': 0.0} -67525.03857915966
x_down: {'t1': 1.70839, 't2': 2.35338, 't3': 95.15226, 'N_anc': 478.78884, 'N_yri': 359.74093, 'N_ooa': 904.92626, 'N_ceu': 319.33678, 'N_chb': 302.12776, 'gr_ceu': 3e-05, 'gr_chb': 3e-05, 'm_yri_ooa': 0.0, 'm_yri_ceu': 1e-05, 'm_yri_chb': 1e-05, 'm_ceu_chb': 0.0} -67525.85927283268
 
 
x_up: {'t1': 1.70839, 't2': 2.35338, 't3': 95.15226, 'N_anc': 478.78884, 'N_yri': 359.74093, 'N_ooa': 904.92626, 'N_ceu': 319.33678, 'N_chb': 313.38023, 'gr_ceu': 5e-05, 'gr_chb': 3e-05, 'm_yri_ooa': 0.0, 'm_yri_ceu': 1e-05, 'm_yri_chb': 1e-05, 'm_ceu_chb': 0.0} -67525.03927963175
x: {'t1': 1.70839, 't2': 2.35338, 't3': 95.15226, 'N_anc': 478.78884, 'N_yri': 359.74093, 'N_ooa': 904.92626, 'N_ceu': 319.33678, 'N_chb': 313.38023, 'gr_ceu': 3e-05, 'gr_chb': 3e-05, 'm_yri_ooa': 0.0, 'm_yri_ceu': 1e-05, 'm_yri_chb': 1e-05, 'm_ceu_chb': 0.0} -67525.03857915966
x_down: {'t1': 1.70839, 't2': 2.35338, 't3': 95.15226, 'N_anc': 478.78884, 'N_yri': 359.74093, 'N_ooa': 904.92626, 'N_ceu': 319.33678, 'N_chb': 313.38023, 'gr_ceu': 2e-05, 'gr_chb': 3e-05, 'm_yri_ooa': 0.0, 'm_yri_ceu': 1e-05, 'm_yri_chb': 1e-05, 'm_ceu_chb': 0.0} -67525.03822908692
 
 
x_up: {'t1': 1.70839, 't2': 2.35338, 't3': 95.15226, 'N_anc': 478.78884, 'N_yri': 359.74093, 'N_ooa': 904.92626, 'N_ceu': 319.33678, 'N_chb': 313.38023, 'gr_ceu': 2e-05, 'gr_chb': 5e-05, 'm_yri_ooa': 0.0, 'm_yri_ceu': 1e-05, 'm_yri_chb': 1e-05, 'm_ceu_chb': 0.0} -67525.03920427748
x: {'t1': 1.70839, 't2': 2.35338, 't3': 95.15226, 'N_anc': 478.78884, 'N_yri': 359.74093, 'N_ooa': 904.92626, 'N_ceu': 319.33678, 'N_chb': 313.38023, 'gr_ceu': 2e-05, 'gr_chb': 3e-05, 'm_yri_ooa': 0.0, 'm_yri_ceu': 1e-05, 'm_yri_chb': 1e-05, 'm_ceu_chb': 0.0} -67525.03822908692
x_down: {'t1': 1.70839, 't2': 2.35338, 't3': 95.15226, 'N_anc': 478.78884, 'N_yri': 359.74093, 'N_ooa': 904.92626, 'N_ceu': 319.33678, 'N_chb': 313.38023, 'gr_ceu': 2e-05, 'gr_chb': 2e-05, 'm_yri_ooa': 0.0, 'm_yri_ceu': 1e-05, 'm_yri_chb': 1e-05, 'm_ceu_chb': 0.0} -67525.03774162676
 
 
x_up: {'t1': 1.70839, 't2': 2.35338, 't3': 95.15226, 'N_anc': 478.78884, 'N_yri': 359.74093, 'N_ooa': 904.92626, 'N_ceu': 319.33678, 'N_chb': 313.38023, 'gr_ceu': 2e-05, 'gr_chb': 2e-05, 'm_yri_ooa': 0.0, 'm_yri_ceu': 1e-05, 'm_yri_chb': 1e-05, 'm_ceu_chb': 0.0} -67525.03774162676
x: {'t1': 1.70839, 't2': 2.35338, 't3': 95.15226, 'N_anc': 478.78884, 'N_yri': 359.74093, 'N_ooa': 904.92626, 'N_ceu': 319.33678, 'N_chb': 313.38023, 'gr_ceu': 2e-05, 'gr_chb': 2e-05, 'm_yri_ooa': 0.0, 'm_yri_ceu': 1e-05, 'm_yri_chb': 1e-05, 'm_ceu_chb': 0.0} -67525.03774162676
x_down: {'t1': 1.70839, 't2': 2.35338, 't3': 95.15226, 'N_anc': 478.78884, 'N_yri': 359.74093, 'N_ooa': 904.92626, 'N_ceu': 319.33678, 'N_chb': 313.38023, 'gr_ceu': 2e-05, 'gr_chb': 2e-05, 'm_yri_ooa': 1e-05, 'm_yri_ceu': 1e-05, 'm_yri_chb': 1e-05, 'm_ceu_chb': 0.0} -67525.04159412853
 
 
x_up: {'t1': 1.70839, 't2': 2.35338, 't3': 95.15226, 'N_anc': 478.78884, 'N_yri': 359.74093, 'N_ooa': 904.92626, 'N_ceu': 319.33678, 'N_chb': 313.38023, 'gr_ceu': 2e-05, 'gr_chb': 2e-05, 'm_yri_ooa': 0.0, 'm_yri_ceu': 0.0, 'm_yri_chb': 1e-05, 'm_ceu_chb': 0.0} -67525.03774162746
x: {'t1': 1.70839, 't2': 2.35338, 't3': 95.15226, 'N_anc': 478.78884, 'N_yri': 359.74093, 'N_ooa': 904.92626, 'N_ceu': 319.33678, 'N_chb': 313.38023, 'gr_ceu': 2e-05, 'gr_chb': 2e-05, 'm_yri_ooa': 0.0, 'm_yri_ceu': 1e-05, 'm_yri_chb': 1e-05, 'm_ceu_chb': 0.0} -67525.03774162676
x_down: {'t1': 1.70839, 't2': 2.35338, 't3': 95.15226, 'N_anc': 478.78884, 'N_yri': 359.74093, 'N_ooa': 904.92626, 'N_ceu': 319.33678, 'N_chb': 313.38023, 'gr_ceu': 2e-05, 'gr_chb': 2e-05, 'm_yri_ooa': 0.0, 'm_yri_ceu': 1e-05, 'm_yri_chb': 1e-05, 'm_ceu_chb': 0.0} -67525.03774162676
 
 
x_up: {'t1': 1.70839, 't2': 2.35338, 't3': 95.15226, 'N_anc': 478.78884, 'N_yri': 359.74093, 'N_ooa': 904.92626, 'N_ceu': 319.33678, 'N_chb': 313.38023, 'gr_ceu': 2e-05, 'gr_chb': 2e-05, 'm_yri_ooa': 0.0, 'm_yri_ceu': 1e-05, 'm_yri_chb': 0.0, 'm_ceu_chb': 0.0} -67525.03774162759
x: {'t1': 1.70839, 't2': 2.35338, 't3': 95.15226, 'N_anc': 478.78884, 'N_yri': 359.74093, 'N_ooa': 904.92626, 'N_ceu': 319.33678, 'N_chb': 313.38023, 'gr_ceu': 2e-05, 'gr_chb': 2e-05, 'm_yri_ooa': 0.0, 'm_yri_ceu': 1e-05, 'm_yri_chb': 1e-05, 'm_ceu_chb': 0.0} -67525.03774162676
x_down: {'t1': 1.70839, 't2': 2.35338, 't3': 95.15226, 'N_anc': 478.78884, 'N_yri': 359.74093, 'N_ooa': 904.92626, 'N_ceu': 319.33678, 'N_chb': 313.38023, 'gr_ceu': 2e-05, 'gr_chb': 2e-05, 'm_yri_ooa': 0.0, 'm_yri_ceu': 1e-05, 'm_yri_chb': 1e-05, 'm_ceu_chb': 0.0} -67525.03774162676
 
 
x_up: {'t1': 1.70839, 't2': 2.35338, 't3': 95.15226, 'N_anc': 478.78884, 'N_yri': 359.74093, 'N_ooa': 904.92626, 'N_ceu': 319.33678, 'N_chb': 313.38023, 'gr_ceu': 2e-05, 'gr_chb': 2e-05, 'm_yri_ooa': 0.0, 'm_yri_ceu': 1e-05, 'm_yri_chb': 1e-05, 'm_ceu_chb': 0.0} -67525.03774162676
x: {'t1': 1.70839, 't2': 2.35338, 't3': 95.15226, 'N_anc': 478.78884, 'N_yri': 359.74093, 'N_ooa': 904.92626, 'N_ceu': 319.33678, 'N_chb': 313.38023, 'gr_ceu': 2e-05, 'gr_chb': 2e-05, 'm_yri_ooa': 0.0, 'm_yri_ceu': 1e-05, 'm_yri_chb': 1e-05, 'm_ceu_chb': 0.0} -67525.03774162676
x_down: {'t1': 1.70839, 't2': 2.35338, 't3': 95.15226, 'N_anc': 478.78884, 'N_yri': 359.74093, 'N_ooa': 904.92626, 'N_ceu': 319.33678, 'N_chb': 313.38023, 'gr_ceu': 2e-05, 'gr_chb': 2e-05, 'm_yri_ooa': 0.0, 'm_yri_ceu': 1e-05, 'm_yri_chb': 1e-05, 'm_ceu_chb': 1e-05} -67525.03774162698
 
{'t1': 1.70839, 't2': 2.35338, 't3': 95.15226, 'N_anc': 478.78884, 'N_yri': 359.74093, 'N_ooa': 904.92626, 'N_ceu': 319.33678, 'N_chb': 313.38023, 'gr_ceu': 2e-05, 'gr_chb': 2e-05, 'm_yri_ooa': 0.0, 'm_yri_ceu': 1e-05, 'm_yri_chb': 1e-05, 'm_ceu_chb': 0.0} -67525.03774162676
 
x_up: {'t1': 1.74064, 't2': 2.35338, 't3': 95.15226, 'N_anc': 478.78884, 'N_yri': 359.74093, 'N_ooa': 904.92626, 'N_ceu': 319.33678, 'N_chb': 313.38023, 'gr_ceu': 2e-05, 'gr_chb': 2e-05, 'm_yri_ooa': 0.0, 'm_yri_ceu': 1e-05, 'm_yri_chb': 1e-05, 'm_ceu_chb': 0.0} -67528.60996936302
x: {'t1': 1.70839, 't2': 2.35338, 't3': 95.15226, 'N_anc': 478.78884, 'N_yri': 359.74093, 'N_ooa': 904.92626, 'N_ceu': 319.33678, 'N_chb': 313.38023, 'gr_ceu': 2e-05, 'gr_chb': 2e-05, 'm_yri_ooa': 0.0, 'm_yri_ceu': 1e-05, 'm_yri_chb': 1e-05, 'm_ceu_chb': 0.0} -67525.03774162676
x_down: {'t1': 1.67614, 't2': 2.35338, 't3': 95.15226, 'N_anc': 478.78884, 'N_yri': 359.74093, 'N_ooa': 904.92626, 'N_ceu': 319.33678, 'N_chb': 313.38023, 'gr_ceu': 2e-05, 'gr_chb': 2e-05, 'm_yri_ooa': 0.0, 'm_yri_ceu': 1e-05, 'm_yri_chb': 1e-05, 'm_ceu_chb': 0.0} -67536.13631328617
 
 
x_up: {'t1': 1.70839, 't2': 2.38563, 't3': 95.15226, 'N_anc': 478.78884, 'N_yri': 359.74093, 'N_ooa': 904.92626, 'N_ceu': 319.33678, 'N_chb': 313.38023, 'gr_ceu': 2e-05, 'gr_chb': 2e-05, 'm_yri_ooa': 0.0, 'm_yri_ceu': 1e-05, 'm_yri_chb': 1e-05, 'm_ceu_chb': 0.0} -67534.84841479066
x: {'t1': 1.70839, 't2': 2.35338, 't3': 95.15226, 'N_anc': 478.78884, 'N_yri': 359.74093, 'N_ooa': 904.92626, 'N_ceu': 319.33678, 'N_chb': 313.38023, 'gr_ceu': 2e-05, 'gr_chb': 2e-05, 'm_yri_ooa': 0.0, 'm_yri_ceu': 1e-05, 'm_yri_chb': 1e-05, 'm_ceu_chb': 0.0} -67525.03774162676
x_down: {'t1': 1.70839, 't2': 2.32113, 't3': 95.15226, 'N_anc': 478.78884, 'N_yri': 359.74093, 'N_ooa': 904.92626, 'N_ceu': 319.33678, 'N_chb': 313.38023, 'gr_ceu': 2e-05, 'gr_chb': 2e-05, 'm_yri_ooa': 0.0, 'm_yri_ceu': 1e-05, 'm_yri_chb': 1e-05, 'm_ceu_chb': 0.0} -67539.75897461924
 
 
x_up: {'t1': 1.70839, 't2': 2.35338, 't3': 99.7922, 'N_anc': 478.78884, 'N_yri': 359.74093, 'N_ooa': 904.92626, 'N_ceu': 319.33678, 'N_chb': 313.38023, 'gr_ceu': 2e-05, 'gr_chb': 2e-05, 'm_yri_ooa': 0.0, 'm_yri_ceu': 1e-05, 'm_yri_chb': 1e-05, 'm_ceu_chb': 0.0} -67527.34743311646
x: {'t1': 1.70839, 't2': 2.35338, 't3': 95.15226, 'N_anc': 478.78884, 'N_yri': 359.74093, 'N_ooa': 904.92626, 'N_ceu': 319.33678, 'N_chb': 313.38023, 'gr_ceu': 2e-05, 'gr_chb': 2e-05, 'm_yri_ooa': 0.0, 'm_yri_ceu': 1e-05, 'm_yri_chb': 1e-05, 'm_ceu_chb': 0.0} -67525.03774162676
x_down: {'t1': 1.70839, 't2': 2.35338, 't3': 90.51232, 'N_anc': 478.78884, 'N_yri': 359.74093, 'N_ooa': 904.92626, 'N_ceu': 319.33678, 'N_chb': 313.38023, 'gr_ceu': 2e-05, 'gr_chb': 2e-05, 'm_yri_ooa': 0.0, 'm_yri_ceu': 1e-05, 'm_yri_chb': 1e-05, 'm_ceu_chb': 0.0} -67530.62519982032
 
 
x_up: {'t1': 1.70839, 't2': 2.35338, 't3': 95.15226, 'N_anc': 497.72828, 'N_yri': 359.74093, 'N_ooa': 904.92626, 'N_ceu': 319.33678, 'N_chb': 313.38023, 'gr_ceu': 2e-05, 'gr_chb': 2e-05, 'm_yri_ooa': 0.0, 'm_yri_ceu': 1e-05, 'm_yri_chb': 1e-05, 'm_ceu_chb': 0.0} -67525.06484648124
x: {'t1': 1.70839, 't2': 2.35338, 't3': 95.15226, 'N_anc': 478.78884, 'N_yri': 359.74093, 'N_ooa': 904.92626, 'N_ceu': 319.33678, 'N_chb': 313.38023, 'gr_ceu': 2e-05, 'gr_chb': 2e-05, 'm_yri_ooa': 0.0, 'm_yri_ceu': 1e-05, 'm_yri_chb': 1e-05, 'm_ceu_chb': 0.0} -67525.03774162676
x_down: {'t1': 1.70839, 't2': 2.35338, 't3': 95.15226, 'N_anc': 459.8494, 'N_yri': 359.74093, 'N_ooa': 904.92626, 'N_ceu': 319.33678, 'N_chb': 313.38023, 'gr_ceu': 2e-05, 'gr_chb': 2e-05, 'm_yri_ooa': 0.0, 'm_yri_ceu': 1e-05, 'm_yri_chb': 1e-05, 'm_ceu_chb': 0.0} -67525.3131441407
 
 
x_up: {'t1': 1.70839, 't2': 2.35338, 't3': 95.15226, 'N_anc': 478.78884, 'N_yri': 372.72798, 'N_ooa': 904.92626, 'N_ceu': 319.33678, 'N_chb': 313.38023, 'gr_ceu': 2e-05, 'gr_chb': 2e-05, 'm_yri_ooa': 0.0, 'm_yri_ceu': 1e-05, 'm_yri_chb': 1e-05, 'm_ceu_chb': 0.0} -67530.62094362413
x: {'t1': 1.70839, 't2': 2.35338, 't3': 95.15226, 'N_anc': 478.78884, 'N_yri': 359.74093, 'N_ooa': 904.92626, 'N_ceu': 319.33678, 'N_chb': 313.38023, 'gr_ceu': 2e-05, 'gr_chb': 2e-05, 'm_yri_ooa': 0.0, 'm_yri_ceu': 1e-05, 'm_yri_chb': 1e-05, 'm_ceu_chb': 0.0} -67525.03774162676
x_down: {'t1': 1.70839, 't2': 2.35338, 't3': 95.15226, 'N_anc': 478.78884, 'N_yri': 346.75388, 'N_ooa': 904.92626, 'N_ceu': 319.33678, 'N_chb': 313.38023, 'gr_ceu': 2e-05, 'gr_chb': 2e-05, 'm_yri_ooa': 0.0, 'm_yri_ceu': 1e-05, 'm_yri_chb': 1e-05, 'm_ceu_chb': 0.0} -67526.40430691613
 
 
x_up: {'t1': 1.70839, 't2': 2.35338, 't3': 95.15226, 'N_anc': 478.78884, 'N_yri': 359.74093, 'N_ooa': 945.17257, 'N_ceu': 319.33678, 'N_chb': 313.38023, 'gr_ceu': 2e-05, 'gr_chb': 2e-05, 'm_yri_ooa': 0.0, 'm_yri_ceu': 1e-05, 'm_yri_chb': 1e-05, 'm_ceu_chb': 0.0} -67532.3630205857
x: {'t1': 1.70839, 't2': 2.35338, 't3': 95.15226, 'N_anc': 478.78884, 'N_yri': 359.74093, 'N_ooa': 904.92626, 'N_ceu': 319.33678, 'N_chb': 313.38023, 'gr_ceu': 2e-05, 'gr_chb': 2e-05, 'm_yri_ooa': 0.0, 'm_yri_ceu': 1e-05, 'm_yri_chb': 1e-05, 'm_ceu_chb': 0.0} -67525.03774162676
x_down: {'t1': 1.70839, 't2': 2.35338, 't3': 95.15226, 'N_anc': 478.78884, 'N_yri': 359.74093, 'N_ooa': 864.67995, 'N_ceu': 319.33678, 'N_chb': 313.38023, 'gr_ceu': 2e-05, 'gr_chb': 2e-05, 'm_yri_ooa': 0.0, 'm_yri_ceu': 1e-05, 'm_yri_chb': 1e-05, 'm_ceu_chb': 0.0} -67531.58344514194
 
 
x_up: {'t1': 1.70839, 't2': 2.35338, 't3': 95.15226, 'N_anc': 478.78884, 'N_yri': 359.74093, 'N_ooa': 904.92626, 'N_ceu': 330.30362, 'N_chb': 313.38023, 'gr_ceu': 2e-05, 'gr_chb': 2e-05, 'm_yri_ooa': 0.0, 'm_yri_ceu': 1e-05, 'm_yri_chb': 1e-05, 'm_ceu_chb': 0.0} -67525.0929458754
x: {'t1': 1.70839, 't2': 2.35338, 't3': 95.15226, 'N_anc': 478.78884, 'N_yri': 359.74093, 'N_ooa': 904.92626, 'N_ceu': 319.33678, 'N_chb': 313.38023, 'gr_ceu': 2e-05, 'gr_chb': 2e-05, 'm_yri_ooa': 0.0, 'm_yri_ceu': 1e-05, 'm_yri_chb': 1e-05, 'm_ceu_chb': 0.0} -67525.03774162676
x_down: {'t1': 1.70839, 't2': 2.35338, 't3': 95.15226, 'N_anc': 478.78884, 'N_yri': 359.74093, 'N_ooa': 904.92626, 'N_ceu': 308.36994, 'N_chb': 313.38023, 'gr_ceu': 2e-05, 'gr_chb': 2e-05, 'm_yri_ooa': 0.0, 'm_yri_ceu': 1e-05, 'm_yri_chb': 1e-05, 'm_ceu_chb': 0.0} -67526.02352092069
 
 
x_up: {'t1': 1.70839, 't2': 2.35338, 't3': 95.15226, 'N_anc': 478.78884, 'N_yri': 359.74093, 'N_ooa': 904.92626, 'N_ceu': 319.33678, 'N_chb': 324.04924, 'gr_ceu': 2e-05, 'gr_chb': 2e-05, 'm_yri_ooa': 0.0, 'm_yri_ceu': 1e-05, 'm_yri_chb': 1e-05, 'm_ceu_chb': 0.0} -67525.32619559014
x: {'t1': 1.70839, 't2': 2.35338, 't3': 95.15226, 'N_anc': 478.78884, 'N_yri': 359.74093, 'N_ooa': 904.92626, 'N_ceu': 319.33678, 'N_chb': 313.38023, 'gr_ceu': 2e-05, 'gr_chb': 2e-05, 'm_yri_ooa': 0.0, 'm_yri_ceu': 1e-05, 'm_yri_chb': 1e-05, 'm_ceu_chb': 0.0} -67525.03774162676
x_down: {'t1': 1.70839, 't2': 2.35338, 't3': 95.15226, 'N_anc': 478.78884, 'N_yri': 359.74093, 'N_ooa': 904.92626, 'N_ceu': 319.33678, 'N_chb': 302.71122, 'gr_ceu': 2e-05, 'gr_chb': 2e-05, 'm_yri_ooa': 0.0, 'm_yri_ceu': 1e-05, 'm_yri_chb': 1e-05, 'm_ceu_chb': 0.0} -67525.78621949717
 
 
x_up: {'t1': 1.70839, 't2': 2.35338, 't3': 95.15226, 'N_anc': 478.78884, 'N_yri': 359.74093, 'N_ooa': 904.92626, 'N_ceu': 319.33678, 'N_chb': 313.38023, 'gr_ceu': 3e-05, 'gr_chb': 2e-05, 'm_yri_ooa': 0.0, 'm_yri_ceu': 1e-05, 'm_yri_chb': 1e-05, 'm_ceu_chb': 0.0} -67525.03809163795
x: {'t1': 1.70839, 't2': 2.35338, 't3': 95.15226, 'N_anc': 478.78884, 'N_yri': 359.74093, 'N_ooa': 904.92626, 'N_ceu': 319.33678, 'N_chb': 313.38023, 'gr_ceu': 2e-05, 'gr_chb': 2e-05, 'm_yri_ooa': 0.0, 'm_yri_ceu': 1e-05, 'm_yri_chb': 1e-05, 'm_ceu_chb': 0.0} -67525.03774162676
x_down: {'t1': 1.70839, 't2': 2.35338, 't3': 95.15226, 'N_anc': 478.78884, 'N_yri': 359.74093, 'N_ooa': 904.92626, 'N_ceu': 319.33678, 'N_chb': 313.38023, 'gr_ceu': 1e-05, 'gr_chb': 2e-05, 'm_yri_ooa': 0.0, 'm_yri_ceu': 1e-05, 'm_yri_chb': 1e-05, 'm_ceu_chb': 0.0} -67525.03739171803
 
 
x_up: {'t1': 1.70839, 't2': 2.35338, 't3': 95.15226, 'N_anc': 478.78884, 'N_yri': 359.74093, 'N_ooa': 904.92626, 'N_ceu': 319.33678, 'N_chb': 313.38023, 'gr_ceu': 1e-05, 'gr_chb': 3e-05, 'm_yri_ooa': 0.0, 'm_yri_ceu': 1e-05, 'm_yri_chb': 1e-05, 'm_ceu_chb': 0.0} -67525.0378790921
x: {'t1': 1.70839, 't2': 2.35338, 't3': 95.15226, 'N_anc': 478.78884, 'N_yri': 359.74093, 'N_ooa': 904.92626, 'N_ceu': 319.33678, 'N_chb': 313.38023, 'gr_ceu': 1e-05, 'gr_chb': 2e-05, 'm_yri_ooa': 0.0, 'm_yri_ceu': 1e-05, 'm_yri_chb': 1e-05, 'm_ceu_chb': 0.0} -67525.03739171803
x_down: {'t1': 1.70839, 't2': 2.35338, 't3': 95.15226, 'N_anc': 478.78884, 'N_yri': 359.74093, 'N_ooa': 904.92626, 'N_ceu': 319.33678, 'N_chb': 313.38023, 'gr_ceu': 1e-05, 'gr_chb': 1e-05, 'm_yri_ooa': 0.0, 'm_yri_ceu': 1e-05, 'm_yri_chb': 1e-05, 'm_ceu_chb': 0.0} -67525.0369044435
 
 
x_up: {'t1': 1.70839, 't2': 2.35338, 't3': 95.15226, 'N_anc': 478.78884, 'N_yri': 359.74093, 'N_ooa': 904.92626, 'N_ceu': 319.33678, 'N_chb': 313.38023, 'gr_ceu': 1e-05, 'gr_chb': 1e-05, 'm_yri_ooa': 0.0, 'm_yri_ceu': 1e-05, 'm_yri_chb': 1e-05, 'm_ceu_chb': 0.0} -67525.0369044435
x: {'t1': 1.70839, 't2': 2.35338, 't3': 95.15226, 'N_anc': 478.78884, 'N_yri': 359.74093, 'N_ooa': 904.92626, 'N_ceu': 319.33678, 'N_chb': 313.38023, 'gr_ceu': 1e-05, 'gr_chb': 1e-05, 'm_yri_ooa': 0.0, 'm_yri_ceu': 1e-05, 'm_yri_chb': 1e-05, 'm_ceu_chb': 0.0} -67525.0369044435
x_down: {'t1': 1.70839, 't2': 2.35338, 't3': 95.15226, 'N_anc': 478.78884, 'N_yri': 359.74093, 'N_ooa': 904.92626, 'N_ceu': 319.33678, 'N_chb': 313.38023, 'gr_ceu': 1e-05, 'gr_chb': 1e-05, 'm_yri_ooa': 1e-05, 'm_yri_ceu': 1e-05, 'm_yri_chb': 1e-05, 'm_ceu_chb': 0.0} -67525.04075727011
 
 
x_up: {'t1': 1.70839, 't2': 2.35338, 't3': 95.15226, 'N_anc': 478.78884, 'N_yri': 359.74093, 'N_ooa': 904.92626, 'N_ceu': 319.33678, 'N_chb': 313.38023, 'gr_ceu': 1e-05, 'gr_chb': 1e-05, 'm_yri_ooa': 0.0, 'm_yri_ceu': 0.0, 'm_yri_chb': 1e-05, 'm_ceu_chb': 0.0} -67525.03690444403
x: {'t1': 1.70839, 't2': 2.35338, 't3': 95.15226, 'N_anc': 478.78884, 'N_yri': 359.74093, 'N_ooa': 904.92626, 'N_ceu': 319.33678, 'N_chb': 313.38023, 'gr_ceu': 1e-05, 'gr_chb': 1e-05, 'm_yri_ooa': 0.0, 'm_yri_ceu': 1e-05, 'm_yri_chb': 1e-05, 'm_ceu_chb': 0.0} -67525.0369044435
x_down: {'t1': 1.70839, 't2': 2.35338, 't3': 95.15226, 'N_anc': 478.78884, 'N_yri': 359.74093, 'N_ooa': 904.92626, 'N_ceu': 319.33678, 'N_chb': 313.38023, 'gr_ceu': 1e-05, 'gr_chb': 1e-05, 'm_yri_ooa': 0.0, 'm_yri_ceu': 1e-05, 'm_yri_chb': 1e-05, 'm_ceu_chb': 0.0} -67525.0369044435
 
 
x_up: {'t1': 1.70839, 't2': 2.35338, 't3': 95.15226, 'N_anc': 478.78884, 'N_yri': 359.74093, 'N_ooa': 904.92626, 'N_ceu': 319.33678, 'N_chb': 313.38023, 'gr_ceu': 1e-05, 'gr_chb': 1e-05, 'm_yri_ooa': 0.0, 'm_yri_ceu': 1e-05, 'm_yri_chb': 0.0, 'm_ceu_chb': 0.0} -67525.03690444428
x: {'t1': 1.70839, 't2': 2.35338, 't3': 95.15226, 'N_anc': 478.78884, 'N_yri': 359.74093, 'N_ooa': 904.92626, 'N_ceu': 319.33678, 'N_chb': 313.38023, 'gr_ceu': 1e-05, 'gr_chb': 1e-05, 'm_yri_ooa': 0.0, 'm_yri_ceu': 1e-05, 'm_yri_chb': 1e-05, 'm_ceu_chb': 0.0} -67525.0369044435
x_down: {'t1': 1.70839, 't2': 2.35338, 't3': 95.15226, 'N_anc': 478.78884, 'N_yri': 359.74093, 'N_ooa': 904.92626, 'N_ceu': 319.33678, 'N_chb': 313.38023, 'gr_ceu': 1e-05, 'gr_chb': 1e-05, 'm_yri_ooa': 0.0, 'm_yri_ceu': 1e-05, 'm_yri_chb': 1e-05, 'm_ceu_chb': 0.0} -67525.0369044435
 
 
x_up: {'t1': 1.70839, 't2': 2.35338, 't3': 95.15226, 'N_anc': 478.78884, 'N_yri': 359.74093, 'N_ooa': 904.92626, 'N_ceu': 319.33678, 'N_chb': 313.38023, 'gr_ceu': 1e-05, 'gr_chb': 1e-05, 'm_yri_ooa': 0.0, 'm_yri_ceu': 1e-05, 'm_yri_chb': 1e-05, 'm_ceu_chb': 0.0} -67525.0369044435
x: {'t1': 1.70839, 't2': 2.35338, 't3': 95.15226, 'N_anc': 478.78884, 'N_yri': 359.74093, 'N_ooa': 904.92626, 'N_ceu': 319.33678, 'N_chb': 313.38023, 'gr_ceu': 1e-05, 'gr_chb': 1e-05, 'm_yri_ooa': 0.0, 'm_yri_ceu': 1e-05, 'm_yri_chb': 1e-05, 'm_ceu_chb': 0.0} -67525.0369044435
x_down: {'t1': 1.70839, 't2': 2.35338, 't3': 95.15226, 'N_anc': 478.78884, 'N_yri': 359.74093, 'N_ooa': 904.92626, 'N_ceu': 319.33678, 'N_chb': 313.38023, 'gr_ceu': 1e-05, 'gr_chb': 1e-05, 'm_yri_ooa': 0.0, 'm_yri_ceu': 1e-05, 'm_yri_chb': 1e-05, 'm_ceu_chb': 1e-05} -67525.03690444393
 
{'t1': 1.70839, 't2': 2.35338, 't3': 95.15226, 'N_anc': 478.78884, 'N_yri': 359.74093, 'N_ooa': 904.92626, 'N_ceu': 319.33678, 'N_chb': 313.38023, 'gr_ceu': 1e-05, 'gr_chb': 1e-05, 'm_yri_ooa': 0.0, 'm_yri_ceu': 1e-05, 'm_yri_chb': 1e-05, 'm_ceu_chb': 0.0} -67525.0369044435
 
x_up: {'t1': 1.74064, 't2': 2.35338, 't3': 95.15226, 'N_anc': 478.78884, 'N_yri': 359.74093, 'N_ooa': 904.92626, 'N_ceu': 319.33678, 'N_chb': 313.38023, 'gr_ceu': 1e-05, 'gr_chb': 1e-05, 'm_yri_ooa': 0.0, 'm_yri_ceu': 1e-05, 'm_yri_chb': 1e-05, 'm_ceu_chb': 0.0} -67528.60875298211
x: {'t1': 1.70839, 't2': 2.35338, 't3': 95.15226, 'N_anc': 478.78884, 'N_yri': 359.74093, 'N_ooa': 904.92626, 'N_ceu': 319.33678, 'N_chb': 313.38023, 'gr_ceu': 1e-05, 'gr_chb': 1e-05, 'm_yri_ooa': 0.0, 'm_yri_ceu': 1e-05, 'm_yri_chb': 1e-05, 'm_ceu_chb': 0.0} -67525.0369044435
x_down: {'t1': 1.67614, 't2': 2.35338, 't3': 95.15226, 'N_anc': 478.78884, 'N_yri': 359.74093, 'N_ooa': 904.92626, 'N_ceu': 319.33678, 'N_chb': 313.38023, 'gr_ceu': 1e-05, 'gr_chb': 1e-05, 'm_yri_ooa': 0.0, 'm_yri_ceu': 1e-05, 'm_yri_chb': 1e-05, 'm_ceu_chb': 0.0} -67536.13565590314
 
 
x_up: {'t1': 1.70839, 't2': 2.38563, 't3': 95.15226, 'N_anc': 478.78884, 'N_yri': 359.74093, 'N_ooa': 904.92626, 'N_ceu': 319.33678, 'N_chb': 313.38023, 'gr_ceu': 1e-05, 'gr_chb': 1e-05, 'm_yri_ooa': 0.0, 'm_yri_ceu': 1e-05, 'm_yri_chb': 1e-05, 'm_ceu_chb': 0.0} -67534.84767031964
x: {'t1': 1.70839, 't2': 2.35338, 't3': 95.15226, 'N_anc': 478.78884, 'N_yri': 359.74093, 'N_ooa': 904.92626, 'N_ceu': 319.33678, 'N_chb': 313.38023, 'gr_ceu': 1e-05, 'gr_chb': 1e-05, 'm_yri_ooa': 0.0, 'm_yri_ceu': 1e-05, 'm_yri_chb': 1e-05, 'm_ceu_chb': 0.0} -67525.0369044435
x_down: {'t1': 1.70839, 't2': 2.32113, 't3': 95.15226, 'N_anc': 478.78884, 'N_yri': 359.74093, 'N_ooa': 904.92626, 'N_ceu': 319.33678, 'N_chb': 313.38023, 'gr_ceu': 1e-05, 'gr_chb': 1e-05, 'm_yri_ooa': 0.0, 'm_yri_ceu': 1e-05, 'm_yri_chb': 1e-05, 'm_ceu_chb': 0.0} -67539.75770394519
 
 
x_up: {'t1': 1.70839, 't2': 2.35338, 't3': 99.7922, 'N_anc': 478.78884, 'N_yri': 359.74093, 'N_ooa': 904.92626, 'N_ceu': 319.33678, 'N_chb': 313.38023, 'gr_ceu': 1e-05, 'gr_chb': 1e-05, 'm_yri_ooa': 0.0, 'm_yri_ceu': 1e-05, 'm_yri_chb': 1e-05, 'm_ceu_chb': 0.0} -67527.34659593321
x: {'t1': 1.70839, 't2': 2.35338, 't3': 95.15226, 'N_anc': 478.78884, 'N_yri': 359.74093, 'N_ooa': 904.92626, 'N_ceu': 319.33678, 'N_chb': 313.38023, 'gr_ceu': 1e-05, 'gr_chb': 1e-05, 'm_yri_ooa': 0.0, 'm_yri_ceu': 1e-05, 'm_yri_chb': 1e-05, 'm_ceu_chb': 0.0} -67525.0369044435
x_down: {'t1': 1.70839, 't2': 2.35338, 't3': 90.51232, 'N_anc': 478.78884, 'N_yri': 359.74093, 'N_ooa': 904.92626, 'N_ceu': 319.33678, 'N_chb': 313.38023, 'gr_ceu': 1e-05, 'gr_chb': 1e-05, 'm_yri_ooa': 0.0, 'm_yri_ceu': 1e-05, 'm_yri_chb': 1e-05, 'm_ceu_chb': 0.0} -67530.62436263707
 
 
x_up: {'t1': 1.70839, 't2': 2.35338, 't3': 95.15226, 'N_anc': 497.72828, 'N_yri': 359.74093, 'N_ooa': 904.92626, 'N_ceu': 319.33678, 'N_chb': 313.38023, 'gr_ceu': 1e-05, 'gr_chb': 1e-05, 'm_yri_ooa': 0.0, 'm_yri_ceu': 1e-05, 'm_yri_chb': 1e-05, 'm_ceu_chb': 0.0} -67525.06400929797
x: {'t1': 1.70839, 't2': 2.35338, 't3': 95.15226, 'N_anc': 478.78884, 'N_yri': 359.74093, 'N_ooa': 904.92626, 'N_ceu': 319.33678, 'N_chb': 313.38023, 'gr_ceu': 1e-05, 'gr_chb': 1e-05, 'm_yri_ooa': 0.0, 'm_yri_ceu': 1e-05, 'm_yri_chb': 1e-05, 'm_ceu_chb': 0.0} -67525.0369044435
x_down: {'t1': 1.70839, 't2': 2.35338, 't3': 95.15226, 'N_anc': 459.8494, 'N_yri': 359.74093, 'N_ooa': 904.92626, 'N_ceu': 319.33678, 'N_chb': 313.38023, 'gr_ceu': 1e-05, 'gr_chb': 1e-05, 'm_yri_ooa': 0.0, 'm_yri_ceu': 1e-05, 'm_yri_chb': 1e-05, 'm_ceu_chb': 0.0} -67525.31230695745
 
 
x_up: {'t1': 1.70839, 't2': 2.35338, 't3': 95.15226, 'N_anc': 478.78884, 'N_yri': 372.72798, 'N_ooa': 904.92626, 'N_ceu': 319.33678, 'N_chb': 313.38023, 'gr_ceu': 1e-05, 'gr_chb': 1e-05, 'm_yri_ooa': 0.0, 'm_yri_ceu': 1e-05, 'm_yri_chb': 1e-05, 'm_ceu_chb': 0.0} -67530.61979436911
x: {'t1': 1.70839, 't2': 2.35338, 't3': 95.15226, 'N_anc': 478.78884, 'N_yri': 359.74093, 'N_ooa': 904.92626, 'N_ceu': 319.33678, 'N_chb': 313.38023, 'gr_ceu': 1e-05, 'gr_chb': 1e-05, 'm_yri_ooa': 0.0, 'm_yri_ceu': 1e-05, 'm_yri_chb': 1e-05, 'm_ceu_chb': 0.0} -67525.0369044435
x_down: {'t1': 1.70839, 't2': 2.35338, 't3': 95.15226, 'N_anc': 478.78884, 'N_yri': 346.75388, 'N_ooa': 904.92626, 'N_ceu': 319.33678, 'N_chb': 313.38023, 'gr_ceu': 1e-05, 'gr_chb': 1e-05, 'm_yri_ooa': 0.0, 'm_yri_ceu': 1e-05, 'm_yri_chb': 1e-05, 'm_ceu_chb': 0.0} -67526.40352122758
 
 
x_up: {'t1': 1.70839, 't2': 2.35338, 't3': 95.15226, 'N_anc': 478.78884, 'N_yri': 359.74093, 'N_ooa': 945.17257, 'N_ceu': 319.33678, 'N_chb': 313.38023, 'gr_ceu': 1e-05, 'gr_chb': 1e-05, 'm_yri_ooa': 0.0, 'm_yri_ceu': 1e-05, 'm_yri_chb': 1e-05, 'm_ceu_chb': 0.0} -67532.3621723058
x: {'t1': 1.70839, 't2': 2.35338, 't3': 95.15226, 'N_anc': 478.78884, 'N_yri': 359.74093, 'N_ooa': 904.92626, 'N_ceu': 319.33678, 'N_chb': 313.38023, 'gr_ceu': 1e-05, 'gr_chb': 1e-05, 'm_yri_ooa': 0.0, 'm_yri_ceu': 1e-05, 'm_yri_chb': 1e-05, 'm_ceu_chb': 0.0} -67525.0369044435
x_down: {'t1': 1.70839, 't2': 2.35338, 't3': 95.15226, 'N_anc': 478.78884, 'N_yri': 359.74093, 'N_ooa': 864.67995, 'N_ceu': 319.33678, 'N_chb': 313.38023, 'gr_ceu': 1e-05, 'gr_chb': 1e-05, 'm_yri_ooa': 0.0, 'm_yri_ceu': 1e-05, 'm_yri_chb': 1e-05, 'm_ceu_chb': 0.0} -67531.58248244978
 
 
x_up: {'t1': 1.70839, 't2': 2.35338, 't3': 95.15226, 'N_anc': 478.78884, 'N_yri': 359.74093, 'N_ooa': 904.92626, 'N_ceu': 330.30362, 'N_chb': 313.38023, 'gr_ceu': 1e-05, 'gr_chb': 1e-05, 'm_yri_ooa': 0.0, 'm_yri_ceu': 1e-05, 'm_yri_chb': 1e-05, 'm_ceu_chb': 0.0} -67525.09162764305
x: {'t1': 1.70839, 't2': 2.35338, 't3': 95.15226, 'N_anc': 478.78884, 'N_yri': 359.74093, 'N_ooa': 904.92626, 'N_ceu': 319.33678, 'N_chb': 313.38023, 'gr_ceu': 1e-05, 'gr_chb': 1e-05, 'm_yri_ooa': 0.0, 'm_yri_ceu': 1e-05, 'm_yri_chb': 1e-05, 'm_ceu_chb': 0.0} -67525.0369044435
x_down: {'t1': 1.70839, 't2': 2.35338, 't3': 95.15226, 'N_anc': 478.78884, 'N_yri': 359.74093, 'N_ooa': 904.92626, 'N_ceu': 308.36994, 'N_chb': 313.38023, 'gr_ceu': 1e-05, 'gr_chb': 1e-05, 'm_yri_ooa': 0.0, 'm_yri_ceu': 1e-05, 'm_yri_chb': 1e-05, 'm_ceu_chb': 0.0} -67526.02319606024
 
 
x_up: {'t1': 1.70839, 't2': 2.35338, 't3': 95.15226, 'N_anc': 478.78884, 'N_yri': 359.74093, 'N_ooa': 904.92626, 'N_ceu': 319.33678, 'N_chb': 324.04924, 'gr_ceu': 1e-05, 'gr_chb': 1e-05, 'm_yri_ooa': 0.0, 'm_yri_ceu': 1e-05, 'm_yri_chb': 1e-05, 'm_ceu_chb': 0.0} -67525.32485943283
x: {'t1': 1.70839, 't2': 2.35338, 't3': 95.15226, 'N_anc': 478.78884, 'N_yri': 359.74093, 'N_ooa': 904.92626, 'N_ceu': 319.33678, 'N_chb': 313.38023, 'gr_ceu': 1e-05, 'gr_chb': 1e-05, 'm_yri_ooa': 0.0, 'm_yri_ceu': 1e-05, 'm_yri_chb': 1e-05, 'm_ceu_chb': 0.0} -67525.0369044435
x_down: {'t1': 1.70839, 't2': 2.35338, 't3': 95.15226, 'N_anc': 478.78884, 'N_yri': 359.74093, 'N_ooa': 904.92626, 'N_ceu': 319.33678, 'N_chb': 302.71122, 'gr_ceu': 1e-05, 'gr_chb': 1e-05, 'm_yri_ooa': 0.0, 'm_yri_ceu': 1e-05, 'm_yri_chb': 1e-05, 'm_ceu_chb': 0.0} -67525.7859072155
 
 
x_up: {'t1': 1.70839, 't2': 2.35338, 't3': 95.15226, 'N_anc': 478.78884, 'N_yri': 359.74093, 'N_ooa': 904.92626, 'N_ceu': 319.33678, 'N_chb': 313.38023, 'gr_ceu': 2e-05, 'gr_chb': 1e-05, 'm_yri_ooa': 0.0, 'm_yri_ceu': 1e-05, 'm_yri_chb': 1e-05, 'm_ceu_chb': 0.0} -67525.03725428123
x: {'t1': 1.70839, 't2': 2.35338, 't3': 95.15226, 'N_anc': 478.78884, 'N_yri': 359.74093, 'N_ooa': 904.92626, 'N_ceu': 319.33678, 'N_chb': 313.38023, 'gr_ceu': 1e-05, 'gr_chb': 1e-05, 'm_yri_ooa': 0.0, 'm_yri_ceu': 1e-05, 'm_yri_chb': 1e-05, 'm_ceu_chb': 0.0} -67525.0369044435
x_down: {'t1': 1.70839, 't2': 2.35338, 't3': 95.15226, 'N_anc': 478.78884, 'N_yri': 359.74093, 'N_ooa': 904.92626, 'N_ceu': 319.33678, 'N_chb': 313.38023, 'gr_ceu': 1e-05, 'gr_chb': 1e-05, 'm_yri_ooa': 0.0, 'm_yri_ceu': 1e-05, 'm_yri_chb': 1e-05, 'm_ceu_chb': 0.0} -67525.0369044435
 
 
x_up: {'t1': 1.70839, 't2': 2.35338, 't3': 95.15226, 'N_anc': 478.78884, 'N_yri': 359.74093, 'N_ooa': 904.92626, 'N_ceu': 319.33678, 'N_chb': 313.38023, 'gr_ceu': 1e-05, 'gr_chb': 2e-05, 'm_yri_ooa': 0.0, 'm_yri_ceu': 1e-05, 'm_yri_chb': 1e-05, 'm_ceu_chb': 0.0} -67525.03739171803
x: {'t1': 1.70839, 't2': 2.35338, 't3': 95.15226, 'N_anc': 478.78884, 'N_yri': 359.74093, 'N_ooa': 904.92626, 'N_ceu': 319.33678, 'N_chb': 313.38023, 'gr_ceu': 1e-05, 'gr_chb': 1e-05, 'm_yri_ooa': 0.0, 'm_yri_ceu': 1e-05, 'm_yri_chb': 1e-05, 'm_ceu_chb': 0.0} -67525.0369044435
x_down: {'t1': 1.70839, 't2': 2.35338, 't3': 95.15226, 'N_anc': 478.78884, 'N_yri': 359.74093, 'N_ooa': 904.92626, 'N_ceu': 319.33678, 'N_chb': 313.38023, 'gr_ceu': 1e-05, 'gr_chb': 1e-05, 'm_yri_ooa': 0.0, 'm_yri_ceu': 1e-05, 'm_yri_chb': 1e-05, 'm_ceu_chb': 0.0} -67525.0369044435
 
 
x_up: {'t1': 1.70839, 't2': 2.35338, 't3': 95.15226, 'N_anc': 478.78884, 'N_yri': 359.74093, 'N_ooa': 904.92626, 'N_ceu': 319.33678, 'N_chb': 313.38023, 'gr_ceu': 1e-05, 'gr_chb': 1e-05, 'm_yri_ooa': 0.0, 'm_yri_ceu': 1e-05, 'm_yri_chb': 1e-05, 'm_ceu_chb': 0.0} -67525.0369044435
x: {'t1': 1.70839, 't2': 2.35338, 't3': 95.15226, 'N_anc': 478.78884, 'N_yri': 359.74093, 'N_ooa': 904.92626, 'N_ceu': 319.33678, 'N_chb': 313.38023, 'gr_ceu': 1e-05, 'gr_chb': 1e-05, 'm_yri_ooa': 0.0, 'm_yri_ceu': 1e-05, 'm_yri_chb': 1e-05, 'm_ceu_chb': 0.0} -67525.0369044435
x_down: {'t1': 1.70839, 't2': 2.35338, 't3': 95.15226, 'N_anc': 478.78884, 'N_yri': 359.74093, 'N_ooa': 904.92626, 'N_ceu': 319.33678, 'N_chb': 313.38023, 'gr_ceu': 1e-05, 'gr_chb': 1e-05, 'm_yri_ooa': 1e-05, 'm_yri_ceu': 1e-05, 'm_yri_chb': 1e-05, 'm_ceu_chb': 0.0} -67525.04075727011
 
 
x_up: {'t1': 1.70839, 't2': 2.35338, 't3': 95.15226, 'N_anc': 478.78884, 'N_yri': 359.74093, 'N_ooa': 904.92626, 'N_ceu': 319.33678, 'N_chb': 313.38023, 'gr_ceu': 1e-05, 'gr_chb': 1e-05, 'm_yri_ooa': 0.0, 'm_yri_ceu': 0.0, 'm_yri_chb': 1e-05, 'm_ceu_chb': 0.0} -67525.03690444403
x: {'t1': 1.70839, 't2': 2.35338, 't3': 95.15226, 'N_anc': 478.78884, 'N_yri': 359.74093, 'N_ooa': 904.92626, 'N_ceu': 319.33678, 'N_chb': 313.38023, 'gr_ceu': 1e-05, 'gr_chb': 1e-05, 'm_yri_ooa': 0.0, 'm_yri_ceu': 1e-05, 'm_yri_chb': 1e-05, 'm_ceu_chb': 0.0} -67525.0369044435
x_down: {'t1': 1.70839, 't2': 2.35338, 't3': 95.15226, 'N_anc': 478.78884, 'N_yri': 359.74093, 'N_ooa': 904.92626, 'N_ceu': 319.33678, 'N_chb': 313.38023, 'gr_ceu': 1e-05, 'gr_chb': 1e-05, 'm_yri_ooa': 0.0, 'm_yri_ceu': 1e-05, 'm_yri_chb': 1e-05, 'm_ceu_chb': 0.0} -67525.0369044435
 
 
x_up: {'t1': 1.70839, 't2': 2.35338, 't3': 95.15226, 'N_anc': 478.78884, 'N_yri': 359.74093, 'N_ooa': 904.92626, 'N_ceu': 319.33678, 'N_chb': 313.38023, 'gr_ceu': 1e-05, 'gr_chb': 1e-05, 'm_yri_ooa': 0.0, 'm_yri_ceu': 1e-05, 'm_yri_chb': 0.0, 'm_ceu_chb': 0.0} -67525.03690444428
x: {'t1': 1.70839, 't2': 2.35338, 't3': 95.15226, 'N_anc': 478.78884, 'N_yri': 359.74093, 'N_ooa': 904.92626, 'N_ceu': 319.33678, 'N_chb': 313.38023, 'gr_ceu': 1e-05, 'gr_chb': 1e-05, 'm_yri_ooa': 0.0, 'm_yri_ceu': 1e-05, 'm_yri_chb': 1e-05, 'm_ceu_chb': 0.0} -67525.0369044435
x_down: {'t1': 1.70839, 't2': 2.35338, 't3': 95.15226, 'N_anc': 478.78884, 'N_yri': 359.74093, 'N_ooa': 904.92626, 'N_ceu': 319.33678, 'N_chb': 313.38023, 'gr_ceu': 1e-05, 'gr_chb': 1e-05, 'm_yri_ooa': 0.0, 'm_yri_ceu': 1e-05, 'm_yri_chb': 1e-05, 'm_ceu_chb': 0.0} -67525.0369044435
 
 
x_up: {'t1': 1.70839, 't2': 2.35338, 't3': 95.15226, 'N_anc': 478.78884, 'N_yri': 359.74093, 'N_ooa': 904.92626, 'N_ceu': 319.33678, 'N_chb': 313.38023, 'gr_ceu': 1e-05, 'gr_chb': 1e-05, 'm_yri_ooa': 0.0, 'm_yri_ceu': 1e-05, 'm_yri_chb': 1e-05, 'm_ceu_chb': 0.0} -67525.0369044435
x: {'t1': 1.70839, 't2': 2.35338, 't3': 95.15226, 'N_anc': 478.78884, 'N_yri': 359.74093, 'N_ooa': 904.92626, 'N_ceu': 319.33678, 'N_chb': 313.38023, 'gr_ceu': 1e-05, 'gr_chb': 1e-05, 'm_yri_ooa': 0.0, 'm_yri_ceu': 1e-05, 'm_yri_chb': 1e-05, 'm_ceu_chb': 0.0} -67525.0369044435
x_down: {'t1': 1.70839, 't2': 2.35338, 't3': 95.15226, 'N_anc': 478.78884, 'N_yri': 359.74093, 'N_ooa': 904.92626, 'N_ceu': 319.33678, 'N_chb': 313.38023, 'gr_ceu': 1e-05, 'gr_chb': 1e-05, 'm_yri_ooa': 0.0, 'm_yri_ceu': 1e-05, 'm_yri_chb': 1e-05, 'm_ceu_chb': 1e-05} -67525.03690444393
 
{'t1': 1.70839, 't2': 2.35338, 't3': 95.15226, 'N_anc': 478.78884, 'N_yri': 359.74093, 'N_ooa': 904.92626, 'N_ceu': 319.33678, 'N_chb': 313.38023, 'gr_ceu': 1e-05, 'gr_chb': 1e-05, 'm_yri_ooa': 0.0, 'm_yri_ceu': 1e-05, 'm_yri_chb': 1e-05, 'm_ceu_chb': 0.0} -67525.0369044435
 
x_up: {'t1': 1.74064, 't2': 2.35338, 't3': 95.15226, 'N_anc': 478.78884, 'N_yri': 359.74093, 'N_ooa': 904.92626, 'N_ceu': 319.33678, 'N_chb': 313.38023, 'gr_ceu': 1e-05, 'gr_chb': 1e-05, 'm_yri_ooa': 0.0, 'm_yri_ceu': 1e-05, 'm_yri_chb': 1e-05, 'm_ceu_chb': 0.0} -67528.60875298211
x: {'t1': 1.70839, 't2': 2.35338, 't3': 95.15226, 'N_anc': 478.78884, 'N_yri': 359.74093, 'N_ooa': 904.92626, 'N_ceu': 319.33678, 'N_chb': 313.38023, 'gr_ceu': 1e-05, 'gr_chb': 1e-05, 'm_yri_ooa': 0.0, 'm_yri_ceu': 1e-05, 'm_yri_chb': 1e-05, 'm_ceu_chb': 0.0} -67525.0369044435
x_down: {'t1': 1.67614, 't2': 2.35338, 't3': 95.15226, 'N_anc': 478.78884, 'N_yri': 359.74093, 'N_ooa': 904.92626, 'N_ceu': 319.33678, 'N_chb': 313.38023, 'gr_ceu': 1e-05, 'gr_chb': 1e-05, 'm_yri_ooa': 0.0, 'm_yri_ceu': 1e-05, 'm_yri_chb': 1e-05, 'm_ceu_chb': 0.0} -67536.13565590314
 
 
x_up: {'t1': 1.70839, 't2': 2.38563, 't3': 95.15226, 'N_anc': 478.78884, 'N_yri': 359.74093, 'N_ooa': 904.92626, 'N_ceu': 319.33678, 'N_chb': 313.38023, 'gr_ceu': 1e-05, 'gr_chb': 1e-05, 'm_yri_ooa': 0.0, 'm_yri_ceu': 1e-05, 'm_yri_chb': 1e-05, 'm_ceu_chb': 0.0} -67534.84767031964
x: {'t1': 1.70839, 't2': 2.35338, 't3': 95.15226, 'N_anc': 478.78884, 'N_yri': 359.74093, 'N_ooa': 904.92626, 'N_ceu': 319.33678, 'N_chb': 313.38023, 'gr_ceu': 1e-05, 'gr_chb': 1e-05, 'm_yri_ooa': 0.0, 'm_yri_ceu': 1e-05, 'm_yri_chb': 1e-05, 'm_ceu_chb': 0.0} -67525.0369044435
x_down: {'t1': 1.70839, 't2': 2.32113, 't3': 95.15226, 'N_anc': 478.78884, 'N_yri': 359.74093, 'N_ooa': 904.92626, 'N_ceu': 319.33678, 'N_chb': 313.38023, 'gr_ceu': 1e-05, 'gr_chb': 1e-05, 'm_yri_ooa': 0.0, 'm_yri_ceu': 1e-05, 'm_yri_chb': 1e-05, 'm_ceu_chb': 0.0} -67539.75770394519
 
 
x_up: {'t1': 1.70839, 't2': 2.35338, 't3': 99.7922, 'N_anc': 478.78884, 'N_yri': 359.74093, 'N_ooa': 904.92626, 'N_ceu': 319.33678, 'N_chb': 313.38023, 'gr_ceu': 1e-05, 'gr_chb': 1e-05, 'm_yri_ooa': 0.0, 'm_yri_ceu': 1e-05, 'm_yri_chb': 1e-05, 'm_ceu_chb': 0.0} -67527.34659593321
x: {'t1': 1.70839, 't2': 2.35338, 't3': 95.15226, 'N_anc': 478.78884, 'N_yri': 359.74093, 'N_ooa': 904.92626, 'N_ceu': 319.33678, 'N_chb': 313.38023, 'gr_ceu': 1e-05, 'gr_chb': 1e-05, 'm_yri_ooa': 0.0, 'm_yri_ceu': 1e-05, 'm_yri_chb': 1e-05, 'm_ceu_chb': 0.0} -67525.0369044435
x_down: {'t1': 1.70839, 't2': 2.35338, 't3': 90.51232, 'N_anc': 478.78884, 'N_yri': 359.74093, 'N_ooa': 904.92626, 'N_ceu': 319.33678, 'N_chb': 313.38023, 'gr_ceu': 1e-05, 'gr_chb': 1e-05, 'm_yri_ooa': 0.0, 'm_yri_ceu': 1e-05, 'm_yri_chb': 1e-05, 'm_ceu_chb': 0.0} -67530.62436263707
 
 
x_up: {'t1': 1.70839, 't2': 2.35338, 't3': 95.15226, 'N_anc': 497.72828, 'N_yri': 359.74093, 'N_ooa': 904.92626, 'N_ceu': 319.33678, 'N_chb': 313.38023, 'gr_ceu': 1e-05, 'gr_chb': 1e-05, 'm_yri_ooa': 0.0, 'm_yri_ceu': 1e-05, 'm_yri_chb': 1e-05, 'm_ceu_chb': 0.0} -67525.06400929797
x: {'t1': 1.70839, 't2': 2.35338, 't3': 95.15226, 'N_anc': 478.78884, 'N_yri': 359.74093, 'N_ooa': 904.92626, 'N_ceu': 319.33678, 'N_chb': 313.38023, 'gr_ceu': 1e-05, 'gr_chb': 1e-05, 'm_yri_ooa': 0.0, 'm_yri_ceu': 1e-05, 'm_yri_chb': 1e-05, 'm_ceu_chb': 0.0} -67525.0369044435
x_down: {'t1': 1.70839, 't2': 2.35338, 't3': 95.15226, 'N_anc': 459.8494, 'N_yri': 359.74093, 'N_ooa': 904.92626, 'N_ceu': 319.33678, 'N_chb': 313.38023, 'gr_ceu': 1e-05, 'gr_chb': 1e-05, 'm_yri_ooa': 0.0, 'm_yri_ceu': 1e-05, 'm_yri_chb': 1e-05, 'm_ceu_chb': 0.0} -67525.31230695745
 
 
x_up: {'t1': 1.70839, 't2': 2.35338, 't3': 95.15226, 'N_anc': 478.78884, 'N_yri': 372.72798, 'N_ooa': 904.92626, 'N_ceu': 319.33678, 'N_chb': 313.38023, 'gr_ceu': 1e-05, 'gr_chb': 1e-05, 'm_yri_ooa': 0.0, 'm_yri_ceu': 1e-05, 'm_yri_chb': 1e-05, 'm_ceu_chb': 0.0} -67530.61979436911
x: {'t1': 1.70839, 't2': 2.35338, 't3': 95.15226, 'N_anc': 478.78884, 'N_yri': 359.74093, 'N_ooa': 904.92626, 'N_ceu': 319.33678, 'N_chb': 313.38023, 'gr_ceu': 1e-05, 'gr_chb': 1e-05, 'm_yri_ooa': 0.0, 'm_yri_ceu': 1e-05, 'm_yri_chb': 1e-05, 'm_ceu_chb': 0.0} -67525.0369044435
x_down: {'t1': 1.70839, 't2': 2.35338, 't3': 95.15226, 'N_anc': 478.78884, 'N_yri': 346.75388, 'N_ooa': 904.92626, 'N_ceu': 319.33678, 'N_chb': 313.38023, 'gr_ceu': 1e-05, 'gr_chb': 1e-05, 'm_yri_ooa': 0.0, 'm_yri_ceu': 1e-05, 'm_yri_chb': 1e-05, 'm_ceu_chb': 0.0} -67526.40352122758
 
 
x_up: {'t1': 1.70839, 't2': 2.35338, 't3': 95.15226, 'N_anc': 478.78884, 'N_yri': 359.74093, 'N_ooa': 945.17257, 'N_ceu': 319.33678, 'N_chb': 313.38023, 'gr_ceu': 1e-05, 'gr_chb': 1e-05, 'm_yri_ooa': 0.0, 'm_yri_ceu': 1e-05, 'm_yri_chb': 1e-05, 'm_ceu_chb': 0.0} -67532.3621723058
x: {'t1': 1.70839, 't2': 2.35338, 't3': 95.15226, 'N_anc': 478.78884, 'N_yri': 359.74093, 'N_ooa': 904.92626, 'N_ceu': 319.33678, 'N_chb': 313.38023, 'gr_ceu': 1e-05, 'gr_chb': 1e-05, 'm_yri_ooa': 0.0, 'm_yri_ceu': 1e-05, 'm_yri_chb': 1e-05, 'm_ceu_chb': 0.0} -67525.0369044435
x_down: {'t1': 1.70839, 't2': 2.35338, 't3': 95.15226, 'N_anc': 478.78884, 'N_yri': 359.74093, 'N_ooa': 864.67995, 'N_ceu': 319.33678, 'N_chb': 313.38023, 'gr_ceu': 1e-05, 'gr_chb': 1e-05, 'm_yri_ooa': 0.0, 'm_yri_ceu': 1e-05, 'm_yri_chb': 1e-05, 'm_ceu_chb': 0.0} -67531.58248244978
 
 
x_up: {'t1': 1.70839, 't2': 2.35338, 't3': 95.15226, 'N_anc': 478.78884, 'N_yri': 359.74093, 'N_ooa': 904.92626, 'N_ceu': 330.30362, 'N_chb': 313.38023, 'gr_ceu': 1e-05, 'gr_chb': 1e-05, 'm_yri_ooa': 0.0, 'm_yri_ceu': 1e-05, 'm_yri_chb': 1e-05, 'm_ceu_chb': 0.0} -67525.09162764305
x: {'t1': 1.70839, 't2': 2.35338, 't3': 95.15226, 'N_anc': 478.78884, 'N_yri': 359.74093, 'N_ooa': 904.92626, 'N_ceu': 319.33678, 'N_chb': 313.38023, 'gr_ceu': 1e-05, 'gr_chb': 1e-05, 'm_yri_ooa': 0.0, 'm_yri_ceu': 1e-05, 'm_yri_chb': 1e-05, 'm_ceu_chb': 0.0} -67525.0369044435
x_down: {'t1': 1.70839, 't2': 2.35338, 't3': 95.15226, 'N_anc': 478.78884, 'N_yri': 359.74093, 'N_ooa': 904.92626, 'N_ceu': 308.36994, 'N_chb': 313.38023, 'gr_ceu': 1e-05, 'gr_chb': 1e-05, 'm_yri_ooa': 0.0, 'm_yri_ceu': 1e-05, 'm_yri_chb': 1e-05, 'm_ceu_chb': 0.0} -67526.02319606024
 
 
x_up: {'t1': 1.70839, 't2': 2.35338, 't3': 95.15226, 'N_anc': 478.78884, 'N_yri': 359.74093, 'N_ooa': 904.92626, 'N_ceu': 319.33678, 'N_chb': 324.04924, 'gr_ceu': 1e-05, 'gr_chb': 1e-05, 'm_yri_ooa': 0.0, 'm_yri_ceu': 1e-05, 'm_yri_chb': 1e-05, 'm_ceu_chb': 0.0} -67525.32485943283
x: {'t1': 1.70839, 't2': 2.35338, 't3': 95.15226, 'N_anc': 478.78884, 'N_yri': 359.74093, 'N_ooa': 904.92626, 'N_ceu': 319.33678, 'N_chb': 313.38023, 'gr_ceu': 1e-05, 'gr_chb': 1e-05, 'm_yri_ooa': 0.0, 'm_yri_ceu': 1e-05, 'm_yri_chb': 1e-05, 'm_ceu_chb': 0.0} -67525.0369044435
x_down: {'t1': 1.70839, 't2': 2.35338, 't3': 95.15226, 'N_anc': 478.78884, 'N_yri': 359.74093, 'N_ooa': 904.92626, 'N_ceu': 319.33678, 'N_chb': 302.71122, 'gr_ceu': 1e-05, 'gr_chb': 1e-05, 'm_yri_ooa': 0.0, 'm_yri_ceu': 1e-05, 'm_yri_chb': 1e-05, 'm_ceu_chb': 0.0} -67525.7859072155
 
 
x_up: {'t1': 1.70839, 't2': 2.35338, 't3': 95.15226, 'N_anc': 478.78884, 'N_yri': 359.74093, 'N_ooa': 904.92626, 'N_ceu': 319.33678, 'N_chb': 313.38023, 'gr_ceu': 2e-05, 'gr_chb': 1e-05, 'm_yri_ooa': 0.0, 'm_yri_ceu': 1e-05, 'm_yri_chb': 1e-05, 'm_ceu_chb': 0.0} -67525.03725428123
x: {'t1': 1.70839, 't2': 2.35338, 't3': 95.15226, 'N_anc': 478.78884, 'N_yri': 359.74093, 'N_ooa': 904.92626, 'N_ceu': 319.33678, 'N_chb': 313.38023, 'gr_ceu': 1e-05, 'gr_chb': 1e-05, 'm_yri_ooa': 0.0, 'm_yri_ceu': 1e-05, 'm_yri_chb': 1e-05, 'm_ceu_chb': 0.0} -67525.0369044435
x_down: {'t1': 1.70839, 't2': 2.35338, 't3': 95.15226, 'N_anc': 478.78884, 'N_yri': 359.74093, 'N_ooa': 904.92626, 'N_ceu': 319.33678, 'N_chb': 313.38023, 'gr_ceu': 1e-05, 'gr_chb': 1e-05, 'm_yri_ooa': 0.0, 'm_yri_ceu': 1e-05, 'm_yri_chb': 1e-05, 'm_ceu_chb': 0.0} -67525.0369044435
 
 
x_up: {'t1': 1.70839, 't2': 2.35338, 't3': 95.15226, 'N_anc': 478.78884, 'N_yri': 359.74093, 'N_ooa': 904.92626, 'N_ceu': 319.33678, 'N_chb': 313.38023, 'gr_ceu': 1e-05, 'gr_chb': 2e-05, 'm_yri_ooa': 0.0, 'm_yri_ceu': 1e-05, 'm_yri_chb': 1e-05, 'm_ceu_chb': 0.0} -67525.03739171803
x: {'t1': 1.70839, 't2': 2.35338, 't3': 95.15226, 'N_anc': 478.78884, 'N_yri': 359.74093, 'N_ooa': 904.92626, 'N_ceu': 319.33678, 'N_chb': 313.38023, 'gr_ceu': 1e-05, 'gr_chb': 1e-05, 'm_yri_ooa': 0.0, 'm_yri_ceu': 1e-05, 'm_yri_chb': 1e-05, 'm_ceu_chb': 0.0} -67525.0369044435
x_down: {'t1': 1.70839, 't2': 2.35338, 't3': 95.15226, 'N_anc': 478.78884, 'N_yri': 359.74093, 'N_ooa': 904.92626, 'N_ceu': 319.33678, 'N_chb': 313.38023, 'gr_ceu': 1e-05, 'gr_chb': 1e-05, 'm_yri_ooa': 0.0, 'm_yri_ceu': 1e-05, 'm_yri_chb': 1e-05, 'm_ceu_chb': 0.0} -67525.0369044435
 
 
x_up: {'t1': 1.70839, 't2': 2.35338, 't3': 95.15226, 'N_anc': 478.78884, 'N_yri': 359.74093, 'N_ooa': 904.92626, 'N_ceu': 319.33678, 'N_chb': 313.38023, 'gr_ceu': 1e-05, 'gr_chb': 1e-05, 'm_yri_ooa': 0.0, 'm_yri_ceu': 1e-05, 'm_yri_chb': 1e-05, 'm_ceu_chb': 0.0} -67525.0369044435
x: {'t1': 1.70839, 't2': 2.35338, 't3': 95.15226, 'N_anc': 478.78884, 'N_yri': 359.74093, 'N_ooa': 904.92626, 'N_ceu': 319.33678, 'N_chb': 313.38023, 'gr_ceu': 1e-05, 'gr_chb': 1e-05, 'm_yri_ooa': 0.0, 'm_yri_ceu': 1e-05, 'm_yri_chb': 1e-05, 'm_ceu_chb': 0.0} -67525.0369044435
x_down: {'t1': 1.70839, 't2': 2.35338, 't3': 95.15226, 'N_anc': 478.78884, 'N_yri': 359.74093, 'N_ooa': 904.92626, 'N_ceu': 319.33678, 'N_chb': 313.38023, 'gr_ceu': 1e-05, 'gr_chb': 1e-05, 'm_yri_ooa': 1e-05, 'm_yri_ceu': 1e-05, 'm_yri_chb': 1e-05, 'm_ceu_chb': 0.0} -67525.04075727011
 
 
x_up: {'t1': 1.70839, 't2': 2.35338, 't3': 95.15226, 'N_anc': 478.78884, 'N_yri': 359.74093, 'N_ooa': 904.92626, 'N_ceu': 319.33678, 'N_chb': 313.38023, 'gr_ceu': 1e-05, 'gr_chb': 1e-05, 'm_yri_ooa': 0.0, 'm_yri_ceu': 0.0, 'm_yri_chb': 1e-05, 'm_ceu_chb': 0.0} -67525.03690444403
x: {'t1': 1.70839, 't2': 2.35338, 't3': 95.15226, 'N_anc': 478.78884, 'N_yri': 359.74093, 'N_ooa': 904.92626, 'N_ceu': 319.33678, 'N_chb': 313.38023, 'gr_ceu': 1e-05, 'gr_chb': 1e-05, 'm_yri_ooa': 0.0, 'm_yri_ceu': 1e-05, 'm_yri_chb': 1e-05, 'm_ceu_chb': 0.0} -67525.0369044435
x_down: {'t1': 1.70839, 't2': 2.35338, 't3': 95.15226, 'N_anc': 478.78884, 'N_yri': 359.74093, 'N_ooa': 904.92626, 'N_ceu': 319.33678, 'N_chb': 313.38023, 'gr_ceu': 1e-05, 'gr_chb': 1e-05, 'm_yri_ooa': 0.0, 'm_yri_ceu': 1e-05, 'm_yri_chb': 1e-05, 'm_ceu_chb': 0.0} -67525.0369044435
 
 
x_up: {'t1': 1.70839, 't2': 2.35338, 't3': 95.15226, 'N_anc': 478.78884, 'N_yri': 359.74093, 'N_ooa': 904.92626, 'N_ceu': 319.33678, 'N_chb': 313.38023, 'gr_ceu': 1e-05, 'gr_chb': 1e-05, 'm_yri_ooa': 0.0, 'm_yri_ceu': 1e-05, 'm_yri_chb': 0.0, 'm_ceu_chb': 0.0} -67525.03690444428
x: {'t1': 1.70839, 't2': 2.35338, 't3': 95.15226, 'N_anc': 478.78884, 'N_yri': 359.74093, 'N_ooa': 904.92626, 'N_ceu': 319.33678, 'N_chb': 313.38023, 'gr_ceu': 1e-05, 'gr_chb': 1e-05, 'm_yri_ooa': 0.0, 'm_yri_ceu': 1e-05, 'm_yri_chb': 1e-05, 'm_ceu_chb': 0.0} -67525.0369044435
x_down: {'t1': 1.70839, 't2': 2.35338, 't3': 95.15226, 'N_anc': 478.78884, 'N_yri': 359.74093, 'N_ooa': 904.92626, 'N_ceu': 319.33678, 'N_chb': 313.38023, 'gr_ceu': 1e-05, 'gr_chb': 1e-05, 'm_yri_ooa': 0.0, 'm_yri_ceu': 1e-05, 'm_yri_chb': 1e-05, 'm_ceu_chb': 0.0} -67525.0369044435
 
 
x_up: {'t1': 1.70839, 't2': 2.35338, 't3': 95.15226, 'N_anc': 478.78884, 'N_yri': 359.74093, 'N_ooa': 904.92626, 'N_ceu': 319.33678, 'N_chb': 313.38023, 'gr_ceu': 1e-05, 'gr_chb': 1e-05, 'm_yri_ooa': 0.0, 'm_yri_ceu': 1e-05, 'm_yri_chb': 1e-05, 'm_ceu_chb': 0.0} -67525.0369044435
x: {'t1': 1.70839, 't2': 2.35338, 't3': 95.15226, 'N_anc': 478.78884, 'N_yri': 359.74093, 'N_ooa': 904.92626, 'N_ceu': 319.33678, 'N_chb': 313.38023, 'gr_ceu': 1e-05, 'gr_chb': 1e-05, 'm_yri_ooa': 0.0, 'm_yri_ceu': 1e-05, 'm_yri_chb': 1e-05, 'm_ceu_chb': 0.0} -67525.0369044435
x_down: {'t1': 1.70839, 't2': 2.35338, 't3': 95.15226, 'N_anc': 478.78884, 'N_yri': 359.74093, 'N_ooa': 904.92626, 'N_ceu': 319.33678, 'N_chb': 313.38023, 'gr_ceu': 1e-05, 'gr_chb': 1e-05, 'm_yri_ooa': 0.0, 'm_yri_ceu': 1e-05, 'm_yri_chb': 1e-05, 'm_ceu_chb': 1e-05} -67525.03690444393
 
{'t1': 1.70839, 't2': 2.35338, 't3': 95.15226, 'N_anc': 478.78884, 'N_yri': 359.74093, 'N_ooa': 904.92626, 'N_ceu': 319.33678, 'N_chb': 313.38023, 'gr_ceu': 1e-05, 'gr_chb': 1e-05, 'm_yri_ooa': 0.0, 'm_yri_ceu': 1e-05, 'm_yri_chb': 1e-05, 'm_ceu_chb': 0.0} -67525.0369044435
2026-09-23 12:33:02,438 - INFO - Finished fitting ARG.
2026-09-23 12:33:02,438 - INFO - Finished in 5h 54m 27.7s
2026-09-23 12:33:02,438 - INFO - Estimated: {'t1': 1.70839, 't2': 2.35338, 't3': 95.15226, 'N_anc': 478.78884, 'N_yri': 359.74093, 'N_ooa': 904.92626, 'N_ceu': 319.33678, 'N_chb': 313.38023, 'gr_ceu': 1e-05, 'gr_chb': 1e-05, 'm_yri_ooa': 0.0, 'm_yri_ceu': 1e-05, 'm_yri_chb': 1e-05, 'm_ceu_chb': 0.0}
2026-09-23 12:33:02,438 - INFO - logp = -67525.0369044435  (true = -115987.79849825357)
2026-09-23 12:33:02,438 - INFO - Pipeline executed succesfully.
