2026-09-23 06:38:35,097 - INFO - Beginning execution of simulate_and_fit_ARG.py in directory /home1/mahj/glike_optimize/opt_scripts

2026-09-23 06:38:35,097 - INFO - Progress is being logged to ../opt_results_glike_3G09_no_m1/ntree_10_rep_4_simulate_ARG.log

2026-09-23 06:38:35,097 - INFO - Parsed the following arguments:
	N_SAMPLES = 1000.0
	SEQUENCE_LENGTH = 30000000.0
	RECOMBINATION_RATE = 1e-08
	SEED = 1
	NUM_TREES = 10
	OPTIMIZER = glike
	MODEL = 3G09
	KAPPA = 10000
	outprefix = ../opt_results_glike_3G09_no_m1/ntree_10_rep_4

2026-09-23 06:38:35,139 - INFO - Sampling 1000 individuals with ploidy 1 in population 1 (name='ceu') at time 0
2026-09-23 06:38:35,143 - INFO - Starting replicate 0
2026-09-23 06:38:35,144 - INFO - model[0] {'name': 'hudson'} started at time=0 nodes=1000 edges=0
2026-09-23 06:38:35,144 - INFO - Running model {'name': 'hudson'} until max time: inf
2026-09-23 06:38:35,163 - INFO - Completed at time=825.393 nodes=4008 edges=12940
2026-09-23 06:38:35,240 - INFO - Finished simulating ARG.
[phase from 0.0 to 19.0]
        admix
ns   0.000006
grs  0.078000

[phase from 19.0 to 411.0]
       afr    eur   asia    pol
admix  0.0  0.198  0.334  0.468
        afr       eur     asia       pol
ns   0.0001  0.000075  0.00004  0.000064
grs  0.0000  0.000000  0.00000  0.000000

[phase from 411.0 to 1040.0]
      afr  eur  asia
afr     1    0     0
eur     0    1     0
asia    0    0     1
pol     0    0     1
        afr       eur     asia
ns   0.0001  0.000075  0.00037
grs  0.0000  0.000000  0.00000

[phase from 1040.0 to 2004.0]
      afr  eur
afr     1    0
eur     0    1
asia    0    1
        afr       eur
ns   0.0001  0.000405
grs  0.0000  0.000000

[phase from 2004.0 to inf]
     A
afr  1
eur  1
            A
ns   0.000375
grs  0.000000

2026-09-23 06:38:35,373 - INFO - Starting glike optimization.
{'t1': 10, 't2': 50, 't3': 100, 'N_anc': 10000, 'N_yri': 10000, 'N_ooa': 10000, 'N_ceu': 10000, 'N_chb': 10000, 'gr_ceu': 0.1, 'gr_chb': 0.1, 'm_yri_ooa': 0.0, 'm_yri_ceu': 0.0, 'm_yri_chb': 0.0, 'm_ceu_chb': 0.0} -96342.78763493213
 
x_up: {'t1': 10.9, 't2': 50, 't3': 100, 'N_anc': 10000, 'N_yri': 10000, 'N_ooa': 10000, 'N_ceu': 10000, 'N_chb': 10000, 'gr_ceu': 0.1, 'gr_chb': 0.1, 'm_yri_ooa': 0.0, 'm_yri_ceu': 0.0, 'm_yri_chb': 0.0, 'm_ceu_chb': 0.0} -96876.41720358659
x: {'t1': 10, 't2': 50, 't3': 100, 'N_anc': 10000, 'N_yri': 10000, 'N_ooa': 10000, 'N_ceu': 10000, 'N_chb': 10000, 'gr_ceu': 0.1, 'gr_chb': 0.1, 'm_yri_ooa': 0.0, 'm_yri_ceu': 0.0, 'm_yri_chb': 0.0, 'm_ceu_chb': 0.0} -96342.78763493213
x_down: {'t1': 9.1, 't2': 50, 't3': 100, 'N_anc': 10000, 'N_yri': 10000, 'N_ooa': 10000, 'N_ceu': 10000, 'N_chb': 10000, 'gr_ceu': 0.1, 'gr_chb': 0.1, 'm_yri_ooa': 0.0, 'm_yri_ceu': 0.0, 'm_yri_chb': 0.0, 'm_ceu_chb': 0.0} -95762.06931525997
 
 
x_up: {'t1': 9.1, 't2': 54.09, 't3': 100, 'N_anc': 10000, 'N_yri': 10000, 'N_ooa': 10000, 'N_ceu': 10000, 'N_chb': 10000, 'gr_ceu': 0.1, 'gr_chb': 0.1, 'm_yri_ooa': 0.0, 'm_yri_ceu': 0.0, 'm_yri_chb': 0.0, 'm_ceu_chb': 0.0} -95780.09908135081
x: {'t1': 9.1, 't2': 50, 't3': 100, 'N_anc': 10000, 'N_yri': 10000, 'N_ooa': 10000, 'N_ceu': 10000, 'N_chb': 10000, 'gr_ceu': 0.1, 'gr_chb': 0.1, 'm_yri_ooa': 0.0, 'm_yri_ceu': 0.0, 'm_yri_chb': 0.0, 'm_ceu_chb': 0.0} -95762.06931525997
x_down: {'t1': 9.1, 't2': 45.91, 't3': 100, 'N_anc': 10000, 'N_yri': 10000, 'N_ooa': 10000, 'N_ceu': 10000, 'N_chb': 10000, 'gr_ceu': 0.1, 'gr_chb': 0.1, 'm_yri_ooa': 0.0, 'm_yri_ceu': 0.0, 'm_yri_chb': 0.0, 'm_ceu_chb': 0.0} -95691.96219463093
 
 
x_up: {'t1': 9.1, 't2': 45.91, 't3': 105.409, 'N_anc': 10000, 'N_yri': 10000, 'N_ooa': 10000, 'N_ceu': 10000, 'N_chb': 10000, 'gr_ceu': 0.1, 'gr_chb': 0.1, 'm_yri_ooa': 0.0, 'm_yri_ceu': 0.0, 'm_yri_chb': 0.0, 'm_ceu_chb': 0.0} -95691.96219463093
x: {'t1': 9.1, 't2': 45.91, 't3': 100, 'N_anc': 10000, 'N_yri': 10000, 'N_ooa': 10000, 'N_ceu': 10000, 'N_chb': 10000, 'gr_ceu': 0.1, 'gr_chb': 0.1, 'm_yri_ooa': 0.0, 'm_yri_ceu': 0.0, 'm_yri_chb': 0.0, 'm_ceu_chb': 0.0} -95691.96219463093
x_down: {'t1': 9.1, 't2': 45.91, 't3': 94.591, 'N_anc': 10000, 'N_yri': 10000, 'N_ooa': 10000, 'N_ceu': 10000, 'N_chb': 10000, 'gr_ceu': 0.1, 'gr_chb': 0.1, 'm_yri_ooa': 0.0, 'm_yri_ceu': 0.0, 'm_yri_chb': 0.0, 'm_ceu_chb': 0.0} -95691.96219463093
 
 
x_up: {'t1': 9.1, 't2': 45.91, 't3': 100, 'N_anc': 10990.0, 'N_yri': 10000, 'N_ooa': 10000, 'N_ceu': 10000, 'N_chb': 10000, 'gr_ceu': 0.1, 'gr_chb': 0.1, 'm_yri_ooa': 0.0, 'm_yri_ceu': 0.0, 'm_yri_chb': 0.0, 'm_ceu_chb': 0.0} -95707.26614815975
x: {'t1': 9.1, 't2': 45.91, 't3': 100, 'N_anc': 10000, 'N_yri': 10000, 'N_ooa': 10000, 'N_ceu': 10000, 'N_chb': 10000, 'gr_ceu': 0.1, 'gr_chb': 0.1, 'm_yri_ooa': 0.0, 'm_yri_ceu': 0.0, 'm_yri_chb': 0.0, 'm_ceu_chb': 0.0} -95691.96219463093
x_down: {'t1': 9.1, 't2': 45.91, 't3': 100, 'N_anc': 9010.0, 'N_yri': 10000, 'N_ooa': 10000, 'N_ceu': 10000, 'N_chb': 10000, 'gr_ceu': 0.1, 'gr_chb': 0.1, 'm_yri_ooa': 0.0, 'm_yri_ceu': 0.0, 'm_yri_chb': 0.0, 'm_ceu_chb': 0.0} -95675.14738607052
 
 
x_up: {'t1': 9.1, 't2': 45.91, 't3': 100, 'N_anc': 9010.0, 'N_yri': 10990.0, 'N_ooa': 10000, 'N_ceu': 10000, 'N_chb': 10000, 'gr_ceu': 0.1, 'gr_chb': 0.1, 'm_yri_ooa': 0.0, 'm_yri_ceu': 0.0, 'm_yri_chb': 0.0, 'm_ceu_chb': 0.0} -95840.76562105338
x: {'t1': 9.1, 't2': 45.91, 't3': 100, 'N_anc': 9010.0, 'N_yri': 10000, 'N_ooa': 10000, 'N_ceu': 10000, 'N_chb': 10000, 'gr_ceu': 0.1, 'gr_chb': 0.1, 'm_yri_ooa': 0.0, 'm_yri_ceu': 0.0, 'm_yri_chb': 0.0, 'm_ceu_chb': 0.0} -95675.14738607052
x_down: {'t1': 9.1, 't2': 45.91, 't3': 100, 'N_anc': 9010.0, 'N_yri': 9010.0, 'N_ooa': 10000, 'N_ceu': 10000, 'N_chb': 10000, 'gr_ceu': 0.1, 'gr_chb': 0.1, 'm_yri_ooa': 0.0, 'm_yri_ceu': 0.0, 'm_yri_chb': 0.0, 'm_ceu_chb': 0.0} -95491.1016609561
 
 
x_up: {'t1': 9.1, 't2': 45.91, 't3': 100, 'N_anc': 9010.0, 'N_yri': 9010.0, 'N_ooa': 10990.0, 'N_ceu': 10000, 'N_chb': 10000, 'gr_ceu': 0.1, 'gr_chb': 0.1, 'm_yri_ooa': 0.0, 'm_yri_ceu': 0.0, 'm_yri_chb': 0.0, 'm_ceu_chb': 0.0} -95615.91316921925
x: {'t1': 9.1, 't2': 45.91, 't3': 100, 'N_anc': 9010.0, 'N_yri': 9010.0, 'N_ooa': 10000, 'N_ceu': 10000, 'N_chb': 10000, 'gr_ceu': 0.1, 'gr_chb': 0.1, 'm_yri_ooa': 0.0, 'm_yri_ceu': 0.0, 'm_yri_chb': 0.0, 'm_ceu_chb': 0.0} -95491.1016609561
x_down: {'t1': 9.1, 't2': 45.91, 't3': 100, 'N_anc': 9010.0, 'N_yri': 9010.0, 'N_ooa': 9010.0, 'N_ceu': 10000, 'N_chb': 10000, 'gr_ceu': 0.1, 'gr_chb': 0.1, 'm_yri_ooa': 0.0, 'm_yri_ceu': 0.0, 'm_yri_chb': 0.0, 'm_ceu_chb': 0.0} -95359.75509784176
 
 
x_up: {'t1': 9.1, 't2': 45.91, 't3': 100, 'N_anc': 9010.0, 'N_yri': 9010.0, 'N_ooa': 9010.0, 'N_ceu': 10990.0, 'N_chb': 10000, 'gr_ceu': 0.1, 'gr_chb': 0.1, 'm_yri_ooa': 0.0, 'm_yri_ceu': 0.0, 'm_yri_chb': 0.0, 'm_ceu_chb': 0.0} -95618.3822442953
x: {'t1': 9.1, 't2': 45.91, 't3': 100, 'N_anc': 9010.0, 'N_yri': 9010.0, 'N_ooa': 9010.0, 'N_ceu': 10000, 'N_chb': 10000, 'gr_ceu': 0.1, 'gr_chb': 0.1, 'm_yri_ooa': 0.0, 'm_yri_ceu': 0.0, 'm_yri_chb': 0.0, 'm_ceu_chb': 0.0} -95359.75509784176
x_down: {'t1': 9.1, 't2': 45.91, 't3': 100, 'N_anc': 9010.0, 'N_yri': 9010.0, 'N_ooa': 9010.0, 'N_ceu': 9010.0, 'N_chb': 10000, 'gr_ceu': 0.1, 'gr_chb': 0.1, 'm_yri_ooa': 0.0, 'm_yri_ceu': 0.0, 'm_yri_chb': 0.0, 'm_ceu_chb': 0.0} -94971.401997617
 
 
x_up: {'t1': 9.1, 't2': 45.91, 't3': 100, 'N_anc': 9010.0, 'N_yri': 9010.0, 'N_ooa': 9010.0, 'N_ceu': 9010.0, 'N_chb': 10990.0, 'gr_ceu': 0.1, 'gr_chb': 0.1, 'm_yri_ooa': 0.0, 'm_yri_ceu': 0.0, 'm_yri_chb': 0.0, 'm_ceu_chb': 0.0} -95171.64027240613
x: {'t1': 9.1, 't2': 45.91, 't3': 100, 'N_anc': 9010.0, 'N_yri': 9010.0, 'N_ooa': 9010.0, 'N_ceu': 9010.0, 'N_chb': 10000, 'gr_ceu': 0.1, 'gr_chb': 0.1, 'm_yri_ooa': 0.0, 'm_yri_ceu': 0.0, 'm_yri_chb': 0.0, 'm_ceu_chb': 0.0} -94971.401997617
x_down: {'t1': 9.1, 't2': 45.91, 't3': 100, 'N_anc': 9010.0, 'N_yri': 9010.0, 'N_ooa': 9010.0, 'N_ceu': 9010.0, 'N_chb': 9010.0, 'gr_ceu': 0.1, 'gr_chb': 0.1, 'm_yri_ooa': 0.0, 'm_yri_ceu': 0.0, 'm_yri_chb': 0.0, 'm_ceu_chb': 0.0} -94681.08043581674
 
 
x_up: {'t1': 9.1, 't2': 45.91, 't3': 100, 'N_anc': 9010.0, 'N_yri': 9010.0, 'N_ooa': 9010.0, 'N_ceu': 9010.0, 'N_chb': 9010.0, 'gr_ceu': 0.11, 'gr_chb': 0.1, 'm_yri_ooa': 0.0, 'm_yri_ceu': 0.0, 'm_yri_chb': 0.0, 'm_ceu_chb': 0.0} -94875.6205681518
x: {'t1': 9.1, 't2': 45.91, 't3': 100, 'N_anc': 9010.0, 'N_yri': 9010.0, 'N_ooa': 9010.0, 'N_ceu': 9010.0, 'N_chb': 9010.0, 'gr_ceu': 0.1, 'gr_chb': 0.1, 'm_yri_ooa': 0.0, 'm_yri_ceu': 0.0, 'm_yri_chb': 0.0, 'm_ceu_chb': 0.0} -94681.08043581674
x_down: {'t1': 9.1, 't2': 45.91, 't3': 100, 'N_anc': 9010.0, 'N_yri': 9010.0, 'N_ooa': 9010.0, 'N_ceu': 9010.0, 'N_chb': 9010.0, 'gr_ceu': 0.09, 'gr_chb': 0.1, 'm_yri_ooa': 0.0, 'm_yri_ceu': 0.0, 'm_yri_chb': 0.0, 'm_ceu_chb': 0.0} -94437.58031230015
 
 
x_up: {'t1': 9.1, 't2': 45.91, 't3': 100, 'N_anc': 9010.0, 'N_yri': 9010.0, 'N_ooa': 9010.0, 'N_ceu': 9010.0, 'N_chb': 9010.0, 'gr_ceu': 0.09, 'gr_chb': 0.11, 'm_yri_ooa': 0.0, 'm_yri_ceu': 0.0, 'm_yri_chb': 0.0, 'm_ceu_chb': 0.0} -94596.39432408499
x: {'t1': 9.1, 't2': 45.91, 't3': 100, 'N_anc': 9010.0, 'N_yri': 9010.0, 'N_ooa': 9010.0, 'N_ceu': 9010.0, 'N_chb': 9010.0, 'gr_ceu': 0.09, 'gr_chb': 0.1, 'm_yri_ooa': 0.0, 'm_yri_ceu': 0.0, 'm_yri_chb': 0.0, 'm_ceu_chb': 0.0} -94437.58031230015
x_down: {'t1': 9.1, 't2': 45.91, 't3': 100, 'N_anc': 9010.0, 'N_yri': 9010.0, 'N_ooa': 9010.0, 'N_ceu': 9010.0, 'N_chb': 9010.0, 'gr_ceu': 0.09, 'gr_chb': 0.09, 'm_yri_ooa': 0.0, 'm_yri_ceu': 0.0, 'm_yri_chb': 0.0, 'm_ceu_chb': 0.0} -94235.49602612355
 
 
x_up: {'t1': 9.1, 't2': 45.91, 't3': 100, 'N_anc': 9010.0, 'N_yri': 9010.0, 'N_ooa': 9010.0, 'N_ceu': 9010.0, 'N_chb': 9010.0, 'gr_ceu': 0.09, 'gr_chb': 0.09, 'm_yri_ooa': 0.0, 'm_yri_ceu': 0.0, 'm_yri_chb': 0.0, 'm_ceu_chb': 0.0} -94235.49602612355
x: {'t1': 9.1, 't2': 45.91, 't3': 100, 'N_anc': 9010.0, 'N_yri': 9010.0, 'N_ooa': 9010.0, 'N_ceu': 9010.0, 'N_chb': 9010.0, 'gr_ceu': 0.09, 'gr_chb': 0.09, 'm_yri_ooa': 0.0, 'm_yri_ceu': 0.0, 'm_yri_chb': 0.0, 'm_ceu_chb': 0.0} -94235.49602612355
x_down: {'t1': 9.1, 't2': 45.91, 't3': 100, 'N_anc': 9010.0, 'N_yri': 9010.0, 'N_ooa': 9010.0, 'N_ceu': 9010.0, 'N_chb': 9010.0, 'gr_ceu': 0.09, 'gr_chb': 0.09, 'm_yri_ooa': 1e-05, 'm_yri_ceu': 0.0, 'm_yri_chb': 0.0, 'm_ceu_chb': 0.0} -94150.14597657202
 
 
x_up: {'t1': 9.1, 't2': 45.91, 't3': 100, 'N_anc': 9010.0, 'N_yri': 9010.0, 'N_ooa': 9010.0, 'N_ceu': 9010.0, 'N_chb': 9010.0, 'gr_ceu': 0.09, 'gr_chb': 0.09, 'm_yri_ooa': 1e-05, 'm_yri_ceu': 0.0, 'm_yri_chb': 0.0, 'm_ceu_chb': 0.0} -94150.14597657202
x: {'t1': 9.1, 't2': 45.91, 't3': 100, 'N_anc': 9010.0, 'N_yri': 9010.0, 'N_ooa': 9010.0, 'N_ceu': 9010.0, 'N_chb': 9010.0, 'gr_ceu': 0.09, 'gr_chb': 0.09, 'm_yri_ooa': 1e-05, 'm_yri_ceu': 0.0, 'm_yri_chb': 0.0, 'm_ceu_chb': 0.0} -94150.14597657202
x_down: {'t1': 9.1, 't2': 45.91, 't3': 100, 'N_anc': 9010.0, 'N_yri': 9010.0, 'N_ooa': 9010.0, 'N_ceu': 9010.0, 'N_chb': 9010.0, 'gr_ceu': 0.09, 'gr_chb': 0.09, 'm_yri_ooa': 1e-05, 'm_yri_ceu': 1e-05, 'm_yri_chb': 0.0, 'm_ceu_chb': 0.0} -94150.14597657518
 
 
x_up: {'t1': 9.1, 't2': 45.91, 't3': 100, 'N_anc': 9010.0, 'N_yri': 9010.0, 'N_ooa': 9010.0, 'N_ceu': 9010.0, 'N_chb': 9010.0, 'gr_ceu': 0.09, 'gr_chb': 0.09, 'm_yri_ooa': 1e-05, 'm_yri_ceu': 0.0, 'm_yri_chb': 0.0, 'm_ceu_chb': 0.0} -94150.14597657202
x: {'t1': 9.1, 't2': 45.91, 't3': 100, 'N_anc': 9010.0, 'N_yri': 9010.0, 'N_ooa': 9010.0, 'N_ceu': 9010.0, 'N_chb': 9010.0, 'gr_ceu': 0.09, 'gr_chb': 0.09, 'm_yri_ooa': 1e-05, 'm_yri_ceu': 0.0, 'm_yri_chb': 0.0, 'm_ceu_chb': 0.0} -94150.14597657202
x_down: {'t1': 9.1, 't2': 45.91, 't3': 100, 'N_anc': 9010.0, 'N_yri': 9010.0, 'N_ooa': 9010.0, 'N_ceu': 9010.0, 'N_chb': 9010.0, 'gr_ceu': 0.09, 'gr_chb': 0.09, 'm_yri_ooa': 1e-05, 'm_yri_ceu': 0.0, 'm_yri_chb': 1e-05, 'm_ceu_chb': 0.0} -94150.14597657522
 
 
x_up: {'t1': 9.1, 't2': 45.91, 't3': 100, 'N_anc': 9010.0, 'N_yri': 9010.0, 'N_ooa': 9010.0, 'N_ceu': 9010.0, 'N_chb': 9010.0, 'gr_ceu': 0.09, 'gr_chb': 0.09, 'm_yri_ooa': 1e-05, 'm_yri_ceu': 0.0, 'm_yri_chb': 0.0, 'm_ceu_chb': 0.0} -94150.14597657202
x: {'t1': 9.1, 't2': 45.91, 't3': 100, 'N_anc': 9010.0, 'N_yri': 9010.0, 'N_ooa': 9010.0, 'N_ceu': 9010.0, 'N_chb': 9010.0, 'gr_ceu': 0.09, 'gr_chb': 0.09, 'm_yri_ooa': 1e-05, 'm_yri_ceu': 0.0, 'm_yri_chb': 0.0, 'm_ceu_chb': 0.0} -94150.14597657202
x_down: {'t1': 9.1, 't2': 45.91, 't3': 100, 'N_anc': 9010.0, 'N_yri': 9010.0, 'N_ooa': 9010.0, 'N_ceu': 9010.0, 'N_chb': 9010.0, 'gr_ceu': 0.09, 'gr_chb': 0.09, 'm_yri_ooa': 1e-05, 'm_yri_ceu': 0.0, 'm_yri_chb': 0.0, 'm_ceu_chb': 1e-05} -94150.14597657416
 
{'t1': 9.1, 't2': 45.91, 't3': 100, 'N_anc': 9010.0, 'N_yri': 9010.0, 'N_ooa': 9010.0, 'N_ceu': 9010.0, 'N_chb': 9010.0, 'gr_ceu': 0.09, 'gr_chb': 0.09, 'm_yri_ooa': 1e-05, 'm_yri_ceu': 0.0, 'm_yri_chb': 0.0, 'm_ceu_chb': 0.0} -94150.14597657202
 
x_up: {'t1': 10.315, 't2': 45.91, 't3': 100, 'N_anc': 9010.0, 'N_yri': 9010.0, 'N_ooa': 9010.0, 'N_ceu': 9010.0, 'N_chb': 9010.0, 'gr_ceu': 0.09, 'gr_chb': 0.09, 'm_yri_ooa': 1e-05, 'm_yri_ceu': 0.0, 'm_yri_chb': 0.0, 'm_ceu_chb': 0.0} -94761.54530731164
x: {'t1': 9.1, 't2': 45.91, 't3': 100, 'N_anc': 9010.0, 'N_yri': 9010.0, 'N_ooa': 9010.0, 'N_ceu': 9010.0, 'N_chb': 9010.0, 'gr_ceu': 0.09, 'gr_chb': 0.09, 'm_yri_ooa': 1e-05, 'm_yri_ceu': 0.0, 'm_yri_chb': 0.0, 'm_ceu_chb': 0.0} -94150.14597657202
x_down: {'t1': 7.885, 't2': 45.91, 't3': 100, 'N_anc': 9010.0, 'N_yri': 9010.0, 'N_ooa': 9010.0, 'N_ceu': 9010.0, 'N_chb': 9010.0, 'gr_ceu': 0.09, 'gr_chb': 0.09, 'm_yri_ooa': 1e-05, 'm_yri_ceu': 0.0, 'm_yri_chb': 0.0, 'm_ceu_chb': 0.0} -93461.25010075951
 
 
x_up: {'t1': 7.885, 't2': 51.61375, 't3': 100, 'N_anc': 9010.0, 'N_yri': 9010.0, 'N_ooa': 9010.0, 'N_ceu': 9010.0, 'N_chb': 9010.0, 'gr_ceu': 0.09, 'gr_chb': 0.09, 'm_yri_ooa': 1e-05, 'm_yri_ceu': 0.0, 'm_yri_chb': 0.0, 'm_ceu_chb': 0.0} -93513.2174887398
x: {'t1': 7.885, 't2': 45.91, 't3': 100, 'N_anc': 9010.0, 'N_yri': 9010.0, 'N_ooa': 9010.0, 'N_ceu': 9010.0, 'N_chb': 9010.0, 'gr_ceu': 0.09, 'gr_chb': 0.09, 'm_yri_ooa': 1e-05, 'm_yri_ceu': 0.0, 'm_yri_chb': 0.0, 'm_ceu_chb': 0.0} -93461.25010075951
x_down: {'t1': 7.885, 't2': 40.20625, 't3': 100, 'N_anc': 9010.0, 'N_yri': 9010.0, 'N_ooa': 9010.0, 'N_ceu': 9010.0, 'N_chb': 9010.0, 'gr_ceu': 0.09, 'gr_chb': 0.09, 'm_yri_ooa': 1e-05, 'm_yri_ceu': 0.0, 'm_yri_chb': 0.0, 'm_ceu_chb': 0.0} -93279.26802653671
 
 
x_up: {'t1': 7.885, 't2': 40.20625, 't3': 102.98969, 'N_anc': 9010.0, 'N_yri': 9010.0, 'N_ooa': 9010.0, 'N_ceu': 9010.0, 'N_chb': 9010.0, 'gr_ceu': 0.09, 'gr_chb': 0.09, 'm_yri_ooa': 1e-05, 'm_yri_ceu': 0.0, 'm_yri_chb': 0.0, 'm_ceu_chb': 0.0} -93279.26802653671
x: {'t1': 7.885, 't2': 40.20625, 't3': 100, 'N_anc': 9010.0, 'N_yri': 9010.0, 'N_ooa': 9010.0, 'N_ceu': 9010.0, 'N_chb': 9010.0, 'gr_ceu': 0.09, 'gr_chb': 0.09, 'm_yri_ooa': 1e-05, 'm_yri_ceu': 0.0, 'm_yri_chb': 0.0, 'm_ceu_chb': 0.0} -93279.26802653671
x_down: {'t1': 7.885, 't2': 40.20625, 't3': 97.01031, 'N_anc': 9010.0, 'N_yri': 9010.0, 'N_ooa': 9010.0, 'N_ceu': 9010.0, 'N_chb': 9010.0, 'gr_ceu': 0.09, 'gr_chb': 0.09, 'm_yri_ooa': 1e-05, 'm_yri_ceu': 0.0, 'm_yri_chb': 0.0, 'm_ceu_chb': 0.0} -93279.26802653671
 
 
x_up: {'t1': 7.885, 't2': 40.20625, 't3': 100, 'N_anc': 10346.5, 'N_yri': 9010.0, 'N_ooa': 9010.0, 'N_ceu': 9010.0, 'N_chb': 9010.0, 'gr_ceu': 0.09, 'gr_chb': 0.09, 'm_yri_ooa': 1e-05, 'm_yri_ceu': 0.0, 'm_yri_chb': 0.0, 'm_ceu_chb': 0.0} -93301.59692446672
x: {'t1': 7.885, 't2': 40.20625, 't3': 100, 'N_anc': 9010.0, 'N_yri': 9010.0, 'N_ooa': 9010.0, 'N_ceu': 9010.0, 'N_chb': 9010.0, 'gr_ceu': 0.09, 'gr_chb': 0.09, 'm_yri_ooa': 1e-05, 'm_yri_ceu': 0.0, 'm_yri_chb': 0.0, 'm_ceu_chb': 0.0} -93279.26802653671
x_down: {'t1': 7.885, 't2': 40.20625, 't3': 100, 'N_anc': 7673.5, 'N_yri': 9010.0, 'N_ooa': 9010.0, 'N_ceu': 9010.0, 'N_chb': 9010.0, 'gr_ceu': 0.09, 'gr_chb': 0.09, 'm_yri_ooa': 1e-05, 'm_yri_ceu': 0.0, 'm_yri_chb': 0.0, 'm_ceu_chb': 0.0} -93253.5693555454
 
 
x_up: {'t1': 7.885, 't2': 40.20625, 't3': 100, 'N_anc': 7673.5, 'N_yri': 10346.5, 'N_ooa': 9010.0, 'N_ceu': 9010.0, 'N_chb': 9010.0, 'gr_ceu': 0.09, 'gr_chb': 0.09, 'm_yri_ooa': 1e-05, 'm_yri_ceu': 0.0, 'm_yri_chb': 0.0, 'm_ceu_chb': 0.0} -93547.84493570746
x: {'t1': 7.885, 't2': 40.20625, 't3': 100, 'N_anc': 7673.5, 'N_yri': 9010.0, 'N_ooa': 9010.0, 'N_ceu': 9010.0, 'N_chb': 9010.0, 'gr_ceu': 0.09, 'gr_chb': 0.09, 'm_yri_ooa': 1e-05, 'm_yri_ceu': 0.0, 'm_yri_chb': 0.0, 'm_ceu_chb': 0.0} -93253.5693555454
x_down: {'t1': 7.885, 't2': 40.20625, 't3': 100, 'N_anc': 7673.5, 'N_yri': 7673.5, 'N_ooa': 9010.0, 'N_ceu': 9010.0, 'N_chb': 9010.0, 'gr_ceu': 0.09, 'gr_chb': 0.09, 'm_yri_ooa': 1e-05, 'm_yri_ceu': 0.0, 'm_yri_chb': 0.0, 'm_ceu_chb': 0.0} -92935.03249837543
 
 
x_up: {'t1': 7.885, 't2': 40.20625, 't3': 100, 'N_anc': 7673.5, 'N_yri': 7673.5, 'N_ooa': 10346.5, 'N_ceu': 9010.0, 'N_chb': 9010.0, 'gr_ceu': 0.09, 'gr_chb': 0.09, 'm_yri_ooa': 1e-05, 'm_yri_ceu': 0.0, 'm_yri_chb': 0.0, 'm_ceu_chb': 0.0} -93147.5957947058
x: {'t1': 7.885, 't2': 40.20625, 't3': 100, 'N_anc': 7673.5, 'N_yri': 7673.5, 'N_ooa': 9010.0, 'N_ceu': 9010.0, 'N_chb': 9010.0, 'gr_ceu': 0.09, 'gr_chb': 0.09, 'm_yri_ooa': 1e-05, 'm_yri_ceu': 0.0, 'm_yri_chb': 0.0, 'm_ceu_chb': 0.0} -92935.03249837543
x_down: {'t1': 7.885, 't2': 40.20625, 't3': 100, 'N_anc': 7673.5, 'N_yri': 7673.5, 'N_ooa': 7673.5, 'N_ceu': 9010.0, 'N_chb': 9010.0, 'gr_ceu': 0.09, 'gr_chb': 0.09, 'm_yri_ooa': 1e-05, 'm_yri_ceu': 0.0, 'm_yri_chb': 0.0, 'm_ceu_chb': 0.0} -92702.83318404725
 
 
x_up: {'t1': 7.885, 't2': 40.20625, 't3': 100, 'N_anc': 7673.5, 'N_yri': 7673.5, 'N_ooa': 7673.5, 'N_ceu': 10346.5, 'N_chb': 9010.0, 'gr_ceu': 0.09, 'gr_chb': 0.09, 'm_yri_ooa': 1e-05, 'm_yri_ceu': 0.0, 'm_yri_chb': 0.0, 'm_ceu_chb': 0.0} -93077.73555973633
x: {'t1': 7.885, 't2': 40.20625, 't3': 100, 'N_anc': 7673.5, 'N_yri': 7673.5, 'N_ooa': 7673.5, 'N_ceu': 9010.0, 'N_chb': 9010.0, 'gr_ceu': 0.09, 'gr_chb': 0.09, 'm_yri_ooa': 1e-05, 'm_yri_ceu': 0.0, 'm_yri_chb': 0.0, 'm_ceu_chb': 0.0} -92702.83318404725
x_down: {'t1': 7.885, 't2': 40.20625, 't3': 100, 'N_anc': 7673.5, 'N_yri': 7673.5, 'N_ooa': 7673.5, 'N_ceu': 7673.5, 'N_chb': 9010.0, 'gr_ceu': 0.09, 'gr_chb': 0.09, 'm_yri_ooa': 1e-05, 'm_yri_ceu': 0.0, 'm_yri_chb': 0.0, 'm_ceu_chb': 0.0} -92168.66587451148
 
 
x_up: {'t1': 7.885, 't2': 40.20625, 't3': 100, 'N_anc': 7673.5, 'N_yri': 7673.5, 'N_ooa': 7673.5, 'N_ceu': 7673.5, 'N_chb': 10346.5, 'gr_ceu': 0.09, 'gr_chb': 0.09, 'm_yri_ooa': 1e-05, 'm_yri_ceu': 0.0, 'm_yri_chb': 0.0, 'm_ceu_chb': 0.0} -92475.63104756224
x: {'t1': 7.885, 't2': 40.20625, 't3': 100, 'N_anc': 7673.5, 'N_yri': 7673.5, 'N_ooa': 7673.5, 'N_ceu': 7673.5, 'N_chb': 9010.0, 'gr_ceu': 0.09, 'gr_chb': 0.09, 'm_yri_ooa': 1e-05, 'm_yri_ceu': 0.0, 'm_yri_chb': 0.0, 'm_ceu_chb': 0.0} -92168.66587451148
x_down: {'t1': 7.885, 't2': 40.20625, 't3': 100, 'N_anc': 7673.5, 'N_yri': 7673.5, 'N_ooa': 7673.5, 'N_ceu': 7673.5, 'N_chb': 7673.5, 'gr_ceu': 0.09, 'gr_chb': 0.09, 'm_yri_ooa': 1e-05, 'm_yri_ceu': 0.0, 'm_yri_chb': 0.0, 'm_ceu_chb': 0.0} -91738.21176411622
 
 
x_up: {'t1': 7.885, 't2': 40.20625, 't3': 100, 'N_anc': 7673.5, 'N_yri': 7673.5, 'N_ooa': 7673.5, 'N_ceu': 7673.5, 'N_chb': 7673.5, 'gr_ceu': 0.1035, 'gr_chb': 0.09, 'm_yri_ooa': 1e-05, 'm_yri_ceu': 0.0, 'm_yri_chb': 0.0, 'm_ceu_chb': 0.0} -91958.28866603674
x: {'t1': 7.885, 't2': 40.20625, 't3': 100, 'N_anc': 7673.5, 'N_yri': 7673.5, 'N_ooa': 7673.5, 'N_ceu': 7673.5, 'N_chb': 7673.5, 'gr_ceu': 0.09, 'gr_chb': 0.09, 'm_yri_ooa': 1e-05, 'm_yri_ceu': 0.0, 'm_yri_chb': 0.0, 'm_ceu_chb': 0.0} -91738.21176411622
x_down: {'t1': 7.885, 't2': 40.20625, 't3': 100, 'N_anc': 7673.5, 'N_yri': 7673.5, 'N_ooa': 7673.5, 'N_ceu': 7673.5, 'N_chb': 7673.5, 'gr_ceu': 0.0765, 'gr_chb': 0.09, 'm_yri_ooa': 1e-05, 'm_yri_ceu': 0.0, 'm_yri_chb': 0.0, 'm_ceu_chb': 0.0} -91489.91843622297
 
 
x_up: {'t1': 7.885, 't2': 40.20625, 't3': 100, 'N_anc': 7673.5, 'N_yri': 7673.5, 'N_ooa': 7673.5, 'N_ceu': 7673.5, 'N_chb': 7673.5, 'gr_ceu': 0.0765, 'gr_chb': 0.1035, 'm_yri_ooa': 1e-05, 'm_yri_ceu': 0.0, 'm_yri_chb': 0.0, 'm_ceu_chb': 0.0} -91689.34939576554
x: {'t1': 7.885, 't2': 40.20625, 't3': 100, 'N_anc': 7673.5, 'N_yri': 7673.5, 'N_ooa': 7673.5, 'N_ceu': 7673.5, 'N_chb': 7673.5, 'gr_ceu': 0.0765, 'gr_chb': 0.09, 'm_yri_ooa': 1e-05, 'm_yri_ceu': 0.0, 'm_yri_chb': 0.0, 'm_ceu_chb': 0.0} -91489.91843622297
x_down: {'t1': 7.885, 't2': 40.20625, 't3': 100, 'N_anc': 7673.5, 'N_yri': 7673.5, 'N_ooa': 7673.5, 'N_ceu': 7673.5, 'N_chb': 7673.5, 'gr_ceu': 0.0765, 'gr_chb': 0.0765, 'm_yri_ooa': 1e-05, 'm_yri_ceu': 0.0, 'm_yri_chb': 0.0, 'm_ceu_chb': 0.0} -91267.42738824664
 
 
x_up: {'t1': 7.885, 't2': 40.20625, 't3': 100, 'N_anc': 7673.5, 'N_yri': 7673.5, 'N_ooa': 7673.5, 'N_ceu': 7673.5, 'N_chb': 7673.5, 'gr_ceu': 0.0765, 'gr_chb': 0.0765, 'm_yri_ooa': 0.0, 'm_yri_ceu': 0.0, 'm_yri_chb': 0.0, 'm_ceu_chb': 0.0} -91312.7745277687
x: {'t1': 7.885, 't2': 40.20625, 't3': 100, 'N_anc': 7673.5, 'N_yri': 7673.5, 'N_ooa': 7673.5, 'N_ceu': 7673.5, 'N_chb': 7673.5, 'gr_ceu': 0.0765, 'gr_chb': 0.0765, 'm_yri_ooa': 1e-05, 'm_yri_ceu': 0.0, 'm_yri_chb': 0.0, 'm_ceu_chb': 0.0} -91267.42738824664
x_down: {'t1': 7.885, 't2': 40.20625, 't3': 100, 'N_anc': 7673.5, 'N_yri': 7673.5, 'N_ooa': 7673.5, 'N_ceu': 7673.5, 'N_chb': 7673.5, 'gr_ceu': 0.0765, 'gr_chb': 0.0765, 'm_yri_ooa': 1e-05, 'm_yri_ceu': 0.0, 'm_yri_chb': 0.0, 'm_ceu_chb': 0.0} -91267.42738824664
 
 
x_up: {'t1': 7.885, 't2': 40.20625, 't3': 100, 'N_anc': 7673.5, 'N_yri': 7673.5, 'N_ooa': 7673.5, 'N_ceu': 7673.5, 'N_chb': 7673.5, 'gr_ceu': 0.0765, 'gr_chb': 0.0765, 'm_yri_ooa': 1e-05, 'm_yri_ceu': 0.0, 'm_yri_chb': 0.0, 'm_ceu_chb': 0.0} -91267.42738824664
x: {'t1': 7.885, 't2': 40.20625, 't3': 100, 'N_anc': 7673.5, 'N_yri': 7673.5, 'N_ooa': 7673.5, 'N_ceu': 7673.5, 'N_chb': 7673.5, 'gr_ceu': 0.0765, 'gr_chb': 0.0765, 'm_yri_ooa': 1e-05, 'm_yri_ceu': 0.0, 'm_yri_chb': 0.0, 'm_ceu_chb': 0.0} -91267.42738824664
x_down: {'t1': 7.885, 't2': 40.20625, 't3': 100, 'N_anc': 7673.5, 'N_yri': 7673.5, 'N_ooa': 7673.5, 'N_ceu': 7673.5, 'N_chb': 7673.5, 'gr_ceu': 0.0765, 'gr_chb': 0.0765, 'm_yri_ooa': 1e-05, 'm_yri_ceu': 1e-05, 'm_yri_chb': 0.0, 'm_ceu_chb': 0.0} -91267.42738825298
 
 
x_up: {'t1': 7.885, 't2': 40.20625, 't3': 100, 'N_anc': 7673.5, 'N_yri': 7673.5, 'N_ooa': 7673.5, 'N_ceu': 7673.5, 'N_chb': 7673.5, 'gr_ceu': 0.0765, 'gr_chb': 0.0765, 'm_yri_ooa': 1e-05, 'm_yri_ceu': 0.0, 'm_yri_chb': 0.0, 'm_ceu_chb': 0.0} -91267.42738824664
x: {'t1': 7.885, 't2': 40.20625, 't3': 100, 'N_anc': 7673.5, 'N_yri': 7673.5, 'N_ooa': 7673.5, 'N_ceu': 7673.5, 'N_chb': 7673.5, 'gr_ceu': 0.0765, 'gr_chb': 0.0765, 'm_yri_ooa': 1e-05, 'm_yri_ceu': 0.0, 'm_yri_chb': 0.0, 'm_ceu_chb': 0.0} -91267.42738824664
x_down: {'t1': 7.885, 't2': 40.20625, 't3': 100, 'N_anc': 7673.5, 'N_yri': 7673.5, 'N_ooa': 7673.5, 'N_ceu': 7673.5, 'N_chb': 7673.5, 'gr_ceu': 0.0765, 'gr_chb': 0.0765, 'm_yri_ooa': 1e-05, 'm_yri_ceu': 0.0, 'm_yri_chb': 1e-05, 'm_ceu_chb': 0.0} -91267.42738825295
 
 
x_up: {'t1': 7.885, 't2': 40.20625, 't3': 100, 'N_anc': 7673.5, 'N_yri': 7673.5, 'N_ooa': 7673.5, 'N_ceu': 7673.5, 'N_chb': 7673.5, 'gr_ceu': 0.0765, 'gr_chb': 0.0765, 'm_yri_ooa': 1e-05, 'm_yri_ceu': 0.0, 'm_yri_chb': 0.0, 'm_ceu_chb': 0.0} -91267.42738824664
x: {'t1': 7.885, 't2': 40.20625, 't3': 100, 'N_anc': 7673.5, 'N_yri': 7673.5, 'N_ooa': 7673.5, 'N_ceu': 7673.5, 'N_chb': 7673.5, 'gr_ceu': 0.0765, 'gr_chb': 0.0765, 'm_yri_ooa': 1e-05, 'm_yri_ceu': 0.0, 'm_yri_chb': 0.0, 'm_ceu_chb': 0.0} -91267.42738824664
x_down: {'t1': 7.885, 't2': 40.20625, 't3': 100, 'N_anc': 7673.5, 'N_yri': 7673.5, 'N_ooa': 7673.5, 'N_ceu': 7673.5, 'N_chb': 7673.5, 'gr_ceu': 0.0765, 'gr_chb': 0.0765, 'm_yri_ooa': 1e-05, 'm_yri_ceu': 0.0, 'm_yri_chb': 0.0, 'm_ceu_chb': 1e-05} -91267.4273882528
 
{'t1': 7.885, 't2': 40.20625, 't3': 100, 'N_anc': 7673.5, 'N_yri': 7673.5, 'N_ooa': 7673.5, 'N_ceu': 7673.5, 'N_chb': 7673.5, 'gr_ceu': 0.0765, 'gr_chb': 0.0765, 'm_yri_ooa': 1e-05, 'm_yri_ceu': 0.0, 'm_yri_chb': 0.0, 'm_ceu_chb': 0.0} -91267.42738824664
 
x_up: {'t1': 9.43412, 't2': 40.20625, 't3': 100, 'N_anc': 7673.5, 'N_yri': 7673.5, 'N_ooa': 7673.5, 'N_ceu': 7673.5, 'N_chb': 7673.5, 'gr_ceu': 0.0765, 'gr_chb': 0.0765, 'm_yri_ooa': 1e-05, 'm_yri_ceu': 0.0, 'm_yri_chb': 0.0, 'm_ceu_chb': 0.0} -91947.14915338553
x: {'t1': 7.885, 't2': 40.20625, 't3': 100, 'N_anc': 7673.5, 'N_yri': 7673.5, 'N_ooa': 7673.5, 'N_ceu': 7673.5, 'N_chb': 7673.5, 'gr_ceu': 0.0765, 'gr_chb': 0.0765, 'm_yri_ooa': 1e-05, 'm_yri_ceu': 0.0, 'm_yri_chb': 0.0, 'm_ceu_chb': 0.0} -91267.42738824664
x_down: {'t1': 6.33587, 't2': 40.20625, 't3': 100, 'N_anc': 7673.5, 'N_yri': 7673.5, 'N_ooa': 7673.5, 'N_ceu': 7673.5, 'N_chb': 7673.5, 'gr_ceu': 0.0765, 'gr_chb': 0.0765, 'm_yri_ooa': 1e-05, 'm_yri_ceu': 0.0, 'm_yri_chb': 0.0, 'm_ceu_chb': 0.0} -90426.32540390702
 
 
x_up: {'t1': 6.33587, 't2': 47.82709, 't3': 100, 'N_anc': 7673.5, 'N_yri': 7673.5, 'N_ooa': 7673.5, 'N_ceu': 7673.5, 'N_chb': 7673.5, 'gr_ceu': 0.0765, 'gr_chb': 0.0765, 'm_yri_ooa': 1e-05, 'm_yri_ceu': 0.0, 'm_yri_chb': 0.0, 'm_ceu_chb': 0.0} -90535.59529358914
x: {'t1': 6.33587, 't2': 40.20625, 't3': 100, 'N_anc': 7673.5, 'N_yri': 7673.5, 'N_ooa': 7673.5, 'N_ceu': 7673.5, 'N_chb': 7673.5, 'gr_ceu': 0.0765, 'gr_chb': 0.0765, 'm_yri_ooa': 1e-05, 'm_yri_ceu': 0.0, 'm_yri_chb': 0.0, 'm_ceu_chb': 0.0} -90426.32540390702
x_down: {'t1': 6.33587, 't2': 32.58541, 't3': 100, 'N_anc': 7673.5, 'N_yri': 7673.5, 'N_ooa': 7673.5, 'N_ceu': 7673.5, 'N_chb': 7673.5, 'gr_ceu': 0.0765, 'gr_chb': 0.0765, 'm_yri_ooa': 1e-05, 'm_yri_ceu': 0.0, 'm_yri_chb': 0.0, 'm_ceu_chb': 0.0} -90311.678895914
 
 
x_up: {'t1': 6.33587, 't2': 32.58541, 't3': 103.37073, 'N_anc': 7673.5, 'N_yri': 7673.5, 'N_ooa': 7673.5, 'N_ceu': 7673.5, 'N_chb': 7673.5, 'gr_ceu': 0.0765, 'gr_chb': 0.0765, 'm_yri_ooa': 1e-05, 'm_yri_ceu': 0.0, 'm_yri_chb': 0.0, 'm_ceu_chb': 0.0} -90311.678895914
x: {'t1': 6.33587, 't2': 32.58541, 't3': 100, 'N_anc': 7673.5, 'N_yri': 7673.5, 'N_ooa': 7673.5, 'N_ceu': 7673.5, 'N_chb': 7673.5, 'gr_ceu': 0.0765, 'gr_chb': 0.0765, 'm_yri_ooa': 1e-05, 'm_yri_ceu': 0.0, 'm_yri_chb': 0.0, 'm_ceu_chb': 0.0} -90311.678895914
x_down: {'t1': 6.33587, 't2': 32.58541, 't3': 96.62927, 'N_anc': 7673.5, 'N_yri': 7673.5, 'N_ooa': 7673.5, 'N_ceu': 7673.5, 'N_chb': 7673.5, 'gr_ceu': 0.0765, 'gr_chb': 0.0765, 'm_yri_ooa': 1e-05, 'm_yri_ceu': 0.0, 'm_yri_chb': 0.0, 'm_ceu_chb': 0.0} -90311.678895914
 
 
x_up: {'t1': 6.33587, 't2': 32.58541, 't3': 100, 'N_anc': 9377.5375, 'N_yri': 7673.5, 'N_ooa': 7673.5, 'N_ceu': 7673.5, 'N_chb': 7673.5, 'gr_ceu': 0.0765, 'gr_chb': 0.0765, 'm_yri_ooa': 1e-05, 'm_yri_ceu': 0.0, 'm_yri_chb': 0.0, 'm_ceu_chb': 0.0} -90343.81517906787
x: {'t1': 6.33587, 't2': 32.58541, 't3': 100, 'N_anc': 7673.5, 'N_yri': 7673.5, 'N_ooa': 7673.5, 'N_ceu': 7673.5, 'N_chb': 7673.5, 'gr_ceu': 0.0765, 'gr_chb': 0.0765, 'm_yri_ooa': 1e-05, 'm_yri_ceu': 0.0, 'm_yri_chb': 0.0, 'm_ceu_chb': 0.0} -90311.678895914
x_down: {'t1': 6.33587, 't2': 32.58541, 't3': 100, 'N_anc': 5969.4625, 'N_yri': 7673.5, 'N_ooa': 7673.5, 'N_ceu': 7673.5, 'N_chb': 7673.5, 'gr_ceu': 0.0765, 'gr_chb': 0.0765, 'm_yri_ooa': 1e-05, 'm_yri_ceu': 0.0, 'm_yri_chb': 0.0, 'm_ceu_chb': 0.0} -90272.06230868038
 
 
x_up: {'t1': 6.33587, 't2': 32.58541, 't3': 100, 'N_anc': 5969.4625, 'N_yri': 9377.5375, 'N_ooa': 7673.5, 'N_ceu': 7673.5, 'N_chb': 7673.5, 'gr_ceu': 0.0765, 'gr_chb': 0.0765, 'm_yri_ooa': 1e-05, 'm_yri_ceu': 0.0, 'm_yri_chb': 0.0, 'm_ceu_chb': 0.0} -90616.20188757856
x: {'t1': 6.33587, 't2': 32.58541, 't3': 100, 'N_anc': 5969.4625, 'N_yri': 7673.5, 'N_ooa': 7673.5, 'N_ceu': 7673.5, 'N_chb': 7673.5, 'gr_ceu': 0.0765, 'gr_chb': 0.0765, 'm_yri_ooa': 1e-05, 'm_yri_ceu': 0.0, 'm_yri_chb': 0.0, 'm_ceu_chb': 0.0} -90272.06230868038
x_down: {'t1': 6.33587, 't2': 32.58541, 't3': 100, 'N_anc': 5969.4625, 'N_yri': 5969.4625, 'N_ooa': 7673.5, 'N_ceu': 7673.5, 'N_chb': 7673.5, 'gr_ceu': 0.0765, 'gr_chb': 0.0765, 'm_yri_ooa': 1e-05, 'm_yri_ceu': 0.0, 'm_yri_chb': 0.0, 'm_ceu_chb': 0.0} -89809.0056807348
 
 
x_up: {'t1': 6.33587, 't2': 32.58541, 't3': 100, 'N_anc': 5969.4625, 'N_yri': 5969.4625, 'N_ooa': 9377.5375, 'N_ceu': 7673.5, 'N_chb': 7673.5, 'gr_ceu': 0.0765, 'gr_chb': 0.0765, 'm_yri_ooa': 1e-05, 'm_yri_ceu': 0.0, 'm_yri_chb': 0.0, 'm_ceu_chb': 0.0} -90194.75337467209
x: {'t1': 6.33587, 't2': 32.58541, 't3': 100, 'N_anc': 5969.4625, 'N_yri': 5969.4625, 'N_ooa': 7673.5, 'N_ceu': 7673.5, 'N_chb': 7673.5, 'gr_ceu': 0.0765, 'gr_chb': 0.0765, 'm_yri_ooa': 1e-05, 'm_yri_ceu': 0.0, 'm_yri_chb': 0.0, 'm_ceu_chb': 0.0} -89809.0056807348
x_down: {'t1': 6.33587, 't2': 32.58541, 't3': 100, 'N_anc': 5969.4625, 'N_yri': 5969.4625, 'N_ooa': 5969.4625, 'N_ceu': 7673.5, 'N_chb': 7673.5, 'gr_ceu': 0.0765, 'gr_chb': 0.0765, 'm_yri_ooa': 1e-05, 'm_yri_ceu': 0.0, 'm_yri_chb': 0.0, 'm_ceu_chb': 0.0} -89380.5405919186
 
 
x_up: {'t1': 6.33587, 't2': 32.58541, 't3': 100, 'N_anc': 5969.4625, 'N_yri': 5969.4625, 'N_ooa': 5969.4625, 'N_ceu': 9377.5375, 'N_chb': 7673.5, 'gr_ceu': 0.0765, 'gr_chb': 0.0765, 'm_yri_ooa': 1e-05, 'm_yri_ceu': 0.0, 'm_yri_chb': 0.0, 'm_ceu_chb': 0.0} -89870.64314925767
x: {'t1': 6.33587, 't2': 32.58541, 't3': 100, 'N_anc': 5969.4625, 'N_yri': 5969.4625, 'N_ooa': 5969.4625, 'N_ceu': 7673.5, 'N_chb': 7673.5, 'gr_ceu': 0.0765, 'gr_chb': 0.0765, 'm_yri_ooa': 1e-05, 'm_yri_ceu': 0.0, 'm_yri_chb': 0.0, 'm_ceu_chb': 0.0} -89380.5405919186
x_down: {'t1': 6.33587, 't2': 32.58541, 't3': 100, 'N_anc': 5969.4625, 'N_yri': 5969.4625, 'N_ooa': 5969.4625, 'N_ceu': 5969.4625, 'N_chb': 7673.5, 'gr_ceu': 0.0765, 'gr_chb': 0.0765, 'm_yri_ooa': 1e-05, 'm_yri_ceu': 0.0, 'm_yri_chb': 0.0, 'm_ceu_chb': 0.0} -88521.4686710504
 
 
x_up: {'t1': 6.33587, 't2': 32.58541, 't3': 100, 'N_anc': 5969.4625, 'N_yri': 5969.4625, 'N_ooa': 5969.4625, 'N_ceu': 5969.4625, 'N_chb': 9377.5375, 'gr_ceu': 0.0765, 'gr_chb': 0.0765, 'm_yri_ooa': 1e-05, 'm_yri_ceu': 0.0, 'm_yri_chb': 0.0, 'm_ceu_chb': 0.0} -88919.13801031312
x: {'t1': 6.33587, 't2': 32.58541, 't3': 100, 'N_anc': 5969.4625, 'N_yri': 5969.4625, 'N_ooa': 5969.4625, 'N_ceu': 5969.4625, 'N_chb': 7673.5, 'gr_ceu': 0.0765, 'gr_chb': 0.0765, 'm_yri_ooa': 1e-05, 'm_yri_ceu': 0.0, 'm_yri_chb': 0.0, 'm_ceu_chb': 0.0} -88521.4686710504
x_down: {'t1': 6.33587, 't2': 32.58541, 't3': 100, 'N_anc': 5969.4625, 'N_yri': 5969.4625, 'N_ooa': 5969.4625, 'N_ceu': 5969.4625, 'N_chb': 5969.4625, 'gr_ceu': 0.0765, 'gr_chb': 0.0765, 'm_yri_ooa': 1e-05, 'm_yri_ceu': 0.0, 'm_yri_chb': 0.0, 'm_ceu_chb': 0.0} -87937.1884977454
 
 
x_up: {'t1': 6.33587, 't2': 32.58541, 't3': 100, 'N_anc': 5969.4625, 'N_yri': 5969.4625, 'N_ooa': 5969.4625, 'N_ceu': 5969.4625, 'N_chb': 5969.4625, 'gr_ceu': 0.09371, 'gr_chb': 0.0765, 'm_yri_ooa': 1e-05, 'm_yri_ceu': 0.0, 'm_yri_chb': 0.0, 'm_ceu_chb': 0.0} -88144.5170430103
x: {'t1': 6.33587, 't2': 32.58541, 't3': 100, 'N_anc': 5969.4625, 'N_yri': 5969.4625, 'N_ooa': 5969.4625, 'N_ceu': 5969.4625, 'N_chb': 5969.4625, 'gr_ceu': 0.0765, 'gr_chb': 0.0765, 'm_yri_ooa': 1e-05, 'm_yri_ceu': 0.0, 'm_yri_chb': 0.0, 'm_ceu_chb': 0.0} -87937.1884977454
x_down: {'t1': 6.33587, 't2': 32.58541, 't3': 100, 'N_anc': 5969.4625, 'N_yri': 5969.4625, 'N_ooa': 5969.4625, 'N_ceu': 5969.4625, 'N_chb': 5969.4625, 'gr_ceu': 0.05929, 'gr_chb': 0.0765, 'm_yri_ooa': 1e-05, 'm_yri_ceu': 0.0, 'm_yri_chb': 0.0, 'm_ceu_chb': 0.0} -87692.62557308516
 
 
x_up: {'t1': 6.33587, 't2': 32.58541, 't3': 100, 'N_anc': 5969.4625, 'N_yri': 5969.4625, 'N_ooa': 5969.4625, 'N_ceu': 5969.4625, 'N_chb': 5969.4625, 'gr_ceu': 0.05929, 'gr_chb': 0.09371, 'm_yri_ooa': 1e-05, 'm_yri_ceu': 0.0, 'm_yri_chb': 0.0, 'm_ceu_chb': 0.0} -87869.31092759836
x: {'t1': 6.33587, 't2': 32.58541, 't3': 100, 'N_anc': 5969.4625, 'N_yri': 5969.4625, 'N_ooa': 5969.4625, 'N_ceu': 5969.4625, 'N_chb': 5969.4625, 'gr_ceu': 0.05929, 'gr_chb': 0.0765, 'm_yri_ooa': 1e-05, 'm_yri_ceu': 0.0, 'm_yri_chb': 0.0, 'm_ceu_chb': 0.0} -87692.62557308516
x_down: {'t1': 6.33587, 't2': 32.58541, 't3': 100, 'N_anc': 5969.4625, 'N_yri': 5969.4625, 'N_ooa': 5969.4625, 'N_ceu': 5969.4625, 'N_chb': 5969.4625, 'gr_ceu': 0.05929, 'gr_chb': 0.05929, 'm_yri_ooa': 1e-05, 'm_yri_ceu': 0.0, 'm_yri_chb': 0.0, 'm_ceu_chb': 0.0} -87486.35753204922
 
 
x_up: {'t1': 6.33587, 't2': 32.58541, 't3': 100, 'N_anc': 5969.4625, 'N_yri': 5969.4625, 'N_ooa': 5969.4625, 'N_ceu': 5969.4625, 'N_chb': 5969.4625, 'gr_ceu': 0.05929, 'gr_chb': 0.05929, 'm_yri_ooa': 0.0, 'm_yri_ceu': 0.0, 'm_yri_chb': 0.0, 'm_ceu_chb': 0.0} -87491.965236162
x: {'t1': 6.33587, 't2': 32.58541, 't3': 100, 'N_anc': 5969.4625, 'N_yri': 5969.4625, 'N_ooa': 5969.4625, 'N_ceu': 5969.4625, 'N_chb': 5969.4625, 'gr_ceu': 0.05929, 'gr_chb': 0.05929, 'm_yri_ooa': 1e-05, 'm_yri_ceu': 0.0, 'm_yri_chb': 0.0, 'm_ceu_chb': 0.0} -87486.35753204922
x_down: {'t1': 6.33587, 't2': 32.58541, 't3': 100, 'N_anc': 5969.4625, 'N_yri': 5969.4625, 'N_ooa': 5969.4625, 'N_ceu': 5969.4625, 'N_chb': 5969.4625, 'gr_ceu': 0.05929, 'gr_chb': 0.05929, 'm_yri_ooa': 1e-05, 'm_yri_ceu': 0.0, 'm_yri_chb': 0.0, 'm_ceu_chb': 0.0} -87486.35753204922
 
 
x_up: {'t1': 6.33587, 't2': 32.58541, 't3': 100, 'N_anc': 5969.4625, 'N_yri': 5969.4625, 'N_ooa': 5969.4625, 'N_ceu': 5969.4625, 'N_chb': 5969.4625, 'gr_ceu': 0.05929, 'gr_chb': 0.05929, 'm_yri_ooa': 1e-05, 'm_yri_ceu': 0.0, 'm_yri_chb': 0.0, 'm_ceu_chb': 0.0} -87486.35753204922
x: {'t1': 6.33587, 't2': 32.58541, 't3': 100, 'N_anc': 5969.4625, 'N_yri': 5969.4625, 'N_ooa': 5969.4625, 'N_ceu': 5969.4625, 'N_chb': 5969.4625, 'gr_ceu': 0.05929, 'gr_chb': 0.05929, 'm_yri_ooa': 1e-05, 'm_yri_ceu': 0.0, 'm_yri_chb': 0.0, 'm_ceu_chb': 0.0} -87486.35753204922
x_down: {'t1': 6.33587, 't2': 32.58541, 't3': 100, 'N_anc': 5969.4625, 'N_yri': 5969.4625, 'N_ooa': 5969.4625, 'N_ceu': 5969.4625, 'N_chb': 5969.4625, 'gr_ceu': 0.05929, 'gr_chb': 0.05929, 'm_yri_ooa': 1e-05, 'm_yri_ceu': 1e-05, 'm_yri_chb': 0.0, 'm_ceu_chb': 0.0} -87486.35753204998
 
 
x_up: {'t1': 6.33587, 't2': 32.58541, 't3': 100, 'N_anc': 5969.4625, 'N_yri': 5969.4625, 'N_ooa': 5969.4625, 'N_ceu': 5969.4625, 'N_chb': 5969.4625, 'gr_ceu': 0.05929, 'gr_chb': 0.05929, 'm_yri_ooa': 1e-05, 'm_yri_ceu': 0.0, 'm_yri_chb': 0.0, 'm_ceu_chb': 0.0} -87486.35753204922
x: {'t1': 6.33587, 't2': 32.58541, 't3': 100, 'N_anc': 5969.4625, 'N_yri': 5969.4625, 'N_ooa': 5969.4625, 'N_ceu': 5969.4625, 'N_chb': 5969.4625, 'gr_ceu': 0.05929, 'gr_chb': 0.05929, 'm_yri_ooa': 1e-05, 'm_yri_ceu': 0.0, 'm_yri_chb': 0.0, 'm_ceu_chb': 0.0} -87486.35753204922
x_down: {'t1': 6.33587, 't2': 32.58541, 't3': 100, 'N_anc': 5969.4625, 'N_yri': 5969.4625, 'N_ooa': 5969.4625, 'N_ceu': 5969.4625, 'N_chb': 5969.4625, 'gr_ceu': 0.05929, 'gr_chb': 0.05929, 'm_yri_ooa': 1e-05, 'm_yri_ceu': 0.0, 'm_yri_chb': 1e-05, 'm_ceu_chb': 0.0} -87486.35753204997
 
 
x_up: {'t1': 6.33587, 't2': 32.58541, 't3': 100, 'N_anc': 5969.4625, 'N_yri': 5969.4625, 'N_ooa': 5969.4625, 'N_ceu': 5969.4625, 'N_chb': 5969.4625, 'gr_ceu': 0.05929, 'gr_chb': 0.05929, 'm_yri_ooa': 1e-05, 'm_yri_ceu': 0.0, 'm_yri_chb': 0.0, 'm_ceu_chb': 0.0} -87486.35753204922
x: {'t1': 6.33587, 't2': 32.58541, 't3': 100, 'N_anc': 5969.4625, 'N_yri': 5969.4625, 'N_ooa': 5969.4625, 'N_ceu': 5969.4625, 'N_chb': 5969.4625, 'gr_ceu': 0.05929, 'gr_chb': 0.05929, 'm_yri_ooa': 1e-05, 'm_yri_ceu': 0.0, 'm_yri_chb': 0.0, 'm_ceu_chb': 0.0} -87486.35753204922
x_down: {'t1': 6.33587, 't2': 32.58541, 't3': 100, 'N_anc': 5969.4625, 'N_yri': 5969.4625, 'N_ooa': 5969.4625, 'N_ceu': 5969.4625, 'N_chb': 5969.4625, 'gr_ceu': 0.05929, 'gr_chb': 0.05929, 'm_yri_ooa': 1e-05, 'm_yri_ceu': 0.0, 'm_yri_chb': 0.0, 'm_ceu_chb': 1e-05} -87486.35753205194
 
{'t1': 6.33587, 't2': 32.58541, 't3': 100, 'N_anc': 5969.4625, 'N_yri': 5969.4625, 'N_ooa': 5969.4625, 'N_ceu': 5969.4625, 'N_chb': 5969.4625, 'gr_ceu': 0.05929, 'gr_chb': 0.05929, 'm_yri_ooa': 1e-05, 'm_yri_ceu': 0.0, 'm_yri_chb': 0.0, 'm_ceu_chb': 0.0} -87486.35753204922
 
x_up: {'t1': 8.13673, 't2': 32.58541, 't3': 100, 'N_anc': 5969.4625, 'N_yri': 5969.4625, 'N_ooa': 5969.4625, 'N_ceu': 5969.4625, 'N_chb': 5969.4625, 'gr_ceu': 0.05929, 'gr_chb': 0.05929, 'm_yri_ooa': 1e-05, 'm_yri_ceu': 0.0, 'm_yri_chb': 0.0, 'm_ceu_chb': 0.0} -88279.97357447565
x: {'t1': 6.33587, 't2': 32.58541, 't3': 100, 'N_anc': 5969.4625, 'N_yri': 5969.4625, 'N_ooa': 5969.4625, 'N_ceu': 5969.4625, 'N_chb': 5969.4625, 'gr_ceu': 0.05929, 'gr_chb': 0.05929, 'm_yri_ooa': 1e-05, 'm_yri_ceu': 0.0, 'm_yri_chb': 0.0, 'm_ceu_chb': 0.0} -87486.35753204922
x_down: {'t1': 4.53501, 't2': 32.58541, 't3': 100, 'N_anc': 5969.4625, 'N_yri': 5969.4625, 'N_ooa': 5969.4625, 'N_ceu': 5969.4625, 'N_chb': 5969.4625, 'gr_ceu': 0.05929, 'gr_chb': 0.05929, 'm_yri_ooa': 1e-05, 'm_yri_ceu': 0.0, 'm_yri_chb': 0.0, 'm_ceu_chb': 0.0} -86601.73438017425
 
 
x_up: {'t1': 4.53501, 't2': 42.05242, 't3': 100, 'N_anc': 5969.4625, 'N_yri': 5969.4625, 'N_ooa': 5969.4625, 'N_ceu': 5969.4625, 'N_chb': 5969.4625, 'gr_ceu': 0.05929, 'gr_chb': 0.05929, 'm_yri_ooa': 1e-05, 'm_yri_ceu': 0.0, 'm_yri_chb': 0.0, 'm_ceu_chb': 0.0} -86712.62369951067
x: {'t1': 4.53501, 't2': 32.58541, 't3': 100, 'N_anc': 5969.4625, 'N_yri': 5969.4625, 'N_ooa': 5969.4625, 'N_ceu': 5969.4625, 'N_chb': 5969.4625, 'gr_ceu': 0.05929, 'gr_chb': 0.05929, 'm_yri_ooa': 1e-05, 'm_yri_ceu': 0.0, 'm_yri_chb': 0.0, 'm_ceu_chb': 0.0} -86601.73438017425
x_down: {'t1': 4.53501, 't2': 23.1184, 't3': 100, 'N_anc': 5969.4625, 'N_yri': 5969.4625, 'N_ooa': 5969.4625, 'N_ceu': 5969.4625, 'N_chb': 5969.4625, 'gr_ceu': 0.05929, 'gr_chb': 0.05929, 'm_yri_ooa': 1e-05, 'm_yri_ceu': 0.0, 'm_yri_chb': 0.0, 'm_ceu_chb': 0.0} -86493.3475498413
 
 
x_up: {'t1': 4.53501, 't2': 23.1184, 't3': 103.84408, 'N_anc': 5969.4625, 'N_yri': 5969.4625, 'N_ooa': 5969.4625, 'N_ceu': 5969.4625, 'N_chb': 5969.4625, 'gr_ceu': 0.05929, 'gr_chb': 0.05929, 'm_yri_ooa': 1e-05, 'm_yri_ceu': 0.0, 'm_yri_chb': 0.0, 'm_ceu_chb': 0.0} -86493.3475498413
x: {'t1': 4.53501, 't2': 23.1184, 't3': 100, 'N_anc': 5969.4625, 'N_yri': 5969.4625, 'N_ooa': 5969.4625, 'N_ceu': 5969.4625, 'N_chb': 5969.4625, 'gr_ceu': 0.05929, 'gr_chb': 0.05929, 'm_yri_ooa': 1e-05, 'm_yri_ceu': 0.0, 'm_yri_chb': 0.0, 'm_ceu_chb': 0.0} -86493.3475498413
x_down: {'t1': 4.53501, 't2': 23.1184, 't3': 96.15592, 'N_anc': 5969.4625, 'N_yri': 5969.4625, 'N_ooa': 5969.4625, 'N_ceu': 5969.4625, 'N_chb': 5969.4625, 'gr_ceu': 0.05929, 'gr_chb': 0.05929, 'm_yri_ooa': 1e-05, 'm_yri_ceu': 0.0, 'm_yri_chb': 0.0, 'm_ceu_chb': 0.0} -86493.3475498413
 
 
x_up: {'t1': 4.53501, 't2': 23.1184, 't3': 100, 'N_anc': 7950.40609, 'N_yri': 5969.4625, 'N_ooa': 5969.4625, 'N_ceu': 5969.4625, 'N_chb': 5969.4625, 'gr_ceu': 0.05929, 'gr_chb': 0.05929, 'm_yri_ooa': 1e-05, 'm_yri_ceu': 0.0, 'm_yri_chb': 0.0, 'm_ceu_chb': 0.0} -86538.61571141813
x: {'t1': 4.53501, 't2': 23.1184, 't3': 100, 'N_anc': 5969.4625, 'N_yri': 5969.4625, 'N_ooa': 5969.4625, 'N_ceu': 5969.4625, 'N_chb': 5969.4625, 'gr_ceu': 0.05929, 'gr_chb': 0.05929, 'm_yri_ooa': 1e-05, 'm_yri_ceu': 0.0, 'm_yri_chb': 0.0, 'm_ceu_chb': 0.0} -86493.3475498413
x_down: {'t1': 4.53501, 't2': 23.1184, 't3': 100, 'N_anc': 3988.51891, 'N_yri': 5969.4625, 'N_ooa': 5969.4625, 'N_ceu': 5969.4625, 'N_chb': 5969.4625, 'gr_ceu': 0.05929, 'gr_chb': 0.05929, 'm_yri_ooa': 1e-05, 'm_yri_ceu': 0.0, 'm_yri_chb': 0.0, 'm_ceu_chb': 0.0} -86431.6704058345
 
 
x_up: {'t1': 4.53501, 't2': 23.1184, 't3': 100, 'N_anc': 3988.51891, 'N_yri': 7950.40609, 'N_ooa': 5969.4625, 'N_ceu': 5969.4625, 'N_chb': 5969.4625, 'gr_ceu': 0.05929, 'gr_chb': 0.05929, 'm_yri_ooa': 1e-05, 'm_yri_ceu': 0.0, 'm_yri_chb': 0.0, 'm_ceu_chb': 0.0} -86758.63231159264
x: {'t1': 4.53501, 't2': 23.1184, 't3': 100, 'N_anc': 3988.51891, 'N_yri': 5969.4625, 'N_ooa': 5969.4625, 'N_ceu': 5969.4625, 'N_chb': 5969.4625, 'gr_ceu': 0.05929, 'gr_chb': 0.05929, 'm_yri_ooa': 1e-05, 'm_yri_ceu': 0.0, 'm_yri_chb': 0.0, 'm_ceu_chb': 0.0} -86431.6704058345
x_down: {'t1': 4.53501, 't2': 23.1184, 't3': 100, 'N_anc': 3988.51891, 'N_yri': 3988.51891, 'N_ooa': 5969.4625, 'N_ceu': 5969.4625, 'N_chb': 5969.4625, 'gr_ceu': 0.05929, 'gr_chb': 0.05929, 'm_yri_ooa': 1e-05, 'm_yri_ceu': 0.0, 'm_yri_chb': 0.0, 'm_ceu_chb': 0.0} -85821.7458892233
 
 
x_up: {'t1': 4.53501, 't2': 23.1184, 't3': 100, 'N_anc': 3988.51891, 'N_yri': 3988.51891, 'N_ooa': 7950.40609, 'N_ceu': 5969.4625, 'N_chb': 5969.4625, 'gr_ceu': 0.05929, 'gr_chb': 0.05929, 'm_yri_ooa': 1e-05, 'm_yri_ceu': 0.0, 'm_yri_chb': 0.0, 'm_ceu_chb': 0.0} -86477.51568127939
x: {'t1': 4.53501, 't2': 23.1184, 't3': 100, 'N_anc': 3988.51891, 'N_yri': 3988.51891, 'N_ooa': 5969.4625, 'N_ceu': 5969.4625, 'N_chb': 5969.4625, 'gr_ceu': 0.05929, 'gr_chb': 0.05929, 'm_yri_ooa': 1e-05, 'm_yri_ceu': 0.0, 'm_yri_chb': 0.0, 'm_ceu_chb': 0.0} -85821.7458892233
x_down: {'t1': 4.53501, 't2': 23.1184, 't3': 100, 'N_anc': 3988.51891, 'N_yri': 3988.51891, 'N_ooa': 3988.51891, 'N_ceu': 5969.4625, 'N_chb': 5969.4625, 'gr_ceu': 0.05929, 'gr_chb': 0.05929, 'm_yri_ooa': 1e-05, 'm_yri_ceu': 0.0, 'm_yri_chb': 0.0, 'm_ceu_chb': 0.0} -84932.95606544628
 
 
x_up: {'t1': 4.53501, 't2': 23.1184, 't3': 100, 'N_anc': 3988.51891, 'N_yri': 3988.51891, 'N_ooa': 3988.51891, 'N_ceu': 7950.40609, 'N_chb': 5969.4625, 'gr_ceu': 0.05929, 'gr_chb': 0.05929, 'm_yri_ooa': 1e-05, 'm_yri_ceu': 0.0, 'm_yri_chb': 0.0, 'm_ceu_chb': 0.0} -85582.96709495569
x: {'t1': 4.53501, 't2': 23.1184, 't3': 100, 'N_anc': 3988.51891, 'N_yri': 3988.51891, 'N_ooa': 3988.51891, 'N_ceu': 5969.4625, 'N_chb': 5969.4625, 'gr_ceu': 0.05929, 'gr_chb': 0.05929, 'm_yri_ooa': 1e-05, 'm_yri_ceu': 0.0, 'm_yri_chb': 0.0, 'm_ceu_chb': 0.0} -84932.95606544628
x_down: {'t1': 4.53501, 't2': 23.1184, 't3': 100, 'N_anc': 3988.51891, 'N_yri': 3988.51891, 'N_ooa': 3988.51891, 'N_ceu': 3988.51891, 'N_chb': 5969.4625, 'gr_ceu': 0.05929, 'gr_chb': 0.05929, 'm_yri_ooa': 1e-05, 'm_yri_ceu': 0.0, 'm_yri_chb': 0.0, 'm_ceu_chb': 0.0} -83631.90844155339
 
 
x_up: {'t1': 4.53501, 't2': 23.1184, 't3': 100, 'N_anc': 3988.51891, 'N_yri': 3988.51891, 'N_ooa': 3988.51891, 'N_ceu': 3988.51891, 'N_chb': 7950.40609, 'gr_ceu': 0.05929, 'gr_chb': 0.05929, 'm_yri_ooa': 1e-05, 'm_yri_ceu': 0.0, 'm_yri_chb': 0.0, 'm_ceu_chb': 0.0} -84141.44784097232
x: {'t1': 4.53501, 't2': 23.1184, 't3': 100, 'N_anc': 3988.51891, 'N_yri': 3988.51891, 'N_ooa': 3988.51891, 'N_ceu': 3988.51891, 'N_chb': 5969.4625, 'gr_ceu': 0.05929, 'gr_chb': 0.05929, 'm_yri_ooa': 1e-05, 'm_yri_ceu': 0.0, 'm_yri_chb': 0.0, 'm_ceu_chb': 0.0} -83631.90844155339
x_down: {'t1': 4.53501, 't2': 23.1184, 't3': 100, 'N_anc': 3988.51891, 'N_yri': 3988.51891, 'N_ooa': 3988.51891, 'N_ceu': 3988.51891, 'N_chb': 3988.51891, 'gr_ceu': 0.05929, 'gr_chb': 0.05929, 'm_yri_ooa': 1e-05, 'm_yri_ceu': 0.0, 'm_yri_chb': 0.0, 'm_ceu_chb': 0.0} -82819.15828438017
 
 
x_up: {'t1': 4.53501, 't2': 23.1184, 't3': 100, 'N_anc': 3988.51891, 'N_yri': 3988.51891, 'N_ooa': 3988.51891, 'N_ceu': 3988.51891, 'N_chb': 3988.51891, 'gr_ceu': 0.0793, 'gr_chb': 0.05929, 'm_yri_ooa': 1e-05, 'm_yri_ceu': 0.0, 'm_yri_chb': 0.0, 'm_ceu_chb': 0.0} -82973.33623222217
x: {'t1': 4.53501, 't2': 23.1184, 't3': 100, 'N_anc': 3988.51891, 'N_yri': 3988.51891, 'N_ooa': 3988.51891, 'N_ceu': 3988.51891, 'N_chb': 3988.51891, 'gr_ceu': 0.05929, 'gr_chb': 0.05929, 'm_yri_ooa': 1e-05, 'm_yri_ceu': 0.0, 'm_yri_chb': 0.0, 'm_ceu_chb': 0.0} -82819.15828438017
x_down: {'t1': 4.53501, 't2': 23.1184, 't3': 100, 'N_anc': 3988.51891, 'N_yri': 3988.51891, 'N_ooa': 3988.51891, 'N_ceu': 3988.51891, 'N_chb': 3988.51891, 'gr_ceu': 0.03928, 'gr_chb': 0.05929, 'm_yri_ooa': 1e-05, 'm_yri_ceu': 0.0, 'm_yri_chb': 0.0, 'm_ceu_chb': 0.0} -82650.06316338653
 
 
x_up: {'t1': 4.53501, 't2': 23.1184, 't3': 100, 'N_anc': 3988.51891, 'N_yri': 3988.51891, 'N_ooa': 3988.51891, 'N_ceu': 3988.51891, 'N_chb': 3988.51891, 'gr_ceu': 0.03928, 'gr_chb': 0.0793, 'm_yri_ooa': 1e-05, 'm_yri_ceu': 0.0, 'm_yri_chb': 0.0, 'm_ceu_chb': 0.0} -82787.03042615947
x: {'t1': 4.53501, 't2': 23.1184, 't3': 100, 'N_anc': 3988.51891, 'N_yri': 3988.51891, 'N_ooa': 3988.51891, 'N_ceu': 3988.51891, 'N_chb': 3988.51891, 'gr_ceu': 0.03928, 'gr_chb': 0.05929, 'm_yri_ooa': 1e-05, 'm_yri_ceu': 0.0, 'm_yri_chb': 0.0, 'm_ceu_chb': 0.0} -82650.06316338653
x_down: {'t1': 4.53501, 't2': 23.1184, 't3': 100, 'N_anc': 3988.51891, 'N_yri': 3988.51891, 'N_ooa': 3988.51891, 'N_ceu': 3988.51891, 'N_chb': 3988.51891, 'gr_ceu': 0.03928, 'gr_chb': 0.03928, 'm_yri_ooa': 1e-05, 'm_yri_ceu': 0.0, 'm_yri_chb': 0.0, 'm_ceu_chb': 0.0} -82497.83160260109
 
 
x_up: {'t1': 4.53501, 't2': 23.1184, 't3': 100, 'N_anc': 3988.51891, 'N_yri': 3988.51891, 'N_ooa': 3988.51891, 'N_ceu': 3988.51891, 'N_chb': 3988.51891, 'gr_ceu': 0.03928, 'gr_chb': 0.03928, 'm_yri_ooa': 0.0, 'm_yri_ceu': 0.0, 'm_yri_chb': 0.0, 'm_ceu_chb': 0.0} -82498.28843324112
x: {'t1': 4.53501, 't2': 23.1184, 't3': 100, 'N_anc': 3988.51891, 'N_yri': 3988.51891, 'N_ooa': 3988.51891, 'N_ceu': 3988.51891, 'N_chb': 3988.51891, 'gr_ceu': 0.03928, 'gr_chb': 0.03928, 'm_yri_ooa': 1e-05, 'm_yri_ceu': 0.0, 'm_yri_chb': 0.0, 'm_ceu_chb': 0.0} -82497.83160260109
x_down: {'t1': 4.53501, 't2': 23.1184, 't3': 100, 'N_anc': 3988.51891, 'N_yri': 3988.51891, 'N_ooa': 3988.51891, 'N_ceu': 3988.51891, 'N_chb': 3988.51891, 'gr_ceu': 0.03928, 'gr_chb': 0.03928, 'm_yri_ooa': 1e-05, 'm_yri_ceu': 0.0, 'm_yri_chb': 0.0, 'm_ceu_chb': 0.0} -82497.83160260109
 
 
x_up: {'t1': 4.53501, 't2': 23.1184, 't3': 100, 'N_anc': 3988.51891, 'N_yri': 3988.51891, 'N_ooa': 3988.51891, 'N_ceu': 3988.51891, 'N_chb': 3988.51891, 'gr_ceu': 0.03928, 'gr_chb': 0.03928, 'm_yri_ooa': 1e-05, 'm_yri_ceu': 0.0, 'm_yri_chb': 0.0, 'm_ceu_chb': 0.0} -82497.83160260109
x: {'t1': 4.53501, 't2': 23.1184, 't3': 100, 'N_anc': 3988.51891, 'N_yri': 3988.51891, 'N_ooa': 3988.51891, 'N_ceu': 3988.51891, 'N_chb': 3988.51891, 'gr_ceu': 0.03928, 'gr_chb': 0.03928, 'm_yri_ooa': 1e-05, 'm_yri_ceu': 0.0, 'm_yri_chb': 0.0, 'm_ceu_chb': 0.0} -82497.83160260109
x_down: {'t1': 4.53501, 't2': 23.1184, 't3': 100, 'N_anc': 3988.51891, 'N_yri': 3988.51891, 'N_ooa': 3988.51891, 'N_ceu': 3988.51891, 'N_chb': 3988.51891, 'gr_ceu': 0.03928, 'gr_chb': 0.03928, 'm_yri_ooa': 1e-05, 'm_yri_ceu': 1e-05, 'm_yri_chb': 0.0, 'm_ceu_chb': 0.0} -82497.83160259161
 
 
x_up: {'t1': 4.53501, 't2': 23.1184, 't3': 100, 'N_anc': 3988.51891, 'N_yri': 3988.51891, 'N_ooa': 3988.51891, 'N_ceu': 3988.51891, 'N_chb': 3988.51891, 'gr_ceu': 0.03928, 'gr_chb': 0.03928, 'm_yri_ooa': 1e-05, 'm_yri_ceu': 1e-05, 'm_yri_chb': 0.0, 'm_ceu_chb': 0.0} -82497.83160259161
x: {'t1': 4.53501, 't2': 23.1184, 't3': 100, 'N_anc': 3988.51891, 'N_yri': 3988.51891, 'N_ooa': 3988.51891, 'N_ceu': 3988.51891, 'N_chb': 3988.51891, 'gr_ceu': 0.03928, 'gr_chb': 0.03928, 'm_yri_ooa': 1e-05, 'm_yri_ceu': 1e-05, 'm_yri_chb': 0.0, 'm_ceu_chb': 0.0} -82497.83160259161
x_down: {'t1': 4.53501, 't2': 23.1184, 't3': 100, 'N_anc': 3988.51891, 'N_yri': 3988.51891, 'N_ooa': 3988.51891, 'N_ceu': 3988.51891, 'N_chb': 3988.51891, 'gr_ceu': 0.03928, 'gr_chb': 0.03928, 'm_yri_ooa': 1e-05, 'm_yri_ceu': 1e-05, 'm_yri_chb': 1e-05, 'm_ceu_chb': 0.0} -82497.83160258672
 
 
x_up: {'t1': 4.53501, 't2': 23.1184, 't3': 100, 'N_anc': 3988.51891, 'N_yri': 3988.51891, 'N_ooa': 3988.51891, 'N_ceu': 3988.51891, 'N_chb': 3988.51891, 'gr_ceu': 0.03928, 'gr_chb': 0.03928, 'm_yri_ooa': 1e-05, 'm_yri_ceu': 1e-05, 'm_yri_chb': 1e-05, 'm_ceu_chb': 0.0} -82497.83160258672
x: {'t1': 4.53501, 't2': 23.1184, 't3': 100, 'N_anc': 3988.51891, 'N_yri': 3988.51891, 'N_ooa': 3988.51891, 'N_ceu': 3988.51891, 'N_chb': 3988.51891, 'gr_ceu': 0.03928, 'gr_chb': 0.03928, 'm_yri_ooa': 1e-05, 'm_yri_ceu': 1e-05, 'm_yri_chb': 1e-05, 'm_ceu_chb': 0.0} -82497.83160258672
x_down: {'t1': 4.53501, 't2': 23.1184, 't3': 100, 'N_anc': 3988.51891, 'N_yri': 3988.51891, 'N_ooa': 3988.51891, 'N_ceu': 3988.51891, 'N_chb': 3988.51891, 'gr_ceu': 0.03928, 'gr_chb': 0.03928, 'm_yri_ooa': 1e-05, 'm_yri_ceu': 1e-05, 'm_yri_chb': 1e-05, 'm_ceu_chb': 1e-05} -82497.83160258646
 
{'t1': 4.53501, 't2': 23.1184, 't3': 100, 'N_anc': 3988.51891, 'N_yri': 3988.51891, 'N_ooa': 3988.51891, 'N_ceu': 3988.51891, 'N_chb': 3988.51891, 'gr_ceu': 0.03928, 'gr_chb': 0.03928, 'm_yri_ooa': 1e-05, 'm_yri_ceu': 1e-05, 'm_yri_chb': 1e-05, 'm_ceu_chb': 1e-05} -82497.83160258646
 
x_up: {'t1': 6.30251, 't2': 23.1184, 't3': 100, 'N_anc': 3988.51891, 'N_yri': 3988.51891, 'N_ooa': 3988.51891, 'N_ceu': 3988.51891, 'N_chb': 3988.51891, 'gr_ceu': 0.03928, 'gr_chb': 0.03928, 'm_yri_ooa': 1e-05, 'm_yri_ceu': 1e-05, 'm_yri_chb': 1e-05, 'm_ceu_chb': 1e-05} -83127.72855335499
x: {'t1': 4.53501, 't2': 23.1184, 't3': 100, 'N_anc': 3988.51891, 'N_yri': 3988.51891, 'N_ooa': 3988.51891, 'N_ceu': 3988.51891, 'N_chb': 3988.51891, 'gr_ceu': 0.03928, 'gr_chb': 0.03928, 'm_yri_ooa': 1e-05, 'm_yri_ceu': 1e-05, 'm_yri_chb': 1e-05, 'm_ceu_chb': 1e-05} -82497.83160258646
x_down: {'t1': 2.7675, 't2': 23.1184, 't3': 100, 'N_anc': 3988.51891, 'N_yri': 3988.51891, 'N_ooa': 3988.51891, 'N_ceu': 3988.51891, 'N_chb': 3988.51891, 'gr_ceu': 0.03928, 'gr_chb': 0.03928, 'm_yri_ooa': 1e-05, 'm_yri_ceu': 1e-05, 'm_yri_chb': 1e-05, 'm_ceu_chb': 1e-05} -81550.07859281292
 
 
x_up: {'t1': 2.7675, 't2': 33.29385, 't3': 100, 'N_anc': 3988.51891, 'N_yri': 3988.51891, 'N_ooa': 3988.51891, 'N_ceu': 3988.51891, 'N_chb': 3988.51891, 'gr_ceu': 0.03928, 'gr_chb': 0.03928, 'm_yri_ooa': 1e-05, 'm_yri_ceu': 1e-05, 'm_yri_chb': 1e-05, 'm_ceu_chb': 1e-05} -81645.80566293742
x: {'t1': 2.7675, 't2': 23.1184, 't3': 100, 'N_anc': 3988.51891, 'N_yri': 3988.51891, 'N_ooa': 3988.51891, 'N_ceu': 3988.51891, 'N_chb': 3988.51891, 'gr_ceu': 0.03928, 'gr_chb': 0.03928, 'm_yri_ooa': 1e-05, 'm_yri_ceu': 1e-05, 'm_yri_chb': 1e-05, 'm_ceu_chb': 1e-05} -81550.07859281292
x_down: {'t1': 2.7675, 't2': 12.94295, 't3': 100, 'N_anc': 3988.51891, 'N_yri': 3988.51891, 'N_ooa': 3988.51891, 'N_ceu': 3988.51891, 'N_chb': 3988.51891, 'gr_ceu': 0.03928, 'gr_chb': 0.03928, 'm_yri_ooa': 1e-05, 'm_yri_ceu': 1e-05, 'm_yri_chb': 1e-05, 'm_ceu_chb': 1e-05} -81263.23144900642
 
 
x_up: {'t1': 2.7675, 't2': 12.94295, 't3': 104.35285, 'N_anc': 3988.51891, 'N_yri': 3988.51891, 'N_ooa': 3988.51891, 'N_ceu': 3988.51891, 'N_chb': 3988.51891, 'gr_ceu': 0.03928, 'gr_chb': 0.03928, 'm_yri_ooa': 1e-05, 'm_yri_ceu': 1e-05, 'm_yri_chb': 1e-05, 'm_ceu_chb': 1e-05} -81263.23144900642
x: {'t1': 2.7675, 't2': 12.94295, 't3': 100, 'N_anc': 3988.51891, 'N_yri': 3988.51891, 'N_ooa': 3988.51891, 'N_ceu': 3988.51891, 'N_chb': 3988.51891, 'gr_ceu': 0.03928, 'gr_chb': 0.03928, 'm_yri_ooa': 1e-05, 'm_yri_ceu': 1e-05, 'm_yri_chb': 1e-05, 'm_ceu_chb': 1e-05} -81263.23144900642
x_down: {'t1': 2.7675, 't2': 12.94295, 't3': 95.64715, 'N_anc': 3988.51891, 'N_yri': 3988.51891, 'N_ooa': 3988.51891, 'N_ceu': 3988.51891, 'N_chb': 3988.51891, 'gr_ceu': 0.03928, 'gr_chb': 0.03928, 'm_yri_ooa': 1e-05, 'm_yri_ceu': 1e-05, 'm_yri_chb': 1e-05, 'm_ceu_chb': 1e-05} -81263.23144900642
 
 
x_up: {'t1': 2.7675, 't2': 12.94295, 't3': 100, 'N_anc': 5932.77837, 'N_yri': 3988.51891, 'N_ooa': 3988.51891, 'N_ceu': 3988.51891, 'N_chb': 3988.51891, 'gr_ceu': 0.03928, 'gr_chb': 0.03928, 'm_yri_ooa': 1e-05, 'm_yri_ceu': 1e-05, 'm_yri_chb': 1e-05, 'm_ceu_chb': 1e-05} -81323.94623763095
x: {'t1': 2.7675, 't2': 12.94295, 't3': 100, 'N_anc': 3988.51891, 'N_yri': 3988.51891, 'N_ooa': 3988.51891, 'N_ceu': 3988.51891, 'N_chb': 3988.51891, 'gr_ceu': 0.03928, 'gr_chb': 0.03928, 'm_yri_ooa': 1e-05, 'm_yri_ceu': 1e-05, 'm_yri_chb': 1e-05, 'm_ceu_chb': 1e-05} -81263.23144900642
x_down: {'t1': 2.7675, 't2': 12.94295, 't3': 100, 'N_anc': 2044.25945, 'N_yri': 3988.51891, 'N_ooa': 3988.51891, 'N_ceu': 3988.51891, 'N_chb': 3988.51891, 'gr_ceu': 0.03928, 'gr_chb': 0.03928, 'm_yri_ooa': 1e-05, 'm_yri_ceu': 1e-05, 'm_yri_chb': 1e-05, 'm_ceu_chb': 1e-05} -81169.30474167096
 
 
x_up: {'t1': 2.7675, 't2': 12.94295, 't3': 100, 'N_anc': 2044.25945, 'N_yri': 5932.77837, 'N_ooa': 3988.51891, 'N_ceu': 3988.51891, 'N_chb': 3988.51891, 'gr_ceu': 0.03928, 'gr_chb': 0.03928, 'm_yri_ooa': 1e-05, 'm_yri_ceu': 1e-05, 'm_yri_chb': 1e-05, 'm_ceu_chb': 1e-05} -81572.76074688148
x: {'t1': 2.7675, 't2': 12.94295, 't3': 100, 'N_anc': 2044.25945, 'N_yri': 3988.51891, 'N_ooa': 3988.51891, 'N_ceu': 3988.51891, 'N_chb': 3988.51891, 'gr_ceu': 0.03928, 'gr_chb': 0.03928, 'm_yri_ooa': 1e-05, 'm_yri_ceu': 1e-05, 'm_yri_chb': 1e-05, 'm_ceu_chb': 1e-05} -81169.30474167096
x_down: {'t1': 2.7675, 't2': 12.94295, 't3': 100, 'N_anc': 2044.25945, 'N_yri': 2044.25945, 'N_ooa': 3988.51891, 'N_ceu': 3988.51891, 'N_chb': 3988.51891, 'gr_ceu': 0.03928, 'gr_chb': 0.03928, 'm_yri_ooa': 1e-05, 'm_yri_ceu': 1e-05, 'm_yri_chb': 1e-05, 'm_ceu_chb': 1e-05} -80228.43687968013
 
 
x_up: {'t1': 2.7675, 't2': 12.94295, 't3': 100, 'N_anc': 2044.25945, 'N_yri': 2044.25945, 'N_ooa': 5932.77837, 'N_ceu': 3988.51891, 'N_chb': 3988.51891, 'gr_ceu': 0.03928, 'gr_chb': 0.03928, 'm_yri_ooa': 1e-05, 'm_yri_ceu': 1e-05, 'm_yri_chb': 1e-05, 'm_ceu_chb': 1e-05} -81456.40847790087
x: {'t1': 2.7675, 't2': 12.94295, 't3': 100, 'N_anc': 2044.25945, 'N_yri': 2044.25945, 'N_ooa': 3988.51891, 'N_ceu': 3988.51891, 'N_chb': 3988.51891, 'gr_ceu': 0.03928, 'gr_chb': 0.03928, 'm_yri_ooa': 1e-05, 'm_yri_ceu': 1e-05, 'm_yri_chb': 1e-05, 'm_ceu_chb': 1e-05} -80228.43687968013
x_down: {'t1': 2.7675, 't2': 12.94295, 't3': 100, 'N_anc': 2044.25945, 'N_yri': 2044.25945, 'N_ooa': 2044.25945, 'N_ceu': 3988.51891, 'N_chb': 3988.51891, 'gr_ceu': 0.03928, 'gr_chb': 0.03928, 'm_yri_ooa': 1e-05, 'm_yri_ceu': 1e-05, 'm_yri_chb': 1e-05, 'm_ceu_chb': 1e-05} -78418.01525564963
 
 
x_up: {'t1': 2.7675, 't2': 12.94295, 't3': 100, 'N_anc': 2044.25945, 'N_yri': 2044.25945, 'N_ooa': 2044.25945, 'N_ceu': 5932.77837, 'N_chb': 3988.51891, 'gr_ceu': 0.03928, 'gr_chb': 0.03928, 'm_yri_ooa': 1e-05, 'm_yri_ceu': 1e-05, 'm_yri_chb': 1e-05, 'm_ceu_chb': 1e-05} -79107.90275784553
x: {'t1': 2.7675, 't2': 12.94295, 't3': 100, 'N_anc': 2044.25945, 'N_yri': 2044.25945, 'N_ooa': 2044.25945, 'N_ceu': 3988.51891, 'N_chb': 3988.51891, 'gr_ceu': 0.03928, 'gr_chb': 0.03928, 'm_yri_ooa': 1e-05, 'm_yri_ceu': 1e-05, 'm_yri_chb': 1e-05, 'm_ceu_chb': 1e-05} -78418.01525564963
x_down: {'t1': 2.7675, 't2': 12.94295, 't3': 100, 'N_anc': 2044.25945, 'N_yri': 2044.25945, 'N_ooa': 2044.25945, 'N_ceu': 2044.25945, 'N_chb': 3988.51891, 'gr_ceu': 0.03928, 'gr_chb': 0.03928, 'm_yri_ooa': 1e-05, 'm_yri_ceu': 1e-05, 'm_yri_chb': 1e-05, 'm_ceu_chb': 1e-05} -76759.72534745236
 
 
x_up: {'t1': 2.7675, 't2': 12.94295, 't3': 100, 'N_anc': 2044.25945, 'N_yri': 2044.25945, 'N_ooa': 2044.25945, 'N_ceu': 2044.25945, 'N_chb': 5932.77837, 'gr_ceu': 0.03928, 'gr_chb': 0.03928, 'm_yri_ooa': 1e-05, 'm_yri_ceu': 1e-05, 'm_yri_chb': 1e-05, 'm_ceu_chb': 1e-05} -77327.29159275377
x: {'t1': 2.7675, 't2': 12.94295, 't3': 100, 'N_anc': 2044.25945, 'N_yri': 2044.25945, 'N_ooa': 2044.25945, 'N_ceu': 2044.25945, 'N_chb': 3988.51891, 'gr_ceu': 0.03928, 'gr_chb': 0.03928, 'm_yri_ooa': 1e-05, 'm_yri_ceu': 1e-05, 'm_yri_chb': 1e-05, 'm_ceu_chb': 1e-05} -76759.72534745236
x_down: {'t1': 2.7675, 't2': 12.94295, 't3': 100, 'N_anc': 2044.25945, 'N_yri': 2044.25945, 'N_ooa': 2044.25945, 'N_ceu': 2044.25945, 'N_chb': 2044.25945, 'gr_ceu': 0.03928, 'gr_chb': 0.03928, 'm_yri_ooa': 1e-05, 'm_yri_ceu': 1e-05, 'm_yri_chb': 1e-05, 'm_ceu_chb': 1e-05} -75753.73474375145
 
 
x_up: {'t1': 2.7675, 't2': 12.94295, 't3': 100, 'N_anc': 2044.25945, 'N_yri': 2044.25945, 'N_ooa': 2044.25945, 'N_ceu': 2044.25945, 'N_chb': 2044.25945, 'gr_ceu': 0.05892, 'gr_chb': 0.03928, 'm_yri_ooa': 1e-05, 'm_yri_ceu': 1e-05, 'm_yri_chb': 1e-05, 'm_ceu_chb': 1e-05} -75819.53033470956
x: {'t1': 2.7675, 't2': 12.94295, 't3': 100, 'N_anc': 2044.25945, 'N_yri': 2044.25945, 'N_ooa': 2044.25945, 'N_ceu': 2044.25945, 'N_chb': 2044.25945, 'gr_ceu': 0.03928, 'gr_chb': 0.03928, 'm_yri_ooa': 1e-05, 'm_yri_ceu': 1e-05, 'm_yri_chb': 1e-05, 'm_ceu_chb': 1e-05} -75753.73474375145
x_down: {'t1': 2.7675, 't2': 12.94295, 't3': 100, 'N_anc': 2044.25945, 'N_yri': 2044.25945, 'N_ooa': 2044.25945, 'N_ceu': 2044.25945, 'N_chb': 2044.25945, 'gr_ceu': 0.01964, 'gr_chb': 0.03928, 'm_yri_ooa': 1e-05, 'm_yri_ceu': 1e-05, 'm_yri_chb': 1e-05, 'm_ceu_chb': 1e-05} -75685.4281169483
 
 
x_up: {'t1': 2.7675, 't2': 12.94295, 't3': 100, 'N_anc': 2044.25945, 'N_yri': 2044.25945, 'N_ooa': 2044.25945, 'N_ceu': 2044.25945, 'N_chb': 2044.25945, 'gr_ceu': 0.01964, 'gr_chb': 0.05892, 'm_yri_ooa': 1e-05, 'm_yri_ceu': 1e-05, 'm_yri_chb': 1e-05, 'm_ceu_chb': 1e-05} -75748.5800547151
x: {'t1': 2.7675, 't2': 12.94295, 't3': 100, 'N_anc': 2044.25945, 'N_yri': 2044.25945, 'N_ooa': 2044.25945, 'N_ceu': 2044.25945, 'N_chb': 2044.25945, 'gr_ceu': 0.01964, 'gr_chb': 0.03928, 'm_yri_ooa': 1e-05, 'm_yri_ceu': 1e-05, 'm_yri_chb': 1e-05, 'm_ceu_chb': 1e-05} -75685.4281169483
x_down: {'t1': 2.7675, 't2': 12.94295, 't3': 100, 'N_anc': 2044.25945, 'N_yri': 2044.25945, 'N_ooa': 2044.25945, 'N_ceu': 2044.25945, 'N_chb': 2044.25945, 'gr_ceu': 0.01964, 'gr_chb': 0.01964, 'm_yri_ooa': 1e-05, 'm_yri_ceu': 1e-05, 'm_yri_chb': 1e-05, 'm_ceu_chb': 1e-05} -75619.82734331337
 
 
x_up: {'t1': 2.7675, 't2': 12.94295, 't3': 100, 'N_anc': 2044.25945, 'N_yri': 2044.25945, 'N_ooa': 2044.25945, 'N_ceu': 2044.25945, 'N_chb': 2044.25945, 'gr_ceu': 0.01964, 'gr_chb': 0.01964, 'm_yri_ooa': 0.0, 'm_yri_ceu': 1e-05, 'm_yri_chb': 1e-05, 'm_ceu_chb': 1e-05} -75619.73400646188
x: {'t1': 2.7675, 't2': 12.94295, 't3': 100, 'N_anc': 2044.25945, 'N_yri': 2044.25945, 'N_ooa': 2044.25945, 'N_ceu': 2044.25945, 'N_chb': 2044.25945, 'gr_ceu': 0.01964, 'gr_chb': 0.01964, 'm_yri_ooa': 1e-05, 'm_yri_ceu': 1e-05, 'm_yri_chb': 1e-05, 'm_ceu_chb': 1e-05} -75619.82734331337
x_down: {'t1': 2.7675, 't2': 12.94295, 't3': 100, 'N_anc': 2044.25945, 'N_yri': 2044.25945, 'N_ooa': 2044.25945, 'N_ceu': 2044.25945, 'N_chb': 2044.25945, 'gr_ceu': 0.01964, 'gr_chb': 0.01964, 'm_yri_ooa': 1e-05, 'm_yri_ceu': 1e-05, 'm_yri_chb': 1e-05, 'm_ceu_chb': 1e-05} -75619.82734331337
 
 
x_up: {'t1': 2.7675, 't2': 12.94295, 't3': 100, 'N_anc': 2044.25945, 'N_yri': 2044.25945, 'N_ooa': 2044.25945, 'N_ceu': 2044.25945, 'N_chb': 2044.25945, 'gr_ceu': 0.01964, 'gr_chb': 0.01964, 'm_yri_ooa': 0.0, 'm_yri_ceu': 0.0, 'm_yri_chb': 1e-05, 'm_ceu_chb': 1e-05} -75619.73400646853
x: {'t1': 2.7675, 't2': 12.94295, 't3': 100, 'N_anc': 2044.25945, 'N_yri': 2044.25945, 'N_ooa': 2044.25945, 'N_ceu': 2044.25945, 'N_chb': 2044.25945, 'gr_ceu': 0.01964, 'gr_chb': 0.01964, 'm_yri_ooa': 0.0, 'm_yri_ceu': 1e-05, 'm_yri_chb': 1e-05, 'm_ceu_chb': 1e-05} -75619.73400646188
x_down: {'t1': 2.7675, 't2': 12.94295, 't3': 100, 'N_anc': 2044.25945, 'N_yri': 2044.25945, 'N_ooa': 2044.25945, 'N_ceu': 2044.25945, 'N_chb': 2044.25945, 'gr_ceu': 0.01964, 'gr_chb': 0.01964, 'm_yri_ooa': 0.0, 'm_yri_ceu': 1e-05, 'm_yri_chb': 1e-05, 'm_ceu_chb': 1e-05} -75619.73400646188
 
 
x_up: {'t1': 2.7675, 't2': 12.94295, 't3': 100, 'N_anc': 2044.25945, 'N_yri': 2044.25945, 'N_ooa': 2044.25945, 'N_ceu': 2044.25945, 'N_chb': 2044.25945, 'gr_ceu': 0.01964, 'gr_chb': 0.01964, 'm_yri_ooa': 0.0, 'm_yri_ceu': 1e-05, 'm_yri_chb': 0.0, 'm_ceu_chb': 1e-05} -75619.7340064684
x: {'t1': 2.7675, 't2': 12.94295, 't3': 100, 'N_anc': 2044.25945, 'N_yri': 2044.25945, 'N_ooa': 2044.25945, 'N_ceu': 2044.25945, 'N_chb': 2044.25945, 'gr_ceu': 0.01964, 'gr_chb': 0.01964, 'm_yri_ooa': 0.0, 'm_yri_ceu': 1e-05, 'm_yri_chb': 1e-05, 'm_ceu_chb': 1e-05} -75619.73400646188
x_down: {'t1': 2.7675, 't2': 12.94295, 't3': 100, 'N_anc': 2044.25945, 'N_yri': 2044.25945, 'N_ooa': 2044.25945, 'N_ceu': 2044.25945, 'N_chb': 2044.25945, 'gr_ceu': 0.01964, 'gr_chb': 0.01964, 'm_yri_ooa': 0.0, 'm_yri_ceu': 1e-05, 'm_yri_chb': 1e-05, 'm_ceu_chb': 1e-05} -75619.73400646188
 
 
x_up: {'t1': 2.7675, 't2': 12.94295, 't3': 100, 'N_anc': 2044.25945, 'N_yri': 2044.25945, 'N_ooa': 2044.25945, 'N_ceu': 2044.25945, 'N_chb': 2044.25945, 'gr_ceu': 0.01964, 'gr_chb': 0.01964, 'm_yri_ooa': 0.0, 'm_yri_ceu': 1e-05, 'm_yri_chb': 1e-05, 'm_ceu_chb': 0.0} -75619.73400646204
x: {'t1': 2.7675, 't2': 12.94295, 't3': 100, 'N_anc': 2044.25945, 'N_yri': 2044.25945, 'N_ooa': 2044.25945, 'N_ceu': 2044.25945, 'N_chb': 2044.25945, 'gr_ceu': 0.01964, 'gr_chb': 0.01964, 'm_yri_ooa': 0.0, 'm_yri_ceu': 1e-05, 'm_yri_chb': 1e-05, 'm_ceu_chb': 1e-05} -75619.73400646188
x_down: {'t1': 2.7675, 't2': 12.94295, 't3': 100, 'N_anc': 2044.25945, 'N_yri': 2044.25945, 'N_ooa': 2044.25945, 'N_ceu': 2044.25945, 'N_chb': 2044.25945, 'gr_ceu': 0.01964, 'gr_chb': 0.01964, 'm_yri_ooa': 0.0, 'm_yri_ceu': 1e-05, 'm_yri_chb': 1e-05, 'm_ceu_chb': 1e-05} -75619.73400646188
 
{'t1': 2.7675, 't2': 12.94295, 't3': 100, 'N_anc': 2044.25945, 'N_yri': 2044.25945, 'N_ooa': 2044.25945, 'N_ceu': 2044.25945, 'N_chb': 2044.25945, 'gr_ceu': 0.01964, 'gr_chb': 0.01964, 'm_yri_ooa': 0.0, 'm_yri_ceu': 1e-05, 'm_yri_chb': 1e-05, 'm_ceu_chb': 1e-05} -75619.73400646188
 
x_up: {'t1': 3.65125, 't2': 12.94295, 't3': 100, 'N_anc': 2044.25945, 'N_yri': 2044.25945, 'N_ooa': 2044.25945, 'N_ceu': 2044.25945, 'N_chb': 2044.25945, 'gr_ceu': 0.01964, 'gr_chb': 0.01964, 'm_yri_ooa': 0.0, 'm_yri_ceu': 1e-05, 'm_yri_chb': 1e-05, 'm_ceu_chb': 1e-05} -75986.8202437425
x: {'t1': 2.7675, 't2': 12.94295, 't3': 100, 'N_anc': 2044.25945, 'N_yri': 2044.25945, 'N_ooa': 2044.25945, 'N_ceu': 2044.25945, 'N_chb': 2044.25945, 'gr_ceu': 0.01964, 'gr_chb': 0.01964, 'm_yri_ooa': 0.0, 'm_yri_ceu': 1e-05, 'm_yri_chb': 1e-05, 'm_ceu_chb': 1e-05} -75619.73400646188
x_down: {'t1': 1.88375, 't2': 12.94295, 't3': 100, 'N_anc': 2044.25945, 'N_yri': 2044.25945, 'N_ooa': 2044.25945, 'N_ceu': 2044.25945, 'N_chb': 2044.25945, 'gr_ceu': 0.01964, 'gr_chb': 0.01964, 'm_yri_ooa': 0.0, 'm_yri_ceu': 1e-05, 'm_yri_chb': 1e-05, 'm_ceu_chb': 1e-05} -75208.10820655755
 
 
x_up: {'t1': 1.88375, 't2': 18.47255, 't3': 100, 'N_anc': 2044.25945, 'N_yri': 2044.25945, 'N_ooa': 2044.25945, 'N_ceu': 2044.25945, 'N_chb': 2044.25945, 'gr_ceu': 0.01964, 'gr_chb': 0.01964, 'm_yri_ooa': 0.0, 'm_yri_ceu': 1e-05, 'm_yri_chb': 1e-05, 'm_ceu_chb': 1e-05} -75428.14262579428
x: {'t1': 1.88375, 't2': 12.94295, 't3': 100, 'N_anc': 2044.25945, 'N_yri': 2044.25945, 'N_ooa': 2044.25945, 'N_ceu': 2044.25945, 'N_chb': 2044.25945, 'gr_ceu': 0.01964, 'gr_chb': 0.01964, 'm_yri_ooa': 0.0, 'm_yri_ceu': 1e-05, 'm_yri_chb': 1e-05, 'm_ceu_chb': 1e-05} -75208.10820655755
x_down: {'t1': 1.88375, 't2': 7.41335, 't3': 100, 'N_anc': 2044.25945, 'N_yri': 2044.25945, 'N_ooa': 2044.25945, 'N_ceu': 2044.25945, 'N_chb': 2044.25945, 'gr_ceu': 0.01964, 'gr_chb': 0.01964, 'm_yri_ooa': 0.0, 'm_yri_ceu': 1e-05, 'm_yri_chb': 1e-05, 'm_ceu_chb': 1e-05} -74833.62767091286
 
 
x_up: {'t1': 1.88375, 't2': 7.41335, 't3': 104.62933, 'N_anc': 2044.25945, 'N_yri': 2044.25945, 'N_ooa': 2044.25945, 'N_ceu': 2044.25945, 'N_chb': 2044.25945, 'gr_ceu': 0.01964, 'gr_chb': 0.01964, 'm_yri_ooa': 0.0, 'm_yri_ceu': 1e-05, 'm_yri_chb': 1e-05, 'm_ceu_chb': 1e-05} -74833.62767091286
x: {'t1': 1.88375, 't2': 7.41335, 't3': 100, 'N_anc': 2044.25945, 'N_yri': 2044.25945, 'N_ooa': 2044.25945, 'N_ceu': 2044.25945, 'N_chb': 2044.25945, 'gr_ceu': 0.01964, 'gr_chb': 0.01964, 'm_yri_ooa': 0.0, 'm_yri_ceu': 1e-05, 'm_yri_chb': 1e-05, 'm_ceu_chb': 1e-05} -74833.62767091286
x_down: {'t1': 1.88375, 't2': 7.41335, 't3': 95.37067, 'N_anc': 2044.25945, 'N_yri': 2044.25945, 'N_ooa': 2044.25945, 'N_ceu': 2044.25945, 'N_chb': 2044.25945, 'gr_ceu': 0.01964, 'gr_chb': 0.01964, 'm_yri_ooa': 0.0, 'm_yri_ceu': 1e-05, 'm_yri_chb': 1e-05, 'm_ceu_chb': 1e-05} -74833.62767091286
 
 
x_up: {'t1': 1.88375, 't2': 7.41335, 't3': 100, 'N_anc': 3016.38918, 'N_yri': 2044.25945, 'N_ooa': 2044.25945, 'N_ceu': 2044.25945, 'N_chb': 2044.25945, 'gr_ceu': 0.01964, 'gr_chb': 0.01964, 'm_yri_ooa': 0.0, 'm_yri_ceu': 1e-05, 'm_yri_chb': 1e-05, 'm_ceu_chb': 1e-05} -74886.73832023542
x: {'t1': 1.88375, 't2': 7.41335, 't3': 100, 'N_anc': 2044.25945, 'N_yri': 2044.25945, 'N_ooa': 2044.25945, 'N_ceu': 2044.25945, 'N_chb': 2044.25945, 'gr_ceu': 0.01964, 'gr_chb': 0.01964, 'm_yri_ooa': 0.0, 'm_yri_ceu': 1e-05, 'm_yri_chb': 1e-05, 'm_ceu_chb': 1e-05} -74833.62767091286
x_down: {'t1': 1.88375, 't2': 7.41335, 't3': 100, 'N_anc': 1072.12973, 'N_yri': 2044.25945, 'N_ooa': 2044.25945, 'N_ceu': 2044.25945, 'N_chb': 2044.25945, 'gr_ceu': 0.01964, 'gr_chb': 0.01964, 'm_yri_ooa': 0.0, 'm_yri_ceu': 1e-05, 'm_yri_chb': 1e-05, 'm_ceu_chb': 1e-05} -74760.55288530275
 
 
x_up: {'t1': 1.88375, 't2': 7.41335, 't3': 100, 'N_anc': 1072.12973, 'N_yri': 3016.38918, 'N_ooa': 2044.25945, 'N_ceu': 2044.25945, 'N_chb': 2044.25945, 'gr_ceu': 0.01964, 'gr_chb': 0.01964, 'm_yri_ooa': 0.0, 'm_yri_ceu': 1e-05, 'm_yri_chb': 1e-05, 'm_ceu_chb': 1e-05} -75195.30132247154
x: {'t1': 1.88375, 't2': 7.41335, 't3': 100, 'N_anc': 1072.12973, 'N_yri': 2044.25945, 'N_ooa': 2044.25945, 'N_ceu': 2044.25945, 'N_chb': 2044.25945, 'gr_ceu': 0.01964, 'gr_chb': 0.01964, 'm_yri_ooa': 0.0, 'm_yri_ceu': 1e-05, 'm_yri_chb': 1e-05, 'm_ceu_chb': 1e-05} -74760.55288530275
x_down: {'t1': 1.88375, 't2': 7.41335, 't3': 100, 'N_anc': 1072.12973, 'N_yri': 1072.12973, 'N_ooa': 2044.25945, 'N_ceu': 2044.25945, 'N_chb': 2044.25945, 'gr_ceu': 0.01964, 'gr_chb': 0.01964, 'm_yri_ooa': 0.0, 'm_yri_ceu': 1e-05, 'm_yri_chb': 1e-05, 'm_ceu_chb': 1e-05} -73940.04190071144
 
 
x_up: {'t1': 1.88375, 't2': 7.41335, 't3': 100, 'N_anc': 1072.12973, 'N_yri': 1072.12973, 'N_ooa': 3016.38918, 'N_ceu': 2044.25945, 'N_chb': 2044.25945, 'gr_ceu': 0.01964, 'gr_chb': 0.01964, 'm_yri_ooa': 0.0, 'm_yri_ceu': 1e-05, 'm_yri_chb': 1e-05, 'm_ceu_chb': 1e-05} -75163.80442966807
x: {'t1': 1.88375, 't2': 7.41335, 't3': 100, 'N_anc': 1072.12973, 'N_yri': 1072.12973, 'N_ooa': 2044.25945, 'N_ceu': 2044.25945, 'N_chb': 2044.25945, 'gr_ceu': 0.01964, 'gr_chb': 0.01964, 'm_yri_ooa': 0.0, 'm_yri_ceu': 1e-05, 'm_yri_chb': 1e-05, 'm_ceu_chb': 1e-05} -73940.04190071144
x_down: {'t1': 1.88375, 't2': 7.41335, 't3': 100, 'N_anc': 1072.12973, 'N_yri': 1072.12973, 'N_ooa': 1072.12973, 'N_ceu': 2044.25945, 'N_chb': 2044.25945, 'gr_ceu': 0.01964, 'gr_chb': 0.01964, 'm_yri_ooa': 0.0, 'm_yri_ceu': 1e-05, 'm_yri_chb': 1e-05, 'm_ceu_chb': 1e-05} -72505.94577075884
 
 
x_up: {'t1': 1.88375, 't2': 7.41335, 't3': 100, 'N_anc': 1072.12973, 'N_yri': 1072.12973, 'N_ooa': 1072.12973, 'N_ceu': 3016.38918, 'N_chb': 2044.25945, 'gr_ceu': 0.01964, 'gr_chb': 0.01964, 'm_yri_ooa': 0.0, 'm_yri_ceu': 1e-05, 'm_yri_chb': 1e-05, 'm_ceu_chb': 1e-05} -72998.20952366095
x: {'t1': 1.88375, 't2': 7.41335, 't3': 100, 'N_anc': 1072.12973, 'N_yri': 1072.12973, 'N_ooa': 1072.12973, 'N_ceu': 2044.25945, 'N_chb': 2044.25945, 'gr_ceu': 0.01964, 'gr_chb': 0.01964, 'm_yri_ooa': 0.0, 'm_yri_ceu': 1e-05, 'm_yri_chb': 1e-05, 'm_ceu_chb': 1e-05} -72505.94577075884
x_down: {'t1': 1.88375, 't2': 7.41335, 't3': 100, 'N_anc': 1072.12973, 'N_yri': 1072.12973, 'N_ooa': 1072.12973, 'N_ceu': 1072.12973, 'N_chb': 2044.25945, 'gr_ceu': 0.01964, 'gr_chb': 0.01964, 'm_yri_ooa': 0.0, 'm_yri_ceu': 1e-05, 'm_yri_chb': 1e-05, 'm_ceu_chb': 1e-05} -71452.98168880829
 
 
x_up: {'t1': 1.88375, 't2': 7.41335, 't3': 100, 'N_anc': 1072.12973, 'N_yri': 1072.12973, 'N_ooa': 1072.12973, 'N_ceu': 1072.12973, 'N_chb': 3016.38918, 'gr_ceu': 0.01964, 'gr_chb': 0.01964, 'm_yri_ooa': 0.0, 'm_yri_ceu': 1e-05, 'm_yri_chb': 1e-05, 'm_ceu_chb': 1e-05} -71875.32855122726
x: {'t1': 1.88375, 't2': 7.41335, 't3': 100, 'N_anc': 1072.12973, 'N_yri': 1072.12973, 'N_ooa': 1072.12973, 'N_ceu': 1072.12973, 'N_chb': 2044.25945, 'gr_ceu': 0.01964, 'gr_chb': 0.01964, 'm_yri_ooa': 0.0, 'm_yri_ceu': 1e-05, 'm_yri_chb': 1e-05, 'm_ceu_chb': 1e-05} -71452.98168880829
x_down: {'t1': 1.88375, 't2': 7.41335, 't3': 100, 'N_anc': 1072.12973, 'N_yri': 1072.12973, 'N_ooa': 1072.12973, 'N_ceu': 1072.12973, 'N_chb': 1072.12973, 'gr_ceu': 0.01964, 'gr_chb': 0.01964, 'm_yri_ooa': 0.0, 'm_yri_ceu': 1e-05, 'm_yri_chb': 1e-05, 'm_ceu_chb': 1e-05} -70765.24257539824
 
 
x_up: {'t1': 1.88375, 't2': 7.41335, 't3': 100, 'N_anc': 1072.12973, 'N_yri': 1072.12973, 'N_ooa': 1072.12973, 'N_ceu': 1072.12973, 'N_chb': 1072.12973, 'gr_ceu': 0.02946, 'gr_chb': 0.01964, 'm_yri_ooa': 0.0, 'm_yri_ceu': 1e-05, 'm_yri_chb': 1e-05, 'm_ceu_chb': 1e-05} -70779.31590755327
x: {'t1': 1.88375, 't2': 7.41335, 't3': 100, 'N_anc': 1072.12973, 'N_yri': 1072.12973, 'N_ooa': 1072.12973, 'N_ceu': 1072.12973, 'N_chb': 1072.12973, 'gr_ceu': 0.01964, 'gr_chb': 0.01964, 'm_yri_ooa': 0.0, 'm_yri_ceu': 1e-05, 'm_yri_chb': 1e-05, 'm_ceu_chb': 1e-05} -70765.24257539824
x_down: {'t1': 1.88375, 't2': 7.41335, 't3': 100, 'N_anc': 1072.12973, 'N_yri': 1072.12973, 'N_ooa': 1072.12973, 'N_ceu': 1072.12973, 'N_chb': 1072.12973, 'gr_ceu': 0.00982, 'gr_chb': 0.01964, 'm_yri_ooa': 0.0, 'm_yri_ceu': 1e-05, 'm_yri_chb': 1e-05, 'm_ceu_chb': 1e-05} -70751.08633838079
 
 
x_up: {'t1': 1.88375, 't2': 7.41335, 't3': 100, 'N_anc': 1072.12973, 'N_yri': 1072.12973, 'N_ooa': 1072.12973, 'N_ceu': 1072.12973, 'N_chb': 1072.12973, 'gr_ceu': 0.00982, 'gr_chb': 0.02946, 'm_yri_ooa': 0.0, 'm_yri_ceu': 1e-05, 'm_yri_chb': 1e-05, 'm_ceu_chb': 1e-05} -70764.94703743572
x: {'t1': 1.88375, 't2': 7.41335, 't3': 100, 'N_anc': 1072.12973, 'N_yri': 1072.12973, 'N_ooa': 1072.12973, 'N_ceu': 1072.12973, 'N_chb': 1072.12973, 'gr_ceu': 0.00982, 'gr_chb': 0.01964, 'm_yri_ooa': 0.0, 'm_yri_ceu': 1e-05, 'm_yri_chb': 1e-05, 'm_ceu_chb': 1e-05} -70751.08633838079
x_down: {'t1': 1.88375, 't2': 7.41335, 't3': 100, 'N_anc': 1072.12973, 'N_yri': 1072.12973, 'N_ooa': 1072.12973, 'N_ceu': 1072.12973, 'N_chb': 1072.12973, 'gr_ceu': 0.00982, 'gr_chb': 0.00982, 'm_yri_ooa': 0.0, 'm_yri_ceu': 1e-05, 'm_yri_chb': 1e-05, 'm_ceu_chb': 1e-05} -70737.14228257345
 
 
x_up: {'t1': 1.88375, 't2': 7.41335, 't3': 100, 'N_anc': 1072.12973, 'N_yri': 1072.12973, 'N_ooa': 1072.12973, 'N_ceu': 1072.12973, 'N_chb': 1072.12973, 'gr_ceu': 0.00982, 'gr_chb': 0.00982, 'm_yri_ooa': 0.0, 'm_yri_ceu': 1e-05, 'm_yri_chb': 1e-05, 'm_ceu_chb': 1e-05} -70737.14228257345
x: {'t1': 1.88375, 't2': 7.41335, 't3': 100, 'N_anc': 1072.12973, 'N_yri': 1072.12973, 'N_ooa': 1072.12973, 'N_ceu': 1072.12973, 'N_chb': 1072.12973, 'gr_ceu': 0.00982, 'gr_chb': 0.00982, 'm_yri_ooa': 0.0, 'm_yri_ceu': 1e-05, 'm_yri_chb': 1e-05, 'm_ceu_chb': 1e-05} -70737.14228257345
x_down: {'t1': 1.88375, 't2': 7.41335, 't3': 100, 'N_anc': 1072.12973, 'N_yri': 1072.12973, 'N_ooa': 1072.12973, 'N_ceu': 1072.12973, 'N_chb': 1072.12973, 'gr_ceu': 0.00982, 'gr_chb': 0.00982, 'm_yri_ooa': 1e-05, 'm_yri_ceu': 1e-05, 'm_yri_chb': 1e-05, 'm_ceu_chb': 1e-05} -70737.66777218618
 
 
x_up: {'t1': 1.88375, 't2': 7.41335, 't3': 100, 'N_anc': 1072.12973, 'N_yri': 1072.12973, 'N_ooa': 1072.12973, 'N_ceu': 1072.12973, 'N_chb': 1072.12973, 'gr_ceu': 0.00982, 'gr_chb': 0.00982, 'm_yri_ooa': 0.0, 'm_yri_ceu': 0.0, 'm_yri_chb': 1e-05, 'm_ceu_chb': 1e-05} -70737.14228257972
x: {'t1': 1.88375, 't2': 7.41335, 't3': 100, 'N_anc': 1072.12973, 'N_yri': 1072.12973, 'N_ooa': 1072.12973, 'N_ceu': 1072.12973, 'N_chb': 1072.12973, 'gr_ceu': 0.00982, 'gr_chb': 0.00982, 'm_yri_ooa': 0.0, 'm_yri_ceu': 1e-05, 'm_yri_chb': 1e-05, 'm_ceu_chb': 1e-05} -70737.14228257345
x_down: {'t1': 1.88375, 't2': 7.41335, 't3': 100, 'N_anc': 1072.12973, 'N_yri': 1072.12973, 'N_ooa': 1072.12973, 'N_ceu': 1072.12973, 'N_chb': 1072.12973, 'gr_ceu': 0.00982, 'gr_chb': 0.00982, 'm_yri_ooa': 0.0, 'm_yri_ceu': 1e-05, 'm_yri_chb': 1e-05, 'm_ceu_chb': 1e-05} -70737.14228257345
 
 
x_up: {'t1': 1.88375, 't2': 7.41335, 't3': 100, 'N_anc': 1072.12973, 'N_yri': 1072.12973, 'N_ooa': 1072.12973, 'N_ceu': 1072.12973, 'N_chb': 1072.12973, 'gr_ceu': 0.00982, 'gr_chb': 0.00982, 'm_yri_ooa': 0.0, 'm_yri_ceu': 1e-05, 'm_yri_chb': 0.0, 'm_ceu_chb': 1e-05} -70737.14228258036
x: {'t1': 1.88375, 't2': 7.41335, 't3': 100, 'N_anc': 1072.12973, 'N_yri': 1072.12973, 'N_ooa': 1072.12973, 'N_ceu': 1072.12973, 'N_chb': 1072.12973, 'gr_ceu': 0.00982, 'gr_chb': 0.00982, 'm_yri_ooa': 0.0, 'm_yri_ceu': 1e-05, 'm_yri_chb': 1e-05, 'm_ceu_chb': 1e-05} -70737.14228257345
x_down: {'t1': 1.88375, 't2': 7.41335, 't3': 100, 'N_anc': 1072.12973, 'N_yri': 1072.12973, 'N_ooa': 1072.12973, 'N_ceu': 1072.12973, 'N_chb': 1072.12973, 'gr_ceu': 0.00982, 'gr_chb': 0.00982, 'm_yri_ooa': 0.0, 'm_yri_ceu': 1e-05, 'm_yri_chb': 1e-05, 'm_ceu_chb': 1e-05} -70737.14228257345
 
 
x_up: {'t1': 1.88375, 't2': 7.41335, 't3': 100, 'N_anc': 1072.12973, 'N_yri': 1072.12973, 'N_ooa': 1072.12973, 'N_ceu': 1072.12973, 'N_chb': 1072.12973, 'gr_ceu': 0.00982, 'gr_chb': 0.00982, 'm_yri_ooa': 0.0, 'm_yri_ceu': 1e-05, 'm_yri_chb': 1e-05, 'm_ceu_chb': 0.0} -70737.14228257375
x: {'t1': 1.88375, 't2': 7.41335, 't3': 100, 'N_anc': 1072.12973, 'N_yri': 1072.12973, 'N_ooa': 1072.12973, 'N_ceu': 1072.12973, 'N_chb': 1072.12973, 'gr_ceu': 0.00982, 'gr_chb': 0.00982, 'm_yri_ooa': 0.0, 'm_yri_ceu': 1e-05, 'm_yri_chb': 1e-05, 'm_ceu_chb': 1e-05} -70737.14228257345
x_down: {'t1': 1.88375, 't2': 7.41335, 't3': 100, 'N_anc': 1072.12973, 'N_yri': 1072.12973, 'N_ooa': 1072.12973, 'N_ceu': 1072.12973, 'N_chb': 1072.12973, 'gr_ceu': 0.00982, 'gr_chb': 0.00982, 'm_yri_ooa': 0.0, 'm_yri_ceu': 1e-05, 'm_yri_chb': 1e-05, 'm_ceu_chb': 1e-05} -70737.14228257345
 
{'t1': 1.88375, 't2': 7.41335, 't3': 100, 'N_anc': 1072.12973, 'N_yri': 1072.12973, 'N_ooa': 1072.12973, 'N_ceu': 1072.12973, 'N_chb': 1072.12973, 'gr_ceu': 0.00982, 'gr_chb': 0.00982, 'm_yri_ooa': 0.0, 'm_yri_ceu': 1e-05, 'm_yri_chb': 1e-05, 'm_ceu_chb': 1e-05} -70737.14228257345
 
x_up: {'t1': 2.32563, 't2': 7.41335, 't3': 100, 'N_anc': 1072.12973, 'N_yri': 1072.12973, 'N_ooa': 1072.12973, 'N_ceu': 1072.12973, 'N_chb': 1072.12973, 'gr_ceu': 0.00982, 'gr_chb': 0.00982, 'm_yri_ooa': 0.0, 'm_yri_ceu': 1e-05, 'm_yri_chb': 1e-05, 'm_ceu_chb': 1e-05} -70814.76521353945
x: {'t1': 1.88375, 't2': 7.41335, 't3': 100, 'N_anc': 1072.12973, 'N_yri': 1072.12973, 'N_ooa': 1072.12973, 'N_ceu': 1072.12973, 'N_chb': 1072.12973, 'gr_ceu': 0.00982, 'gr_chb': 0.00982, 'm_yri_ooa': 0.0, 'm_yri_ceu': 1e-05, 'm_yri_chb': 1e-05, 'm_ceu_chb': 1e-05} -70737.14228257345
x_down: {'t1': 1.44188, 't2': 7.41335, 't3': 100, 'N_anc': 1072.12973, 'N_yri': 1072.12973, 'N_ooa': 1072.12973, 'N_ceu': 1072.12973, 'N_chb': 1072.12973, 'gr_ceu': 0.00982, 'gr_chb': 0.00982, 'm_yri_ooa': 0.0, 'm_yri_ceu': 1e-05, 'm_yri_chb': 1e-05, 'm_ceu_chb': 1e-05} -70657.68657795408
 
 
x_up: {'t1': 1.44188, 't2': 10.39908, 't3': 100, 'N_anc': 1072.12973, 'N_yri': 1072.12973, 'N_ooa': 1072.12973, 'N_ceu': 1072.12973, 'N_chb': 1072.12973, 'gr_ceu': 0.00982, 'gr_chb': 0.00982, 'm_yri_ooa': 0.0, 'm_yri_ceu': 1e-05, 'm_yri_chb': 1e-05, 'm_ceu_chb': 1e-05} -71013.15604601958
x: {'t1': 1.44188, 't2': 7.41335, 't3': 100, 'N_anc': 1072.12973, 'N_yri': 1072.12973, 'N_ooa': 1072.12973, 'N_ceu': 1072.12973, 'N_chb': 1072.12973, 'gr_ceu': 0.00982, 'gr_chb': 0.00982, 'm_yri_ooa': 0.0, 'm_yri_ceu': 1e-05, 'm_yri_chb': 1e-05, 'm_ceu_chb': 1e-05} -70657.68657795408
x_down: {'t1': 1.44188, 't2': 4.42762, 't3': 100, 'N_anc': 1072.12973, 'N_yri': 1072.12973, 'N_ooa': 1072.12973, 'N_ceu': 1072.12973, 'N_chb': 1072.12973, 'gr_ceu': 0.00982, 'gr_chb': 0.00982, 'm_yri_ooa': 0.0, 'm_yri_ceu': 1e-05, 'm_yri_chb': 1e-05, 'm_ceu_chb': 1e-05} -70260.16314901653
 
 
x_up: {'t1': 1.44188, 't2': 4.42762, 't3': 104.77862, 'N_anc': 1072.12973, 'N_yri': 1072.12973, 'N_ooa': 1072.12973, 'N_ceu': 1072.12973, 'N_chb': 1072.12973, 'gr_ceu': 0.00982, 'gr_chb': 0.00982, 'm_yri_ooa': 0.0, 'm_yri_ceu': 1e-05, 'm_yri_chb': 1e-05, 'm_ceu_chb': 1e-05} -70260.16314901653
x: {'t1': 1.44188, 't2': 4.42762, 't3': 100, 'N_anc': 1072.12973, 'N_yri': 1072.12973, 'N_ooa': 1072.12973, 'N_ceu': 1072.12973, 'N_chb': 1072.12973, 'gr_ceu': 0.00982, 'gr_chb': 0.00982, 'm_yri_ooa': 0.0, 'm_yri_ceu': 1e-05, 'm_yri_chb': 1e-05, 'm_ceu_chb': 1e-05} -70260.16314901653
x_down: {'t1': 1.44188, 't2': 4.42762, 't3': 95.22138, 'N_anc': 1072.12973, 'N_yri': 1072.12973, 'N_ooa': 1072.12973, 'N_ceu': 1072.12973, 'N_chb': 1072.12973, 'gr_ceu': 0.00982, 'gr_chb': 0.00982, 'm_yri_ooa': 0.0, 'm_yri_ceu': 1e-05, 'm_yri_chb': 1e-05, 'm_ceu_chb': 1e-05} -70260.16314901653
 
 
x_up: {'t1': 1.44188, 't2': 4.42762, 't3': 100, 'N_anc': 1558.1946, 'N_yri': 1072.12973, 'N_ooa': 1072.12973, 'N_ceu': 1072.12973, 'N_chb': 1072.12973, 'gr_ceu': 0.00982, 'gr_chb': 0.00982, 'm_yri_ooa': 0.0, 'm_yri_ceu': 1e-05, 'm_yri_chb': 1e-05, 'm_ceu_chb': 1e-05} -70299.68729084048
x: {'t1': 1.44188, 't2': 4.42762, 't3': 100, 'N_anc': 1072.12973, 'N_yri': 1072.12973, 'N_ooa': 1072.12973, 'N_ceu': 1072.12973, 'N_chb': 1072.12973, 'gr_ceu': 0.00982, 'gr_chb': 0.00982, 'm_yri_ooa': 0.0, 'm_yri_ceu': 1e-05, 'm_yri_chb': 1e-05, 'm_ceu_chb': 1e-05} -70260.16314901653
x_down: {'t1': 1.44188, 't2': 4.42762, 't3': 100, 'N_anc': 586.06487, 'N_yri': 1072.12973, 'N_ooa': 1072.12973, 'N_ceu': 1072.12973, 'N_chb': 1072.12973, 'gr_ceu': 0.00982, 'gr_chb': 0.00982, 'm_yri_ooa': 0.0, 'm_yri_ceu': 1e-05, 'm_yri_chb': 1e-05, 'm_ceu_chb': 1e-05} -70221.39233280488
 
 
x_up: {'t1': 1.44188, 't2': 4.42762, 't3': 100, 'N_anc': 586.06487, 'N_yri': 1558.1946, 'N_ooa': 1072.12973, 'N_ceu': 1072.12973, 'N_chb': 1072.12973, 'gr_ceu': 0.00982, 'gr_chb': 0.00982, 'm_yri_ooa': 0.0, 'm_yri_ceu': 1e-05, 'm_yri_chb': 1e-05, 'm_ceu_chb': 1e-05} -70607.01023439111
x: {'t1': 1.44188, 't2': 4.42762, 't3': 100, 'N_anc': 586.06487, 'N_yri': 1072.12973, 'N_ooa': 1072.12973, 'N_ceu': 1072.12973, 'N_chb': 1072.12973, 'gr_ceu': 0.00982, 'gr_chb': 0.00982, 'm_yri_ooa': 0.0, 'm_yri_ceu': 1e-05, 'm_yri_chb': 1e-05, 'm_ceu_chb': 1e-05} -70221.39233280488
x_down: {'t1': 1.44188, 't2': 4.42762, 't3': 100, 'N_anc': 586.06487, 'N_yri': 586.06487, 'N_ooa': 1072.12973, 'N_ceu': 1072.12973, 'N_chb': 1072.12973, 'gr_ceu': 0.00982, 'gr_chb': 0.00982, 'm_yri_ooa': 0.0, 'm_yri_ceu': 1e-05, 'm_yri_chb': 1e-05, 'm_ceu_chb': 1e-05} -69585.95887260046
 
 
x_up: {'t1': 1.44188, 't2': 4.42762, 't3': 100, 'N_anc': 586.06487, 'N_yri': 586.06487, 'N_ooa': 1558.1946, 'N_ceu': 1072.12973, 'N_chb': 1072.12973, 'gr_ceu': 0.00982, 'gr_chb': 0.00982, 'm_yri_ooa': 0.0, 'm_yri_ceu': 1e-05, 'm_yri_chb': 1e-05, 'm_ceu_chb': 1e-05} -70326.58855141296
x: {'t1': 1.44188, 't2': 4.42762, 't3': 100, 'N_anc': 586.06487, 'N_yri': 586.06487, 'N_ooa': 1072.12973, 'N_ceu': 1072.12973, 'N_chb': 1072.12973, 'gr_ceu': 0.00982, 'gr_chb': 0.00982, 'm_yri_ooa': 0.0, 'm_yri_ceu': 1e-05, 'm_yri_chb': 1e-05, 'm_ceu_chb': 1e-05} -69585.95887260046
x_down: {'t1': 1.44188, 't2': 4.42762, 't3': 100, 'N_anc': 586.06487, 'N_yri': 586.06487, 'N_ooa': 586.06487, 'N_ceu': 1072.12973, 'N_chb': 1072.12973, 'gr_ceu': 0.00982, 'gr_chb': 0.00982, 'm_yri_ooa': 0.0, 'm_yri_ceu': 1e-05, 'm_yri_chb': 1e-05, 'm_ceu_chb': 1e-05} -69613.2216464358
 
 
x_up: {'t1': 1.44188, 't2': 4.42762, 't3': 100, 'N_anc': 586.06487, 'N_yri': 586.06487, 'N_ooa': 1072.12973, 'N_ceu': 1558.1946, 'N_chb': 1072.12973, 'gr_ceu': 0.00982, 'gr_chb': 0.00982, 'm_yri_ooa': 0.0, 'm_yri_ceu': 1e-05, 'm_yri_chb': 1e-05, 'm_ceu_chb': 1e-05} -69918.72683079947
x: {'t1': 1.44188, 't2': 4.42762, 't3': 100, 'N_anc': 586.06487, 'N_yri': 586.06487, 'N_ooa': 1072.12973, 'N_ceu': 1072.12973, 'N_chb': 1072.12973, 'gr_ceu': 0.00982, 'gr_chb': 0.00982, 'm_yri_ooa': 0.0, 'm_yri_ceu': 1e-05, 'm_yri_chb': 1e-05, 'm_ceu_chb': 1e-05} -69585.95887260046
x_down: {'t1': 1.44188, 't2': 4.42762, 't3': 100, 'N_anc': 586.06487, 'N_yri': 586.06487, 'N_ooa': 1072.12973, 'N_ceu': 586.06487, 'N_chb': 1072.12973, 'gr_ceu': 0.00982, 'gr_chb': 0.00982, 'm_yri_ooa': 0.0, 'm_yri_ceu': 1e-05, 'm_yri_chb': 1e-05, 'm_ceu_chb': 1e-05} -69017.45601124335
 
 
x_up: {'t1': 1.44188, 't2': 4.42762, 't3': 100, 'N_anc': 586.06487, 'N_yri': 586.06487, 'N_ooa': 1072.12973, 'N_ceu': 586.06487, 'N_chb': 1558.1946, 'gr_ceu': 0.00982, 'gr_chb': 0.00982, 'm_yri_ooa': 0.0, 'm_yri_ceu': 1e-05, 'm_yri_chb': 1e-05, 'm_ceu_chb': 1e-05} -69286.29739545874
x: {'t1': 1.44188, 't2': 4.42762, 't3': 100, 'N_anc': 586.06487, 'N_yri': 586.06487, 'N_ooa': 1072.12973, 'N_ceu': 586.06487, 'N_chb': 1072.12973, 'gr_ceu': 0.00982, 'gr_chb': 0.00982, 'm_yri_ooa': 0.0, 'm_yri_ceu': 1e-05, 'm_yri_chb': 1e-05, 'm_ceu_chb': 1e-05} -69017.45601124335
x_down: {'t1': 1.44188, 't2': 4.42762, 't3': 100, 'N_anc': 586.06487, 'N_yri': 586.06487, 'N_ooa': 1072.12973, 'N_ceu': 586.06487, 'N_chb': 586.06487, 'gr_ceu': 0.00982, 'gr_chb': 0.00982, 'm_yri_ooa': 0.0, 'm_yri_ceu': 1e-05, 'm_yri_chb': 1e-05, 'm_ceu_chb': 1e-05} -68668.86888216728
 
 
x_up: {'t1': 1.44188, 't2': 4.42762, 't3': 100, 'N_anc': 586.06487, 'N_yri': 586.06487, 'N_ooa': 1072.12973, 'N_ceu': 586.06487, 'N_chb': 586.06487, 'gr_ceu': 0.01473, 'gr_chb': 0.00982, 'm_yri_ooa': 0.0, 'm_yri_ceu': 1e-05, 'm_yri_chb': 1e-05, 'm_ceu_chb': 1e-05} -68671.3017776834
x: {'t1': 1.44188, 't2': 4.42762, 't3': 100, 'N_anc': 586.06487, 'N_yri': 586.06487, 'N_ooa': 1072.12973, 'N_ceu': 586.06487, 'N_chb': 586.06487, 'gr_ceu': 0.00982, 'gr_chb': 0.00982, 'm_yri_ooa': 0.0, 'm_yri_ceu': 1e-05, 'm_yri_chb': 1e-05, 'm_ceu_chb': 1e-05} -68668.86888216728
x_down: {'t1': 1.44188, 't2': 4.42762, 't3': 100, 'N_anc': 586.06487, 'N_yri': 586.06487, 'N_ooa': 1072.12973, 'N_ceu': 586.06487, 'N_chb': 586.06487, 'gr_ceu': 0.00491, 'gr_chb': 0.00982, 'm_yri_ooa': 0.0, 'm_yri_ceu': 1e-05, 'm_yri_chb': 1e-05, 'm_ceu_chb': 1e-05} -68666.43760459678
 
 
x_up: {'t1': 1.44188, 't2': 4.42762, 't3': 100, 'N_anc': 586.06487, 'N_yri': 586.06487, 'N_ooa': 1072.12973, 'N_ceu': 586.06487, 'N_chb': 586.06487, 'gr_ceu': 0.00491, 'gr_chb': 0.01473, 'm_yri_ooa': 0.0, 'm_yri_ceu': 1e-05, 'm_yri_chb': 1e-05, 'm_ceu_chb': 1e-05} -68668.86016602285
x: {'t1': 1.44188, 't2': 4.42762, 't3': 100, 'N_anc': 586.06487, 'N_yri': 586.06487, 'N_ooa': 1072.12973, 'N_ceu': 586.06487, 'N_chb': 586.06487, 'gr_ceu': 0.00491, 'gr_chb': 0.00982, 'm_yri_ooa': 0.0, 'm_yri_ceu': 1e-05, 'm_yri_chb': 1e-05, 'm_ceu_chb': 1e-05} -68666.43760459678
x_down: {'t1': 1.44188, 't2': 4.42762, 't3': 100, 'N_anc': 586.06487, 'N_yri': 586.06487, 'N_ooa': 1072.12973, 'N_ceu': 586.06487, 'N_chb': 586.06487, 'gr_ceu': 0.00491, 'gr_chb': 0.00491, 'm_yri_ooa': 0.0, 'm_yri_ceu': 1e-05, 'm_yri_chb': 1e-05, 'm_ceu_chb': 1e-05} -68664.0164166014
 
 
x_up: {'t1': 1.44188, 't2': 4.42762, 't3': 100, 'N_anc': 586.06487, 'N_yri': 586.06487, 'N_ooa': 1072.12973, 'N_ceu': 586.06487, 'N_chb': 586.06487, 'gr_ceu': 0.00491, 'gr_chb': 0.00491, 'm_yri_ooa': 0.0, 'm_yri_ceu': 1e-05, 'm_yri_chb': 1e-05, 'm_ceu_chb': 1e-05} -68664.0164166014
x: {'t1': 1.44188, 't2': 4.42762, 't3': 100, 'N_anc': 586.06487, 'N_yri': 586.06487, 'N_ooa': 1072.12973, 'N_ceu': 586.06487, 'N_chb': 586.06487, 'gr_ceu': 0.00491, 'gr_chb': 0.00491, 'm_yri_ooa': 0.0, 'm_yri_ceu': 1e-05, 'm_yri_chb': 1e-05, 'm_ceu_chb': 1e-05} -68664.0164166014
x_down: {'t1': 1.44188, 't2': 4.42762, 't3': 100, 'N_anc': 586.06487, 'N_yri': 586.06487, 'N_ooa': 1072.12973, 'N_ceu': 586.06487, 'N_chb': 586.06487, 'gr_ceu': 0.00491, 'gr_chb': 0.00491, 'm_yri_ooa': 1e-05, 'm_yri_ceu': 1e-05, 'm_yri_chb': 1e-05, 'm_ceu_chb': 1e-05} -68664.06579349581
 
 
x_up: {'t1': 1.44188, 't2': 4.42762, 't3': 100, 'N_anc': 586.06487, 'N_yri': 586.06487, 'N_ooa': 1072.12973, 'N_ceu': 586.06487, 'N_chb': 586.06487, 'gr_ceu': 0.00491, 'gr_chb': 0.00491, 'm_yri_ooa': 0.0, 'm_yri_ceu': 0.0, 'm_yri_chb': 1e-05, 'm_ceu_chb': 1e-05} -68664.01641660568
x: {'t1': 1.44188, 't2': 4.42762, 't3': 100, 'N_anc': 586.06487, 'N_yri': 586.06487, 'N_ooa': 1072.12973, 'N_ceu': 586.06487, 'N_chb': 586.06487, 'gr_ceu': 0.00491, 'gr_chb': 0.00491, 'm_yri_ooa': 0.0, 'm_yri_ceu': 1e-05, 'm_yri_chb': 1e-05, 'm_ceu_chb': 1e-05} -68664.0164166014
x_down: {'t1': 1.44188, 't2': 4.42762, 't3': 100, 'N_anc': 586.06487, 'N_yri': 586.06487, 'N_ooa': 1072.12973, 'N_ceu': 586.06487, 'N_chb': 586.06487, 'gr_ceu': 0.00491, 'gr_chb': 0.00491, 'm_yri_ooa': 0.0, 'm_yri_ceu': 1e-05, 'm_yri_chb': 1e-05, 'm_ceu_chb': 1e-05} -68664.0164166014
 
 
x_up: {'t1': 1.44188, 't2': 4.42762, 't3': 100, 'N_anc': 586.06487, 'N_yri': 586.06487, 'N_ooa': 1072.12973, 'N_ceu': 586.06487, 'N_chb': 586.06487, 'gr_ceu': 0.00491, 'gr_chb': 0.00491, 'm_yri_ooa': 0.0, 'm_yri_ceu': 1e-05, 'm_yri_chb': 0.0, 'm_ceu_chb': 1e-05} -68664.01641660616
x: {'t1': 1.44188, 't2': 4.42762, 't3': 100, 'N_anc': 586.06487, 'N_yri': 586.06487, 'N_ooa': 1072.12973, 'N_ceu': 586.06487, 'N_chb': 586.06487, 'gr_ceu': 0.00491, 'gr_chb': 0.00491, 'm_yri_ooa': 0.0, 'm_yri_ceu': 1e-05, 'm_yri_chb': 1e-05, 'm_ceu_chb': 1e-05} -68664.0164166014
x_down: {'t1': 1.44188, 't2': 4.42762, 't3': 100, 'N_anc': 586.06487, 'N_yri': 586.06487, 'N_ooa': 1072.12973, 'N_ceu': 586.06487, 'N_chb': 586.06487, 'gr_ceu': 0.00491, 'gr_chb': 0.00491, 'm_yri_ooa': 0.0, 'm_yri_ceu': 1e-05, 'm_yri_chb': 1e-05, 'm_ceu_chb': 1e-05} -68664.0164166014
 
 
x_up: {'t1': 1.44188, 't2': 4.42762, 't3': 100, 'N_anc': 586.06487, 'N_yri': 586.06487, 'N_ooa': 1072.12973, 'N_ceu': 586.06487, 'N_chb': 586.06487, 'gr_ceu': 0.00491, 'gr_chb': 0.00491, 'm_yri_ooa': 0.0, 'm_yri_ceu': 1e-05, 'm_yri_chb': 1e-05, 'm_ceu_chb': 0.0} -68664.0164166013
x: {'t1': 1.44188, 't2': 4.42762, 't3': 100, 'N_anc': 586.06487, 'N_yri': 586.06487, 'N_ooa': 1072.12973, 'N_ceu': 586.06487, 'N_chb': 586.06487, 'gr_ceu': 0.00491, 'gr_chb': 0.00491, 'm_yri_ooa': 0.0, 'm_yri_ceu': 1e-05, 'm_yri_chb': 1e-05, 'm_ceu_chb': 1e-05} -68664.0164166014
x_down: {'t1': 1.44188, 't2': 4.42762, 't3': 100, 'N_anc': 586.06487, 'N_yri': 586.06487, 'N_ooa': 1072.12973, 'N_ceu': 586.06487, 'N_chb': 586.06487, 'gr_ceu': 0.00491, 'gr_chb': 0.00491, 'm_yri_ooa': 0.0, 'm_yri_ceu': 1e-05, 'm_yri_chb': 1e-05, 'm_ceu_chb': 1e-05} -68664.0164166014
 
{'t1': 1.44188, 't2': 4.42762, 't3': 100, 'N_anc': 586.06487, 'N_yri': 586.06487, 'N_ooa': 1072.12973, 'N_ceu': 586.06487, 'N_chb': 586.06487, 'gr_ceu': 0.00491, 'gr_chb': 0.00491, 'm_yri_ooa': 0.0, 'm_yri_ceu': 1e-05, 'm_yri_chb': 1e-05, 'm_ceu_chb': 0.0} -68664.0164166013
 
x_up: {'t1': 1.66282, 't2': 4.42762, 't3': 100, 'N_anc': 586.06487, 'N_yri': 586.06487, 'N_ooa': 1072.12973, 'N_ceu': 586.06487, 'N_chb': 586.06487, 'gr_ceu': 0.00491, 'gr_chb': 0.00491, 'm_yri_ooa': 0.0, 'm_yri_ceu': 1e-05, 'm_yri_chb': 1e-05, 'm_ceu_chb': 0.0} -68619.49940223296
x: {'t1': 1.44188, 't2': 4.42762, 't3': 100, 'N_anc': 586.06487, 'N_yri': 586.06487, 'N_ooa': 1072.12973, 'N_ceu': 586.06487, 'N_chb': 586.06487, 'gr_ceu': 0.00491, 'gr_chb': 0.00491, 'm_yri_ooa': 0.0, 'm_yri_ceu': 1e-05, 'm_yri_chb': 1e-05, 'm_ceu_chb': 0.0} -68664.0164166013
x_down: {'t1': 1.22094, 't2': 4.42762, 't3': 100, 'N_anc': 586.06487, 'N_yri': 586.06487, 'N_ooa': 1072.12973, 'N_ceu': 586.06487, 'N_chb': 586.06487, 'gr_ceu': 0.00491, 'gr_chb': 0.00491, 'm_yri_ooa': 0.0, 'm_yri_ceu': 1e-05, 'm_yri_chb': 1e-05, 'm_ceu_chb': 0.0} -68695.29436186558
 
 
x_up: {'t1': 1.66282, 't2': 5.81002, 't3': 100, 'N_anc': 586.06487, 'N_yri': 586.06487, 'N_ooa': 1072.12973, 'N_ceu': 586.06487, 'N_chb': 586.06487, 'gr_ceu': 0.00491, 'gr_chb': 0.00491, 'm_yri_ooa': 0.0, 'm_yri_ceu': 1e-05, 'm_yri_chb': 1e-05, 'm_ceu_chb': 0.0} -68751.63917047267
x: {'t1': 1.66282, 't2': 4.42762, 't3': 100, 'N_anc': 586.06487, 'N_yri': 586.06487, 'N_ooa': 1072.12973, 'N_ceu': 586.06487, 'N_chb': 586.06487, 'gr_ceu': 0.00491, 'gr_chb': 0.00491, 'm_yri_ooa': 0.0, 'm_yri_ceu': 1e-05, 'm_yri_chb': 1e-05, 'm_ceu_chb': 0.0} -68619.49940223296
x_down: {'t1': 1.66282, 't2': 3.04522, 't3': 100, 'N_anc': 586.06487, 'N_yri': 586.06487, 'N_ooa': 1072.12973, 'N_ceu': 586.06487, 'N_chb': 586.06487, 'gr_ceu': 0.00491, 'gr_chb': 0.00491, 'm_yri_ooa': 0.0, 'm_yri_ceu': 1e-05, 'm_yri_chb': 1e-05, 'm_ceu_chb': 0.0} -68404.01989629926
 
 
x_up: {'t1': 1.66282, 't2': 3.04522, 't3': 104.84774, 'N_anc': 586.06487, 'N_yri': 586.06487, 'N_ooa': 1072.12973, 'N_ceu': 586.06487, 'N_chb': 586.06487, 'gr_ceu': 0.00491, 'gr_chb': 0.00491, 'm_yri_ooa': 0.0, 'm_yri_ceu': 1e-05, 'm_yri_chb': 1e-05, 'm_ceu_chb': 0.0} -68405.33623374024
x: {'t1': 1.66282, 't2': 3.04522, 't3': 100, 'N_anc': 586.06487, 'N_yri': 586.06487, 'N_ooa': 1072.12973, 'N_ceu': 586.06487, 'N_chb': 586.06487, 'gr_ceu': 0.00491, 'gr_chb': 0.00491, 'm_yri_ooa': 0.0, 'm_yri_ceu': 1e-05, 'm_yri_chb': 1e-05, 'm_ceu_chb': 0.0} -68404.01989629926
x_down: {'t1': 1.66282, 't2': 3.04522, 't3': 95.15226, 'N_anc': 586.06487, 'N_yri': 586.06487, 'N_ooa': 1072.12973, 'N_ceu': 586.06487, 'N_chb': 586.06487, 'gr_ceu': 0.00491, 'gr_chb': 0.00491, 'm_yri_ooa': 0.0, 'm_yri_ceu': 1e-05, 'm_yri_chb': 1e-05, 'm_ceu_chb': 0.0} -68400.19699670088
 
 
x_up: {'t1': 1.66282, 't2': 3.04522, 't3': 95.15226, 'N_anc': 829.09731, 'N_yri': 586.06487, 'N_ooa': 1072.12973, 'N_ceu': 586.06487, 'N_chb': 586.06487, 'gr_ceu': 0.00491, 'gr_chb': 0.00491, 'm_yri_ooa': 0.0, 'm_yri_ceu': 1e-05, 'm_yri_chb': 1e-05, 'm_ceu_chb': 0.0} -68419.58343343453
x: {'t1': 1.66282, 't2': 3.04522, 't3': 95.15226, 'N_anc': 586.06487, 'N_yri': 586.06487, 'N_ooa': 1072.12973, 'N_ceu': 586.06487, 'N_chb': 586.06487, 'gr_ceu': 0.00491, 'gr_chb': 0.00491, 'm_yri_ooa': 0.0, 'm_yri_ceu': 1e-05, 'm_yri_chb': 1e-05, 'm_ceu_chb': 0.0} -68400.19699670088
x_down: {'t1': 1.66282, 't2': 3.04522, 't3': 95.15226, 'N_anc': 343.03244, 'N_yri': 586.06487, 'N_ooa': 1072.12973, 'N_ceu': 586.06487, 'N_chb': 586.06487, 'gr_ceu': 0.00491, 'gr_chb': 0.00491, 'm_yri_ooa': 0.0, 'm_yri_ceu': 1e-05, 'm_yri_chb': 1e-05, 'm_ceu_chb': 0.0} -68409.97484932237
 
 
x_up: {'t1': 1.66282, 't2': 3.04522, 't3': 95.15226, 'N_anc': 586.06487, 'N_yri': 829.09731, 'N_ooa': 1072.12973, 'N_ceu': 586.06487, 'N_chb': 586.06487, 'gr_ceu': 0.00491, 'gr_chb': 0.00491, 'm_yri_ooa': 0.0, 'm_yri_ceu': 1e-05, 'm_yri_chb': 1e-05, 'm_ceu_chb': 0.0} -68689.5663457292
x: {'t1': 1.66282, 't2': 3.04522, 't3': 95.15226, 'N_anc': 586.06487, 'N_yri': 586.06487, 'N_ooa': 1072.12973, 'N_ceu': 586.06487, 'N_chb': 586.06487, 'gr_ceu': 0.00491, 'gr_chb': 0.00491, 'm_yri_ooa': 0.0, 'm_yri_ceu': 1e-05, 'm_yri_chb': 1e-05, 'm_ceu_chb': 0.0} -68400.19699670088
x_down: {'t1': 1.66282, 't2': 3.04522, 't3': 95.15226, 'N_anc': 586.06487, 'N_yri': 343.03244, 'N_ooa': 1072.12973, 'N_ceu': 586.06487, 'N_chb': 586.06487, 'gr_ceu': 0.00491, 'gr_chb': 0.00491, 'm_yri_ooa': 0.0, 'm_yri_ceu': 1e-05, 'm_yri_chb': 1e-05, 'm_ceu_chb': 0.0} -68125.28048797311
 
 
x_up: {'t1': 1.66282, 't2': 3.04522, 't3': 95.15226, 'N_anc': 586.06487, 'N_yri': 343.03244, 'N_ooa': 1315.16216, 'N_ceu': 586.06487, 'N_chb': 586.06487, 'gr_ceu': 0.00491, 'gr_chb': 0.00491, 'm_yri_ooa': 0.0, 'm_yri_ceu': 1e-05, 'm_yri_chb': 1e-05, 'm_ceu_chb': 0.0} -68392.37787347559
x: {'t1': 1.66282, 't2': 3.04522, 't3': 95.15226, 'N_anc': 586.06487, 'N_yri': 343.03244, 'N_ooa': 1072.12973, 'N_ceu': 586.06487, 'N_chb': 586.06487, 'gr_ceu': 0.00491, 'gr_chb': 0.00491, 'm_yri_ooa': 0.0, 'm_yri_ceu': 1e-05, 'm_yri_chb': 1e-05, 'm_ceu_chb': 0.0} -68125.28048797311
x_down: {'t1': 1.66282, 't2': 3.04522, 't3': 95.15226, 'N_anc': 586.06487, 'N_yri': 343.03244, 'N_ooa': 829.0973, 'N_ceu': 586.06487, 'N_chb': 586.06487, 'gr_ceu': 0.00491, 'gr_chb': 0.00491, 'm_yri_ooa': 0.0, 'm_yri_ceu': 1e-05, 'm_yri_chb': 1e-05, 'm_ceu_chb': 0.0} -68009.93879617187
 
 
x_up: {'t1': 1.66282, 't2': 3.04522, 't3': 95.15226, 'N_anc': 586.06487, 'N_yri': 343.03244, 'N_ooa': 829.0973, 'N_ceu': 829.09731, 'N_chb': 586.06487, 'gr_ceu': 0.00491, 'gr_chb': 0.00491, 'm_yri_ooa': 0.0, 'm_yri_ceu': 1e-05, 'm_yri_chb': 1e-05, 'm_ceu_chb': 0.0} -68230.33554382599
x: {'t1': 1.66282, 't2': 3.04522, 't3': 95.15226, 'N_anc': 586.06487, 'N_yri': 343.03244, 'N_ooa': 829.0973, 'N_ceu': 586.06487, 'N_chb': 586.06487, 'gr_ceu': 0.00491, 'gr_chb': 0.00491, 'm_yri_ooa': 0.0, 'm_yri_ceu': 1e-05, 'm_yri_chb': 1e-05, 'm_ceu_chb': 0.0} -68009.93879617187
x_down: {'t1': 1.66282, 't2': 3.04522, 't3': 95.15226, 'N_anc': 586.06487, 'N_yri': 343.03244, 'N_ooa': 829.0973, 'N_ceu': 343.03244, 'N_chb': 586.06487, 'gr_ceu': 0.00491, 'gr_chb': 0.00491, 'm_yri_ooa': 0.0, 'm_yri_ceu': 1e-05, 'm_yri_chb': 1e-05, 'm_ceu_chb': 0.0} -67757.95513359878
 
 
x_up: {'t1': 1.66282, 't2': 3.04522, 't3': 95.15226, 'N_anc': 586.06487, 'N_yri': 343.03244, 'N_ooa': 829.0973, 'N_ceu': 343.03244, 'N_chb': 829.09731, 'gr_ceu': 0.00491, 'gr_chb': 0.00491, 'm_yri_ooa': 0.0, 'm_yri_ceu': 1e-05, 'm_yri_chb': 1e-05, 'm_ceu_chb': 0.0} -67920.95065717306
x: {'t1': 1.66282, 't2': 3.04522, 't3': 95.15226, 'N_anc': 586.06487, 'N_yri': 343.03244, 'N_ooa': 829.0973, 'N_ceu': 343.03244, 'N_chb': 586.06487, 'gr_ceu': 0.00491, 'gr_chb': 0.00491, 'm_yri_ooa': 0.0, 'm_yri_ceu': 1e-05, 'm_yri_chb': 1e-05, 'm_ceu_chb': 0.0} -67757.95513359878
x_down: {'t1': 1.66282, 't2': 3.04522, 't3': 95.15226, 'N_anc': 586.06487, 'N_yri': 343.03244, 'N_ooa': 829.0973, 'N_ceu': 343.03244, 'N_chb': 343.03244, 'gr_ceu': 0.00491, 'gr_chb': 0.00491, 'm_yri_ooa': 0.0, 'm_yri_ceu': 1e-05, 'm_yri_chb': 1e-05, 'm_ceu_chb': 0.0} -67646.86257766966
 
 
x_up: {'t1': 1.66282, 't2': 3.04522, 't3': 95.15226, 'N_anc': 586.06487, 'N_yri': 343.03244, 'N_ooa': 829.0973, 'N_ceu': 343.03244, 'N_chb': 343.03244, 'gr_ceu': 0.00737, 'gr_chb': 0.00491, 'm_yri_ooa': 0.0, 'm_yri_ceu': 1e-05, 'm_yri_chb': 1e-05, 'm_ceu_chb': 0.0} -67647.06397017789
x: {'t1': 1.66282, 't2': 3.04522, 't3': 95.15226, 'N_anc': 586.06487, 'N_yri': 343.03244, 'N_ooa': 829.0973, 'N_ceu': 343.03244, 'N_chb': 343.03244, 'gr_ceu': 0.00491, 'gr_chb': 0.00491, 'm_yri_ooa': 0.0, 'm_yri_ceu': 1e-05, 'm_yri_chb': 1e-05, 'm_ceu_chb': 0.0} -67646.86257766966
x_down: {'t1': 1.66282, 't2': 3.04522, 't3': 95.15226, 'N_anc': 586.06487, 'N_yri': 343.03244, 'N_ooa': 829.0973, 'N_ceu': 343.03244, 'N_chb': 343.03244, 'gr_ceu': 0.00246, 'gr_chb': 0.00491, 'm_yri_ooa': 0.0, 'm_yri_ceu': 1e-05, 'm_yri_chb': 1e-05, 'm_ceu_chb': 0.0} -67646.66571592595
 
 
x_up: {'t1': 1.66282, 't2': 3.04522, 't3': 95.15226, 'N_anc': 586.06487, 'N_yri': 343.03244, 'N_ooa': 829.0973, 'N_ceu': 343.03244, 'N_chb': 343.03244, 'gr_ceu': 0.00246, 'gr_chb': 0.00737, 'm_yri_ooa': 0.0, 'm_yri_ceu': 1e-05, 'm_yri_chb': 1e-05, 'm_ceu_chb': 0.0} -67646.79688365979
x: {'t1': 1.66282, 't2': 3.04522, 't3': 95.15226, 'N_anc': 586.06487, 'N_yri': 343.03244, 'N_ooa': 829.0973, 'N_ceu': 343.03244, 'N_chb': 343.03244, 'gr_ceu': 0.00246, 'gr_chb': 0.00491, 'm_yri_ooa': 0.0, 'm_yri_ceu': 1e-05, 'm_yri_chb': 1e-05, 'm_ceu_chb': 0.0} -67646.66571592595
x_down: {'t1': 1.66282, 't2': 3.04522, 't3': 95.15226, 'N_anc': 586.06487, 'N_yri': 343.03244, 'N_ooa': 829.0973, 'N_ceu': 343.03244, 'N_chb': 343.03244, 'gr_ceu': 0.00246, 'gr_chb': 0.00246, 'm_yri_ooa': 0.0, 'm_yri_ceu': 1e-05, 'm_yri_chb': 1e-05, 'm_ceu_chb': 0.0} -67646.53853038704
 
 
x_up: {'t1': 1.66282, 't2': 3.04522, 't3': 95.15226, 'N_anc': 586.06487, 'N_yri': 343.03244, 'N_ooa': 829.0973, 'N_ceu': 343.03244, 'N_chb': 343.03244, 'gr_ceu': 0.00246, 'gr_chb': 0.00246, 'm_yri_ooa': 0.0, 'm_yri_ceu': 1e-05, 'm_yri_chb': 1e-05, 'm_ceu_chb': 0.0} -67646.53853038704
x: {'t1': 1.66282, 't2': 3.04522, 't3': 95.15226, 'N_anc': 586.06487, 'N_yri': 343.03244, 'N_ooa': 829.0973, 'N_ceu': 343.03244, 'N_chb': 343.03244, 'gr_ceu': 0.00246, 'gr_chb': 0.00246, 'm_yri_ooa': 0.0, 'm_yri_ceu': 1e-05, 'm_yri_chb': 1e-05, 'm_ceu_chb': 0.0} -67646.53853038704
x_down: {'t1': 1.66282, 't2': 3.04522, 't3': 95.15226, 'N_anc': 586.06487, 'N_yri': 343.03244, 'N_ooa': 829.0973, 'N_ceu': 343.03244, 'N_chb': 343.03244, 'gr_ceu': 0.00246, 'gr_chb': 0.00246, 'm_yri_ooa': 1e-05, 'm_yri_ceu': 1e-05, 'm_yri_chb': 1e-05, 'm_ceu_chb': 0.0} -67646.80312032596
 
 
x_up: {'t1': 1.66282, 't2': 3.04522, 't3': 95.15226, 'N_anc': 586.06487, 'N_yri': 343.03244, 'N_ooa': 829.0973, 'N_ceu': 343.03244, 'N_chb': 343.03244, 'gr_ceu': 0.00246, 'gr_chb': 0.00246, 'm_yri_ooa': 0.0, 'm_yri_ceu': 0.0, 'm_yri_chb': 1e-05, 'm_ceu_chb': 0.0} -67646.53853038716
x: {'t1': 1.66282, 't2': 3.04522, 't3': 95.15226, 'N_anc': 586.06487, 'N_yri': 343.03244, 'N_ooa': 829.0973, 'N_ceu': 343.03244, 'N_chb': 343.03244, 'gr_ceu': 0.00246, 'gr_chb': 0.00246, 'm_yri_ooa': 0.0, 'm_yri_ceu': 1e-05, 'm_yri_chb': 1e-05, 'm_ceu_chb': 0.0} -67646.53853038704
x_down: {'t1': 1.66282, 't2': 3.04522, 't3': 95.15226, 'N_anc': 586.06487, 'N_yri': 343.03244, 'N_ooa': 829.0973, 'N_ceu': 343.03244, 'N_chb': 343.03244, 'gr_ceu': 0.00246, 'gr_chb': 0.00246, 'm_yri_ooa': 0.0, 'm_yri_ceu': 1e-05, 'm_yri_chb': 1e-05, 'm_ceu_chb': 0.0} -67646.53853038704
 
 
x_up: {'t1': 1.66282, 't2': 3.04522, 't3': 95.15226, 'N_anc': 586.06487, 'N_yri': 343.03244, 'N_ooa': 829.0973, 'N_ceu': 343.03244, 'N_chb': 343.03244, 'gr_ceu': 0.00246, 'gr_chb': 0.00246, 'm_yri_ooa': 0.0, 'm_yri_ceu': 1e-05, 'm_yri_chb': 0.0, 'm_ceu_chb': 0.0} -67646.53853038722
x: {'t1': 1.66282, 't2': 3.04522, 't3': 95.15226, 'N_anc': 586.06487, 'N_yri': 343.03244, 'N_ooa': 829.0973, 'N_ceu': 343.03244, 'N_chb': 343.03244, 'gr_ceu': 0.00246, 'gr_chb': 0.00246, 'm_yri_ooa': 0.0, 'm_yri_ceu': 1e-05, 'm_yri_chb': 1e-05, 'm_ceu_chb': 0.0} -67646.53853038704
x_down: {'t1': 1.66282, 't2': 3.04522, 't3': 95.15226, 'N_anc': 586.06487, 'N_yri': 343.03244, 'N_ooa': 829.0973, 'N_ceu': 343.03244, 'N_chb': 343.03244, 'gr_ceu': 0.00246, 'gr_chb': 0.00246, 'm_yri_ooa': 0.0, 'm_yri_ceu': 1e-05, 'm_yri_chb': 1e-05, 'm_ceu_chb': 0.0} -67646.53853038704
 
 
x_up: {'t1': 1.66282, 't2': 3.04522, 't3': 95.15226, 'N_anc': 586.06487, 'N_yri': 343.03244, 'N_ooa': 829.0973, 'N_ceu': 343.03244, 'N_chb': 343.03244, 'gr_ceu': 0.00246, 'gr_chb': 0.00246, 'm_yri_ooa': 0.0, 'm_yri_ceu': 1e-05, 'm_yri_chb': 1e-05, 'm_ceu_chb': 0.0} -67646.53853038704
x: {'t1': 1.66282, 't2': 3.04522, 't3': 95.15226, 'N_anc': 586.06487, 'N_yri': 343.03244, 'N_ooa': 829.0973, 'N_ceu': 343.03244, 'N_chb': 343.03244, 'gr_ceu': 0.00246, 'gr_chb': 0.00246, 'm_yri_ooa': 0.0, 'm_yri_ceu': 1e-05, 'm_yri_chb': 1e-05, 'm_ceu_chb': 0.0} -67646.53853038704
x_down: {'t1': 1.66282, 't2': 3.04522, 't3': 95.15226, 'N_anc': 586.06487, 'N_yri': 343.03244, 'N_ooa': 829.0973, 'N_ceu': 343.03244, 'N_chb': 343.03244, 'gr_ceu': 0.00246, 'gr_chb': 0.00246, 'm_yri_ooa': 0.0, 'm_yri_ceu': 1e-05, 'm_yri_chb': 1e-05, 'm_ceu_chb': 1e-05} -67646.53853038757
 
{'t1': 1.66282, 't2': 3.04522, 't3': 95.15226, 'N_anc': 586.06487, 'N_yri': 343.03244, 'N_ooa': 829.0973, 'N_ceu': 343.03244, 'N_chb': 343.03244, 'gr_ceu': 0.00246, 'gr_chb': 0.00246, 'm_yri_ooa': 0.0, 'm_yri_ceu': 1e-05, 'm_yri_chb': 1e-05, 'm_ceu_chb': 0.0} -67646.53853038704
 
x_up: {'t1': 1.99423, 't2': 3.04522, 't3': 95.15226, 'N_anc': 586.06487, 'N_yri': 343.03244, 'N_ooa': 829.0973, 'N_ceu': 343.03244, 'N_chb': 343.03244, 'gr_ceu': 0.00246, 'gr_chb': 0.00246, 'm_yri_ooa': 0.0, 'm_yri_ceu': 1e-05, 'm_yri_chb': 1e-05, 'm_ceu_chb': 0.0} -67627.13195410042
x: {'t1': 1.66282, 't2': 3.04522, 't3': 95.15226, 'N_anc': 586.06487, 'N_yri': 343.03244, 'N_ooa': 829.0973, 'N_ceu': 343.03244, 'N_chb': 343.03244, 'gr_ceu': 0.00246, 'gr_chb': 0.00246, 'm_yri_ooa': 0.0, 'm_yri_ceu': 1e-05, 'm_yri_chb': 1e-05, 'm_ceu_chb': 0.0} -67646.53853038704
x_down: {'t1': 1.33141, 't2': 3.04522, 't3': 95.15226, 'N_anc': 586.06487, 'N_yri': 343.03244, 'N_ooa': 829.0973, 'N_ceu': 343.03244, 'N_chb': 343.03244, 'gr_ceu': 0.00246, 'gr_chb': 0.00246, 'm_yri_ooa': 0.0, 'm_yri_ceu': 1e-05, 'm_yri_chb': 1e-05, 'm_ceu_chb': 0.0} -67697.47076682723
 
 
x_up: {'t1': 1.99423, 't2': 3.57071, 't3': 95.15226, 'N_anc': 586.06487, 'N_yri': 343.03244, 'N_ooa': 829.0973, 'N_ceu': 343.03244, 'N_chb': 343.03244, 'gr_ceu': 0.00246, 'gr_chb': 0.00246, 'm_yri_ooa': 0.0, 'm_yri_ceu': 1e-05, 'm_yri_chb': 1e-05, 'm_ceu_chb': 0.0} -67639.74143750561
x: {'t1': 1.99423, 't2': 3.04522, 't3': 95.15226, 'N_anc': 586.06487, 'N_yri': 343.03244, 'N_ooa': 829.0973, 'N_ceu': 343.03244, 'N_chb': 343.03244, 'gr_ceu': 0.00246, 'gr_chb': 0.00246, 'm_yri_ooa': 0.0, 'm_yri_ceu': 1e-05, 'm_yri_chb': 1e-05, 'm_ceu_chb': 0.0} -67627.13195410042
x_down: {'t1': 1.99423, 't2': 2.51973, 't3': 95.15226, 'N_anc': 586.06487, 'N_yri': 343.03244, 'N_ooa': 829.0973, 'N_ceu': 343.03244, 'N_chb': 343.03244, 'gr_ceu': 0.00246, 'gr_chb': 0.00246, 'm_yri_ooa': 0.0, 'm_yri_ceu': 1e-05, 'm_yri_chb': 1e-05, 'm_ceu_chb': 0.0} -67597.37787014675
 
 
x_up: {'t1': 1.99423, 't2': 2.51973, 't3': 102.0997, 'N_anc': 586.06487, 'N_yri': 343.03244, 'N_ooa': 829.0973, 'N_ceu': 343.03244, 'N_chb': 343.03244, 'gr_ceu': 0.00246, 'gr_chb': 0.00246, 'm_yri_ooa': 0.0, 'm_yri_ceu': 1e-05, 'm_yri_chb': 1e-05, 'm_ceu_chb': 0.0} -67600.31903898258
x: {'t1': 1.99423, 't2': 2.51973, 't3': 95.15226, 'N_anc': 586.06487, 'N_yri': 343.03244, 'N_ooa': 829.0973, 'N_ceu': 343.03244, 'N_chb': 343.03244, 'gr_ceu': 0.00246, 'gr_chb': 0.00246, 'm_yri_ooa': 0.0, 'm_yri_ceu': 1e-05, 'm_yri_chb': 1e-05, 'm_ceu_chb': 0.0} -67597.37787014675
x_down: {'t1': 1.99423, 't2': 2.51973, 't3': 88.20482, 'N_anc': 586.06487, 'N_yri': 343.03244, 'N_ooa': 829.0973, 'N_ceu': 343.03244, 'N_chb': 343.03244, 'gr_ceu': 0.00246, 'gr_chb': 0.00246, 'm_yri_ooa': 0.0, 'm_yri_ceu': 1e-05, 'm_yri_chb': 1e-05, 'm_ceu_chb': 0.0} -67600.31332753939
 
 
x_up: {'t1': 1.99423, 't2': 2.51973, 't3': 95.15226, 'N_anc': 707.58109, 'N_yri': 343.03244, 'N_ooa': 829.0973, 'N_ceu': 343.03244, 'N_chb': 343.03244, 'gr_ceu': 0.00246, 'gr_chb': 0.00246, 'm_yri_ooa': 0.0, 'm_yri_ceu': 1e-05, 'm_yri_chb': 1e-05, 'm_ceu_chb': 0.0} -67605.96445592525
x: {'t1': 1.99423, 't2': 2.51973, 't3': 95.15226, 'N_anc': 586.06487, 'N_yri': 343.03244, 'N_ooa': 829.0973, 'N_ceu': 343.03244, 'N_chb': 343.03244, 'gr_ceu': 0.00246, 'gr_chb': 0.00246, 'm_yri_ooa': 0.0, 'm_yri_ceu': 1e-05, 'm_yri_chb': 1e-05, 'm_ceu_chb': 0.0} -67597.37787014675
x_down: {'t1': 1.99423, 't2': 2.51973, 't3': 95.15226, 'N_anc': 464.54865, 'N_yri': 343.03244, 'N_ooa': 829.0973, 'N_ceu': 343.03244, 'N_chb': 343.03244, 'gr_ceu': 0.00246, 'gr_chb': 0.00246, 'm_yri_ooa': 0.0, 'm_yri_ceu': 1e-05, 'm_yri_chb': 1e-05, 'm_ceu_chb': 0.0} -67594.51531588497
 
 
x_up: {'t1': 1.99423, 't2': 2.51973, 't3': 95.15226, 'N_anc': 464.54865, 'N_yri': 464.54866, 'N_ooa': 829.0973, 'N_ceu': 343.03244, 'N_chb': 343.03244, 'gr_ceu': 0.00246, 'gr_chb': 0.00246, 'm_yri_ooa': 0.0, 'm_yri_ceu': 1e-05, 'm_yri_chb': 1e-05, 'm_ceu_chb': 0.0} -67618.38464276415
x: {'t1': 1.99423, 't2': 2.51973, 't3': 95.15226, 'N_anc': 464.54865, 'N_yri': 343.03244, 'N_ooa': 829.0973, 'N_ceu': 343.03244, 'N_chb': 343.03244, 'gr_ceu': 0.00246, 'gr_chb': 0.00246, 'm_yri_ooa': 0.0, 'm_yri_ceu': 1e-05, 'm_yri_chb': 1e-05, 'm_ceu_chb': 0.0} -67594.51531588497
x_down: {'t1': 1.99423, 't2': 2.51973, 't3': 95.15226, 'N_anc': 464.54865, 'N_yri': 221.51622, 'N_ooa': 829.0973, 'N_ceu': 343.03244, 'N_chb': 343.03244, 'gr_ceu': 0.00246, 'gr_chb': 0.00246, 'm_yri_ooa': 0.0, 'm_yri_ceu': 1e-05, 'm_yri_chb': 1e-05, 'm_ceu_chb': 0.0} -67793.94933536374
 
 
x_up: {'t1': 1.99423, 't2': 2.51973, 't3': 95.15226, 'N_anc': 464.54865, 'N_yri': 343.03244, 'N_ooa': 1102.50879, 'N_ceu': 343.03244, 'N_chb': 343.03244, 'gr_ceu': 0.00246, 'gr_chb': 0.00246, 'm_yri_ooa': 0.0, 'm_yri_ceu': 1e-05, 'm_yri_chb': 1e-05, 'm_ceu_chb': 0.0} -67670.23204982108
x: {'t1': 1.99423, 't2': 2.51973, 't3': 95.15226, 'N_anc': 464.54865, 'N_yri': 343.03244, 'N_ooa': 829.0973, 'N_ceu': 343.03244, 'N_chb': 343.03244, 'gr_ceu': 0.00246, 'gr_chb': 0.00246, 'm_yri_ooa': 0.0, 'm_yri_ceu': 1e-05, 'm_yri_chb': 1e-05, 'm_ceu_chb': 0.0} -67594.51531588497
x_down: {'t1': 1.99423, 't2': 2.51973, 't3': 95.15226, 'N_anc': 464.54865, 'N_yri': 343.03244, 'N_ooa': 555.68581, 'N_ceu': 343.03244, 'N_chb': 343.03244, 'gr_ceu': 0.00246, 'gr_chb': 0.00246, 'm_yri_ooa': 0.0, 'm_yri_ceu': 1e-05, 'm_yri_chb': 1e-05, 'm_ceu_chb': 0.0} -68206.92019172656
 
 
x_up: {'t1': 1.99423, 't2': 2.51973, 't3': 95.15226, 'N_anc': 464.54865, 'N_yri': 343.03244, 'N_ooa': 829.0973, 'N_ceu': 464.54866, 'N_chb': 343.03244, 'gr_ceu': 0.00246, 'gr_chb': 0.00246, 'm_yri_ooa': 0.0, 'm_yri_ceu': 1e-05, 'm_yri_chb': 1e-05, 'm_ceu_chb': 0.0} -67669.44823656479
x: {'t1': 1.99423, 't2': 2.51973, 't3': 95.15226, 'N_anc': 464.54865, 'N_yri': 343.03244, 'N_ooa': 829.0973, 'N_ceu': 343.03244, 'N_chb': 343.03244, 'gr_ceu': 0.00246, 'gr_chb': 0.00246, 'm_yri_ooa': 0.0, 'm_yri_ceu': 1e-05, 'm_yri_chb': 1e-05, 'm_ceu_chb': 0.0} -67594.51531588497
x_down: {'t1': 1.99423, 't2': 2.51973, 't3': 95.15226, 'N_anc': 464.54865, 'N_yri': 343.03244, 'N_ooa': 829.0973, 'N_ceu': 221.51622, 'N_chb': 343.03244, 'gr_ceu': 0.00246, 'gr_chb': 0.00246, 'm_yri_ooa': 0.0, 'm_yri_ceu': 1e-05, 'm_yri_chb': 1e-05, 'm_ceu_chb': 0.0} -67631.58080274425
 
 
x_up: {'t1': 1.99423, 't2': 2.51973, 't3': 95.15226, 'N_anc': 464.54865, 'N_yri': 343.03244, 'N_ooa': 829.0973, 'N_ceu': 343.03244, 'N_chb': 464.54866, 'gr_ceu': 0.00246, 'gr_chb': 0.00246, 'm_yri_ooa': 0.0, 'm_yri_ceu': 1e-05, 'm_yri_chb': 1e-05, 'm_ceu_chb': 0.0} -67658.02391314118
x: {'t1': 1.99423, 't2': 2.51973, 't3': 95.15226, 'N_anc': 464.54865, 'N_yri': 343.03244, 'N_ooa': 829.0973, 'N_ceu': 343.03244, 'N_chb': 343.03244, 'gr_ceu': 0.00246, 'gr_chb': 0.00246, 'm_yri_ooa': 0.0, 'm_yri_ceu': 1e-05, 'm_yri_chb': 1e-05, 'm_ceu_chb': 0.0} -67594.51531588497
x_down: {'t1': 1.99423, 't2': 2.51973, 't3': 95.15226, 'N_anc': 464.54865, 'N_yri': 343.03244, 'N_ooa': 829.0973, 'N_ceu': 343.03244, 'N_chb': 221.51622, 'gr_ceu': 0.00246, 'gr_chb': 0.00246, 'm_yri_ooa': 0.0, 'm_yri_ceu': 1e-05, 'm_yri_chb': 1e-05, 'm_ceu_chb': 0.0} -67630.02409370005
 
 
x_up: {'t1': 1.99423, 't2': 2.51973, 't3': 95.15226, 'N_anc': 464.54865, 'N_yri': 343.03244, 'N_ooa': 829.0973, 'N_ceu': 343.03244, 'N_chb': 343.03244, 'gr_ceu': 0.00369, 'gr_chb': 0.00246, 'm_yri_ooa': 0.0, 'm_yri_ceu': 1e-05, 'm_yri_chb': 1e-05, 'm_ceu_chb': 0.0} -67594.73777488404
x: {'t1': 1.99423, 't2': 2.51973, 't3': 95.15226, 'N_anc': 464.54865, 'N_yri': 343.03244, 'N_ooa': 829.0973, 'N_ceu': 343.03244, 'N_chb': 343.03244, 'gr_ceu': 0.00246, 'gr_chb': 0.00246, 'm_yri_ooa': 0.0, 'm_yri_ceu': 1e-05, 'm_yri_chb': 1e-05, 'm_ceu_chb': 0.0} -67594.51531588497
x_down: {'t1': 1.99423, 't2': 2.51973, 't3': 95.15226, 'N_anc': 464.54865, 'N_yri': 343.03244, 'N_ooa': 829.0973, 'N_ceu': 343.03244, 'N_chb': 343.03244, 'gr_ceu': 0.00123, 'gr_chb': 0.00246, 'm_yri_ooa': 0.0, 'm_yri_ceu': 1e-05, 'm_yri_chb': 1e-05, 'm_ceu_chb': 0.0} -67594.29510921247
 
 
x_up: {'t1': 1.99423, 't2': 2.51973, 't3': 95.15226, 'N_anc': 464.54865, 'N_yri': 343.03244, 'N_ooa': 829.0973, 'N_ceu': 343.03244, 'N_chb': 343.03244, 'gr_ceu': 0.00123, 'gr_chb': 0.00369, 'm_yri_ooa': 0.0, 'm_yri_ceu': 1e-05, 'm_yri_chb': 1e-05, 'm_ceu_chb': 0.0} -67594.47781691831
x: {'t1': 1.99423, 't2': 2.51973, 't3': 95.15226, 'N_anc': 464.54865, 'N_yri': 343.03244, 'N_ooa': 829.0973, 'N_ceu': 343.03244, 'N_chb': 343.03244, 'gr_ceu': 0.00123, 'gr_chb': 0.00246, 'm_yri_ooa': 0.0, 'm_yri_ceu': 1e-05, 'm_yri_chb': 1e-05, 'm_ceu_chb': 0.0} -67594.29510921247
x_down: {'t1': 1.99423, 't2': 2.51973, 't3': 95.15226, 'N_anc': 464.54865, 'N_yri': 343.03244, 'N_ooa': 829.0973, 'N_ceu': 343.03244, 'N_chb': 343.03244, 'gr_ceu': 0.00123, 'gr_chb': 0.00123, 'm_yri_ooa': 0.0, 'm_yri_ceu': 1e-05, 'm_yri_chb': 1e-05, 'm_ceu_chb': 0.0} -67594.11404894399
 
 
x_up: {'t1': 1.99423, 't2': 2.51973, 't3': 95.15226, 'N_anc': 464.54865, 'N_yri': 343.03244, 'N_ooa': 829.0973, 'N_ceu': 343.03244, 'N_chb': 343.03244, 'gr_ceu': 0.00123, 'gr_chb': 0.00123, 'm_yri_ooa': 0.0, 'm_yri_ceu': 1e-05, 'm_yri_chb': 1e-05, 'm_ceu_chb': 0.0} -67594.11404894399
x: {'t1': 1.99423, 't2': 2.51973, 't3': 95.15226, 'N_anc': 464.54865, 'N_yri': 343.03244, 'N_ooa': 829.0973, 'N_ceu': 343.03244, 'N_chb': 343.03244, 'gr_ceu': 0.00123, 'gr_chb': 0.00123, 'm_yri_ooa': 0.0, 'm_yri_ceu': 1e-05, 'm_yri_chb': 1e-05, 'm_ceu_chb': 0.0} -67594.11404894399
x_down: {'t1': 1.99423, 't2': 2.51973, 't3': 95.15226, 'N_anc': 464.54865, 'N_yri': 343.03244, 'N_ooa': 829.0973, 'N_ceu': 343.03244, 'N_chb': 343.03244, 'gr_ceu': 0.00123, 'gr_chb': 0.00123, 'm_yri_ooa': 1e-05, 'm_yri_ceu': 1e-05, 'm_yri_chb': 1e-05, 'm_ceu_chb': 0.0} -67594.1159466067
 
 
x_up: {'t1': 1.99423, 't2': 2.51973, 't3': 95.15226, 'N_anc': 464.54865, 'N_yri': 343.03244, 'N_ooa': 829.0973, 'N_ceu': 343.03244, 'N_chb': 343.03244, 'gr_ceu': 0.00123, 'gr_chb': 0.00123, 'm_yri_ooa': 0.0, 'm_yri_ceu': 0.0, 'm_yri_chb': 1e-05, 'm_ceu_chb': 0.0} -67594.11404894353
x: {'t1': 1.99423, 't2': 2.51973, 't3': 95.15226, 'N_anc': 464.54865, 'N_yri': 343.03244, 'N_ooa': 829.0973, 'N_ceu': 343.03244, 'N_chb': 343.03244, 'gr_ceu': 0.00123, 'gr_chb': 0.00123, 'm_yri_ooa': 0.0, 'm_yri_ceu': 1e-05, 'm_yri_chb': 1e-05, 'm_ceu_chb': 0.0} -67594.11404894399
x_down: {'t1': 1.99423, 't2': 2.51973, 't3': 95.15226, 'N_anc': 464.54865, 'N_yri': 343.03244, 'N_ooa': 829.0973, 'N_ceu': 343.03244, 'N_chb': 343.03244, 'gr_ceu': 0.00123, 'gr_chb': 0.00123, 'm_yri_ooa': 0.0, 'm_yri_ceu': 1e-05, 'm_yri_chb': 1e-05, 'm_ceu_chb': 0.0} -67594.11404894399
 
 
x_up: {'t1': 1.99423, 't2': 2.51973, 't3': 95.15226, 'N_anc': 464.54865, 'N_yri': 343.03244, 'N_ooa': 829.0973, 'N_ceu': 343.03244, 'N_chb': 343.03244, 'gr_ceu': 0.00123, 'gr_chb': 0.00123, 'm_yri_ooa': 0.0, 'm_yri_ceu': 0.0, 'm_yri_chb': 0.0, 'm_ceu_chb': 0.0} -67594.11404897248
x: {'t1': 1.99423, 't2': 2.51973, 't3': 95.15226, 'N_anc': 464.54865, 'N_yri': 343.03244, 'N_ooa': 829.0973, 'N_ceu': 343.03244, 'N_chb': 343.03244, 'gr_ceu': 0.00123, 'gr_chb': 0.00123, 'm_yri_ooa': 0.0, 'm_yri_ceu': 0.0, 'm_yri_chb': 1e-05, 'm_ceu_chb': 0.0} -67594.11404894353
x_down: {'t1': 1.99423, 't2': 2.51973, 't3': 95.15226, 'N_anc': 464.54865, 'N_yri': 343.03244, 'N_ooa': 829.0973, 'N_ceu': 343.03244, 'N_chb': 343.03244, 'gr_ceu': 0.00123, 'gr_chb': 0.00123, 'm_yri_ooa': 0.0, 'm_yri_ceu': 0.0, 'm_yri_chb': 1e-05, 'm_ceu_chb': 0.0} -67594.11404894353
 
 
x_up: {'t1': 1.99423, 't2': 2.51973, 't3': 95.15226, 'N_anc': 464.54865, 'N_yri': 343.03244, 'N_ooa': 829.0973, 'N_ceu': 343.03244, 'N_chb': 343.03244, 'gr_ceu': 0.00123, 'gr_chb': 0.00123, 'm_yri_ooa': 0.0, 'm_yri_ceu': 0.0, 'm_yri_chb': 1e-05, 'm_ceu_chb': 0.0} -67594.11404894353
x: {'t1': 1.99423, 't2': 2.51973, 't3': 95.15226, 'N_anc': 464.54865, 'N_yri': 343.03244, 'N_ooa': 829.0973, 'N_ceu': 343.03244, 'N_chb': 343.03244, 'gr_ceu': 0.00123, 'gr_chb': 0.00123, 'm_yri_ooa': 0.0, 'm_yri_ceu': 0.0, 'm_yri_chb': 1e-05, 'm_ceu_chb': 0.0} -67594.11404894353
x_down: {'t1': 1.99423, 't2': 2.51973, 't3': 95.15226, 'N_anc': 464.54865, 'N_yri': 343.03244, 'N_ooa': 829.0973, 'N_ceu': 343.03244, 'N_chb': 343.03244, 'gr_ceu': 0.00123, 'gr_chb': 0.00123, 'm_yri_ooa': 0.0, 'm_yri_ceu': 0.0, 'm_yri_chb': 1e-05, 'm_ceu_chb': 1e-05} -67594.11404894333
 
{'t1': 1.99423, 't2': 2.51973, 't3': 95.15226, 'N_anc': 464.54865, 'N_yri': 343.03244, 'N_ooa': 829.0973, 'N_ceu': 343.03244, 'N_chb': 343.03244, 'gr_ceu': 0.00123, 'gr_chb': 0.00123, 'm_yri_ooa': 0.0, 'm_yri_ceu': 0.0, 'm_yri_chb': 1e-05, 'm_ceu_chb': 1e-05} -67594.11404894333
 
x_up: {'t1': 2.25698, 't2': 2.51973, 't3': 95.15226, 'N_anc': 464.54865, 'N_yri': 343.03244, 'N_ooa': 829.0973, 'N_ceu': 343.03244, 'N_chb': 343.03244, 'gr_ceu': 0.00123, 'gr_chb': 0.00123, 'm_yri_ooa': 0.0, 'm_yri_ceu': 0.0, 'm_yri_chb': 1e-05, 'm_ceu_chb': 1e-05} -67591.93609014968
x: {'t1': 1.99423, 't2': 2.51973, 't3': 95.15226, 'N_anc': 464.54865, 'N_yri': 343.03244, 'N_ooa': 829.0973, 'N_ceu': 343.03244, 'N_chb': 343.03244, 'gr_ceu': 0.00123, 'gr_chb': 0.00123, 'm_yri_ooa': 0.0, 'm_yri_ceu': 0.0, 'm_yri_chb': 1e-05, 'm_ceu_chb': 1e-05} -67594.11404894333
x_down: {'t1': 1.73148, 't2': 2.51973, 't3': 95.15226, 'N_anc': 464.54865, 'N_yri': 343.03244, 'N_ooa': 829.0973, 'N_ceu': 343.03244, 'N_chb': 343.03244, 'gr_ceu': 0.00123, 'gr_chb': 0.00123, 'm_yri_ooa': 0.0, 'm_yri_ceu': 0.0, 'm_yri_chb': 1e-05, 'm_ceu_chb': 1e-05} -67571.4131672949
 
 
x_up: {'t1': 1.73148, 't2': 2.91385, 't3': 95.15226, 'N_anc': 464.54865, 'N_yri': 343.03244, 'N_ooa': 829.0973, 'N_ceu': 343.03244, 'N_chb': 343.03244, 'gr_ceu': 0.00123, 'gr_chb': 0.00123, 'm_yri_ooa': 0.0, 'm_yri_ceu': 0.0, 'm_yri_chb': 1e-05, 'm_ceu_chb': 1e-05} -67640.55055872534
x: {'t1': 1.73148, 't2': 2.51973, 't3': 95.15226, 'N_anc': 464.54865, 'N_yri': 343.03244, 'N_ooa': 829.0973, 'N_ceu': 343.03244, 'N_chb': 343.03244, 'gr_ceu': 0.00123, 'gr_chb': 0.00123, 'm_yri_ooa': 0.0, 'm_yri_ceu': 0.0, 'm_yri_chb': 1e-05, 'm_ceu_chb': 1e-05} -67571.4131672949
x_down: {'t1': 1.73148, 't2': 2.12561, 't3': 95.15226, 'N_anc': 464.54865, 'N_yri': 343.03244, 'N_ooa': 829.0973, 'N_ceu': 343.03244, 'N_chb': 343.03244, 'gr_ceu': 0.00123, 'gr_chb': 0.00123, 'm_yri_ooa': 0.0, 'm_yri_ceu': 0.0, 'm_yri_chb': 1e-05, 'm_ceu_chb': 1e-05} -67602.6934487274
 
 
x_up: {'t1': 1.73148, 't2': 2.51973, 't3': 99.78389, 'N_anc': 464.54865, 'N_yri': 343.03244, 'N_ooa': 829.0973, 'N_ceu': 343.03244, 'N_chb': 343.03244, 'gr_ceu': 0.00123, 'gr_chb': 0.00123, 'm_yri_ooa': 0.0, 'm_yri_ceu': 0.0, 'm_yri_chb': 1e-05, 'm_ceu_chb': 1e-05} -67573.11468791439
x: {'t1': 1.73148, 't2': 2.51973, 't3': 95.15226, 'N_anc': 464.54865, 'N_yri': 343.03244, 'N_ooa': 829.0973, 'N_ceu': 343.03244, 'N_chb': 343.03244, 'gr_ceu': 0.00123, 'gr_chb': 0.00123, 'm_yri_ooa': 0.0, 'm_yri_ceu': 0.0, 'm_yri_chb': 1e-05, 'm_ceu_chb': 1e-05} -67571.4131672949
x_down: {'t1': 1.73148, 't2': 2.51973, 't3': 90.52063, 'N_anc': 464.54865, 'N_yri': 343.03244, 'N_ooa': 829.0973, 'N_ceu': 343.03244, 'N_chb': 343.03244, 'gr_ceu': 0.00123, 'gr_chb': 0.00123, 'm_yri_ooa': 0.0, 'm_yri_ceu': 0.0, 'm_yri_chb': 1e-05, 'm_ceu_chb': 1e-05} -67577.52072594306
 
 
x_up: {'t1': 1.73148, 't2': 2.51973, 't3': 95.15226, 'N_anc': 601.25439, 'N_yri': 343.03244, 'N_ooa': 829.0973, 'N_ceu': 343.03244, 'N_chb': 343.03244, 'gr_ceu': 0.00123, 'gr_chb': 0.00123, 'm_yri_ooa': 0.0, 'm_yri_ceu': 0.0, 'm_yri_chb': 1e-05, 'm_ceu_chb': 1e-05} -67575.14051170867
x: {'t1': 1.73148, 't2': 2.51973, 't3': 95.15226, 'N_anc': 464.54865, 'N_yri': 343.03244, 'N_ooa': 829.0973, 'N_ceu': 343.03244, 'N_chb': 343.03244, 'gr_ceu': 0.00123, 'gr_chb': 0.00123, 'm_yri_ooa': 0.0, 'm_yri_ceu': 0.0, 'm_yri_chb': 1e-05, 'm_ceu_chb': 1e-05} -67571.4131672949
x_down: {'t1': 1.73148, 't2': 2.51973, 't3': 95.15226, 'N_anc': 327.84291, 'N_yri': 343.03244, 'N_ooa': 829.0973, 'N_ceu': 343.03244, 'N_chb': 343.03244, 'gr_ceu': 0.00123, 'gr_chb': 0.00123, 'm_yri_ooa': 0.0, 'm_yri_ceu': 0.0, 'm_yri_chb': 1e-05, 'm_ceu_chb': 1e-05} -67587.86713875187
 
 
x_up: {'t1': 1.73148, 't2': 2.51973, 't3': 95.15226, 'N_anc': 464.54865, 'N_yri': 403.79055, 'N_ooa': 829.0973, 'N_ceu': 343.03244, 'N_chb': 343.03244, 'gr_ceu': 0.00123, 'gr_chb': 0.00123, 'm_yri_ooa': 0.0, 'm_yri_ceu': 0.0, 'm_yri_chb': 1e-05, 'm_ceu_chb': 1e-05} -67583.72166871904
x: {'t1': 1.73148, 't2': 2.51973, 't3': 95.15226, 'N_anc': 464.54865, 'N_yri': 343.03244, 'N_ooa': 829.0973, 'N_ceu': 343.03244, 'N_chb': 343.03244, 'gr_ceu': 0.00123, 'gr_chb': 0.00123, 'm_yri_ooa': 0.0, 'm_yri_ceu': 0.0, 'm_yri_chb': 1e-05, 'm_ceu_chb': 1e-05} -67571.4131672949
x_down: {'t1': 1.73148, 't2': 2.51973, 't3': 95.15226, 'N_anc': 464.54865, 'N_yri': 282.27433, 'N_ooa': 829.0973, 'N_ceu': 343.03244, 'N_chb': 343.03244, 'gr_ceu': 0.00123, 'gr_chb': 0.00123, 'm_yri_ooa': 0.0, 'm_yri_ceu': 0.0, 'm_yri_chb': 1e-05, 'm_ceu_chb': 1e-05} -67591.9683710186
 
 
x_up: {'t1': 1.73148, 't2': 2.51973, 't3': 95.15226, 'N_anc': 464.54865, 'N_yri': 343.03244, 'N_ooa': 965.80304, 'N_ceu': 343.03244, 'N_chb': 343.03244, 'gr_ceu': 0.00123, 'gr_chb': 0.00123, 'm_yri_ooa': 0.0, 'm_yri_ceu': 0.0, 'm_yri_chb': 1e-05, 'm_ceu_chb': 1e-05} -67577.04199337818
x: {'t1': 1.73148, 't2': 2.51973, 't3': 95.15226, 'N_anc': 464.54865, 'N_yri': 343.03244, 'N_ooa': 829.0973, 'N_ceu': 343.03244, 'N_chb': 343.03244, 'gr_ceu': 0.00123, 'gr_chb': 0.00123, 'm_yri_ooa': 0.0, 'm_yri_ceu': 0.0, 'm_yri_chb': 1e-05, 'm_ceu_chb': 1e-05} -67571.4131672949
x_down: {'t1': 1.73148, 't2': 2.51973, 't3': 95.15226, 'N_anc': 464.54865, 'N_yri': 343.03244, 'N_ooa': 692.39156, 'N_ceu': 343.03244, 'N_chb': 343.03244, 'gr_ceu': 0.00123, 'gr_chb': 0.00123, 'm_yri_ooa': 0.0, 'm_yri_ceu': 0.0, 'm_yri_chb': 1e-05, 'm_ceu_chb': 1e-05} -67730.78951241694
 
 
x_up: {'t1': 1.73148, 't2': 2.51973, 't3': 95.15226, 'N_anc': 464.54865, 'N_yri': 343.03244, 'N_ooa': 829.0973, 'N_ceu': 403.79055, 'N_chb': 343.03244, 'gr_ceu': 0.00123, 'gr_chb': 0.00123, 'm_yri_ooa': 0.0, 'm_yri_ceu': 0.0, 'm_yri_chb': 1e-05, 'm_ceu_chb': 1e-05} -67597.33525778365
x: {'t1': 1.73148, 't2': 2.51973, 't3': 95.15226, 'N_anc': 464.54865, 'N_yri': 343.03244, 'N_ooa': 829.0973, 'N_ceu': 343.03244, 'N_chb': 343.03244, 'gr_ceu': 0.00123, 'gr_chb': 0.00123, 'm_yri_ooa': 0.0, 'm_yri_ceu': 0.0, 'm_yri_chb': 1e-05, 'm_ceu_chb': 1e-05} -67571.4131672949
x_down: {'t1': 1.73148, 't2': 2.51973, 't3': 95.15226, 'N_anc': 464.54865, 'N_yri': 343.03244, 'N_ooa': 829.0973, 'N_ceu': 282.27433, 'N_chb': 343.03244, 'gr_ceu': 0.00123, 'gr_chb': 0.00123, 'm_yri_ooa': 0.0, 'm_yri_ceu': 0.0, 'm_yri_chb': 1e-05, 'm_ceu_chb': 1e-05} -67569.20968665079
 
 
x_up: {'t1': 1.73148, 't2': 2.51973, 't3': 95.15226, 'N_anc': 464.54865, 'N_yri': 343.03244, 'N_ooa': 829.0973, 'N_ceu': 282.27433, 'N_chb': 403.79055, 'gr_ceu': 0.00123, 'gr_chb': 0.00123, 'm_yri_ooa': 0.0, 'm_yri_ceu': 0.0, 'm_yri_chb': 1e-05, 'm_ceu_chb': 1e-05} -67576.45410399848
x: {'t1': 1.73148, 't2': 2.51973, 't3': 95.15226, 'N_anc': 464.54865, 'N_yri': 343.03244, 'N_ooa': 829.0973, 'N_ceu': 282.27433, 'N_chb': 343.03244, 'gr_ceu': 0.00123, 'gr_chb': 0.00123, 'm_yri_ooa': 0.0, 'm_yri_ceu': 0.0, 'm_yri_chb': 1e-05, 'm_ceu_chb': 1e-05} -67569.20968665079
x_down: {'t1': 1.73148, 't2': 2.51973, 't3': 95.15226, 'N_anc': 464.54865, 'N_yri': 343.03244, 'N_ooa': 829.0973, 'N_ceu': 282.27433, 'N_chb': 282.27433, 'gr_ceu': 0.00123, 'gr_chb': 0.00123, 'm_yri_ooa': 0.0, 'm_yri_ceu': 0.0, 'm_yri_chb': 1e-05, 'm_ceu_chb': 1e-05} -67593.50487276613
 
 
x_up: {'t1': 1.73148, 't2': 2.51973, 't3': 95.15226, 'N_anc': 464.54865, 'N_yri': 343.03244, 'N_ooa': 829.0973, 'N_ceu': 282.27433, 'N_chb': 343.03244, 'gr_ceu': 0.00184, 'gr_chb': 0.00123, 'm_yri_ooa': 0.0, 'm_yri_ceu': 0.0, 'm_yri_chb': 1e-05, 'm_ceu_chb': 1e-05} -67569.1953939166
x: {'t1': 1.73148, 't2': 2.51973, 't3': 95.15226, 'N_anc': 464.54865, 'N_yri': 343.03244, 'N_ooa': 829.0973, 'N_ceu': 282.27433, 'N_chb': 343.03244, 'gr_ceu': 0.00123, 'gr_chb': 0.00123, 'm_yri_ooa': 0.0, 'm_yri_ceu': 0.0, 'm_yri_chb': 1e-05, 'm_ceu_chb': 1e-05} -67569.20968665079
x_down: {'t1': 1.73148, 't2': 2.51973, 't3': 95.15226, 'N_anc': 464.54865, 'N_yri': 343.03244, 'N_ooa': 829.0973, 'N_ceu': 282.27433, 'N_chb': 343.03244, 'gr_ceu': 0.00061, 'gr_chb': 0.00123, 'm_yri_ooa': 0.0, 'm_yri_ceu': 0.0, 'm_yri_chb': 1e-05, 'm_ceu_chb': 1e-05} -67569.22469669857
 
 
x_up: {'t1': 1.73148, 't2': 2.51973, 't3': 95.15226, 'N_anc': 464.54865, 'N_yri': 343.03244, 'N_ooa': 829.0973, 'N_ceu': 282.27433, 'N_chb': 343.03244, 'gr_ceu': 0.00184, 'gr_chb': 0.00184, 'm_yri_ooa': 0.0, 'm_yri_ceu': 0.0, 'm_yri_chb': 1e-05, 'm_ceu_chb': 1e-05} -67569.18750612791
x: {'t1': 1.73148, 't2': 2.51973, 't3': 95.15226, 'N_anc': 464.54865, 'N_yri': 343.03244, 'N_ooa': 829.0973, 'N_ceu': 282.27433, 'N_chb': 343.03244, 'gr_ceu': 0.00184, 'gr_chb': 0.00123, 'm_yri_ooa': 0.0, 'm_yri_ceu': 0.0, 'm_yri_chb': 1e-05, 'm_ceu_chb': 1e-05} -67569.1953939166
x_down: {'t1': 1.73148, 't2': 2.51973, 't3': 95.15226, 'N_anc': 464.54865, 'N_yri': 343.03244, 'N_ooa': 829.0973, 'N_ceu': 282.27433, 'N_chb': 343.03244, 'gr_ceu': 0.00184, 'gr_chb': 0.00061, 'm_yri_ooa': 0.0, 'm_yri_ceu': 0.0, 'm_yri_chb': 1e-05, 'm_ceu_chb': 1e-05} -67569.20381449872
 
 
x_up: {'t1': 1.73148, 't2': 2.51973, 't3': 95.15226, 'N_anc': 464.54865, 'N_yri': 343.03244, 'N_ooa': 829.0973, 'N_ceu': 282.27433, 'N_chb': 343.03244, 'gr_ceu': 0.00184, 'gr_chb': 0.00184, 'm_yri_ooa': 0.0, 'm_yri_ceu': 0.0, 'm_yri_chb': 1e-05, 'm_ceu_chb': 1e-05} -67569.18750612791
x: {'t1': 1.73148, 't2': 2.51973, 't3': 95.15226, 'N_anc': 464.54865, 'N_yri': 343.03244, 'N_ooa': 829.0973, 'N_ceu': 282.27433, 'N_chb': 343.03244, 'gr_ceu': 0.00184, 'gr_chb': 0.00184, 'm_yri_ooa': 0.0, 'm_yri_ceu': 0.0, 'm_yri_chb': 1e-05, 'm_ceu_chb': 1e-05} -67569.18750612791
x_down: {'t1': 1.73148, 't2': 2.51973, 't3': 95.15226, 'N_anc': 464.54865, 'N_yri': 343.03244, 'N_ooa': 829.0973, 'N_ceu': 282.27433, 'N_chb': 343.03244, 'gr_ceu': 0.00184, 'gr_chb': 0.00184, 'm_yri_ooa': 1e-05, 'm_yri_ceu': 0.0, 'm_yri_chb': 1e-05, 'm_ceu_chb': 1e-05} -67569.40969354229
 
 
x_up: {'t1': 1.73148, 't2': 2.51973, 't3': 95.15226, 'N_anc': 464.54865, 'N_yri': 343.03244, 'N_ooa': 829.0973, 'N_ceu': 282.27433, 'N_chb': 343.03244, 'gr_ceu': 0.00184, 'gr_chb': 0.00184, 'm_yri_ooa': 0.0, 'm_yri_ceu': 0.0, 'm_yri_chb': 1e-05, 'm_ceu_chb': 1e-05} -67569.18750612791
x: {'t1': 1.73148, 't2': 2.51973, 't3': 95.15226, 'N_anc': 464.54865, 'N_yri': 343.03244, 'N_ooa': 829.0973, 'N_ceu': 282.27433, 'N_chb': 343.03244, 'gr_ceu': 0.00184, 'gr_chb': 0.00184, 'm_yri_ooa': 0.0, 'm_yri_ceu': 0.0, 'm_yri_chb': 1e-05, 'm_ceu_chb': 1e-05} -67569.18750612791
x_down: {'t1': 1.73148, 't2': 2.51973, 't3': 95.15226, 'N_anc': 464.54865, 'N_yri': 343.03244, 'N_ooa': 829.0973, 'N_ceu': 282.27433, 'N_chb': 343.03244, 'gr_ceu': 0.00184, 'gr_chb': 0.00184, 'm_yri_ooa': 0.0, 'm_yri_ceu': 1e-05, 'm_yri_chb': 1e-05, 'm_ceu_chb': 1e-05} -67569.18750612476
 
 
x_up: {'t1': 1.73148, 't2': 2.51973, 't3': 95.15226, 'N_anc': 464.54865, 'N_yri': 343.03244, 'N_ooa': 829.0973, 'N_ceu': 282.27433, 'N_chb': 343.03244, 'gr_ceu': 0.00184, 'gr_chb': 0.00184, 'm_yri_ooa': 0.0, 'm_yri_ceu': 1e-05, 'm_yri_chb': 0.0, 'm_ceu_chb': 1e-05} -67569.18750612804
x: {'t1': 1.73148, 't2': 2.51973, 't3': 95.15226, 'N_anc': 464.54865, 'N_yri': 343.03244, 'N_ooa': 829.0973, 'N_ceu': 282.27433, 'N_chb': 343.03244, 'gr_ceu': 0.00184, 'gr_chb': 0.00184, 'm_yri_ooa': 0.0, 'm_yri_ceu': 1e-05, 'm_yri_chb': 1e-05, 'm_ceu_chb': 1e-05} -67569.18750612476
x_down: {'t1': 1.73148, 't2': 2.51973, 't3': 95.15226, 'N_anc': 464.54865, 'N_yri': 343.03244, 'N_ooa': 829.0973, 'N_ceu': 282.27433, 'N_chb': 343.03244, 'gr_ceu': 0.00184, 'gr_chb': 0.00184, 'm_yri_ooa': 0.0, 'm_yri_ceu': 1e-05, 'm_yri_chb': 1e-05, 'm_ceu_chb': 1e-05} -67569.18750612476
 
 
x_up: {'t1': 1.73148, 't2': 2.51973, 't3': 95.15226, 'N_anc': 464.54865, 'N_yri': 343.03244, 'N_ooa': 829.0973, 'N_ceu': 282.27433, 'N_chb': 343.03244, 'gr_ceu': 0.00184, 'gr_chb': 0.00184, 'm_yri_ooa': 0.0, 'm_yri_ceu': 1e-05, 'm_yri_chb': 1e-05, 'm_ceu_chb': 0.0} -67569.18750612493
x: {'t1': 1.73148, 't2': 2.51973, 't3': 95.15226, 'N_anc': 464.54865, 'N_yri': 343.03244, 'N_ooa': 829.0973, 'N_ceu': 282.27433, 'N_chb': 343.03244, 'gr_ceu': 0.00184, 'gr_chb': 0.00184, 'm_yri_ooa': 0.0, 'm_yri_ceu': 1e-05, 'm_yri_chb': 1e-05, 'm_ceu_chb': 1e-05} -67569.18750612476
x_down: {'t1': 1.73148, 't2': 2.51973, 't3': 95.15226, 'N_anc': 464.54865, 'N_yri': 343.03244, 'N_ooa': 829.0973, 'N_ceu': 282.27433, 'N_chb': 343.03244, 'gr_ceu': 0.00184, 'gr_chb': 0.00184, 'm_yri_ooa': 0.0, 'm_yri_ceu': 1e-05, 'm_yri_chb': 1e-05, 'm_ceu_chb': 1e-05} -67569.18750612476
 
{'t1': 1.73148, 't2': 2.51973, 't3': 95.15226, 'N_anc': 464.54865, 'N_yri': 343.03244, 'N_ooa': 829.0973, 'N_ceu': 282.27433, 'N_chb': 343.03244, 'gr_ceu': 0.00184, 'gr_chb': 0.00184, 'm_yri_ooa': 0.0, 'm_yri_ceu': 1e-05, 'm_yri_chb': 1e-05, 'm_ceu_chb': 1e-05} -67569.18750612476
 
x_up: {'t1': 2.09722, 't2': 2.51973, 't3': 95.15226, 'N_anc': 464.54865, 'N_yri': 343.03244, 'N_ooa': 829.0973, 'N_ceu': 282.27433, 'N_chb': 343.03244, 'gr_ceu': 0.00184, 'gr_chb': 0.00184, 'm_yri_ooa': 0.0, 'm_yri_ceu': 1e-05, 'm_yri_chb': 1e-05, 'm_ceu_chb': 1e-05} -67579.3841160522
x: {'t1': 1.73148, 't2': 2.51973, 't3': 95.15226, 'N_anc': 464.54865, 'N_yri': 343.03244, 'N_ooa': 829.0973, 'N_ceu': 282.27433, 'N_chb': 343.03244, 'gr_ceu': 0.00184, 'gr_chb': 0.00184, 'm_yri_ooa': 0.0, 'm_yri_ceu': 1e-05, 'm_yri_chb': 1e-05, 'm_ceu_chb': 1e-05} -67569.18750612476
x_down: {'t1': 1.36574, 't2': 2.51973, 't3': 95.15226, 'N_anc': 464.54865, 'N_yri': 343.03244, 'N_ooa': 829.0973, 'N_ceu': 282.27433, 'N_chb': 343.03244, 'gr_ceu': 0.00184, 'gr_chb': 0.00184, 'm_yri_ooa': 0.0, 'm_yri_ceu': 1e-05, 'm_yri_chb': 1e-05, 'm_ceu_chb': 1e-05} -67609.20502967603
 
 
x_up: {'t1': 1.73148, 't2': 2.71679, 't3': 95.15226, 'N_anc': 464.54865, 'N_yri': 343.03244, 'N_ooa': 829.0973, 'N_ceu': 282.27433, 'N_chb': 343.03244, 'gr_ceu': 0.00184, 'gr_chb': 0.00184, 'm_yri_ooa': 0.0, 'm_yri_ceu': 1e-05, 'm_yri_chb': 1e-05, 'm_ceu_chb': 1e-05} -67593.21675971124
x: {'t1': 1.73148, 't2': 2.51973, 't3': 95.15226, 'N_anc': 464.54865, 'N_yri': 343.03244, 'N_ooa': 829.0973, 'N_ceu': 282.27433, 'N_chb': 343.03244, 'gr_ceu': 0.00184, 'gr_chb': 0.00184, 'm_yri_ooa': 0.0, 'm_yri_ceu': 1e-05, 'm_yri_chb': 1e-05, 'm_ceu_chb': 1e-05} -67569.18750612476
x_down: {'t1': 1.73148, 't2': 2.32267, 't3': 95.15226, 'N_anc': 464.54865, 'N_yri': 343.03244, 'N_ooa': 829.0973, 'N_ceu': 282.27433, 'N_chb': 343.03244, 'gr_ceu': 0.00184, 'gr_chb': 0.00184, 'm_yri_ooa': 0.0, 'm_yri_ceu': 1e-05, 'm_yri_chb': 1e-05, 'm_ceu_chb': 1e-05} -67567.15783912493
 
 
x_up: {'t1': 1.73148, 't2': 2.32267, 't3': 99.79374, 'N_anc': 464.54865, 'N_yri': 343.03244, 'N_ooa': 829.0973, 'N_ceu': 282.27433, 'N_chb': 343.03244, 'gr_ceu': 0.00184, 'gr_chb': 0.00184, 'm_yri_ooa': 0.0, 'm_yri_ceu': 1e-05, 'm_yri_chb': 1e-05, 'm_ceu_chb': 1e-05} -67568.84472265675
x: {'t1': 1.73148, 't2': 2.32267, 't3': 95.15226, 'N_anc': 464.54865, 'N_yri': 343.03244, 'N_ooa': 829.0973, 'N_ceu': 282.27433, 'N_chb': 343.03244, 'gr_ceu': 0.00184, 'gr_chb': 0.00184, 'm_yri_ooa': 0.0, 'm_yri_ceu': 1e-05, 'm_yri_chb': 1e-05, 'm_ceu_chb': 1e-05} -67567.15783912493
x_down: {'t1': 1.73148, 't2': 2.32267, 't3': 90.51078, 'N_anc': 464.54865, 'N_yri': 343.03244, 'N_ooa': 829.0973, 'N_ceu': 282.27433, 'N_chb': 343.03244, 'gr_ceu': 0.00184, 'gr_chb': 0.00184, 'm_yri_ooa': 0.0, 'm_yri_ceu': 1e-05, 'm_yri_chb': 1e-05, 'm_ceu_chb': 1e-05} -67572.70444295467
 
 
x_up: {'t1': 1.73148, 't2': 2.32267, 't3': 95.15226, 'N_anc': 532.90152, 'N_yri': 343.03244, 'N_ooa': 829.0973, 'N_ceu': 282.27433, 'N_chb': 343.03244, 'gr_ceu': 0.00184, 'gr_chb': 0.00184, 'm_yri_ooa': 0.0, 'm_yri_ceu': 1e-05, 'm_yri_chb': 1e-05, 'm_ceu_chb': 1e-05} -67567.71804505566
x: {'t1': 1.73148, 't2': 2.32267, 't3': 95.15226, 'N_anc': 464.54865, 'N_yri': 343.03244, 'N_ooa': 829.0973, 'N_ceu': 282.27433, 'N_chb': 343.03244, 'gr_ceu': 0.00184, 'gr_chb': 0.00184, 'm_yri_ooa': 0.0, 'm_yri_ceu': 1e-05, 'm_yri_chb': 1e-05, 'm_ceu_chb': 1e-05} -67567.15783912493
x_down: {'t1': 1.73148, 't2': 2.32267, 't3': 95.15226, 'N_anc': 396.19578, 'N_yri': 343.03244, 'N_ooa': 829.0973, 'N_ceu': 282.27433, 'N_chb': 343.03244, 'gr_ceu': 0.00184, 'gr_chb': 0.00184, 'm_yri_ooa': 0.0, 'm_yri_ceu': 1e-05, 'm_yri_chb': 1e-05, 'm_ceu_chb': 1e-05} -67571.16855833409
 
 
x_up: {'t1': 1.73148, 't2': 2.32267, 't3': 95.15226, 'N_anc': 464.54865, 'N_yri': 373.4115, 'N_ooa': 829.0973, 'N_ceu': 282.27433, 'N_chb': 343.03244, 'gr_ceu': 0.00184, 'gr_chb': 0.00184, 'm_yri_ooa': 0.0, 'm_yri_ceu': 1e-05, 'm_yri_chb': 1e-05, 'm_ceu_chb': 1e-05} -67558.35705359188
x: {'t1': 1.73148, 't2': 2.32267, 't3': 95.15226, 'N_anc': 464.54865, 'N_yri': 343.03244, 'N_ooa': 829.0973, 'N_ceu': 282.27433, 'N_chb': 343.03244, 'gr_ceu': 0.00184, 'gr_chb': 0.00184, 'm_yri_ooa': 0.0, 'm_yri_ceu': 1e-05, 'm_yri_chb': 1e-05, 'm_ceu_chb': 1e-05} -67567.15783912493
x_down: {'t1': 1.73148, 't2': 2.32267, 't3': 95.15226, 'N_anc': 464.54865, 'N_yri': 312.65339, 'N_ooa': 829.0973, 'N_ceu': 282.27433, 'N_chb': 343.03244, 'gr_ceu': 0.00184, 'gr_chb': 0.00184, 'm_yri_ooa': 0.0, 'm_yri_ceu': 1e-05, 'm_yri_chb': 1e-05, 'm_ceu_chb': 1e-05} -67574.99642779854
 
 
x_up: {'t1': 1.73148, 't2': 2.32267, 't3': 95.15226, 'N_anc': 464.54865, 'N_yri': 373.4115, 'N_ooa': 897.45017, 'N_ceu': 282.27433, 'N_chb': 343.03244, 'gr_ceu': 0.00184, 'gr_chb': 0.00184, 'm_yri_ooa': 0.0, 'm_yri_ceu': 1e-05, 'm_yri_chb': 1e-05, 'm_ceu_chb': 1e-05} -67547.80296625887
x: {'t1': 1.73148, 't2': 2.32267, 't3': 95.15226, 'N_anc': 464.54865, 'N_yri': 373.4115, 'N_ooa': 829.0973, 'N_ceu': 282.27433, 'N_chb': 343.03244, 'gr_ceu': 0.00184, 'gr_chb': 0.00184, 'm_yri_ooa': 0.0, 'm_yri_ceu': 1e-05, 'm_yri_chb': 1e-05, 'm_ceu_chb': 1e-05} -67558.35705359188
x_down: {'t1': 1.73148, 't2': 2.32267, 't3': 95.15226, 'N_anc': 464.54865, 'N_yri': 373.4115, 'N_ooa': 760.74443, 'N_ceu': 282.27433, 'N_chb': 343.03244, 'gr_ceu': 0.00184, 'gr_chb': 0.00184, 'm_yri_ooa': 0.0, 'm_yri_ceu': 1e-05, 'm_yri_chb': 1e-05, 'm_ceu_chb': 1e-05} -67618.9389989513
 
 
x_up: {'t1': 1.73148, 't2': 2.32267, 't3': 95.15226, 'N_anc': 464.54865, 'N_yri': 373.4115, 'N_ooa': 897.45017, 'N_ceu': 350.6272, 'N_chb': 343.03244, 'gr_ceu': 0.00184, 'gr_chb': 0.00184, 'm_yri_ooa': 0.0, 'm_yri_ceu': 1e-05, 'm_yri_chb': 1e-05, 'm_ceu_chb': 1e-05} -67549.77565170005
x: {'t1': 1.73148, 't2': 2.32267, 't3': 95.15226, 'N_anc': 464.54865, 'N_yri': 373.4115, 'N_ooa': 897.45017, 'N_ceu': 282.27433, 'N_chb': 343.03244, 'gr_ceu': 0.00184, 'gr_chb': 0.00184, 'm_yri_ooa': 0.0, 'm_yri_ceu': 1e-05, 'm_yri_chb': 1e-05, 'm_ceu_chb': 1e-05} -67547.80296625887
x_down: {'t1': 1.73148, 't2': 2.32267, 't3': 95.15226, 'N_anc': 464.54865, 'N_yri': 373.4115, 'N_ooa': 897.45017, 'N_ceu': 213.92146, 'N_chb': 343.03244, 'gr_ceu': 0.00184, 'gr_chb': 0.00184, 'm_yri_ooa': 0.0, 'm_yri_ceu': 1e-05, 'm_yri_chb': 1e-05, 'm_ceu_chb': 1e-05} -67597.70801948279
 
 
x_up: {'t1': 1.73148, 't2': 2.32267, 't3': 95.15226, 'N_anc': 464.54865, 'N_yri': 373.4115, 'N_ooa': 897.45017, 'N_ceu': 282.27433, 'N_chb': 373.4115, 'gr_ceu': 0.00184, 'gr_chb': 0.00184, 'm_yri_ooa': 0.0, 'm_yri_ceu': 1e-05, 'm_yri_chb': 1e-05, 'm_ceu_chb': 1e-05} -67551.75131510914
x: {'t1': 1.73148, 't2': 2.32267, 't3': 95.15226, 'N_anc': 464.54865, 'N_yri': 373.4115, 'N_ooa': 897.45017, 'N_ceu': 282.27433, 'N_chb': 343.03244, 'gr_ceu': 0.00184, 'gr_chb': 0.00184, 'm_yri_ooa': 0.0, 'm_yri_ceu': 1e-05, 'm_yri_chb': 1e-05, 'm_ceu_chb': 1e-05} -67547.80296625887
x_down: {'t1': 1.73148, 't2': 2.32267, 't3': 95.15226, 'N_anc': 464.54865, 'N_yri': 373.4115, 'N_ooa': 897.45017, 'N_ceu': 282.27433, 'N_chb': 312.65339, 'gr_ceu': 0.00184, 'gr_chb': 0.00184, 'm_yri_ooa': 0.0, 'm_yri_ceu': 1e-05, 'm_yri_chb': 1e-05, 'm_ceu_chb': 1e-05} -67548.9034006613
 
 
x_up: {'t1': 1.73148, 't2': 2.32267, 't3': 95.15226, 'N_anc': 464.54865, 'N_yri': 373.4115, 'N_ooa': 897.45017, 'N_ceu': 282.27433, 'N_chb': 343.03244, 'gr_ceu': 0.00276, 'gr_chb': 0.00184, 'm_yri_ooa': 0.0, 'm_yri_ceu': 1e-05, 'm_yri_chb': 1e-05, 'm_ceu_chb': 1e-05} -67547.8086254833
x: {'t1': 1.73148, 't2': 2.32267, 't3': 95.15226, 'N_anc': 464.54865, 'N_yri': 373.4115, 'N_ooa': 897.45017, 'N_ceu': 282.27433, 'N_chb': 343.03244, 'gr_ceu': 0.00184, 'gr_chb': 0.00184, 'm_yri_ooa': 0.0, 'm_yri_ceu': 1e-05, 'm_yri_chb': 1e-05, 'm_ceu_chb': 1e-05} -67547.80296625887
x_down: {'t1': 1.73148, 't2': 2.32267, 't3': 95.15226, 'N_anc': 464.54865, 'N_yri': 373.4115, 'N_ooa': 897.45017, 'N_ceu': 282.27433, 'N_chb': 343.03244, 'gr_ceu': 0.00092, 'gr_chb': 0.00184, 'm_yri_ooa': 0.0, 'm_yri_ceu': 1e-05, 'm_yri_chb': 1e-05, 'm_ceu_chb': 1e-05} -67547.7977911754
 
 
x_up: {'t1': 1.73148, 't2': 2.32267, 't3': 95.15226, 'N_anc': 464.54865, 'N_yri': 373.4115, 'N_ooa': 897.45017, 'N_ceu': 282.27433, 'N_chb': 343.03244, 'gr_ceu': 0.00092, 'gr_chb': 0.00276, 'm_yri_ooa': 0.0, 'm_yri_ceu': 1e-05, 'm_yri_chb': 1e-05, 'm_ceu_chb': 1e-05} -67547.84927661325
x: {'t1': 1.73148, 't2': 2.32267, 't3': 95.15226, 'N_anc': 464.54865, 'N_yri': 373.4115, 'N_ooa': 897.45017, 'N_ceu': 282.27433, 'N_chb': 343.03244, 'gr_ceu': 0.00092, 'gr_chb': 0.00184, 'm_yri_ooa': 0.0, 'm_yri_ceu': 1e-05, 'm_yri_chb': 1e-05, 'm_ceu_chb': 1e-05} -67547.7977911754
x_down: {'t1': 1.73148, 't2': 2.32267, 't3': 95.15226, 'N_anc': 464.54865, 'N_yri': 373.4115, 'N_ooa': 897.45017, 'N_ceu': 282.27433, 'N_chb': 343.03244, 'gr_ceu': 0.00092, 'gr_chb': 0.00092, 'm_yri_ooa': 0.0, 'm_yri_ceu': 1e-05, 'm_yri_chb': 1e-05, 'm_ceu_chb': 1e-05} -67547.746878803
 
 
x_up: {'t1': 1.73148, 't2': 2.32267, 't3': 95.15226, 'N_anc': 464.54865, 'N_yri': 373.4115, 'N_ooa': 897.45017, 'N_ceu': 282.27433, 'N_chb': 343.03244, 'gr_ceu': 0.00092, 'gr_chb': 0.00092, 'm_yri_ooa': 0.0, 'm_yri_ceu': 1e-05, 'm_yri_chb': 1e-05, 'm_ceu_chb': 1e-05} -67547.746878803
x: {'t1': 1.73148, 't2': 2.32267, 't3': 95.15226, 'N_anc': 464.54865, 'N_yri': 373.4115, 'N_ooa': 897.45017, 'N_ceu': 282.27433, 'N_chb': 343.03244, 'gr_ceu': 0.00092, 'gr_chb': 0.00092, 'm_yri_ooa': 0.0, 'm_yri_ceu': 1e-05, 'm_yri_chb': 1e-05, 'm_ceu_chb': 1e-05} -67547.746878803
x_down: {'t1': 1.73148, 't2': 2.32267, 't3': 95.15226, 'N_anc': 464.54865, 'N_yri': 373.4115, 'N_ooa': 897.45017, 'N_ceu': 282.27433, 'N_chb': 343.03244, 'gr_ceu': 0.00092, 'gr_chb': 0.00092, 'm_yri_ooa': 1e-05, 'm_yri_ceu': 1e-05, 'm_yri_chb': 1e-05, 'm_ceu_chb': 1e-05} -67547.7904446842
 
 
x_up: {'t1': 1.73148, 't2': 2.32267, 't3': 95.15226, 'N_anc': 464.54865, 'N_yri': 373.4115, 'N_ooa': 897.45017, 'N_ceu': 282.27433, 'N_chb': 343.03244, 'gr_ceu': 0.00092, 'gr_chb': 0.00092, 'm_yri_ooa': 0.0, 'm_yri_ceu': 0.0, 'm_yri_chb': 1e-05, 'm_ceu_chb': 1e-05} -67547.74687880433
x: {'t1': 1.73148, 't2': 2.32267, 't3': 95.15226, 'N_anc': 464.54865, 'N_yri': 373.4115, 'N_ooa': 897.45017, 'N_ceu': 282.27433, 'N_chb': 343.03244, 'gr_ceu': 0.00092, 'gr_chb': 0.00092, 'm_yri_ooa': 0.0, 'm_yri_ceu': 1e-05, 'm_yri_chb': 1e-05, 'm_ceu_chb': 1e-05} -67547.746878803
x_down: {'t1': 1.73148, 't2': 2.32267, 't3': 95.15226, 'N_anc': 464.54865, 'N_yri': 373.4115, 'N_ooa': 897.45017, 'N_ceu': 282.27433, 'N_chb': 343.03244, 'gr_ceu': 0.00092, 'gr_chb': 0.00092, 'm_yri_ooa': 0.0, 'm_yri_ceu': 1e-05, 'm_yri_chb': 1e-05, 'm_ceu_chb': 1e-05} -67547.746878803
 
 
x_up: {'t1': 1.73148, 't2': 2.32267, 't3': 95.15226, 'N_anc': 464.54865, 'N_yri': 373.4115, 'N_ooa': 897.45017, 'N_ceu': 282.27433, 'N_chb': 343.03244, 'gr_ceu': 0.00092, 'gr_chb': 0.00092, 'm_yri_ooa': 0.0, 'm_yri_ceu': 1e-05, 'm_yri_chb': 0.0, 'm_ceu_chb': 1e-05} -67547.74687880425
x: {'t1': 1.73148, 't2': 2.32267, 't3': 95.15226, 'N_anc': 464.54865, 'N_yri': 373.4115, 'N_ooa': 897.45017, 'N_ceu': 282.27433, 'N_chb': 343.03244, 'gr_ceu': 0.00092, 'gr_chb': 0.00092, 'm_yri_ooa': 0.0, 'm_yri_ceu': 1e-05, 'm_yri_chb': 1e-05, 'm_ceu_chb': 1e-05} -67547.746878803
x_down: {'t1': 1.73148, 't2': 2.32267, 't3': 95.15226, 'N_anc': 464.54865, 'N_yri': 373.4115, 'N_ooa': 897.45017, 'N_ceu': 282.27433, 'N_chb': 343.03244, 'gr_ceu': 0.00092, 'gr_chb': 0.00092, 'm_yri_ooa': 0.0, 'm_yri_ceu': 1e-05, 'm_yri_chb': 1e-05, 'm_ceu_chb': 1e-05} -67547.746878803
 
 
x_up: {'t1': 1.73148, 't2': 2.32267, 't3': 95.15226, 'N_anc': 464.54865, 'N_yri': 373.4115, 'N_ooa': 897.45017, 'N_ceu': 282.27433, 'N_chb': 343.03244, 'gr_ceu': 0.00092, 'gr_chb': 0.00092, 'm_yri_ooa': 0.0, 'm_yri_ceu': 1e-05, 'm_yri_chb': 1e-05, 'm_ceu_chb': 0.0} -67547.7468788038
x: {'t1': 1.73148, 't2': 2.32267, 't3': 95.15226, 'N_anc': 464.54865, 'N_yri': 373.4115, 'N_ooa': 897.45017, 'N_ceu': 282.27433, 'N_chb': 343.03244, 'gr_ceu': 0.00092, 'gr_chb': 0.00092, 'm_yri_ooa': 0.0, 'm_yri_ceu': 1e-05, 'm_yri_chb': 1e-05, 'm_ceu_chb': 1e-05} -67547.746878803
x_down: {'t1': 1.73148, 't2': 2.32267, 't3': 95.15226, 'N_anc': 464.54865, 'N_yri': 373.4115, 'N_ooa': 897.45017, 'N_ceu': 282.27433, 'N_chb': 343.03244, 'gr_ceu': 0.00092, 'gr_chb': 0.00092, 'm_yri_ooa': 0.0, 'm_yri_ceu': 1e-05, 'm_yri_chb': 1e-05, 'm_ceu_chb': 1e-05} -67547.746878803
 
{'t1': 1.73148, 't2': 2.32267, 't3': 95.15226, 'N_anc': 464.54865, 'N_yri': 373.4115, 'N_ooa': 897.45017, 'N_ceu': 282.27433, 'N_chb': 343.03244, 'gr_ceu': 0.00092, 'gr_chb': 0.00092, 'm_yri_ooa': 0.0, 'm_yri_ceu': 1e-05, 'm_yri_chb': 1e-05, 'm_ceu_chb': 1e-05} -67547.746878803
 
x_up: {'t1': 1.87928, 't2': 2.32267, 't3': 95.15226, 'N_anc': 464.54865, 'N_yri': 373.4115, 'N_ooa': 897.45017, 'N_ceu': 282.27433, 'N_chb': 343.03244, 'gr_ceu': 0.00092, 'gr_chb': 0.00092, 'm_yri_ooa': 0.0, 'm_yri_ceu': 1e-05, 'm_yri_chb': 1e-05, 'm_ceu_chb': 1e-05} -67543.90350593963
x: {'t1': 1.73148, 't2': 2.32267, 't3': 95.15226, 'N_anc': 464.54865, 'N_yri': 373.4115, 'N_ooa': 897.45017, 'N_ceu': 282.27433, 'N_chb': 343.03244, 'gr_ceu': 0.00092, 'gr_chb': 0.00092, 'm_yri_ooa': 0.0, 'm_yri_ceu': 1e-05, 'm_yri_chb': 1e-05, 'm_ceu_chb': 1e-05} -67547.746878803
x_down: {'t1': 1.58368, 't2': 2.32267, 't3': 95.15226, 'N_anc': 464.54865, 'N_yri': 373.4115, 'N_ooa': 897.45017, 'N_ceu': 282.27433, 'N_chb': 343.03244, 'gr_ceu': 0.00092, 'gr_chb': 0.00092, 'm_yri_ooa': 0.0, 'm_yri_ceu': 1e-05, 'm_yri_chb': 1e-05, 'm_ceu_chb': 1e-05} -67560.58661617048
 
 
x_up: {'t1': 1.87928, 't2': 2.48894, 't3': 95.15226, 'N_anc': 464.54865, 'N_yri': 373.4115, 'N_ooa': 897.45017, 'N_ceu': 282.27433, 'N_chb': 343.03244, 'gr_ceu': 0.00092, 'gr_chb': 0.00092, 'm_yri_ooa': 0.0, 'm_yri_ceu': 1e-05, 'm_yri_chb': 1e-05, 'm_ceu_chb': 1e-05} -67561.23123305723
x: {'t1': 1.87928, 't2': 2.32267, 't3': 95.15226, 'N_anc': 464.54865, 'N_yri': 373.4115, 'N_ooa': 897.45017, 'N_ceu': 282.27433, 'N_chb': 343.03244, 'gr_ceu': 0.00092, 'gr_chb': 0.00092, 'm_yri_ooa': 0.0, 'm_yri_ceu': 1e-05, 'm_yri_chb': 1e-05, 'm_ceu_chb': 1e-05} -67543.90350593963
x_down: {'t1': 1.87928, 't2': 2.1564, 't3': 95.15226, 'N_anc': 464.54865, 'N_yri': 373.4115, 'N_ooa': 897.45017, 'N_ceu': 282.27433, 'N_chb': 343.03244, 'gr_ceu': 0.00092, 'gr_chb': 0.00092, 'm_yri_ooa': 0.0, 'm_yri_ceu': 1e-05, 'm_yri_chb': 1e-05, 'm_ceu_chb': 1e-05} -67622.5550460787
 
 
x_up: {'t1': 1.87928, 't2': 2.32267, 't3': 99.79374, 'N_anc': 464.54865, 'N_yri': 373.4115, 'N_ooa': 897.45017, 'N_ceu': 282.27433, 'N_chb': 343.03244, 'gr_ceu': 0.00092, 'gr_chb': 0.00092, 'm_yri_ooa': 0.0, 'm_yri_ceu': 1e-05, 'm_yri_chb': 1e-05, 'm_ceu_chb': 1e-05} -67546.12208539195
x: {'t1': 1.87928, 't2': 2.32267, 't3': 95.15226, 'N_anc': 464.54865, 'N_yri': 373.4115, 'N_ooa': 897.45017, 'N_ceu': 282.27433, 'N_chb': 343.03244, 'gr_ceu': 0.00092, 'gr_chb': 0.00092, 'm_yri_ooa': 0.0, 'm_yri_ceu': 1e-05, 'm_yri_chb': 1e-05, 'm_ceu_chb': 1e-05} -67543.90350593963
x_down: {'t1': 1.87928, 't2': 2.32267, 't3': 90.51078, 'N_anc': 464.54865, 'N_yri': 373.4115, 'N_ooa': 897.45017, 'N_ceu': 282.27433, 'N_chb': 343.03244, 'gr_ceu': 0.00092, 'gr_chb': 0.00092, 'm_yri_ooa': 0.0, 'm_yri_ceu': 1e-05, 'm_yri_chb': 1e-05, 'm_ceu_chb': 1e-05} -67549.87344878611
 
 
x_up: {'t1': 1.87928, 't2': 2.32267, 't3': 95.15226, 'N_anc': 498.72509, 'N_yri': 373.4115, 'N_ooa': 897.45017, 'N_ceu': 282.27433, 'N_chb': 343.03244, 'gr_ceu': 0.00092, 'gr_chb': 0.00092, 'm_yri_ooa': 0.0, 'm_yri_ceu': 1e-05, 'm_yri_chb': 1e-05, 'm_ceu_chb': 1e-05} -67543.76338039828
x: {'t1': 1.87928, 't2': 2.32267, 't3': 95.15226, 'N_anc': 464.54865, 'N_yri': 373.4115, 'N_ooa': 897.45017, 'N_ceu': 282.27433, 'N_chb': 343.03244, 'gr_ceu': 0.00092, 'gr_chb': 0.00092, 'm_yri_ooa': 0.0, 'm_yri_ceu': 1e-05, 'm_yri_chb': 1e-05, 'm_ceu_chb': 1e-05} -67543.90350593963
x_down: {'t1': 1.87928, 't2': 2.32267, 't3': 95.15226, 'N_anc': 430.37221, 'N_yri': 373.4115, 'N_ooa': 897.45017, 'N_ceu': 282.27433, 'N_chb': 343.03244, 'gr_ceu': 0.00092, 'gr_chb': 0.00092, 'm_yri_ooa': 0.0, 'm_yri_ceu': 1e-05, 'm_yri_chb': 1e-05, 'm_ceu_chb': 1e-05} -67545.15937017807
 
 
x_up: {'t1': 1.87928, 't2': 2.32267, 't3': 95.15226, 'N_anc': 498.72509, 'N_yri': 424.67616, 'N_ooa': 897.45017, 'N_ceu': 282.27433, 'N_chb': 343.03244, 'gr_ceu': 0.00092, 'gr_chb': 0.00092, 'm_yri_ooa': 0.0, 'm_yri_ceu': 1e-05, 'm_yri_chb': 1e-05, 'm_ceu_chb': 1e-05} -67555.96365621533
x: {'t1': 1.87928, 't2': 2.32267, 't3': 95.15226, 'N_anc': 498.72509, 'N_yri': 373.4115, 'N_ooa': 897.45017, 'N_ceu': 282.27433, 'N_chb': 343.03244, 'gr_ceu': 0.00092, 'gr_chb': 0.00092, 'm_yri_ooa': 0.0, 'm_yri_ceu': 1e-05, 'm_yri_chb': 1e-05, 'm_ceu_chb': 1e-05} -67543.76338039828
x_down: {'t1': 1.87928, 't2': 2.32267, 't3': 95.15226, 'N_anc': 498.72509, 'N_yri': 322.14684, 'N_ooa': 897.45017, 'N_ceu': 282.27433, 'N_chb': 343.03244, 'gr_ceu': 0.00092, 'gr_chb': 0.00092, 'm_yri_ooa': 0.0, 'm_yri_ceu': 1e-05, 'm_yri_chb': 1e-05, 'm_ceu_chb': 1e-05} -67555.94319386105
 
 
x_up: {'t1': 1.87928, 't2': 2.32267, 't3': 95.15226, 'N_anc': 498.72509, 'N_yri': 373.4115, 'N_ooa': 1009.5916, 'N_ceu': 282.27433, 'N_chb': 343.03244, 'gr_ceu': 0.00092, 'gr_chb': 0.00092, 'm_yri_ooa': 0.0, 'm_yri_ceu': 1e-05, 'm_yri_chb': 1e-05, 'm_ceu_chb': 1e-05} -67568.79680195222
x: {'t1': 1.87928, 't2': 2.32267, 't3': 95.15226, 'N_anc': 498.72509, 'N_yri': 373.4115, 'N_ooa': 897.45017, 'N_ceu': 282.27433, 'N_chb': 343.03244, 'gr_ceu': 0.00092, 'gr_chb': 0.00092, 'm_yri_ooa': 0.0, 'm_yri_ceu': 1e-05, 'm_yri_chb': 1e-05, 'm_ceu_chb': 1e-05} -67543.76338039828
x_down: {'t1': 1.87928, 't2': 2.32267, 't3': 95.15226, 'N_anc': 498.72509, 'N_yri': 373.4115, 'N_ooa': 785.30874, 'N_ceu': 282.27433, 'N_chb': 343.03244, 'gr_ceu': 0.00092, 'gr_chb': 0.00092, 'm_yri_ooa': 0.0, 'm_yri_ceu': 1e-05, 'm_yri_chb': 1e-05, 'm_ceu_chb': 1e-05} -67592.7901065575
 
 
x_up: {'t1': 1.87928, 't2': 2.32267, 't3': 95.15226, 'N_anc': 498.72509, 'N_yri': 373.4115, 'N_ooa': 897.45017, 'N_ceu': 316.45077, 'N_chb': 343.03244, 'gr_ceu': 0.00092, 'gr_chb': 0.00092, 'm_yri_ooa': 0.0, 'm_yri_ceu': 1e-05, 'm_yri_chb': 1e-05, 'm_ceu_chb': 1e-05} -67544.85308311708
x: {'t1': 1.87928, 't2': 2.32267, 't3': 95.15226, 'N_anc': 498.72509, 'N_yri': 373.4115, 'N_ooa': 897.45017, 'N_ceu': 282.27433, 'N_chb': 343.03244, 'gr_ceu': 0.00092, 'gr_chb': 0.00092, 'm_yri_ooa': 0.0, 'm_yri_ceu': 1e-05, 'm_yri_chb': 1e-05, 'm_ceu_chb': 1e-05} -67543.76338039828
x_down: {'t1': 1.87928, 't2': 2.32267, 't3': 95.15226, 'N_anc': 498.72509, 'N_yri': 373.4115, 'N_ooa': 897.45017, 'N_ceu': 248.09789, 'N_chb': 343.03244, 'gr_ceu': 0.00092, 'gr_chb': 0.00092, 'm_yri_ooa': 0.0, 'm_yri_ceu': 1e-05, 'm_yri_chb': 1e-05, 'm_ceu_chb': 1e-05} -67555.38326843358
 
 
x_up: {'t1': 1.87928, 't2': 2.32267, 't3': 95.15226, 'N_anc': 498.72509, 'N_yri': 373.4115, 'N_ooa': 897.45017, 'N_ceu': 282.27433, 'N_chb': 358.22197, 'gr_ceu': 0.00092, 'gr_chb': 0.00092, 'm_yri_ooa': 0.0, 'm_yri_ceu': 1e-05, 'm_yri_chb': 1e-05, 'm_ceu_chb': 1e-05} -67543.94147295164
x: {'t1': 1.87928, 't2': 2.32267, 't3': 95.15226, 'N_anc': 498.72509, 'N_yri': 373.4115, 'N_ooa': 897.45017, 'N_ceu': 282.27433, 'N_chb': 343.03244, 'gr_ceu': 0.00092, 'gr_chb': 0.00092, 'm_yri_ooa': 0.0, 'm_yri_ceu': 1e-05, 'm_yri_chb': 1e-05, 'm_ceu_chb': 1e-05} -67543.76338039828
x_down: {'t1': 1.87928, 't2': 2.32267, 't3': 95.15226, 'N_anc': 498.72509, 'N_yri': 373.4115, 'N_ooa': 897.45017, 'N_ceu': 282.27433, 'N_chb': 327.84291, 'gr_ceu': 0.00092, 'gr_chb': 0.00092, 'm_yri_ooa': 0.0, 'm_yri_ceu': 1e-05, 'm_yri_chb': 1e-05, 'm_ceu_chb': 1e-05} -67545.27445096348
 
 
x_up: {'t1': 1.87928, 't2': 2.32267, 't3': 95.15226, 'N_anc': 498.72509, 'N_yri': 373.4115, 'N_ooa': 897.45017, 'N_ceu': 282.27433, 'N_chb': 343.03244, 'gr_ceu': 0.00138, 'gr_chb': 0.00092, 'm_yri_ooa': 0.0, 'm_yri_ceu': 1e-05, 'm_yri_chb': 1e-05, 'm_ceu_chb': 1e-05} -67543.772208354
x: {'t1': 1.87928, 't2': 2.32267, 't3': 95.15226, 'N_anc': 498.72509, 'N_yri': 373.4115, 'N_ooa': 897.45017, 'N_ceu': 282.27433, 'N_chb': 343.03244, 'gr_ceu': 0.00092, 'gr_chb': 0.00092, 'm_yri_ooa': 0.0, 'm_yri_ceu': 1e-05, 'm_yri_chb': 1e-05, 'm_ceu_chb': 1e-05} -67543.76338039828
x_down: {'t1': 1.87928, 't2': 2.32267, 't3': 95.15226, 'N_anc': 498.72509, 'N_yri': 373.4115, 'N_ooa': 897.45017, 'N_ceu': 282.27433, 'N_chb': 343.03244, 'gr_ceu': 0.00046, 'gr_chb': 0.00092, 'm_yri_ooa': 0.0, 'm_yri_ceu': 1e-05, 'm_yri_chb': 1e-05, 'm_ceu_chb': 1e-05} -67543.75485576483
 
 
x_up: {'t1': 1.87928, 't2': 2.32267, 't3': 95.15226, 'N_anc': 498.72509, 'N_yri': 373.4115, 'N_ooa': 897.45017, 'N_ceu': 282.27433, 'N_chb': 343.03244, 'gr_ceu': 0.00046, 'gr_chb': 0.00138, 'm_yri_ooa': 0.0, 'm_yri_ceu': 1e-05, 'm_yri_chb': 1e-05, 'm_ceu_chb': 1e-05} -67543.77392728995
x: {'t1': 1.87928, 't2': 2.32267, 't3': 95.15226, 'N_anc': 498.72509, 'N_yri': 373.4115, 'N_ooa': 897.45017, 'N_ceu': 282.27433, 'N_chb': 343.03244, 'gr_ceu': 0.00046, 'gr_chb': 0.00092, 'm_yri_ooa': 0.0, 'm_yri_ceu': 1e-05, 'm_yri_chb': 1e-05, 'm_ceu_chb': 1e-05} -67543.75485576483
x_down: {'t1': 1.87928, 't2': 2.32267, 't3': 95.15226, 'N_anc': 498.72509, 'N_yri': 373.4115, 'N_ooa': 897.45017, 'N_ceu': 282.27433, 'N_chb': 343.03244, 'gr_ceu': 0.00046, 'gr_chb': 0.00046, 'm_yri_ooa': 0.0, 'm_yri_ceu': 1e-05, 'm_yri_chb': 1e-05, 'm_ceu_chb': 1e-05} -67543.73606854898
 
 
x_up: {'t1': 1.87928, 't2': 2.32267, 't3': 95.15226, 'N_anc': 498.72509, 'N_yri': 373.4115, 'N_ooa': 897.45017, 'N_ceu': 282.27433, 'N_chb': 343.03244, 'gr_ceu': 0.00046, 'gr_chb': 0.00046, 'm_yri_ooa': 0.0, 'm_yri_ceu': 1e-05, 'm_yri_chb': 1e-05, 'm_ceu_chb': 1e-05} -67543.73606854898
x: {'t1': 1.87928, 't2': 2.32267, 't3': 95.15226, 'N_anc': 498.72509, 'N_yri': 373.4115, 'N_ooa': 897.45017, 'N_ceu': 282.27433, 'N_chb': 343.03244, 'gr_ceu': 0.00046, 'gr_chb': 0.00046, 'm_yri_ooa': 0.0, 'm_yri_ceu': 1e-05, 'm_yri_chb': 1e-05, 'm_ceu_chb': 1e-05} -67543.73606854898
x_down: {'t1': 1.87928, 't2': 2.32267, 't3': 95.15226, 'N_anc': 498.72509, 'N_yri': 373.4115, 'N_ooa': 897.45017, 'N_ceu': 282.27433, 'N_chb': 343.03244, 'gr_ceu': 0.00046, 'gr_chb': 0.00046, 'm_yri_ooa': 1e-05, 'm_yri_ceu': 1e-05, 'm_yri_chb': 1e-05, 'm_ceu_chb': 1e-05} -67543.7207546253
 
 
x_up: {'t1': 1.87928, 't2': 2.32267, 't3': 95.15226, 'N_anc': 498.72509, 'N_yri': 373.4115, 'N_ooa': 897.45017, 'N_ceu': 282.27433, 'N_chb': 343.03244, 'gr_ceu': 0.00046, 'gr_chb': 0.00046, 'm_yri_ooa': 1e-05, 'm_yri_ceu': 0.0, 'm_yri_chb': 1e-05, 'm_ceu_chb': 1e-05} -67543.7207546258
x: {'t1': 1.87928, 't2': 2.32267, 't3': 95.15226, 'N_anc': 498.72509, 'N_yri': 373.4115, 'N_ooa': 897.45017, 'N_ceu': 282.27433, 'N_chb': 343.03244, 'gr_ceu': 0.00046, 'gr_chb': 0.00046, 'm_yri_ooa': 1e-05, 'm_yri_ceu': 1e-05, 'm_yri_chb': 1e-05, 'm_ceu_chb': 1e-05} -67543.7207546253
x_down: {'t1': 1.87928, 't2': 2.32267, 't3': 95.15226, 'N_anc': 498.72509, 'N_yri': 373.4115, 'N_ooa': 897.45017, 'N_ceu': 282.27433, 'N_chb': 343.03244, 'gr_ceu': 0.00046, 'gr_chb': 0.00046, 'm_yri_ooa': 1e-05, 'm_yri_ceu': 1e-05, 'm_yri_chb': 1e-05, 'm_ceu_chb': 1e-05} -67543.7207546253
 
 
x_up: {'t1': 1.87928, 't2': 2.32267, 't3': 95.15226, 'N_anc': 498.72509, 'N_yri': 373.4115, 'N_ooa': 897.45017, 'N_ceu': 282.27433, 'N_chb': 343.03244, 'gr_ceu': 0.00046, 'gr_chb': 0.00046, 'm_yri_ooa': 1e-05, 'm_yri_ceu': 1e-05, 'm_yri_chb': 0.0, 'm_ceu_chb': 1e-05} -67543.72075462434
x: {'t1': 1.87928, 't2': 2.32267, 't3': 95.15226, 'N_anc': 498.72509, 'N_yri': 373.4115, 'N_ooa': 897.45017, 'N_ceu': 282.27433, 'N_chb': 343.03244, 'gr_ceu': 0.00046, 'gr_chb': 0.00046, 'm_yri_ooa': 1e-05, 'm_yri_ceu': 1e-05, 'm_yri_chb': 1e-05, 'm_ceu_chb': 1e-05} -67543.7207546253
x_down: {'t1': 1.87928, 't2': 2.32267, 't3': 95.15226, 'N_anc': 498.72509, 'N_yri': 373.4115, 'N_ooa': 897.45017, 'N_ceu': 282.27433, 'N_chb': 343.03244, 'gr_ceu': 0.00046, 'gr_chb': 0.00046, 'm_yri_ooa': 1e-05, 'm_yri_ceu': 1e-05, 'm_yri_chb': 1e-05, 'm_ceu_chb': 1e-05} -67543.7207546253
 
 
x_up: {'t1': 1.87928, 't2': 2.32267, 't3': 95.15226, 'N_anc': 498.72509, 'N_yri': 373.4115, 'N_ooa': 897.45017, 'N_ceu': 282.27433, 'N_chb': 343.03244, 'gr_ceu': 0.00046, 'gr_chb': 0.00046, 'm_yri_ooa': 1e-05, 'm_yri_ceu': 1e-05, 'm_yri_chb': 0.0, 'm_ceu_chb': 0.0} -67543.72075462407
x: {'t1': 1.87928, 't2': 2.32267, 't3': 95.15226, 'N_anc': 498.72509, 'N_yri': 373.4115, 'N_ooa': 897.45017, 'N_ceu': 282.27433, 'N_chb': 343.03244, 'gr_ceu': 0.00046, 'gr_chb': 0.00046, 'm_yri_ooa': 1e-05, 'm_yri_ceu': 1e-05, 'm_yri_chb': 0.0, 'm_ceu_chb': 1e-05} -67543.72075462434
x_down: {'t1': 1.87928, 't2': 2.32267, 't3': 95.15226, 'N_anc': 498.72509, 'N_yri': 373.4115, 'N_ooa': 897.45017, 'N_ceu': 282.27433, 'N_chb': 343.03244, 'gr_ceu': 0.00046, 'gr_chb': 0.00046, 'm_yri_ooa': 1e-05, 'm_yri_ceu': 1e-05, 'm_yri_chb': 0.0, 'm_ceu_chb': 1e-05} -67543.72075462434
 
{'t1': 1.87928, 't2': 2.32267, 't3': 95.15226, 'N_anc': 498.72509, 'N_yri': 373.4115, 'N_ooa': 897.45017, 'N_ceu': 282.27433, 'N_chb': 343.03244, 'gr_ceu': 0.00046, 'gr_chb': 0.00046, 'm_yri_ooa': 1e-05, 'm_yri_ceu': 1e-05, 'm_yri_chb': 0.0, 'm_ceu_chb': 0.0} -67543.72075462407
 
x_up: {'t1': 2.04555, 't2': 2.32267, 't3': 95.15226, 'N_anc': 498.72509, 'N_yri': 373.4115, 'N_ooa': 897.45017, 'N_ceu': 282.27433, 'N_chb': 343.03244, 'gr_ceu': 0.00046, 'gr_chb': 0.00046, 'm_yri_ooa': 1e-05, 'm_yri_ceu': 1e-05, 'm_yri_chb': 0.0, 'm_ceu_chb': 0.0} -67556.28807897294
x: {'t1': 1.87928, 't2': 2.32267, 't3': 95.15226, 'N_anc': 498.72509, 'N_yri': 373.4115, 'N_ooa': 897.45017, 'N_ceu': 282.27433, 'N_chb': 343.03244, 'gr_ceu': 0.00046, 'gr_chb': 0.00046, 'm_yri_ooa': 1e-05, 'm_yri_ceu': 1e-05, 'm_yri_chb': 0.0, 'm_ceu_chb': 0.0} -67543.72075462407
x_down: {'t1': 1.71301, 't2': 2.32267, 't3': 95.15226, 'N_anc': 498.72509, 'N_yri': 373.4115, 'N_ooa': 897.45017, 'N_ceu': 282.27433, 'N_chb': 343.03244, 'gr_ceu': 0.00046, 'gr_chb': 0.00046, 'm_yri_ooa': 1e-05, 'm_yri_ceu': 1e-05, 'm_yri_chb': 0.0, 'm_ceu_chb': 0.0} -67547.0928961186
 
 
x_up: {'t1': 1.87928, 't2': 2.40581, 't3': 95.15226, 'N_anc': 498.72509, 'N_yri': 373.4115, 'N_ooa': 897.45017, 'N_ceu': 282.27433, 'N_chb': 343.03244, 'gr_ceu': 0.00046, 'gr_chb': 0.00046, 'm_yri_ooa': 1e-05, 'm_yri_ceu': 1e-05, 'm_yri_chb': 0.0, 'm_ceu_chb': 0.0} -67553.6668126379
x: {'t1': 1.87928, 't2': 2.32267, 't3': 95.15226, 'N_anc': 498.72509, 'N_yri': 373.4115, 'N_ooa': 897.45017, 'N_ceu': 282.27433, 'N_chb': 343.03244, 'gr_ceu': 0.00046, 'gr_chb': 0.00046, 'm_yri_ooa': 1e-05, 'm_yri_ceu': 1e-05, 'm_yri_chb': 0.0, 'm_ceu_chb': 0.0} -67543.72075462407
x_down: {'t1': 1.87928, 't2': 2.23953, 't3': 95.15226, 'N_anc': 498.72509, 'N_yri': 373.4115, 'N_ooa': 897.45017, 'N_ceu': 282.27433, 'N_chb': 343.03244, 'gr_ceu': 0.00046, 'gr_chb': 0.00046, 'm_yri_ooa': 1e-05, 'm_yri_ceu': 1e-05, 'm_yri_chb': 0.0, 'm_ceu_chb': 0.0} -67556.62307685334
 
 
x_up: {'t1': 1.87928, 't2': 2.32267, 't3': 99.79374, 'N_anc': 498.72509, 'N_yri': 373.4115, 'N_ooa': 897.45017, 'N_ceu': 282.27433, 'N_chb': 343.03244, 'gr_ceu': 0.00046, 'gr_chb': 0.00046, 'm_yri_ooa': 1e-05, 'm_yri_ceu': 1e-05, 'm_yri_chb': 0.0, 'm_ceu_chb': 0.0} -67545.98510824249
x: {'t1': 1.87928, 't2': 2.32267, 't3': 95.15226, 'N_anc': 498.72509, 'N_yri': 373.4115, 'N_ooa': 897.45017, 'N_ceu': 282.27433, 'N_chb': 343.03244, 'gr_ceu': 0.00046, 'gr_chb': 0.00046, 'm_yri_ooa': 1e-05, 'm_yri_ceu': 1e-05, 'm_yri_chb': 0.0, 'm_ceu_chb': 0.0} -67543.72075462407
x_down: {'t1': 1.87928, 't2': 2.32267, 't3': 90.51078, 'N_anc': 498.72509, 'N_yri': 373.4115, 'N_ooa': 897.45017, 'N_ceu': 282.27433, 'N_chb': 343.03244, 'gr_ceu': 0.00046, 'gr_chb': 0.00046, 'm_yri_ooa': 1e-05, 'm_yri_ceu': 1e-05, 'm_yri_chb': 0.0, 'm_ceu_chb': 0.0} -67548.72977914583
 
 
x_up: {'t1': 1.87928, 't2': 2.32267, 't3': 95.15226, 'N_anc': 554.79581, 'N_yri': 373.4115, 'N_ooa': 897.45017, 'N_ceu': 282.27433, 'N_chb': 343.03244, 'gr_ceu': 0.00046, 'gr_chb': 0.00046, 'm_yri_ooa': 1e-05, 'm_yri_ceu': 1e-05, 'm_yri_chb': 0.0, 'm_ceu_chb': 0.0} -67545.21582460827
x: {'t1': 1.87928, 't2': 2.32267, 't3': 95.15226, 'N_anc': 498.72509, 'N_yri': 373.4115, 'N_ooa': 897.45017, 'N_ceu': 282.27433, 'N_chb': 343.03244, 'gr_ceu': 0.00046, 'gr_chb': 0.00046, 'm_yri_ooa': 1e-05, 'm_yri_ceu': 1e-05, 'm_yri_chb': 0.0, 'm_ceu_chb': 0.0} -67543.72075462407
x_down: {'t1': 1.87928, 't2': 2.32267, 't3': 95.15226, 'N_anc': 442.65437, 'N_yri': 373.4115, 'N_ooa': 897.45017, 'N_ceu': 282.27433, 'N_chb': 343.03244, 'gr_ceu': 0.00046, 'gr_chb': 0.00046, 'm_yri_ooa': 1e-05, 'm_yri_ceu': 1e-05, 'm_yri_chb': 0.0, 'm_ceu_chb': 0.0} -67544.51566716393
 
 
x_up: {'t1': 1.87928, 't2': 2.32267, 't3': 95.15226, 'N_anc': 498.72509, 'N_yri': 399.04383, 'N_ooa': 897.45017, 'N_ceu': 282.27433, 'N_chb': 343.03244, 'gr_ceu': 0.00046, 'gr_chb': 0.00046, 'm_yri_ooa': 1e-05, 'm_yri_ceu': 1e-05, 'm_yri_chb': 0.0, 'm_ceu_chb': 0.0} -67551.89274652096
x: {'t1': 1.87928, 't2': 2.32267, 't3': 95.15226, 'N_anc': 498.72509, 'N_yri': 373.4115, 'N_ooa': 897.45017, 'N_ceu': 282.27433, 'N_chb': 343.03244, 'gr_ceu': 0.00046, 'gr_chb': 0.00046, 'm_yri_ooa': 1e-05, 'm_yri_ceu': 1e-05, 'm_yri_chb': 0.0, 'm_ceu_chb': 0.0} -67543.72075462407
x_down: {'t1': 1.87928, 't2': 2.32267, 't3': 95.15226, 'N_anc': 498.72509, 'N_yri': 347.77917, 'N_ooa': 897.45017, 'N_ceu': 282.27433, 'N_chb': 343.03244, 'gr_ceu': 0.00046, 'gr_chb': 0.00046, 'm_yri_ooa': 1e-05, 'm_yri_ceu': 1e-05, 'm_yri_chb': 0.0, 'm_ceu_chb': 0.0} -67546.01839243804
 
 
x_up: {'t1': 1.87928, 't2': 2.32267, 't3': 95.15226, 'N_anc': 498.72509, 'N_yri': 373.4115, 'N_ooa': 953.52089, 'N_ceu': 282.27433, 'N_chb': 343.03244, 'gr_ceu': 0.00046, 'gr_chb': 0.00046, 'm_yri_ooa': 1e-05, 'm_yri_ceu': 1e-05, 'm_yri_chb': 0.0, 'm_ceu_chb': 0.0} -67550.13845332223
x: {'t1': 1.87928, 't2': 2.32267, 't3': 95.15226, 'N_anc': 498.72509, 'N_yri': 373.4115, 'N_ooa': 897.45017, 'N_ceu': 282.27433, 'N_chb': 343.03244, 'gr_ceu': 0.00046, 'gr_chb': 0.00046, 'm_yri_ooa': 1e-05, 'm_yri_ceu': 1e-05, 'm_yri_chb': 0.0, 'm_ceu_chb': 0.0} -67543.72075462407
x_down: {'t1': 1.87928, 't2': 2.32267, 't3': 95.15226, 'N_anc': 498.72509, 'N_yri': 373.4115, 'N_ooa': 841.37945, 'N_ceu': 282.27433, 'N_chb': 343.03244, 'gr_ceu': 0.00046, 'gr_chb': 0.00046, 'm_yri_ooa': 1e-05, 'm_yri_ceu': 1e-05, 'm_yri_chb': 0.0, 'm_ceu_chb': 0.0} -67557.37551360362
 
 
x_up: {'t1': 1.87928, 't2': 2.32267, 't3': 95.15226, 'N_anc': 498.72509, 'N_yri': 373.4115, 'N_ooa': 897.45017, 'N_ceu': 299.36255, 'N_chb': 343.03244, 'gr_ceu': 0.00046, 'gr_chb': 0.00046, 'm_yri_ooa': 1e-05, 'm_yri_ceu': 1e-05, 'm_yri_chb': 0.0, 'm_ceu_chb': 0.0} -67543.16068924188
x: {'t1': 1.87928, 't2': 2.32267, 't3': 95.15226, 'N_anc': 498.72509, 'N_yri': 373.4115, 'N_ooa': 897.45017, 'N_ceu': 282.27433, 'N_chb': 343.03244, 'gr_ceu': 0.00046, 'gr_chb': 0.00046, 'm_yri_ooa': 1e-05, 'm_yri_ceu': 1e-05, 'm_yri_chb': 0.0, 'm_ceu_chb': 0.0} -67543.72075462407
x_down: {'t1': 1.87928, 't2': 2.32267, 't3': 95.15226, 'N_anc': 498.72509, 'N_yri': 373.4115, 'N_ooa': 897.45017, 'N_ceu': 265.18611, 'N_chb': 343.03244, 'gr_ceu': 0.00046, 'gr_chb': 0.00046, 'm_yri_ooa': 1e-05, 'm_yri_ceu': 1e-05, 'm_yri_chb': 0.0, 'm_ceu_chb': 0.0} -67547.46418719523
 
 
x_up: {'t1': 1.87928, 't2': 2.32267, 't3': 95.15226, 'N_anc': 498.72509, 'N_yri': 373.4115, 'N_ooa': 897.45017, 'N_ceu': 299.36255, 'N_chb': 355.18406, 'gr_ceu': 0.00046, 'gr_chb': 0.00046, 'm_yri_ooa': 1e-05, 'm_yri_ceu': 1e-05, 'm_yri_chb': 0.0, 'm_ceu_chb': 0.0} -67544.35990362013
x: {'t1': 1.87928, 't2': 2.32267, 't3': 95.15226, 'N_anc': 498.72509, 'N_yri': 373.4115, 'N_ooa': 897.45017, 'N_ceu': 299.36255, 'N_chb': 343.03244, 'gr_ceu': 0.00046, 'gr_chb': 0.00046, 'm_yri_ooa': 1e-05, 'm_yri_ceu': 1e-05, 'm_yri_chb': 0.0, 'm_ceu_chb': 0.0} -67543.16068924188
x_down: {'t1': 1.87928, 't2': 2.32267, 't3': 95.15226, 'N_anc': 498.72509, 'N_yri': 373.4115, 'N_ooa': 897.45017, 'N_ceu': 299.36255, 'N_chb': 330.88082, 'gr_ceu': 0.00046, 'gr_chb': 0.00046, 'm_yri_ooa': 1e-05, 'm_yri_ceu': 1e-05, 'm_yri_chb': 0.0, 'm_ceu_chb': 0.0} -67542.62776738213
 
 
x_up: {'t1': 1.87928, 't2': 2.32267, 't3': 95.15226, 'N_anc': 498.72509, 'N_yri': 373.4115, 'N_ooa': 897.45017, 'N_ceu': 299.36255, 'N_chb': 330.88082, 'gr_ceu': 0.00069, 'gr_chb': 0.00046, 'm_yri_ooa': 1e-05, 'm_yri_ceu': 1e-05, 'm_yri_chb': 0.0, 'm_ceu_chb': 0.0} -67542.63796423428
x: {'t1': 1.87928, 't2': 2.32267, 't3': 95.15226, 'N_anc': 498.72509, 'N_yri': 373.4115, 'N_ooa': 897.45017, 'N_ceu': 299.36255, 'N_chb': 330.88082, 'gr_ceu': 0.00046, 'gr_chb': 0.00046, 'm_yri_ooa': 1e-05, 'm_yri_ceu': 1e-05, 'm_yri_chb': 0.0, 'm_ceu_chb': 0.0} -67542.62776738213
x_down: {'t1': 1.87928, 't2': 2.32267, 't3': 95.15226, 'N_anc': 498.72509, 'N_yri': 373.4115, 'N_ooa': 897.45017, 'N_ceu': 299.36255, 'N_chb': 330.88082, 'gr_ceu': 0.00023, 'gr_chb': 0.00046, 'm_yri_ooa': 1e-05, 'm_yri_ceu': 1e-05, 'm_yri_chb': 0.0, 'm_ceu_chb': 0.0} -67542.61763568825
 
 
x_up: {'t1': 1.87928, 't2': 2.32267, 't3': 95.15226, 'N_anc': 498.72509, 'N_yri': 373.4115, 'N_ooa': 897.45017, 'N_ceu': 299.36255, 'N_chb': 330.88082, 'gr_ceu': 0.00023, 'gr_chb': 0.00069, 'm_yri_ooa': 1e-05, 'm_yri_ceu': 1e-05, 'm_yri_chb': 0.0, 'm_ceu_chb': 0.0} -67542.63223916557
x: {'t1': 1.87928, 't2': 2.32267, 't3': 95.15226, 'N_anc': 498.72509, 'N_yri': 373.4115, 'N_ooa': 897.45017, 'N_ceu': 299.36255, 'N_chb': 330.88082, 'gr_ceu': 0.00023, 'gr_chb': 0.00046, 'm_yri_ooa': 1e-05, 'm_yri_ceu': 1e-05, 'm_yri_chb': 0.0, 'm_ceu_chb': 0.0} -67542.61763568825
x_down: {'t1': 1.87928, 't2': 2.32267, 't3': 95.15226, 'N_anc': 498.72509, 'N_yri': 373.4115, 'N_ooa': 897.45017, 'N_ceu': 299.36255, 'N_chb': 330.88082, 'gr_ceu': 0.00023, 'gr_chb': 0.00023, 'm_yri_ooa': 1e-05, 'm_yri_ceu': 1e-05, 'm_yri_chb': 0.0, 'm_ceu_chb': 0.0} -67542.60307757788
 
 
x_up: {'t1': 1.87928, 't2': 2.32267, 't3': 95.15226, 'N_anc': 498.72509, 'N_yri': 373.4115, 'N_ooa': 897.45017, 'N_ceu': 299.36255, 'N_chb': 330.88082, 'gr_ceu': 0.00023, 'gr_chb': 0.00023, 'm_yri_ooa': 0.0, 'm_yri_ceu': 1e-05, 'm_yri_chb': 0.0, 'm_ceu_chb': 0.0} -67542.61633806681
x: {'t1': 1.87928, 't2': 2.32267, 't3': 95.15226, 'N_anc': 498.72509, 'N_yri': 373.4115, 'N_ooa': 897.45017, 'N_ceu': 299.36255, 'N_chb': 330.88082, 'gr_ceu': 0.00023, 'gr_chb': 0.00023, 'm_yri_ooa': 1e-05, 'm_yri_ceu': 1e-05, 'm_yri_chb': 0.0, 'm_ceu_chb': 0.0} -67542.60307757788
x_down: {'t1': 1.87928, 't2': 2.32267, 't3': 95.15226, 'N_anc': 498.72509, 'N_yri': 373.4115, 'N_ooa': 897.45017, 'N_ceu': 299.36255, 'N_chb': 330.88082, 'gr_ceu': 0.00023, 'gr_chb': 0.00023, 'm_yri_ooa': 1e-05, 'm_yri_ceu': 1e-05, 'm_yri_chb': 0.0, 'm_ceu_chb': 0.0} -67542.60307757788
 
 
x_up: {'t1': 1.87928, 't2': 2.32267, 't3': 95.15226, 'N_anc': 498.72509, 'N_yri': 373.4115, 'N_ooa': 897.45017, 'N_ceu': 299.36255, 'N_chb': 330.88082, 'gr_ceu': 0.00023, 'gr_chb': 0.00023, 'm_yri_ooa': 1e-05, 'm_yri_ceu': 0.0, 'm_yri_chb': 0.0, 'm_ceu_chb': 0.0} -67542.60307764554
x: {'t1': 1.87928, 't2': 2.32267, 't3': 95.15226, 'N_anc': 498.72509, 'N_yri': 373.4115, 'N_ooa': 897.45017, 'N_ceu': 299.36255, 'N_chb': 330.88082, 'gr_ceu': 0.00023, 'gr_chb': 0.00023, 'm_yri_ooa': 1e-05, 'm_yri_ceu': 1e-05, 'm_yri_chb': 0.0, 'm_ceu_chb': 0.0} -67542.60307757788
x_down: {'t1': 1.87928, 't2': 2.32267, 't3': 95.15226, 'N_anc': 498.72509, 'N_yri': 373.4115, 'N_ooa': 897.45017, 'N_ceu': 299.36255, 'N_chb': 330.88082, 'gr_ceu': 0.00023, 'gr_chb': 0.00023, 'm_yri_ooa': 1e-05, 'm_yri_ceu': 1e-05, 'm_yri_chb': 0.0, 'm_ceu_chb': 0.0} -67542.60307757788
 
 
x_up: {'t1': 1.87928, 't2': 2.32267, 't3': 95.15226, 'N_anc': 498.72509, 'N_yri': 373.4115, 'N_ooa': 897.45017, 'N_ceu': 299.36255, 'N_chb': 330.88082, 'gr_ceu': 0.00023, 'gr_chb': 0.00023, 'm_yri_ooa': 1e-05, 'm_yri_ceu': 1e-05, 'm_yri_chb': 0.0, 'm_ceu_chb': 0.0} -67542.60307757788
x: {'t1': 1.87928, 't2': 2.32267, 't3': 95.15226, 'N_anc': 498.72509, 'N_yri': 373.4115, 'N_ooa': 897.45017, 'N_ceu': 299.36255, 'N_chb': 330.88082, 'gr_ceu': 0.00023, 'gr_chb': 0.00023, 'm_yri_ooa': 1e-05, 'm_yri_ceu': 1e-05, 'm_yri_chb': 0.0, 'm_ceu_chb': 0.0} -67542.60307757788
x_down: {'t1': 1.87928, 't2': 2.32267, 't3': 95.15226, 'N_anc': 498.72509, 'N_yri': 373.4115, 'N_ooa': 897.45017, 'N_ceu': 299.36255, 'N_chb': 330.88082, 'gr_ceu': 0.00023, 'gr_chb': 0.00023, 'm_yri_ooa': 1e-05, 'm_yri_ceu': 1e-05, 'm_yri_chb': 1e-05, 'm_ceu_chb': 0.0} -67542.60307757692
 
 
x_up: {'t1': 1.87928, 't2': 2.32267, 't3': 95.15226, 'N_anc': 498.72509, 'N_yri': 373.4115, 'N_ooa': 897.45017, 'N_ceu': 299.36255, 'N_chb': 330.88082, 'gr_ceu': 0.00023, 'gr_chb': 0.00023, 'm_yri_ooa': 1e-05, 'm_yri_ceu': 1e-05, 'm_yri_chb': 1e-05, 'm_ceu_chb': 0.0} -67542.60307757692
x: {'t1': 1.87928, 't2': 2.32267, 't3': 95.15226, 'N_anc': 498.72509, 'N_yri': 373.4115, 'N_ooa': 897.45017, 'N_ceu': 299.36255, 'N_chb': 330.88082, 'gr_ceu': 0.00023, 'gr_chb': 0.00023, 'm_yri_ooa': 1e-05, 'm_yri_ceu': 1e-05, 'm_yri_chb': 1e-05, 'm_ceu_chb': 0.0} -67542.60307757692
x_down: {'t1': 1.87928, 't2': 2.32267, 't3': 95.15226, 'N_anc': 498.72509, 'N_yri': 373.4115, 'N_ooa': 897.45017, 'N_ceu': 299.36255, 'N_chb': 330.88082, 'gr_ceu': 0.00023, 'gr_chb': 0.00023, 'm_yri_ooa': 1e-05, 'm_yri_ceu': 1e-05, 'm_yri_chb': 1e-05, 'm_ceu_chb': 1e-05} -67542.60307757612
 
{'t1': 1.87928, 't2': 2.32267, 't3': 95.15226, 'N_anc': 498.72509, 'N_yri': 373.4115, 'N_ooa': 897.45017, 'N_ceu': 299.36255, 'N_chb': 330.88082, 'gr_ceu': 0.00023, 'gr_chb': 0.00023, 'm_yri_ooa': 1e-05, 'm_yri_ceu': 1e-05, 'm_yri_chb': 1e-05, 'm_ceu_chb': 1e-05} -67542.60307757612
 
x_up: {'t1': 1.96242, 't2': 2.32267, 't3': 95.15226, 'N_anc': 498.72509, 'N_yri': 373.4115, 'N_ooa': 897.45017, 'N_ceu': 299.36255, 'N_chb': 330.88082, 'gr_ceu': 0.00023, 'gr_chb': 0.00023, 'm_yri_ooa': 1e-05, 'm_yri_ceu': 1e-05, 'm_yri_chb': 1e-05, 'm_ceu_chb': 1e-05} -67546.92621855457
x: {'t1': 1.87928, 't2': 2.32267, 't3': 95.15226, 'N_anc': 498.72509, 'N_yri': 373.4115, 'N_ooa': 897.45017, 'N_ceu': 299.36255, 'N_chb': 330.88082, 'gr_ceu': 0.00023, 'gr_chb': 0.00023, 'm_yri_ooa': 1e-05, 'm_yri_ceu': 1e-05, 'm_yri_chb': 1e-05, 'm_ceu_chb': 1e-05} -67542.60307757612
x_down: {'t1': 1.79614, 't2': 2.32267, 't3': 95.15226, 'N_anc': 498.72509, 'N_yri': 373.4115, 'N_ooa': 897.45017, 'N_ceu': 299.36255, 'N_chb': 330.88082, 'gr_ceu': 0.00023, 'gr_chb': 0.00023, 'm_yri_ooa': 1e-05, 'm_yri_ceu': 1e-05, 'm_yri_chb': 1e-05, 'm_ceu_chb': 1e-05} -67542.1404689145
 
 
x_up: {'t1': 1.79614, 't2': 2.37203, 't3': 95.15226, 'N_anc': 498.72509, 'N_yri': 373.4115, 'N_ooa': 897.45017, 'N_ceu': 299.36255, 'N_chb': 330.88082, 'gr_ceu': 0.00023, 'gr_chb': 0.00023, 'm_yri_ooa': 1e-05, 'm_yri_ceu': 1e-05, 'm_yri_chb': 1e-05, 'm_ceu_chb': 1e-05} -67547.90498865258
x: {'t1': 1.79614, 't2': 2.32267, 't3': 95.15226, 'N_anc': 498.72509, 'N_yri': 373.4115, 'N_ooa': 897.45017, 'N_ceu': 299.36255, 'N_chb': 330.88082, 'gr_ceu': 0.00023, 'gr_chb': 0.00023, 'm_yri_ooa': 1e-05, 'm_yri_ceu': 1e-05, 'm_yri_chb': 1e-05, 'm_ceu_chb': 1e-05} -67542.1404689145
x_down: {'t1': 1.79614, 't2': 2.27331, 't3': 95.15226, 'N_anc': 498.72509, 'N_yri': 373.4115, 'N_ooa': 897.45017, 'N_ceu': 299.36255, 'N_chb': 330.88082, 'gr_ceu': 0.00023, 'gr_chb': 0.00023, 'm_yri_ooa': 1e-05, 'm_yri_ceu': 1e-05, 'm_yri_chb': 1e-05, 'm_ceu_chb': 1e-05} -67551.46823000482
 
 
x_up: {'t1': 1.79614, 't2': 2.32267, 't3': 99.79374, 'N_anc': 498.72509, 'N_yri': 373.4115, 'N_ooa': 897.45017, 'N_ceu': 299.36255, 'N_chb': 330.88082, 'gr_ceu': 0.00023, 'gr_chb': 0.00023, 'm_yri_ooa': 1e-05, 'm_yri_ceu': 1e-05, 'm_yri_chb': 1e-05, 'm_ceu_chb': 1e-05} -67544.40482253293
x: {'t1': 1.79614, 't2': 2.32267, 't3': 95.15226, 'N_anc': 498.72509, 'N_yri': 373.4115, 'N_ooa': 897.45017, 'N_ceu': 299.36255, 'N_chb': 330.88082, 'gr_ceu': 0.00023, 'gr_chb': 0.00023, 'm_yri_ooa': 1e-05, 'm_yri_ceu': 1e-05, 'm_yri_chb': 1e-05, 'm_ceu_chb': 1e-05} -67542.1404689145
x_down: {'t1': 1.79614, 't2': 2.32267, 't3': 90.51078, 'N_anc': 498.72509, 'N_yri': 373.4115, 'N_ooa': 897.45017, 'N_ceu': 299.36255, 'N_chb': 330.88082, 'gr_ceu': 0.00023, 'gr_chb': 0.00023, 'm_yri_ooa': 1e-05, 'm_yri_ceu': 1e-05, 'm_yri_chb': 1e-05, 'm_ceu_chb': 1e-05} -67547.14949343626
 
 
x_up: {'t1': 1.79614, 't2': 2.32267, 't3': 95.15226, 'N_anc': 526.76045, 'N_yri': 373.4115, 'N_ooa': 897.45017, 'N_ceu': 299.36255, 'N_chb': 330.88082, 'gr_ceu': 0.00023, 'gr_chb': 0.00023, 'm_yri_ooa': 1e-05, 'm_yri_ceu': 1e-05, 'm_yri_chb': 1e-05, 'm_ceu_chb': 1e-05} -67542.66281567146
x: {'t1': 1.79614, 't2': 2.32267, 't3': 95.15226, 'N_anc': 498.72509, 'N_yri': 373.4115, 'N_ooa': 897.45017, 'N_ceu': 299.36255, 'N_chb': 330.88082, 'gr_ceu': 0.00023, 'gr_chb': 0.00023, 'm_yri_ooa': 1e-05, 'm_yri_ceu': 1e-05, 'm_yri_chb': 1e-05, 'm_ceu_chb': 1e-05} -67542.1404689145
x_down: {'t1': 1.79614, 't2': 2.32267, 't3': 95.15226, 'N_anc': 470.68973, 'N_yri': 373.4115, 'N_ooa': 897.45017, 'N_ceu': 299.36255, 'N_chb': 330.88082, 'gr_ceu': 0.00023, 'gr_chb': 0.00023, 'm_yri_ooa': 1e-05, 'm_yri_ceu': 1e-05, 'm_yri_chb': 1e-05, 'm_ceu_chb': 1e-05} -67542.18234851744
 
 
x_up: {'t1': 1.79614, 't2': 2.32267, 't3': 95.15226, 'N_anc': 498.72509, 'N_yri': 387.08207, 'N_ooa': 897.45017, 'N_ceu': 299.36255, 'N_chb': 330.88082, 'gr_ceu': 0.00023, 'gr_chb': 0.00023, 'm_yri_ooa': 1e-05, 'm_yri_ceu': 1e-05, 'm_yri_chb': 1e-05, 'm_ceu_chb': 1e-05} -67541.48268304548
x: {'t1': 1.79614, 't2': 2.32267, 't3': 95.15226, 'N_anc': 498.72509, 'N_yri': 373.4115, 'N_ooa': 897.45017, 'N_ceu': 299.36255, 'N_chb': 330.88082, 'gr_ceu': 0.00023, 'gr_chb': 0.00023, 'm_yri_ooa': 1e-05, 'm_yri_ceu': 1e-05, 'm_yri_chb': 1e-05, 'm_ceu_chb': 1e-05} -67542.1404689145
x_down: {'t1': 1.79614, 't2': 2.32267, 't3': 95.15226, 'N_anc': 498.72509, 'N_yri': 359.74093, 'N_ooa': 897.45017, 'N_ceu': 299.36255, 'N_chb': 330.88082, 'gr_ceu': 0.00023, 'gr_chb': 0.00023, 'm_yri_ooa': 1e-05, 'm_yri_ceu': 1e-05, 'm_yri_chb': 1e-05, 'm_ceu_chb': 1e-05} -67540.89167179461
 
 
x_up: {'t1': 1.79614, 't2': 2.32267, 't3': 95.15226, 'N_anc': 498.72509, 'N_yri': 359.74093, 'N_ooa': 937.32268, 'N_ceu': 299.36255, 'N_chb': 330.88082, 'gr_ceu': 0.00023, 'gr_chb': 0.00023, 'm_yri_ooa': 1e-05, 'm_yri_ceu': 1e-05, 'm_yri_chb': 1e-05, 'm_ceu_chb': 1e-05} -67541.82412556055
x: {'t1': 1.79614, 't2': 2.32267, 't3': 95.15226, 'N_anc': 498.72509, 'N_yri': 359.74093, 'N_ooa': 897.45017, 'N_ceu': 299.36255, 'N_chb': 330.88082, 'gr_ceu': 0.00023, 'gr_chb': 0.00023, 'm_yri_ooa': 1e-05, 'm_yri_ceu': 1e-05, 'm_yri_chb': 1e-05, 'm_ceu_chb': 1e-05} -67540.89167179461
x_down: {'t1': 1.79614, 't2': 2.32267, 't3': 95.15226, 'N_anc': 498.72509, 'N_yri': 359.74093, 'N_ooa': 857.57766, 'N_ceu': 299.36255, 'N_chb': 330.88082, 'gr_ceu': 0.00023, 'gr_chb': 0.00023, 'm_yri_ooa': 1e-05, 'm_yri_ceu': 1e-05, 'm_yri_chb': 1e-05, 'm_ceu_chb': 1e-05} -67548.02165879705
 
 
x_up: {'t1': 1.79614, 't2': 2.32267, 't3': 95.15226, 'N_anc': 498.72509, 'N_yri': 359.74093, 'N_ooa': 897.45017, 'N_ceu': 327.39791, 'N_chb': 330.88082, 'gr_ceu': 0.00023, 'gr_chb': 0.00023, 'm_yri_ooa': 1e-05, 'm_yri_ceu': 1e-05, 'm_yri_chb': 1e-05, 'm_ceu_chb': 1e-05} -67542.19603334417
x: {'t1': 1.79614, 't2': 2.32267, 't3': 95.15226, 'N_anc': 498.72509, 'N_yri': 359.74093, 'N_ooa': 897.45017, 'N_ceu': 299.36255, 'N_chb': 330.88082, 'gr_ceu': 0.00023, 'gr_chb': 0.00023, 'm_yri_ooa': 1e-05, 'm_yri_ceu': 1e-05, 'm_yri_chb': 1e-05, 'm_ceu_chb': 1e-05} -67540.89167179461
x_down: {'t1': 1.79614, 't2': 2.32267, 't3': 95.15226, 'N_anc': 498.72509, 'N_yri': 359.74093, 'N_ooa': 897.45017, 'N_ceu': 271.32719, 'N_chb': 330.88082, 'gr_ceu': 0.00023, 'gr_chb': 0.00023, 'm_yri_ooa': 1e-05, 'm_yri_ceu': 1e-05, 'm_yri_chb': 1e-05, 'm_ceu_chb': 1e-05} -67545.4663344592
 
 
x_up: {'t1': 1.79614, 't2': 2.32267, 't3': 95.15226, 'N_anc': 498.72509, 'N_yri': 359.74093, 'N_ooa': 897.45017, 'N_ceu': 299.36255, 'N_chb': 348.19688, 'gr_ceu': 0.00023, 'gr_chb': 0.00023, 'm_yri_ooa': 1e-05, 'm_yri_ceu': 1e-05, 'm_yri_chb': 1e-05, 'm_ceu_chb': 1e-05} -67541.46987790905
x: {'t1': 1.79614, 't2': 2.32267, 't3': 95.15226, 'N_anc': 498.72509, 'N_yri': 359.74093, 'N_ooa': 897.45017, 'N_ceu': 299.36255, 'N_chb': 330.88082, 'gr_ceu': 0.00023, 'gr_chb': 0.00023, 'm_yri_ooa': 1e-05, 'm_yri_ceu': 1e-05, 'm_yri_chb': 1e-05, 'm_ceu_chb': 1e-05} -67540.89167179461
x_down: {'t1': 1.79614, 't2': 2.32267, 't3': 95.15226, 'N_anc': 498.72509, 'N_yri': 359.74093, 'N_ooa': 897.45017, 'N_ceu': 299.36255, 'N_chb': 313.56476, 'gr_ceu': 0.00023, 'gr_chb': 0.00023, 'm_yri_ooa': 1e-05, 'm_yri_ceu': 1e-05, 'm_yri_chb': 1e-05, 'm_ceu_chb': 1e-05} -67542.37325586728
 
 
x_up: {'t1': 1.79614, 't2': 2.32267, 't3': 95.15226, 'N_anc': 498.72509, 'N_yri': 359.74093, 'N_ooa': 897.45017, 'N_ceu': 299.36255, 'N_chb': 330.88082, 'gr_ceu': 0.00035, 'gr_chb': 0.00023, 'm_yri_ooa': 1e-05, 'm_yri_ceu': 1e-05, 'm_yri_chb': 1e-05, 'm_ceu_chb': 1e-05} -67540.89667713342
x: {'t1': 1.79614, 't2': 2.32267, 't3': 95.15226, 'N_anc': 498.72509, 'N_yri': 359.74093, 'N_ooa': 897.45017, 'N_ceu': 299.36255, 'N_chb': 330.88082, 'gr_ceu': 0.00023, 'gr_chb': 0.00023, 'm_yri_ooa': 1e-05, 'm_yri_ceu': 1e-05, 'm_yri_chb': 1e-05, 'm_ceu_chb': 1e-05} -67540.89167179461
x_down: {'t1': 1.79614, 't2': 2.32267, 't3': 95.15226, 'N_anc': 498.72509, 'N_yri': 359.74093, 'N_ooa': 897.45017, 'N_ceu': 299.36255, 'N_chb': 330.88082, 'gr_ceu': 0.00012, 'gr_chb': 0.00023, 'm_yri_ooa': 1e-05, 'm_yri_ceu': 1e-05, 'm_yri_chb': 1e-05, 'm_ceu_chb': 1e-05} -67540.88709541368
 
 
x_up: {'t1': 1.79614, 't2': 2.32267, 't3': 95.15226, 'N_anc': 498.72509, 'N_yri': 359.74093, 'N_ooa': 897.45017, 'N_ceu': 299.36255, 'N_chb': 330.88082, 'gr_ceu': 0.00012, 'gr_chb': 0.00035, 'm_yri_ooa': 1e-05, 'm_yri_ceu': 1e-05, 'm_yri_chb': 1e-05, 'm_ceu_chb': 1e-05} -67540.89200502887
x: {'t1': 1.79614, 't2': 2.32267, 't3': 95.15226, 'N_anc': 498.72509, 'N_yri': 359.74093, 'N_ooa': 897.45017, 'N_ceu': 299.36255, 'N_chb': 330.88082, 'gr_ceu': 0.00012, 'gr_chb': 0.00023, 'm_yri_ooa': 1e-05, 'm_yri_ceu': 1e-05, 'm_yri_chb': 1e-05, 'm_ceu_chb': 1e-05} -67540.88709541368
x_down: {'t1': 1.79614, 't2': 2.32267, 't3': 95.15226, 'N_anc': 498.72509, 'N_yri': 359.74093, 'N_ooa': 897.45017, 'N_ceu': 299.36255, 'N_chb': 330.88082, 'gr_ceu': 0.00012, 'gr_chb': 0.00012, 'm_yri_ooa': 1e-05, 'm_yri_ceu': 1e-05, 'm_yri_chb': 1e-05, 'm_ceu_chb': 1e-05} -67540.88260760785
 
 
x_up: {'t1': 1.79614, 't2': 2.32267, 't3': 95.15226, 'N_anc': 498.72509, 'N_yri': 359.74093, 'N_ooa': 897.45017, 'N_ceu': 299.36255, 'N_chb': 330.88082, 'gr_ceu': 0.00012, 'gr_chb': 0.00012, 'm_yri_ooa': 0.0, 'm_yri_ceu': 1e-05, 'm_yri_chb': 1e-05, 'm_ceu_chb': 1e-05} -67540.81718062909
x: {'t1': 1.79614, 't2': 2.32267, 't3': 95.15226, 'N_anc': 498.72509, 'N_yri': 359.74093, 'N_ooa': 897.45017, 'N_ceu': 299.36255, 'N_chb': 330.88082, 'gr_ceu': 0.00012, 'gr_chb': 0.00012, 'm_yri_ooa': 1e-05, 'm_yri_ceu': 1e-05, 'm_yri_chb': 1e-05, 'm_ceu_chb': 1e-05} -67540.88260760785
x_down: {'t1': 1.79614, 't2': 2.32267, 't3': 95.15226, 'N_anc': 498.72509, 'N_yri': 359.74093, 'N_ooa': 897.45017, 'N_ceu': 299.36255, 'N_chb': 330.88082, 'gr_ceu': 0.00012, 'gr_chb': 0.00012, 'm_yri_ooa': 1e-05, 'm_yri_ceu': 1e-05, 'm_yri_chb': 1e-05, 'm_ceu_chb': 1e-05} -67540.88260760785
 
 
x_up: {'t1': 1.79614, 't2': 2.32267, 't3': 95.15226, 'N_anc': 498.72509, 'N_yri': 359.74093, 'N_ooa': 897.45017, 'N_ceu': 299.36255, 'N_chb': 330.88082, 'gr_ceu': 0.00012, 'gr_chb': 0.00012, 'm_yri_ooa': 0.0, 'm_yri_ceu': 0.0, 'm_yri_chb': 1e-05, 'm_ceu_chb': 1e-05} -67540.81718062973
x: {'t1': 1.79614, 't2': 2.32267, 't3': 95.15226, 'N_anc': 498.72509, 'N_yri': 359.74093, 'N_ooa': 897.45017, 'N_ceu': 299.36255, 'N_chb': 330.88082, 'gr_ceu': 0.00012, 'gr_chb': 0.00012, 'm_yri_ooa': 0.0, 'm_yri_ceu': 1e-05, 'm_yri_chb': 1e-05, 'm_ceu_chb': 1e-05} -67540.81718062909
x_down: {'t1': 1.79614, 't2': 2.32267, 't3': 95.15226, 'N_anc': 498.72509, 'N_yri': 359.74093, 'N_ooa': 897.45017, 'N_ceu': 299.36255, 'N_chb': 330.88082, 'gr_ceu': 0.00012, 'gr_chb': 0.00012, 'm_yri_ooa': 0.0, 'm_yri_ceu': 1e-05, 'm_yri_chb': 1e-05, 'm_ceu_chb': 1e-05} -67540.81718062909
 
 
x_up: {'t1': 1.79614, 't2': 2.32267, 't3': 95.15226, 'N_anc': 498.72509, 'N_yri': 359.74093, 'N_ooa': 897.45017, 'N_ceu': 299.36255, 'N_chb': 330.88082, 'gr_ceu': 0.00012, 'gr_chb': 0.00012, 'm_yri_ooa': 0.0, 'm_yri_ceu': 1e-05, 'm_yri_chb': 0.0, 'm_ceu_chb': 1e-05} -67540.81718062902
x: {'t1': 1.79614, 't2': 2.32267, 't3': 95.15226, 'N_anc': 498.72509, 'N_yri': 359.74093, 'N_ooa': 897.45017, 'N_ceu': 299.36255, 'N_chb': 330.88082, 'gr_ceu': 0.00012, 'gr_chb': 0.00012, 'm_yri_ooa': 0.0, 'm_yri_ceu': 1e-05, 'm_yri_chb': 1e-05, 'm_ceu_chb': 1e-05} -67540.81718062909
x_down: {'t1': 1.79614, 't2': 2.32267, 't3': 95.15226, 'N_anc': 498.72509, 'N_yri': 359.74093, 'N_ooa': 897.45017, 'N_ceu': 299.36255, 'N_chb': 330.88082, 'gr_ceu': 0.00012, 'gr_chb': 0.00012, 'm_yri_ooa': 0.0, 'm_yri_ceu': 1e-05, 'm_yri_chb': 1e-05, 'm_ceu_chb': 1e-05} -67540.81718062909
 
 
x_up: {'t1': 1.79614, 't2': 2.32267, 't3': 95.15226, 'N_anc': 498.72509, 'N_yri': 359.74093, 'N_ooa': 897.45017, 'N_ceu': 299.36255, 'N_chb': 330.88082, 'gr_ceu': 0.00012, 'gr_chb': 0.00012, 'm_yri_ooa': 0.0, 'm_yri_ceu': 1e-05, 'm_yri_chb': 0.0, 'm_ceu_chb': 0.0} -67540.81718062937
x: {'t1': 1.79614, 't2': 2.32267, 't3': 95.15226, 'N_anc': 498.72509, 'N_yri': 359.74093, 'N_ooa': 897.45017, 'N_ceu': 299.36255, 'N_chb': 330.88082, 'gr_ceu': 0.00012, 'gr_chb': 0.00012, 'm_yri_ooa': 0.0, 'm_yri_ceu': 1e-05, 'm_yri_chb': 0.0, 'm_ceu_chb': 1e-05} -67540.81718062902
x_down: {'t1': 1.79614, 't2': 2.32267, 't3': 95.15226, 'N_anc': 498.72509, 'N_yri': 359.74093, 'N_ooa': 897.45017, 'N_ceu': 299.36255, 'N_chb': 330.88082, 'gr_ceu': 0.00012, 'gr_chb': 0.00012, 'm_yri_ooa': 0.0, 'm_yri_ceu': 1e-05, 'm_yri_chb': 0.0, 'm_ceu_chb': 1e-05} -67540.81718062902
 
{'t1': 1.79614, 't2': 2.32267, 't3': 95.15226, 'N_anc': 498.72509, 'N_yri': 359.74093, 'N_ooa': 897.45017, 'N_ceu': 299.36255, 'N_chb': 330.88082, 'gr_ceu': 0.00012, 'gr_chb': 0.00012, 'm_yri_ooa': 0.0, 'm_yri_ceu': 1e-05, 'm_yri_chb': 0.0, 'm_ceu_chb': 1e-05} -67540.81718062902
 
x_up: {'t1': 1.94423, 't2': 2.32267, 't3': 95.15226, 'N_anc': 498.72509, 'N_yri': 359.74093, 'N_ooa': 897.45017, 'N_ceu': 299.36255, 'N_chb': 330.88082, 'gr_ceu': 0.00012, 'gr_chb': 0.00012, 'm_yri_ooa': 0.0, 'm_yri_ceu': 1e-05, 'm_yri_chb': 0.0, 'm_ceu_chb': 1e-05} -67539.02730225747
x: {'t1': 1.79614, 't2': 2.32267, 't3': 95.15226, 'N_anc': 498.72509, 'N_yri': 359.74093, 'N_ooa': 897.45017, 'N_ceu': 299.36255, 'N_chb': 330.88082, 'gr_ceu': 0.00012, 'gr_chb': 0.00012, 'm_yri_ooa': 0.0, 'm_yri_ceu': 1e-05, 'm_yri_chb': 0.0, 'm_ceu_chb': 1e-05} -67540.81718062902
x_down: {'t1': 1.64805, 't2': 2.32267, 't3': 95.15226, 'N_anc': 498.72509, 'N_yri': 359.74093, 'N_ooa': 897.45017, 'N_ceu': 299.36255, 'N_chb': 330.88082, 'gr_ceu': 0.00012, 'gr_chb': 0.00012, 'm_yri_ooa': 0.0, 'm_yri_ceu': 1e-05, 'm_yri_chb': 0.0, 'm_ceu_chb': 1e-05} -67541.83057690962
 
 
x_up: {'t1': 1.94423, 't2': 2.34159, 't3': 95.15226, 'N_anc': 498.72509, 'N_yri': 359.74093, 'N_ooa': 897.45017, 'N_ceu': 299.36255, 'N_chb': 330.88082, 'gr_ceu': 0.00012, 'gr_chb': 0.00012, 'm_yri_ooa': 0.0, 'm_yri_ceu': 1e-05, 'm_yri_chb': 0.0, 'm_ceu_chb': 1e-05} -67539.08042924019
x: {'t1': 1.94423, 't2': 2.32267, 't3': 95.15226, 'N_anc': 498.72509, 'N_yri': 359.74093, 'N_ooa': 897.45017, 'N_ceu': 299.36255, 'N_chb': 330.88082, 'gr_ceu': 0.00012, 'gr_chb': 0.00012, 'm_yri_ooa': 0.0, 'm_yri_ceu': 1e-05, 'm_yri_chb': 0.0, 'm_ceu_chb': 1e-05} -67539.02730225747
x_down: {'t1': 1.94423, 't2': 2.30375, 't3': 95.15226, 'N_anc': 498.72509, 'N_yri': 359.74093, 'N_ooa': 897.45017, 'N_ceu': 299.36255, 'N_chb': 330.88082, 'gr_ceu': 0.00012, 'gr_chb': 0.00012, 'm_yri_ooa': 0.0, 'm_yri_ceu': 1e-05, 'm_yri_chb': 0.0, 'm_ceu_chb': 1e-05} -67560.37852057525
 
 
x_up: {'t1': 1.94423, 't2': 2.32267, 't3': 99.79374, 'N_anc': 498.72509, 'N_yri': 359.74093, 'N_ooa': 897.45017, 'N_ceu': 299.36255, 'N_chb': 330.88082, 'gr_ceu': 0.00012, 'gr_chb': 0.00012, 'm_yri_ooa': 0.0, 'm_yri_ceu': 1e-05, 'm_yri_chb': 0.0, 'm_ceu_chb': 1e-05} -67541.2916558759
x: {'t1': 1.94423, 't2': 2.32267, 't3': 95.15226, 'N_anc': 498.72509, 'N_yri': 359.74093, 'N_ooa': 897.45017, 'N_ceu': 299.36255, 'N_chb': 330.88082, 'gr_ceu': 0.00012, 'gr_chb': 0.00012, 'm_yri_ooa': 0.0, 'm_yri_ceu': 1e-05, 'm_yri_chb': 0.0, 'm_ceu_chb': 1e-05} -67539.02730225747
x_down: {'t1': 1.94423, 't2': 2.32267, 't3': 90.51078, 'N_anc': 498.72509, 'N_yri': 359.74093, 'N_ooa': 897.45017, 'N_ceu': 299.36255, 'N_chb': 330.88082, 'gr_ceu': 0.00012, 'gr_chb': 0.00012, 'm_yri_ooa': 0.0, 'm_yri_ceu': 1e-05, 'm_yri_chb': 0.0, 'm_ceu_chb': 1e-05} -67544.03632677923
 
 
x_up: {'t1': 1.94423, 't2': 2.32267, 't3': 95.15226, 'N_anc': 518.66134, 'N_yri': 359.74093, 'N_ooa': 897.45017, 'N_ceu': 299.36255, 'N_chb': 330.88082, 'gr_ceu': 0.00012, 'gr_chb': 0.00012, 'm_yri_ooa': 0.0, 'm_yri_ceu': 1e-05, 'm_yri_chb': 0.0, 'm_ceu_chb': 1e-05} -67539.34799046609
x: {'t1': 1.94423, 't2': 2.32267, 't3': 95.15226, 'N_anc': 498.72509, 'N_yri': 359.74093, 'N_ooa': 897.45017, 'N_ceu': 299.36255, 'N_chb': 330.88082, 'gr_ceu': 0.00012, 'gr_chb': 0.00012, 'm_yri_ooa': 0.0, 'm_yri_ceu': 1e-05, 'm_yri_chb': 0.0, 'm_ceu_chb': 1e-05} -67539.02730225747
x_down: {'t1': 1.94423, 't2': 2.32267, 't3': 95.15226, 'N_anc': 478.78884, 'N_yri': 359.74093, 'N_ooa': 897.45017, 'N_ceu': 299.36255, 'N_chb': 330.88082, 'gr_ceu': 0.00012, 'gr_chb': 0.00012, 'm_yri_ooa': 0.0, 'm_yri_ceu': 1e-05, 'm_yri_chb': 0.0, 'm_ceu_chb': 1e-05} -67538.99125077682
 
 
x_up: {'t1': 1.94423, 't2': 2.32267, 't3': 95.15226, 'N_anc': 478.78884, 'N_yri': 379.2215, 'N_ooa': 897.45017, 'N_ceu': 299.36255, 'N_chb': 330.88082, 'gr_ceu': 0.00012, 'gr_chb': 0.00012, 'm_yri_ooa': 0.0, 'm_yri_ceu': 1e-05, 'm_yri_chb': 0.0, 'm_ceu_chb': 1e-05} -67541.56536743717
x: {'t1': 1.94423, 't2': 2.32267, 't3': 95.15226, 'N_anc': 478.78884, 'N_yri': 359.74093, 'N_ooa': 897.45017, 'N_ceu': 299.36255, 'N_chb': 330.88082, 'gr_ceu': 0.00012, 'gr_chb': 0.00012, 'm_yri_ooa': 0.0, 'm_yri_ceu': 1e-05, 'm_yri_chb': 0.0, 'm_ceu_chb': 1e-05} -67538.99125077682
x_down: {'t1': 1.94423, 't2': 2.32267, 't3': 95.15226, 'N_anc': 478.78884, 'N_yri': 340.26036, 'N_ooa': 897.45017, 'N_ceu': 299.36255, 'N_chb': 330.88082, 'gr_ceu': 0.00012, 'gr_chb': 0.00012, 'm_yri_ooa': 0.0, 'm_yri_ceu': 1e-05, 'm_yri_chb': 0.0, 'm_ceu_chb': 1e-05} -67544.53647534357
 
 
x_up: {'t1': 1.94423, 't2': 2.32267, 't3': 95.15226, 'N_anc': 478.78884, 'N_yri': 359.74093, 'N_ooa': 937.32268, 'N_ceu': 299.36255, 'N_chb': 330.88082, 'gr_ceu': 0.00012, 'gr_chb': 0.00012, 'm_yri_ooa': 0.0, 'm_yri_ceu': 1e-05, 'm_yri_chb': 0.0, 'm_ceu_chb': 1e-05} -67544.00119295793
x: {'t1': 1.94423, 't2': 2.32267, 't3': 95.15226, 'N_anc': 478.78884, 'N_yri': 359.74093, 'N_ooa': 897.45017, 'N_ceu': 299.36255, 'N_chb': 330.88082, 'gr_ceu': 0.00012, 'gr_chb': 0.00012, 'm_yri_ooa': 0.0, 'm_yri_ceu': 1e-05, 'm_yri_chb': 0.0, 'm_ceu_chb': 1e-05} -67538.99125077682
x_down: {'t1': 1.94423, 't2': 2.32267, 't3': 95.15226, 'N_anc': 478.78884, 'N_yri': 359.74093, 'N_ooa': 857.57766, 'N_ceu': 299.36255, 'N_chb': 330.88082, 'gr_ceu': 0.00012, 'gr_chb': 0.00012, 'm_yri_ooa': 0.0, 'm_yri_ceu': 1e-05, 'm_yri_chb': 0.0, 'm_ceu_chb': 1e-05} -67551.86872954096
 
 
x_up: {'t1': 1.94423, 't2': 2.32267, 't3': 95.15226, 'N_anc': 478.78884, 'N_yri': 359.74093, 'N_ooa': 897.45017, 'N_ceu': 313.38023, 'N_chb': 330.88082, 'gr_ceu': 0.00012, 'gr_chb': 0.00012, 'm_yri_ooa': 0.0, 'm_yri_ceu': 1e-05, 'm_yri_chb': 0.0, 'm_ceu_chb': 1e-05} -67539.20937139004
x: {'t1': 1.94423, 't2': 2.32267, 't3': 95.15226, 'N_anc': 478.78884, 'N_yri': 359.74093, 'N_ooa': 897.45017, 'N_ceu': 299.36255, 'N_chb': 330.88082, 'gr_ceu': 0.00012, 'gr_chb': 0.00012, 'm_yri_ooa': 0.0, 'm_yri_ceu': 1e-05, 'm_yri_chb': 0.0, 'm_ceu_chb': 1e-05} -67538.99125077682
x_down: {'t1': 1.94423, 't2': 2.32267, 't3': 95.15226, 'N_anc': 478.78884, 'N_yri': 359.74093, 'N_ooa': 897.45017, 'N_ceu': 285.34487, 'N_chb': 330.88082, 'gr_ceu': 0.00012, 'gr_chb': 0.00012, 'm_yri_ooa': 0.0, 'm_yri_ceu': 1e-05, 'm_yri_chb': 0.0, 'm_ceu_chb': 1e-05} -67541.24035887347
 
 
x_up: {'t1': 1.94423, 't2': 2.32267, 't3': 95.15226, 'N_anc': 478.78884, 'N_yri': 359.74093, 'N_ooa': 897.45017, 'N_ceu': 299.36255, 'N_chb': 342.42486, 'gr_ceu': 0.00012, 'gr_chb': 0.00012, 'm_yri_ooa': 0.0, 'm_yri_ceu': 1e-05, 'm_yri_chb': 0.0, 'm_ceu_chb': 1e-05} -67539.16957816204
x: {'t1': 1.94423, 't2': 2.32267, 't3': 95.15226, 'N_anc': 478.78884, 'N_yri': 359.74093, 'N_ooa': 897.45017, 'N_ceu': 299.36255, 'N_chb': 330.88082, 'gr_ceu': 0.00012, 'gr_chb': 0.00012, 'm_yri_ooa': 0.0, 'm_yri_ceu': 1e-05, 'm_yri_chb': 0.0, 'm_ceu_chb': 1e-05} -67538.99125077682
x_down: {'t1': 1.94423, 't2': 2.32267, 't3': 95.15226, 'N_anc': 478.78884, 'N_yri': 359.74093, 'N_ooa': 897.45017, 'N_ceu': 299.36255, 'N_chb': 319.33678, 'gr_ceu': 0.00012, 'gr_chb': 0.00012, 'm_yri_ooa': 0.0, 'm_yri_ceu': 1e-05, 'm_yri_chb': 0.0, 'm_ceu_chb': 1e-05} -67540.09247067117
 
 
x_up: {'t1': 1.94423, 't2': 2.32267, 't3': 95.15226, 'N_anc': 478.78884, 'N_yri': 359.74093, 'N_ooa': 897.45017, 'N_ceu': 299.36255, 'N_chb': 330.88082, 'gr_ceu': 0.00018, 'gr_chb': 0.00012, 'm_yri_ooa': 0.0, 'm_yri_ceu': 1e-05, 'm_yri_chb': 0.0, 'm_ceu_chb': 1e-05} -67538.99449662161
x: {'t1': 1.94423, 't2': 2.32267, 't3': 95.15226, 'N_anc': 478.78884, 'N_yri': 359.74093, 'N_ooa': 897.45017, 'N_ceu': 299.36255, 'N_chb': 330.88082, 'gr_ceu': 0.00012, 'gr_chb': 0.00012, 'm_yri_ooa': 0.0, 'm_yri_ceu': 1e-05, 'm_yri_chb': 0.0, 'm_ceu_chb': 1e-05} -67538.99125077682
x_down: {'t1': 1.94423, 't2': 2.32267, 't3': 95.15226, 'N_anc': 478.78884, 'N_yri': 359.74093, 'N_ooa': 897.45017, 'N_ceu': 299.36255, 'N_chb': 330.88082, 'gr_ceu': 6e-05, 'gr_chb': 0.00012, 'm_yri_ooa': 0.0, 'm_yri_ceu': 1e-05, 'm_yri_chb': 0.0, 'm_ceu_chb': 1e-05} -67538.98801068903
 
 
x_up: {'t1': 1.94423, 't2': 2.32267, 't3': 95.15226, 'N_anc': 478.78884, 'N_yri': 359.74093, 'N_ooa': 897.45017, 'N_ceu': 299.36255, 'N_chb': 330.88082, 'gr_ceu': 6e-05, 'gr_chb': 0.00018, 'm_yri_ooa': 0.0, 'm_yri_ceu': 1e-05, 'm_yri_chb': 0.0, 'm_ceu_chb': 1e-05} -67538.98861272198
x: {'t1': 1.94423, 't2': 2.32267, 't3': 95.15226, 'N_anc': 478.78884, 'N_yri': 359.74093, 'N_ooa': 897.45017, 'N_ceu': 299.36255, 'N_chb': 330.88082, 'gr_ceu': 6e-05, 'gr_chb': 0.00012, 'm_yri_ooa': 0.0, 'm_yri_ceu': 1e-05, 'm_yri_chb': 0.0, 'm_ceu_chb': 1e-05} -67538.98801068903
x_down: {'t1': 1.94423, 't2': 2.32267, 't3': 95.15226, 'N_anc': 478.78884, 'N_yri': 359.74093, 'N_ooa': 897.45017, 'N_ceu': 299.36255, 'N_chb': 330.88082, 'gr_ceu': 6e-05, 'gr_chb': 6e-05, 'm_yri_ooa': 0.0, 'm_yri_ceu': 1e-05, 'm_yri_chb': 0.0, 'm_ceu_chb': 1e-05} -67538.98741432509
 
 
x_up: {'t1': 1.94423, 't2': 2.32267, 't3': 95.15226, 'N_anc': 478.78884, 'N_yri': 359.74093, 'N_ooa': 897.45017, 'N_ceu': 299.36255, 'N_chb': 330.88082, 'gr_ceu': 6e-05, 'gr_chb': 6e-05, 'm_yri_ooa': 0.0, 'm_yri_ceu': 1e-05, 'm_yri_chb': 0.0, 'm_ceu_chb': 1e-05} -67538.98741432509
x: {'t1': 1.94423, 't2': 2.32267, 't3': 95.15226, 'N_anc': 478.78884, 'N_yri': 359.74093, 'N_ooa': 897.45017, 'N_ceu': 299.36255, 'N_chb': 330.88082, 'gr_ceu': 6e-05, 'gr_chb': 6e-05, 'm_yri_ooa': 0.0, 'm_yri_ceu': 1e-05, 'm_yri_chb': 0.0, 'm_ceu_chb': 1e-05} -67538.98741432509
x_down: {'t1': 1.94423, 't2': 2.32267, 't3': 95.15226, 'N_anc': 478.78884, 'N_yri': 359.74093, 'N_ooa': 897.45017, 'N_ceu': 299.36255, 'N_chb': 330.88082, 'gr_ceu': 6e-05, 'gr_chb': 6e-05, 'm_yri_ooa': 1e-05, 'm_yri_ceu': 1e-05, 'm_yri_chb': 0.0, 'm_ceu_chb': 1e-05} -67539.14650255957
 
 
x_up: {'t1': 1.94423, 't2': 2.32267, 't3': 95.15226, 'N_anc': 478.78884, 'N_yri': 359.74093, 'N_ooa': 897.45017, 'N_ceu': 299.36255, 'N_chb': 330.88082, 'gr_ceu': 6e-05, 'gr_chb': 6e-05, 'm_yri_ooa': 0.0, 'm_yri_ceu': 0.0, 'm_yri_chb': 0.0, 'm_ceu_chb': 1e-05} -67538.98741432535
x: {'t1': 1.94423, 't2': 2.32267, 't3': 95.15226, 'N_anc': 478.78884, 'N_yri': 359.74093, 'N_ooa': 897.45017, 'N_ceu': 299.36255, 'N_chb': 330.88082, 'gr_ceu': 6e-05, 'gr_chb': 6e-05, 'm_yri_ooa': 0.0, 'm_yri_ceu': 1e-05, 'm_yri_chb': 0.0, 'm_ceu_chb': 1e-05} -67538.98741432509
x_down: {'t1': 1.94423, 't2': 2.32267, 't3': 95.15226, 'N_anc': 478.78884, 'N_yri': 359.74093, 'N_ooa': 897.45017, 'N_ceu': 299.36255, 'N_chb': 330.88082, 'gr_ceu': 6e-05, 'gr_chb': 6e-05, 'm_yri_ooa': 0.0, 'm_yri_ceu': 1e-05, 'm_yri_chb': 0.0, 'm_ceu_chb': 1e-05} -67538.98741432509
 
 
x_up: {'t1': 1.94423, 't2': 2.32267, 't3': 95.15226, 'N_anc': 478.78884, 'N_yri': 359.74093, 'N_ooa': 897.45017, 'N_ceu': 299.36255, 'N_chb': 330.88082, 'gr_ceu': 6e-05, 'gr_chb': 6e-05, 'm_yri_ooa': 0.0, 'm_yri_ceu': 1e-05, 'm_yri_chb': 0.0, 'm_ceu_chb': 1e-05} -67538.98741432509
x: {'t1': 1.94423, 't2': 2.32267, 't3': 95.15226, 'N_anc': 478.78884, 'N_yri': 359.74093, 'N_ooa': 897.45017, 'N_ceu': 299.36255, 'N_chb': 330.88082, 'gr_ceu': 6e-05, 'gr_chb': 6e-05, 'm_yri_ooa': 0.0, 'm_yri_ceu': 1e-05, 'm_yri_chb': 0.0, 'm_ceu_chb': 1e-05} -67538.98741432509
x_down: {'t1': 1.94423, 't2': 2.32267, 't3': 95.15226, 'N_anc': 478.78884, 'N_yri': 359.74093, 'N_ooa': 897.45017, 'N_ceu': 299.36255, 'N_chb': 330.88082, 'gr_ceu': 6e-05, 'gr_chb': 6e-05, 'm_yri_ooa': 0.0, 'm_yri_ceu': 1e-05, 'm_yri_chb': 1e-05, 'm_ceu_chb': 1e-05} -67538.98741432585
 
 
x_up: {'t1': 1.94423, 't2': 2.32267, 't3': 95.15226, 'N_anc': 478.78884, 'N_yri': 359.74093, 'N_ooa': 897.45017, 'N_ceu': 299.36255, 'N_chb': 330.88082, 'gr_ceu': 6e-05, 'gr_chb': 6e-05, 'm_yri_ooa': 0.0, 'm_yri_ceu': 1e-05, 'm_yri_chb': 0.0, 'm_ceu_chb': 0.0} -67538.98741432544
x: {'t1': 1.94423, 't2': 2.32267, 't3': 95.15226, 'N_anc': 478.78884, 'N_yri': 359.74093, 'N_ooa': 897.45017, 'N_ceu': 299.36255, 'N_chb': 330.88082, 'gr_ceu': 6e-05, 'gr_chb': 6e-05, 'm_yri_ooa': 0.0, 'm_yri_ceu': 1e-05, 'm_yri_chb': 0.0, 'm_ceu_chb': 1e-05} -67538.98741432509
x_down: {'t1': 1.94423, 't2': 2.32267, 't3': 95.15226, 'N_anc': 478.78884, 'N_yri': 359.74093, 'N_ooa': 897.45017, 'N_ceu': 299.36255, 'N_chb': 330.88082, 'gr_ceu': 6e-05, 'gr_chb': 6e-05, 'm_yri_ooa': 0.0, 'm_yri_ceu': 1e-05, 'm_yri_chb': 0.0, 'm_ceu_chb': 1e-05} -67538.98741432509
 
{'t1': 1.94423, 't2': 2.32267, 't3': 95.15226, 'N_anc': 478.78884, 'N_yri': 359.74093, 'N_ooa': 897.45017, 'N_ceu': 299.36255, 'N_chb': 330.88082, 'gr_ceu': 6e-05, 'gr_chb': 6e-05, 'm_yri_ooa': 0.0, 'm_yri_ceu': 1e-05, 'm_yri_chb': 0.0, 'm_ceu_chb': 1e-05} -67538.98741432509
 
x_up: {'t1': 2.10388, 't2': 2.32267, 't3': 95.15226, 'N_anc': 478.78884, 'N_yri': 359.74093, 'N_ooa': 897.45017, 'N_ceu': 299.36255, 'N_chb': 330.88082, 'gr_ceu': 6e-05, 'gr_chb': 6e-05, 'm_yri_ooa': 0.0, 'm_yri_ceu': 1e-05, 'm_yri_chb': 0.0, 'm_ceu_chb': 1e-05} -67554.27331712375
x: {'t1': 1.94423, 't2': 2.32267, 't3': 95.15226, 'N_anc': 478.78884, 'N_yri': 359.74093, 'N_ooa': 897.45017, 'N_ceu': 299.36255, 'N_chb': 330.88082, 'gr_ceu': 6e-05, 'gr_chb': 6e-05, 'm_yri_ooa': 0.0, 'm_yri_ceu': 1e-05, 'm_yri_chb': 0.0, 'm_ceu_chb': 1e-05} -67538.98741432509
x_down: {'t1': 1.78458, 't2': 2.32267, 't3': 95.15226, 'N_anc': 478.78884, 'N_yri': 359.74093, 'N_ooa': 897.45017, 'N_ceu': 299.36255, 'N_chb': 330.88082, 'gr_ceu': 6e-05, 'gr_chb': 6e-05, 'm_yri_ooa': 0.0, 'm_yri_ceu': 1e-05, 'm_yri_chb': 0.0, 'm_ceu_chb': 1e-05} -67538.50709202499
 
 
x_up: {'t1': 1.78458, 't2': 2.34957, 't3': 95.15226, 'N_anc': 478.78884, 'N_yri': 359.74093, 'N_ooa': 897.45017, 'N_ceu': 299.36255, 'N_chb': 330.88082, 'gr_ceu': 6e-05, 'gr_chb': 6e-05, 'm_yri_ooa': 0.0, 'm_yri_ceu': 1e-05, 'm_yri_chb': 0.0, 'm_ceu_chb': 1e-05} -67547.23269629598
x: {'t1': 1.78458, 't2': 2.32267, 't3': 95.15226, 'N_anc': 478.78884, 'N_yri': 359.74093, 'N_ooa': 897.45017, 'N_ceu': 299.36255, 'N_chb': 330.88082, 'gr_ceu': 6e-05, 'gr_chb': 6e-05, 'm_yri_ooa': 0.0, 'm_yri_ceu': 1e-05, 'm_yri_chb': 0.0, 'm_ceu_chb': 1e-05} -67538.50709202499
x_down: {'t1': 1.78458, 't2': 2.29577, 't3': 95.15226, 'N_anc': 478.78884, 'N_yri': 359.74093, 'N_ooa': 897.45017, 'N_ceu': 299.36255, 'N_chb': 330.88082, 'gr_ceu': 6e-05, 'gr_chb': 6e-05, 'm_yri_ooa': 0.0, 'm_yri_ceu': 1e-05, 'm_yri_chb': 0.0, 'm_ceu_chb': 1e-05} -67556.59583279988
 
 
x_up: {'t1': 1.78458, 't2': 2.32267, 't3': 99.79374, 'N_anc': 478.78884, 'N_yri': 359.74093, 'N_ooa': 897.45017, 'N_ceu': 299.36255, 'N_chb': 330.88082, 'gr_ceu': 6e-05, 'gr_chb': 6e-05, 'm_yri_ooa': 0.0, 'm_yri_ceu': 1e-05, 'm_yri_chb': 0.0, 'm_ceu_chb': 1e-05} -67540.75540861154
x: {'t1': 1.78458, 't2': 2.32267, 't3': 95.15226, 'N_anc': 478.78884, 'N_yri': 359.74093, 'N_ooa': 897.45017, 'N_ceu': 299.36255, 'N_chb': 330.88082, 'gr_ceu': 6e-05, 'gr_chb': 6e-05, 'm_yri_ooa': 0.0, 'm_yri_ceu': 1e-05, 'm_yri_chb': 0.0, 'm_ceu_chb': 1e-05} -67538.50709202499
x_down: {'t1': 1.78458, 't2': 2.32267, 't3': 90.51078, 'N_anc': 478.78884, 'N_yri': 359.74093, 'N_ooa': 897.45017, 'N_ceu': 299.36255, 'N_chb': 330.88082, 'gr_ceu': 6e-05, 'gr_chb': 6e-05, 'm_yri_ooa': 0.0, 'm_yri_ceu': 1e-05, 'm_yri_chb': 0.0, 'm_ceu_chb': 1e-05} -67544.05689604227
 
 
x_up: {'t1': 1.78458, 't2': 2.32267, 't3': 95.15226, 'N_anc': 507.198, 'N_yri': 359.74093, 'N_ooa': 897.45017, 'N_ceu': 299.36255, 'N_chb': 330.88082, 'gr_ceu': 6e-05, 'gr_chb': 6e-05, 'm_yri_ooa': 0.0, 'm_yri_ceu': 1e-05, 'm_yri_chb': 0.0, 'm_ceu_chb': 1e-05} -67538.64728133366
x: {'t1': 1.78458, 't2': 2.32267, 't3': 95.15226, 'N_anc': 478.78884, 'N_yri': 359.74093, 'N_ooa': 897.45017, 'N_ceu': 299.36255, 'N_chb': 330.88082, 'gr_ceu': 6e-05, 'gr_chb': 6e-05, 'm_yri_ooa': 0.0, 'm_yri_ceu': 1e-05, 'm_yri_chb': 0.0, 'm_ceu_chb': 1e-05} -67538.50709202499
x_down: {'t1': 1.78458, 't2': 2.32267, 't3': 95.15226, 'N_anc': 450.37968, 'N_yri': 359.74093, 'N_ooa': 897.45017, 'N_ceu': 299.36255, 'N_chb': 330.88082, 'gr_ceu': 6e-05, 'gr_chb': 6e-05, 'm_yri_ooa': 0.0, 'm_yri_ceu': 1e-05, 'm_yri_chb': 0.0, 'm_ceu_chb': 1e-05} -67539.04952753522
 
 
x_up: {'t1': 1.78458, 't2': 2.32267, 't3': 95.15226, 'N_anc': 478.78884, 'N_yri': 372.72798, 'N_ooa': 897.45017, 'N_ceu': 299.36255, 'N_chb': 330.88082, 'gr_ceu': 6e-05, 'gr_chb': 6e-05, 'm_yri_ooa': 0.0, 'm_yri_ceu': 1e-05, 'm_yri_chb': 0.0, 'm_ceu_chb': 1e-05} -67541.25267143006
x: {'t1': 1.78458, 't2': 2.32267, 't3': 95.15226, 'N_anc': 478.78884, 'N_yri': 359.74093, 'N_ooa': 897.45017, 'N_ceu': 299.36255, 'N_chb': 330.88082, 'gr_ceu': 6e-05, 'gr_chb': 6e-05, 'm_yri_ooa': 0.0, 'm_yri_ceu': 1e-05, 'm_yri_chb': 0.0, 'm_ceu_chb': 1e-05} -67538.50709202499
x_down: {'t1': 1.78458, 't2': 2.32267, 't3': 95.15226, 'N_anc': 478.78884, 'N_yri': 346.75388, 'N_ooa': 897.45017, 'N_ceu': 299.36255, 'N_chb': 330.88082, 'gr_ceu': 6e-05, 'gr_chb': 6e-05, 'm_yri_ooa': 0.0, 'm_yri_ceu': 1e-05, 'm_yri_chb': 0.0, 'm_ceu_chb': 1e-05} -67542.61776087842
 
 
x_up: {'t1': 1.78458, 't2': 2.32267, 't3': 95.15226, 'N_anc': 478.78884, 'N_yri': 359.74093, 'N_ooa': 937.32268, 'N_ceu': 299.36255, 'N_chb': 330.88082, 'gr_ceu': 6e-05, 'gr_chb': 6e-05, 'm_yri_ooa': 0.0, 'm_yri_ceu': 1e-05, 'm_yri_chb': 0.0, 'm_ceu_chb': 1e-05} -67545.12979237974
x: {'t1': 1.78458, 't2': 2.32267, 't3': 95.15226, 'N_anc': 478.78884, 'N_yri': 359.74093, 'N_ooa': 897.45017, 'N_ceu': 299.36255, 'N_chb': 330.88082, 'gr_ceu': 6e-05, 'gr_chb': 6e-05, 'm_yri_ooa': 0.0, 'm_yri_ceu': 1e-05, 'm_yri_chb': 0.0, 'm_ceu_chb': 1e-05} -67538.50709202499
x_down: {'t1': 1.78458, 't2': 2.32267, 't3': 95.15226, 'N_anc': 478.78884, 'N_yri': 359.74093, 'N_ooa': 857.57766, 'N_ceu': 299.36255, 'N_chb': 330.88082, 'gr_ceu': 6e-05, 'gr_chb': 6e-05, 'm_yri_ooa': 0.0, 'm_yri_ceu': 1e-05, 'm_yri_chb': 0.0, 'm_ceu_chb': 1e-05} -67546.780195109
 
 
x_up: {'t1': 1.78458, 't2': 2.32267, 't3': 95.15226, 'N_anc': 478.78884, 'N_yri': 359.74093, 'N_ooa': 897.45017, 'N_ceu': 309.33068, 'N_chb': 330.88082, 'gr_ceu': 6e-05, 'gr_chb': 6e-05, 'm_yri_ooa': 0.0, 'm_yri_ceu': 1e-05, 'm_yri_chb': 0.0, 'm_ceu_chb': 1e-05} -67538.22563075721
x: {'t1': 1.78458, 't2': 2.32267, 't3': 95.15226, 'N_anc': 478.78884, 'N_yri': 359.74093, 'N_ooa': 897.45017, 'N_ceu': 299.36255, 'N_chb': 330.88082, 'gr_ceu': 6e-05, 'gr_chb': 6e-05, 'm_yri_ooa': 0.0, 'm_yri_ceu': 1e-05, 'm_yri_chb': 0.0, 'm_ceu_chb': 1e-05} -67538.50709202499
x_down: {'t1': 1.78458, 't2': 2.32267, 't3': 95.15226, 'N_anc': 478.78884, 'N_yri': 359.74093, 'N_ooa': 897.45017, 'N_ceu': 289.39442, 'N_chb': 330.88082, 'gr_ceu': 6e-05, 'gr_chb': 6e-05, 'm_yri_ooa': 0.0, 'm_yri_ceu': 1e-05, 'm_yri_chb': 0.0, 'm_ceu_chb': 1e-05} -67539.8084788893
 
 
x_up: {'t1': 1.78458, 't2': 2.32267, 't3': 95.15226, 'N_anc': 478.78884, 'N_yri': 359.74093, 'N_ooa': 897.45017, 'N_ceu': 309.33068, 'N_chb': 342.42486, 'gr_ceu': 6e-05, 'gr_chb': 6e-05, 'm_yri_ooa': 0.0, 'm_yri_ceu': 1e-05, 'm_yri_chb': 0.0, 'm_ceu_chb': 1e-05} -67538.00888429447
x: {'t1': 1.78458, 't2': 2.32267, 't3': 95.15226, 'N_anc': 478.78884, 'N_yri': 359.74093, 'N_ooa': 897.45017, 'N_ceu': 309.33068, 'N_chb': 330.88082, 'gr_ceu': 6e-05, 'gr_chb': 6e-05, 'm_yri_ooa': 0.0, 'm_yri_ceu': 1e-05, 'm_yri_chb': 0.0, 'm_ceu_chb': 1e-05} -67538.22563075721
x_down: {'t1': 1.78458, 't2': 2.32267, 't3': 95.15226, 'N_anc': 478.78884, 'N_yri': 359.74093, 'N_ooa': 897.45017, 'N_ceu': 309.33068, 'N_chb': 319.33678, 'gr_ceu': 6e-05, 'gr_chb': 6e-05, 'm_yri_ooa': 0.0, 'm_yri_ceu': 1e-05, 'm_yri_chb': 0.0, 'm_ceu_chb': 1e-05} -67539.32012398735
 
 
x_up: {'t1': 1.78458, 't2': 2.32267, 't3': 95.15226, 'N_anc': 478.78884, 'N_yri': 359.74093, 'N_ooa': 897.45017, 'N_ceu': 309.33068, 'N_chb': 342.42486, 'gr_ceu': 9e-05, 'gr_chb': 6e-05, 'm_yri_ooa': 0.0, 'm_yri_ceu': 1e-05, 'm_yri_chb': 0.0, 'm_ceu_chb': 1e-05} -67538.0112972909
x: {'t1': 1.78458, 't2': 2.32267, 't3': 95.15226, 'N_anc': 478.78884, 'N_yri': 359.74093, 'N_ooa': 897.45017, 'N_ceu': 309.33068, 'N_chb': 342.42486, 'gr_ceu': 6e-05, 'gr_chb': 6e-05, 'm_yri_ooa': 0.0, 'm_yri_ceu': 1e-05, 'm_yri_chb': 0.0, 'm_ceu_chb': 1e-05} -67538.00888429447
x_down: {'t1': 1.78458, 't2': 2.32267, 't3': 95.15226, 'N_anc': 478.78884, 'N_yri': 359.74093, 'N_ooa': 897.45017, 'N_ceu': 309.33068, 'N_chb': 342.42486, 'gr_ceu': 3e-05, 'gr_chb': 6e-05, 'm_yri_ooa': 0.0, 'm_yri_ceu': 1e-05, 'm_yri_chb': 0.0, 'm_ceu_chb': 1e-05} -67538.00647226264
 
 
x_up: {'t1': 1.78458, 't2': 2.32267, 't3': 95.15226, 'N_anc': 478.78884, 'N_yri': 359.74093, 'N_ooa': 897.45017, 'N_ceu': 309.33068, 'N_chb': 342.42486, 'gr_ceu': 3e-05, 'gr_chb': 9e-05, 'm_yri_ooa': 0.0, 'm_yri_ceu': 1e-05, 'm_yri_chb': 0.0, 'm_ceu_chb': 1e-05} -67538.00779994784
x: {'t1': 1.78458, 't2': 2.32267, 't3': 95.15226, 'N_anc': 478.78884, 'N_yri': 359.74093, 'N_ooa': 897.45017, 'N_ceu': 309.33068, 'N_chb': 342.42486, 'gr_ceu': 3e-05, 'gr_chb': 6e-05, 'm_yri_ooa': 0.0, 'm_yri_ceu': 1e-05, 'm_yri_chb': 0.0, 'm_ceu_chb': 1e-05} -67538.00647226264
x_down: {'t1': 1.78458, 't2': 2.32267, 't3': 95.15226, 'N_anc': 478.78884, 'N_yri': 359.74093, 'N_ooa': 897.45017, 'N_ceu': 309.33068, 'N_chb': 342.42486, 'gr_ceu': 3e-05, 'gr_chb': 3e-05, 'm_yri_ooa': 0.0, 'm_yri_ceu': 1e-05, 'm_yri_chb': 0.0, 'm_ceu_chb': 1e-05} -67538.00514539867
 
 
x_up: {'t1': 1.78458, 't2': 2.32267, 't3': 95.15226, 'N_anc': 478.78884, 'N_yri': 359.74093, 'N_ooa': 897.45017, 'N_ceu': 309.33068, 'N_chb': 342.42486, 'gr_ceu': 3e-05, 'gr_chb': 3e-05, 'm_yri_ooa': 0.0, 'm_yri_ceu': 1e-05, 'm_yri_chb': 0.0, 'm_ceu_chb': 1e-05} -67538.00514539867
x: {'t1': 1.78458, 't2': 2.32267, 't3': 95.15226, 'N_anc': 478.78884, 'N_yri': 359.74093, 'N_ooa': 897.45017, 'N_ceu': 309.33068, 'N_chb': 342.42486, 'gr_ceu': 3e-05, 'gr_chb': 3e-05, 'm_yri_ooa': 0.0, 'm_yri_ceu': 1e-05, 'm_yri_chb': 0.0, 'm_ceu_chb': 1e-05} -67538.00514539867
x_down: {'t1': 1.78458, 't2': 2.32267, 't3': 95.15226, 'N_anc': 478.78884, 'N_yri': 359.74093, 'N_ooa': 897.45017, 'N_ceu': 309.33068, 'N_chb': 342.42486, 'gr_ceu': 3e-05, 'gr_chb': 3e-05, 'm_yri_ooa': 1e-05, 'm_yri_ceu': 1e-05, 'm_yri_chb': 0.0, 'm_ceu_chb': 1e-05} -67538.01170890813
 
 
x_up: {'t1': 1.78458, 't2': 2.32267, 't3': 95.15226, 'N_anc': 478.78884, 'N_yri': 359.74093, 'N_ooa': 897.45017, 'N_ceu': 309.33068, 'N_chb': 342.42486, 'gr_ceu': 3e-05, 'gr_chb': 3e-05, 'm_yri_ooa': 0.0, 'm_yri_ceu': 0.0, 'm_yri_chb': 0.0, 'm_ceu_chb': 1e-05} -67538.00514539864
x: {'t1': 1.78458, 't2': 2.32267, 't3': 95.15226, 'N_anc': 478.78884, 'N_yri': 359.74093, 'N_ooa': 897.45017, 'N_ceu': 309.33068, 'N_chb': 342.42486, 'gr_ceu': 3e-05, 'gr_chb': 3e-05, 'm_yri_ooa': 0.0, 'm_yri_ceu': 1e-05, 'm_yri_chb': 0.0, 'm_ceu_chb': 1e-05} -67538.00514539867
x_down: {'t1': 1.78458, 't2': 2.32267, 't3': 95.15226, 'N_anc': 478.78884, 'N_yri': 359.74093, 'N_ooa': 897.45017, 'N_ceu': 309.33068, 'N_chb': 342.42486, 'gr_ceu': 3e-05, 'gr_chb': 3e-05, 'm_yri_ooa': 0.0, 'm_yri_ceu': 1e-05, 'm_yri_chb': 0.0, 'm_ceu_chb': 1e-05} -67538.00514539867
 
 
x_up: {'t1': 1.78458, 't2': 2.32267, 't3': 95.15226, 'N_anc': 478.78884, 'N_yri': 359.74093, 'N_ooa': 897.45017, 'N_ceu': 309.33068, 'N_chb': 342.42486, 'gr_ceu': 3e-05, 'gr_chb': 3e-05, 'm_yri_ooa': 0.0, 'm_yri_ceu': 0.0, 'm_yri_chb': 0.0, 'm_ceu_chb': 1e-05} -67538.00514539864
x: {'t1': 1.78458, 't2': 2.32267, 't3': 95.15226, 'N_anc': 478.78884, 'N_yri': 359.74093, 'N_ooa': 897.45017, 'N_ceu': 309.33068, 'N_chb': 342.42486, 'gr_ceu': 3e-05, 'gr_chb': 3e-05, 'm_yri_ooa': 0.0, 'm_yri_ceu': 0.0, 'm_yri_chb': 0.0, 'm_ceu_chb': 1e-05} -67538.00514539864
x_down: {'t1': 1.78458, 't2': 2.32267, 't3': 95.15226, 'N_anc': 478.78884, 'N_yri': 359.74093, 'N_ooa': 897.45017, 'N_ceu': 309.33068, 'N_chb': 342.42486, 'gr_ceu': 3e-05, 'gr_chb': 3e-05, 'm_yri_ooa': 0.0, 'm_yri_ceu': 0.0, 'm_yri_chb': 1e-05, 'm_ceu_chb': 1e-05} -67538.00514539835
 
 
x_up: {'t1': 1.78458, 't2': 2.32267, 't3': 95.15226, 'N_anc': 478.78884, 'N_yri': 359.74093, 'N_ooa': 897.45017, 'N_ceu': 309.33068, 'N_chb': 342.42486, 'gr_ceu': 3e-05, 'gr_chb': 3e-05, 'm_yri_ooa': 0.0, 'm_yri_ceu': 0.0, 'm_yri_chb': 1e-05, 'm_ceu_chb': 0.0} -67538.00514539817
x: {'t1': 1.78458, 't2': 2.32267, 't3': 95.15226, 'N_anc': 478.78884, 'N_yri': 359.74093, 'N_ooa': 897.45017, 'N_ceu': 309.33068, 'N_chb': 342.42486, 'gr_ceu': 3e-05, 'gr_chb': 3e-05, 'm_yri_ooa': 0.0, 'm_yri_ceu': 0.0, 'm_yri_chb': 1e-05, 'm_ceu_chb': 1e-05} -67538.00514539835
x_down: {'t1': 1.78458, 't2': 2.32267, 't3': 95.15226, 'N_anc': 478.78884, 'N_yri': 359.74093, 'N_ooa': 897.45017, 'N_ceu': 309.33068, 'N_chb': 342.42486, 'gr_ceu': 3e-05, 'gr_chb': 3e-05, 'm_yri_ooa': 0.0, 'm_yri_ceu': 0.0, 'm_yri_chb': 1e-05, 'm_ceu_chb': 1e-05} -67538.00514539835
 
{'t1': 1.78458, 't2': 2.32267, 't3': 95.15226, 'N_anc': 478.78884, 'N_yri': 359.74093, 'N_ooa': 897.45017, 'N_ceu': 309.33068, 'N_chb': 342.42486, 'gr_ceu': 3e-05, 'gr_chb': 3e-05, 'm_yri_ooa': 0.0, 'm_yri_ceu': 0.0, 'm_yri_chb': 1e-05, 'm_ceu_chb': 0.0} -67538.00514539817
 
x_up: {'t1': 2.05363, 't2': 2.32267, 't3': 95.15226, 'N_anc': 478.78884, 'N_yri': 359.74093, 'N_ooa': 897.45017, 'N_ceu': 309.33068, 'N_chb': 342.42486, 'gr_ceu': 3e-05, 'gr_chb': 3e-05, 'm_yri_ooa': 0.0, 'm_yri_ceu': 0.0, 'm_yri_chb': 1e-05, 'm_ceu_chb': 0.0} -67570.38708971835
x: {'t1': 1.78458, 't2': 2.32267, 't3': 95.15226, 'N_anc': 478.78884, 'N_yri': 359.74093, 'N_ooa': 897.45017, 'N_ceu': 309.33068, 'N_chb': 342.42486, 'gr_ceu': 3e-05, 'gr_chb': 3e-05, 'm_yri_ooa': 0.0, 'm_yri_ceu': 0.0, 'm_yri_chb': 1e-05, 'm_ceu_chb': 0.0} -67538.00514539817
x_down: {'t1': 1.51554, 't2': 2.32267, 't3': 95.15226, 'N_anc': 478.78884, 'N_yri': 359.74093, 'N_ooa': 897.45017, 'N_ceu': 309.33068, 'N_chb': 342.42486, 'gr_ceu': 3e-05, 'gr_chb': 3e-05, 'm_yri_ooa': 0.0, 'm_yri_ceu': 0.0, 'm_yri_chb': 1e-05, 'm_ceu_chb': 0.0} -67553.15006475236
 
 
x_up: {'t1': 1.78458, 't2': 2.34957, 't3': 95.15226, 'N_anc': 478.78884, 'N_yri': 359.74093, 'N_ooa': 897.45017, 'N_ceu': 309.33068, 'N_chb': 342.42486, 'gr_ceu': 3e-05, 'gr_chb': 3e-05, 'm_yri_ooa': 0.0, 'm_yri_ceu': 0.0, 'm_yri_chb': 1e-05, 'm_ceu_chb': 0.0} -67547.08138471245
x: {'t1': 1.78458, 't2': 2.32267, 't3': 95.15226, 'N_anc': 478.78884, 'N_yri': 359.74093, 'N_ooa': 897.45017, 'N_ceu': 309.33068, 'N_chb': 342.42486, 'gr_ceu': 3e-05, 'gr_chb': 3e-05, 'm_yri_ooa': 0.0, 'm_yri_ceu': 0.0, 'm_yri_chb': 1e-05, 'm_ceu_chb': 0.0} -67538.00514539817
x_down: {'t1': 1.78458, 't2': 2.29577, 't3': 95.15226, 'N_anc': 478.78884, 'N_yri': 359.74093, 'N_ooa': 897.45017, 'N_ceu': 309.33068, 'N_chb': 342.42486, 'gr_ceu': 3e-05, 'gr_chb': 3e-05, 'm_yri_ooa': 0.0, 'm_yri_ceu': 0.0, 'm_yri_chb': 1e-05, 'm_ceu_chb': 0.0} -67556.14542338635
 
 
x_up: {'t1': 1.78458, 't2': 2.32267, 't3': 99.79374, 'N_anc': 478.78884, 'N_yri': 359.74093, 'N_ooa': 897.45017, 'N_ceu': 309.33068, 'N_chb': 342.42486, 'gr_ceu': 3e-05, 'gr_chb': 3e-05, 'm_yri_ooa': 0.0, 'm_yri_ceu': 0.0, 'm_yri_chb': 1e-05, 'm_ceu_chb': 0.0} -67540.25346198474
x: {'t1': 1.78458, 't2': 2.32267, 't3': 95.15226, 'N_anc': 478.78884, 'N_yri': 359.74093, 'N_ooa': 897.45017, 'N_ceu': 309.33068, 'N_chb': 342.42486, 'gr_ceu': 3e-05, 'gr_chb': 3e-05, 'm_yri_ooa': 0.0, 'm_yri_ceu': 0.0, 'm_yri_chb': 1e-05, 'm_ceu_chb': 0.0} -67538.00514539817
x_down: {'t1': 1.78458, 't2': 2.32267, 't3': 90.51078, 'N_anc': 478.78884, 'N_yri': 359.74093, 'N_ooa': 897.45017, 'N_ceu': 309.33068, 'N_chb': 342.42486, 'gr_ceu': 3e-05, 'gr_chb': 3e-05, 'm_yri_ooa': 0.0, 'm_yri_ceu': 0.0, 'm_yri_chb': 1e-05, 'm_ceu_chb': 0.0} -67543.55494941547
 
 
x_up: {'t1': 1.78458, 't2': 2.32267, 't3': 95.15226, 'N_anc': 497.72828, 'N_yri': 359.74093, 'N_ooa': 897.45017, 'N_ceu': 309.33068, 'N_chb': 342.42486, 'gr_ceu': 3e-05, 'gr_chb': 3e-05, 'm_yri_ooa': 0.0, 'm_yri_ceu': 0.0, 'm_yri_chb': 1e-05, 'm_ceu_chb': 0.0} -67538.03225025264
x: {'t1': 1.78458, 't2': 2.32267, 't3': 95.15226, 'N_anc': 478.78884, 'N_yri': 359.74093, 'N_ooa': 897.45017, 'N_ceu': 309.33068, 'N_chb': 342.42486, 'gr_ceu': 3e-05, 'gr_chb': 3e-05, 'm_yri_ooa': 0.0, 'm_yri_ceu': 0.0, 'm_yri_chb': 1e-05, 'm_ceu_chb': 0.0} -67538.00514539817
x_down: {'t1': 1.78458, 't2': 2.32267, 't3': 95.15226, 'N_anc': 459.8494, 'N_yri': 359.74093, 'N_ooa': 897.45017, 'N_ceu': 309.33068, 'N_chb': 342.42486, 'gr_ceu': 3e-05, 'gr_chb': 3e-05, 'm_yri_ooa': 0.0, 'm_yri_ceu': 0.0, 'm_yri_chb': 1e-05, 'm_ceu_chb': 0.0} -67538.28054791212
 
 
x_up: {'t1': 1.78458, 't2': 2.32267, 't3': 95.15226, 'N_anc': 478.78884, 'N_yri': 372.72798, 'N_ooa': 897.45017, 'N_ceu': 309.33068, 'N_chb': 342.42486, 'gr_ceu': 3e-05, 'gr_chb': 3e-05, 'm_yri_ooa': 0.0, 'm_yri_ceu': 0.0, 'm_yri_chb': 1e-05, 'm_ceu_chb': 0.0} -67541.99952475907
x: {'t1': 1.78458, 't2': 2.32267, 't3': 95.15226, 'N_anc': 478.78884, 'N_yri': 359.74093, 'N_ooa': 897.45017, 'N_ceu': 309.33068, 'N_chb': 342.42486, 'gr_ceu': 3e-05, 'gr_chb': 3e-05, 'm_yri_ooa': 0.0, 'm_yri_ceu': 0.0, 'm_yri_chb': 1e-05, 'm_ceu_chb': 0.0} -67538.00514539817
x_down: {'t1': 1.78458, 't2': 2.32267, 't3': 95.15226, 'N_anc': 478.78884, 'N_yri': 346.75388, 'N_ooa': 897.45017, 'N_ceu': 309.33068, 'N_chb': 342.42486, 'gr_ceu': 3e-05, 'gr_chb': 3e-05, 'm_yri_ooa': 0.0, 'm_yri_ceu': 0.0, 'm_yri_chb': 1e-05, 'm_ceu_chb': 0.0} -67541.78189357804
 
 
x_up: {'t1': 1.78458, 't2': 2.32267, 't3': 95.15226, 'N_anc': 478.78884, 'N_yri': 359.74093, 'N_ooa': 937.32268, 'N_ceu': 309.33068, 'N_chb': 342.42486, 'gr_ceu': 3e-05, 'gr_chb': 3e-05, 'm_yri_ooa': 0.0, 'm_yri_ceu': 0.0, 'm_yri_chb': 1e-05, 'm_ceu_chb': 0.0} -67545.01270907225
x: {'t1': 1.78458, 't2': 2.32267, 't3': 95.15226, 'N_anc': 478.78884, 'N_yri': 359.74093, 'N_ooa': 897.45017, 'N_ceu': 309.33068, 'N_chb': 342.42486, 'gr_ceu': 3e-05, 'gr_chb': 3e-05, 'm_yri_ooa': 0.0, 'm_yri_ceu': 0.0, 'm_yri_chb': 1e-05, 'm_ceu_chb': 0.0} -67538.00514539817
x_down: {'t1': 1.78458, 't2': 2.32267, 't3': 95.15226, 'N_anc': 478.78884, 'N_yri': 359.74093, 'N_ooa': 857.57766, 'N_ceu': 309.33068, 'N_chb': 342.42486, 'gr_ceu': 3e-05, 'gr_chb': 3e-05, 'm_yri_ooa': 0.0, 'm_yri_ceu': 0.0, 'm_yri_chb': 1e-05, 'm_ceu_chb': 0.0} -67547.02219395034
 
 
x_up: {'t1': 1.78458, 't2': 2.32267, 't3': 95.15226, 'N_anc': 478.78884, 'N_yri': 359.74093, 'N_ooa': 897.45017, 'N_ceu': 325.03048, 'N_chb': 342.42486, 'gr_ceu': 3e-05, 'gr_chb': 3e-05, 'm_yri_ooa': 0.0, 'm_yri_ceu': 0.0, 'm_yri_chb': 1e-05, 'm_ceu_chb': 0.0} -67540.04105965502
x: {'t1': 1.78458, 't2': 2.32267, 't3': 95.15226, 'N_anc': 478.78884, 'N_yri': 359.74093, 'N_ooa': 897.45017, 'N_ceu': 309.33068, 'N_chb': 342.42486, 'gr_ceu': 3e-05, 'gr_chb': 3e-05, 'm_yri_ooa': 0.0, 'm_yri_ceu': 0.0, 'm_yri_chb': 1e-05, 'm_ceu_chb': 0.0} -67538.00514539817
x_down: {'t1': 1.78458, 't2': 2.32267, 't3': 95.15226, 'N_anc': 478.78884, 'N_yri': 359.74093, 'N_ooa': 897.45017, 'N_ceu': 293.63088, 'N_chb': 342.42486, 'gr_ceu': 3e-05, 'gr_chb': 3e-05, 'm_yri_ooa': 0.0, 'm_yri_ceu': 0.0, 'm_yri_chb': 1e-05, 'm_ceu_chb': 0.0} -67538.1969085315
 
 
x_up: {'t1': 1.78458, 't2': 2.32267, 't3': 95.15226, 'N_anc': 478.78884, 'N_yri': 359.74093, 'N_ooa': 897.45017, 'N_ceu': 309.33068, 'N_chb': 360.60672, 'gr_ceu': 3e-05, 'gr_chb': 3e-05, 'm_yri_ooa': 0.0, 'm_yri_ceu': 0.0, 'm_yri_chb': 1e-05, 'm_ceu_chb': 0.0} -67539.5853513637
x: {'t1': 1.78458, 't2': 2.32267, 't3': 95.15226, 'N_anc': 478.78884, 'N_yri': 359.74093, 'N_ooa': 897.45017, 'N_ceu': 309.33068, 'N_chb': 342.42486, 'gr_ceu': 3e-05, 'gr_chb': 3e-05, 'm_yri_ooa': 0.0, 'm_yri_ceu': 0.0, 'm_yri_chb': 1e-05, 'm_ceu_chb': 0.0} -67538.00514539817
x_down: {'t1': 1.78458, 't2': 2.32267, 't3': 95.15226, 'N_anc': 478.78884, 'N_yri': 359.74093, 'N_ooa': 897.45017, 'N_ceu': 309.33068, 'N_chb': 324.243, 'gr_ceu': 3e-05, 'gr_chb': 3e-05, 'm_yri_ooa': 0.0, 'm_yri_ceu': 0.0, 'm_yri_chb': 1e-05, 'm_ceu_chb': 0.0} -67538.75290647699
 
 
x_up: {'t1': 1.78458, 't2': 2.32267, 't3': 95.15226, 'N_anc': 478.78884, 'N_yri': 359.74093, 'N_ooa': 897.45017, 'N_ceu': 309.33068, 'N_chb': 342.42486, 'gr_ceu': 5e-05, 'gr_chb': 3e-05, 'm_yri_ooa': 0.0, 'm_yri_ceu': 0.0, 'm_yri_chb': 1e-05, 'm_ceu_chb': 0.0} -67538.00675297229
x: {'t1': 1.78458, 't2': 2.32267, 't3': 95.15226, 'N_anc': 478.78884, 'N_yri': 359.74093, 'N_ooa': 897.45017, 'N_ceu': 309.33068, 'N_chb': 342.42486, 'gr_ceu': 3e-05, 'gr_chb': 3e-05, 'm_yri_ooa': 0.0, 'm_yri_ceu': 0.0, 'm_yri_chb': 1e-05, 'm_ceu_chb': 0.0} -67538.00514539817
x_down: {'t1': 1.78458, 't2': 2.32267, 't3': 95.15226, 'N_anc': 478.78884, 'N_yri': 359.74093, 'N_ooa': 897.45017, 'N_ceu': 309.33068, 'N_chb': 342.42486, 'gr_ceu': 2e-05, 'gr_chb': 3e-05, 'm_yri_ooa': 0.0, 'm_yri_ceu': 0.0, 'm_yri_chb': 1e-05, 'm_ceu_chb': 0.0} -67538.00434177821
 
 
x_up: {'t1': 1.78458, 't2': 2.32267, 't3': 95.15226, 'N_anc': 478.78884, 'N_yri': 359.74093, 'N_ooa': 897.45017, 'N_ceu': 309.33068, 'N_chb': 342.42486, 'gr_ceu': 2e-05, 'gr_chb': 5e-05, 'm_yri_ooa': 0.0, 'm_yri_ceu': 0.0, 'm_yri_chb': 1e-05, 'm_ceu_chb': 0.0} -67538.00522615277
x: {'t1': 1.78458, 't2': 2.32267, 't3': 95.15226, 'N_anc': 478.78884, 'N_yri': 359.74093, 'N_ooa': 897.45017, 'N_ceu': 309.33068, 'N_chb': 342.42486, 'gr_ceu': 2e-05, 'gr_chb': 3e-05, 'm_yri_ooa': 0.0, 'm_yri_ceu': 0.0, 'm_yri_chb': 1e-05, 'm_ceu_chb': 0.0} -67538.00434177821
x_down: {'t1': 1.78458, 't2': 2.32267, 't3': 95.15226, 'N_anc': 478.78884, 'N_yri': 359.74093, 'N_ooa': 897.45017, 'N_ceu': 309.33068, 'N_chb': 342.42486, 'gr_ceu': 2e-05, 'gr_chb': 2e-05, 'm_yri_ooa': 0.0, 'm_yri_ceu': 0.0, 'm_yri_chb': 1e-05, 'm_ceu_chb': 0.0} -67538.00389973621
 
 
x_up: {'t1': 1.78458, 't2': 2.32267, 't3': 95.15226, 'N_anc': 478.78884, 'N_yri': 359.74093, 'N_ooa': 897.45017, 'N_ceu': 309.33068, 'N_chb': 342.42486, 'gr_ceu': 2e-05, 'gr_chb': 2e-05, 'm_yri_ooa': 0.0, 'm_yri_ceu': 0.0, 'm_yri_chb': 1e-05, 'm_ceu_chb': 0.0} -67538.00389973621
x: {'t1': 1.78458, 't2': 2.32267, 't3': 95.15226, 'N_anc': 478.78884, 'N_yri': 359.74093, 'N_ooa': 897.45017, 'N_ceu': 309.33068, 'N_chb': 342.42486, 'gr_ceu': 2e-05, 'gr_chb': 2e-05, 'm_yri_ooa': 0.0, 'm_yri_ceu': 0.0, 'm_yri_chb': 1e-05, 'm_ceu_chb': 0.0} -67538.00389973621
x_down: {'t1': 1.78458, 't2': 2.32267, 't3': 95.15226, 'N_anc': 478.78884, 'N_yri': 359.74093, 'N_ooa': 897.45017, 'N_ceu': 309.33068, 'N_chb': 342.42486, 'gr_ceu': 2e-05, 'gr_chb': 2e-05, 'm_yri_ooa': 1e-05, 'm_yri_ceu': 0.0, 'm_yri_chb': 1e-05, 'm_ceu_chb': 0.0} -67538.0104623392
 
 
x_up: {'t1': 1.78458, 't2': 2.32267, 't3': 95.15226, 'N_anc': 478.78884, 'N_yri': 359.74093, 'N_ooa': 897.45017, 'N_ceu': 309.33068, 'N_chb': 342.42486, 'gr_ceu': 2e-05, 'gr_chb': 2e-05, 'm_yri_ooa': 0.0, 'm_yri_ceu': 0.0, 'm_yri_chb': 1e-05, 'm_ceu_chb': 0.0} -67538.00389973621
x: {'t1': 1.78458, 't2': 2.32267, 't3': 95.15226, 'N_anc': 478.78884, 'N_yri': 359.74093, 'N_ooa': 897.45017, 'N_ceu': 309.33068, 'N_chb': 342.42486, 'gr_ceu': 2e-05, 'gr_chb': 2e-05, 'm_yri_ooa': 0.0, 'm_yri_ceu': 0.0, 'm_yri_chb': 1e-05, 'm_ceu_chb': 0.0} -67538.00389973621
x_down: {'t1': 1.78458, 't2': 2.32267, 't3': 95.15226, 'N_anc': 478.78884, 'N_yri': 359.74093, 'N_ooa': 897.45017, 'N_ceu': 309.33068, 'N_chb': 342.42486, 'gr_ceu': 2e-05, 'gr_chb': 2e-05, 'm_yri_ooa': 0.0, 'm_yri_ceu': 1e-05, 'm_yri_chb': 1e-05, 'm_ceu_chb': 0.0} -67538.00389973608
 
 
x_up: {'t1': 1.78458, 't2': 2.32267, 't3': 95.15226, 'N_anc': 478.78884, 'N_yri': 359.74093, 'N_ooa': 897.45017, 'N_ceu': 309.33068, 'N_chb': 342.42486, 'gr_ceu': 2e-05, 'gr_chb': 2e-05, 'm_yri_ooa': 0.0, 'm_yri_ceu': 1e-05, 'm_yri_chb': 0.0, 'm_ceu_chb': 0.0} -67538.00389973649
x: {'t1': 1.78458, 't2': 2.32267, 't3': 95.15226, 'N_anc': 478.78884, 'N_yri': 359.74093, 'N_ooa': 897.45017, 'N_ceu': 309.33068, 'N_chb': 342.42486, 'gr_ceu': 2e-05, 'gr_chb': 2e-05, 'm_yri_ooa': 0.0, 'm_yri_ceu': 1e-05, 'm_yri_chb': 1e-05, 'm_ceu_chb': 0.0} -67538.00389973608
x_down: {'t1': 1.78458, 't2': 2.32267, 't3': 95.15226, 'N_anc': 478.78884, 'N_yri': 359.74093, 'N_ooa': 897.45017, 'N_ceu': 309.33068, 'N_chb': 342.42486, 'gr_ceu': 2e-05, 'gr_chb': 2e-05, 'm_yri_ooa': 0.0, 'm_yri_ceu': 1e-05, 'm_yri_chb': 1e-05, 'm_ceu_chb': 0.0} -67538.00389973608
 
 
x_up: {'t1': 1.78458, 't2': 2.32267, 't3': 95.15226, 'N_anc': 478.78884, 'N_yri': 359.74093, 'N_ooa': 897.45017, 'N_ceu': 309.33068, 'N_chb': 342.42486, 'gr_ceu': 2e-05, 'gr_chb': 2e-05, 'm_yri_ooa': 0.0, 'm_yri_ceu': 1e-05, 'm_yri_chb': 1e-05, 'm_ceu_chb': 0.0} -67538.00389973608
x: {'t1': 1.78458, 't2': 2.32267, 't3': 95.15226, 'N_anc': 478.78884, 'N_yri': 359.74093, 'N_ooa': 897.45017, 'N_ceu': 309.33068, 'N_chb': 342.42486, 'gr_ceu': 2e-05, 'gr_chb': 2e-05, 'm_yri_ooa': 0.0, 'm_yri_ceu': 1e-05, 'm_yri_chb': 1e-05, 'm_ceu_chb': 0.0} -67538.00389973608
x_down: {'t1': 1.78458, 't2': 2.32267, 't3': 95.15226, 'N_anc': 478.78884, 'N_yri': 359.74093, 'N_ooa': 897.45017, 'N_ceu': 309.33068, 'N_chb': 342.42486, 'gr_ceu': 2e-05, 'gr_chb': 2e-05, 'm_yri_ooa': 0.0, 'm_yri_ceu': 1e-05, 'm_yri_chb': 1e-05, 'm_ceu_chb': 1e-05} -67538.0038997361
 
{'t1': 1.78458, 't2': 2.32267, 't3': 95.15226, 'N_anc': 478.78884, 'N_yri': 359.74093, 'N_ooa': 897.45017, 'N_ceu': 309.33068, 'N_chb': 342.42486, 'gr_ceu': 2e-05, 'gr_chb': 2e-05, 'm_yri_ooa': 0.0, 'm_yri_ceu': 1e-05, 'm_yri_chb': 1e-05, 'm_ceu_chb': 0.0} -67538.00389973608
 
x_up: {'t1': 1.9191, 't2': 2.32267, 't3': 95.15226, 'N_anc': 478.78884, 'N_yri': 359.74093, 'N_ooa': 897.45017, 'N_ceu': 309.33068, 'N_chb': 342.42486, 'gr_ceu': 2e-05, 'gr_chb': 2e-05, 'm_yri_ooa': 0.0, 'm_yri_ceu': 1e-05, 'm_yri_chb': 1e-05, 'm_ceu_chb': 0.0} -67547.20558758281
x: {'t1': 1.78458, 't2': 2.32267, 't3': 95.15226, 'N_anc': 478.78884, 'N_yri': 359.74093, 'N_ooa': 897.45017, 'N_ceu': 309.33068, 'N_chb': 342.42486, 'gr_ceu': 2e-05, 'gr_chb': 2e-05, 'm_yri_ooa': 0.0, 'm_yri_ceu': 1e-05, 'm_yri_chb': 1e-05, 'm_ceu_chb': 0.0} -67538.00389973608
x_down: {'t1': 1.65006, 't2': 2.32267, 't3': 95.15226, 'N_anc': 478.78884, 'N_yri': 359.74093, 'N_ooa': 897.45017, 'N_ceu': 309.33068, 'N_chb': 342.42486, 'gr_ceu': 2e-05, 'gr_chb': 2e-05, 'm_yri_ooa': 0.0, 'm_yri_ceu': 1e-05, 'm_yri_chb': 1e-05, 'm_ceu_chb': 0.0} -67543.39388381883
 
 
x_up: {'t1': 1.78458, 't2': 2.34957, 't3': 95.15226, 'N_anc': 478.78884, 'N_yri': 359.74093, 'N_ooa': 897.45017, 'N_ceu': 309.33068, 'N_chb': 342.42486, 'gr_ceu': 2e-05, 'gr_chb': 2e-05, 'm_yri_ooa': 0.0, 'm_yri_ceu': 1e-05, 'm_yri_chb': 1e-05, 'm_ceu_chb': 0.0} -67547.07951170372
x: {'t1': 1.78458, 't2': 2.32267, 't3': 95.15226, 'N_anc': 478.78884, 'N_yri': 359.74093, 'N_ooa': 897.45017, 'N_ceu': 309.33068, 'N_chb': 342.42486, 'gr_ceu': 2e-05, 'gr_chb': 2e-05, 'm_yri_ooa': 0.0, 'm_yri_ceu': 1e-05, 'm_yri_chb': 1e-05, 'm_ceu_chb': 0.0} -67538.00389973608
x_down: {'t1': 1.78458, 't2': 2.29577, 't3': 95.15226, 'N_anc': 478.78884, 'N_yri': 359.74093, 'N_ooa': 897.45017, 'N_ceu': 309.33068, 'N_chb': 342.42486, 'gr_ceu': 2e-05, 'gr_chb': 2e-05, 'm_yri_ooa': 0.0, 'm_yri_ceu': 1e-05, 'm_yri_chb': 1e-05, 'm_ceu_chb': 0.0} -67556.14394450707
 
 
x_up: {'t1': 1.78458, 't2': 2.32267, 't3': 99.79374, 'N_anc': 478.78884, 'N_yri': 359.74093, 'N_ooa': 897.45017, 'N_ceu': 309.33068, 'N_chb': 342.42486, 'gr_ceu': 2e-05, 'gr_chb': 2e-05, 'm_yri_ooa': 0.0, 'm_yri_ceu': 1e-05, 'm_yri_chb': 1e-05, 'm_ceu_chb': 0.0} -67540.25221632264
x: {'t1': 1.78458, 't2': 2.32267, 't3': 95.15226, 'N_anc': 478.78884, 'N_yri': 359.74093, 'N_ooa': 897.45017, 'N_ceu': 309.33068, 'N_chb': 342.42486, 'gr_ceu': 2e-05, 'gr_chb': 2e-05, 'm_yri_ooa': 0.0, 'm_yri_ceu': 1e-05, 'm_yri_chb': 1e-05, 'm_ceu_chb': 0.0} -67538.00389973608
x_down: {'t1': 1.78458, 't2': 2.32267, 't3': 90.51078, 'N_anc': 478.78884, 'N_yri': 359.74093, 'N_ooa': 897.45017, 'N_ceu': 309.33068, 'N_chb': 342.42486, 'gr_ceu': 2e-05, 'gr_chb': 2e-05, 'm_yri_ooa': 0.0, 'm_yri_ceu': 1e-05, 'm_yri_chb': 1e-05, 'm_ceu_chb': 0.0} -67543.55370375336
 
 
x_up: {'t1': 1.78458, 't2': 2.32267, 't3': 95.15226, 'N_anc': 497.72828, 'N_yri': 359.74093, 'N_ooa': 897.45017, 'N_ceu': 309.33068, 'N_chb': 342.42486, 'gr_ceu': 2e-05, 'gr_chb': 2e-05, 'm_yri_ooa': 0.0, 'm_yri_ceu': 1e-05, 'm_yri_chb': 1e-05, 'm_ceu_chb': 0.0} -67538.03100459055
x: {'t1': 1.78458, 't2': 2.32267, 't3': 95.15226, 'N_anc': 478.78884, 'N_yri': 359.74093, 'N_ooa': 897.45017, 'N_ceu': 309.33068, 'N_chb': 342.42486, 'gr_ceu': 2e-05, 'gr_chb': 2e-05, 'm_yri_ooa': 0.0, 'm_yri_ceu': 1e-05, 'm_yri_chb': 1e-05, 'm_ceu_chb': 0.0} -67538.00389973608
x_down: {'t1': 1.78458, 't2': 2.32267, 't3': 95.15226, 'N_anc': 459.8494, 'N_yri': 359.74093, 'N_ooa': 897.45017, 'N_ceu': 309.33068, 'N_chb': 342.42486, 'gr_ceu': 2e-05, 'gr_chb': 2e-05, 'm_yri_ooa': 0.0, 'm_yri_ceu': 1e-05, 'm_yri_chb': 1e-05, 'm_ceu_chb': 0.0} -67538.27930225003
 
 
x_up: {'t1': 1.78458, 't2': 2.32267, 't3': 95.15226, 'N_anc': 478.78884, 'N_yri': 372.72798, 'N_ooa': 897.45017, 'N_ceu': 309.33068, 'N_chb': 342.42486, 'gr_ceu': 2e-05, 'gr_chb': 2e-05, 'm_yri_ooa': 0.0, 'm_yri_ceu': 1e-05, 'm_yri_chb': 1e-05, 'm_ceu_chb': 0.0} -67541.99787831272
x: {'t1': 1.78458, 't2': 2.32267, 't3': 95.15226, 'N_anc': 478.78884, 'N_yri': 359.74093, 'N_ooa': 897.45017, 'N_ceu': 309.33068, 'N_chb': 342.42486, 'gr_ceu': 2e-05, 'gr_chb': 2e-05, 'm_yri_ooa': 0.0, 'm_yri_ceu': 1e-05, 'm_yri_chb': 1e-05, 'm_ceu_chb': 0.0} -67538.00389973608
x_down: {'t1': 1.78458, 't2': 2.32267, 't3': 95.15226, 'N_anc': 478.78884, 'N_yri': 346.75388, 'N_ooa': 897.45017, 'N_ceu': 309.33068, 'N_chb': 342.42486, 'gr_ceu': 2e-05, 'gr_chb': 2e-05, 'm_yri_ooa': 0.0, 'm_yri_ceu': 1e-05, 'm_yri_chb': 1e-05, 'm_ceu_chb': 0.0} -67541.78071773611
 
 
x_up: {'t1': 1.78458, 't2': 2.32267, 't3': 95.15226, 'N_anc': 478.78884, 'N_yri': 359.74093, 'N_ooa': 937.32268, 'N_ceu': 309.33068, 'N_chb': 342.42486, 'gr_ceu': 2e-05, 'gr_chb': 2e-05, 'm_yri_ooa': 0.0, 'm_yri_ceu': 1e-05, 'm_yri_chb': 1e-05, 'm_ceu_chb': 0.0} -67545.01133149672
x: {'t1': 1.78458, 't2': 2.32267, 't3': 95.15226, 'N_anc': 478.78884, 'N_yri': 359.74093, 'N_ooa': 897.45017, 'N_ceu': 309.33068, 'N_chb': 342.42486, 'gr_ceu': 2e-05, 'gr_chb': 2e-05, 'm_yri_ooa': 0.0, 'm_yri_ceu': 1e-05, 'm_yri_chb': 1e-05, 'm_ceu_chb': 0.0} -67538.00389973608
x_down: {'t1': 1.78458, 't2': 2.32267, 't3': 95.15226, 'N_anc': 478.78884, 'N_yri': 359.74093, 'N_ooa': 857.57766, 'N_ceu': 309.33068, 'N_chb': 342.42486, 'gr_ceu': 2e-05, 'gr_chb': 2e-05, 'm_yri_ooa': 0.0, 'm_yri_ceu': 1e-05, 'm_yri_chb': 1e-05, 'm_ceu_chb': 0.0} -67547.02065387937
 
 
x_up: {'t1': 1.78458, 't2': 2.32267, 't3': 95.15226, 'N_anc': 478.78884, 'N_yri': 359.74093, 'N_ooa': 897.45017, 'N_ceu': 319.79721, 'N_chb': 342.42486, 'gr_ceu': 2e-05, 'gr_chb': 2e-05, 'm_yri_ooa': 0.0, 'm_yri_ceu': 1e-05, 'm_yri_chb': 1e-05, 'm_ceu_chb': 0.0} -67539.15482008057
x: {'t1': 1.78458, 't2': 2.32267, 't3': 95.15226, 'N_anc': 478.78884, 'N_yri': 359.74093, 'N_ooa': 897.45017, 'N_ceu': 309.33068, 'N_chb': 342.42486, 'gr_ceu': 2e-05, 'gr_chb': 2e-05, 'm_yri_ooa': 0.0, 'm_yri_ceu': 1e-05, 'm_yri_chb': 1e-05, 'm_ceu_chb': 0.0} -67538.00389973608
x_down: {'t1': 1.78458, 't2': 2.32267, 't3': 95.15226, 'N_anc': 478.78884, 'N_yri': 359.74093, 'N_ooa': 897.45017, 'N_ceu': 298.86415, 'N_chb': 342.42486, 'gr_ceu': 2e-05, 'gr_chb': 2e-05, 'm_yri_ooa': 0.0, 'm_yri_ceu': 1e-05, 'm_yri_chb': 1e-05, 'm_ceu_chb': 0.0} -67537.83912813866
 
 
x_up: {'t1': 1.78458, 't2': 2.32267, 't3': 95.15226, 'N_anc': 478.78884, 'N_yri': 359.74093, 'N_ooa': 897.45017, 'N_ceu': 298.86415, 'N_chb': 354.5461, 'gr_ceu': 2e-05, 'gr_chb': 2e-05, 'm_yri_ooa': 0.0, 'm_yri_ceu': 1e-05, 'm_yri_chb': 1e-05, 'm_ceu_chb': 0.0} -67538.23601759135
x: {'t1': 1.78458, 't2': 2.32267, 't3': 95.15226, 'N_anc': 478.78884, 'N_yri': 359.74093, 'N_ooa': 897.45017, 'N_ceu': 298.86415, 'N_chb': 342.42486, 'gr_ceu': 2e-05, 'gr_chb': 2e-05, 'm_yri_ooa': 0.0, 'm_yri_ceu': 1e-05, 'm_yri_chb': 1e-05, 'm_ceu_chb': 0.0} -67537.83912813866
x_down: {'t1': 1.78458, 't2': 2.32267, 't3': 95.15226, 'N_anc': 478.78884, 'N_yri': 359.74093, 'N_ooa': 897.45017, 'N_ceu': 298.86415, 'N_chb': 330.30362, 'gr_ceu': 2e-05, 'gr_chb': 2e-05, 'm_yri_ooa': 0.0, 'm_yri_ceu': 1e-05, 'm_yri_chb': 1e-05, 'm_ceu_chb': 0.0} -67538.60768305814
 
 
x_up: {'t1': 1.78458, 't2': 2.32267, 't3': 95.15226, 'N_anc': 478.78884, 'N_yri': 359.74093, 'N_ooa': 897.45017, 'N_ceu': 298.86415, 'N_chb': 342.42486, 'gr_ceu': 3e-05, 'gr_chb': 2e-05, 'm_yri_ooa': 0.0, 'm_yri_ceu': 1e-05, 'm_yri_chb': 1e-05, 'm_ceu_chb': 0.0} -67537.83960620657
x: {'t1': 1.78458, 't2': 2.32267, 't3': 95.15226, 'N_anc': 478.78884, 'N_yri': 359.74093, 'N_ooa': 897.45017, 'N_ceu': 298.86415, 'N_chb': 342.42486, 'gr_ceu': 2e-05, 'gr_chb': 2e-05, 'm_yri_ooa': 0.0, 'm_yri_ceu': 1e-05, 'm_yri_chb': 1e-05, 'm_ceu_chb': 0.0} -67537.83912813866
x_down: {'t1': 1.78458, 't2': 2.32267, 't3': 95.15226, 'N_anc': 478.78884, 'N_yri': 359.74093, 'N_ooa': 897.45017, 'N_ceu': 298.86415, 'N_chb': 342.42486, 'gr_ceu': 1e-05, 'gr_chb': 2e-05, 'm_yri_ooa': 0.0, 'm_yri_ceu': 1e-05, 'm_yri_chb': 1e-05, 'm_ceu_chb': 0.0} -67537.83865019791
 
 
x_up: {'t1': 1.78458, 't2': 2.32267, 't3': 95.15226, 'N_anc': 478.78884, 'N_yri': 359.74093, 'N_ooa': 897.45017, 'N_ceu': 298.86415, 'N_chb': 342.42486, 'gr_ceu': 1e-05, 'gr_chb': 3e-05, 'm_yri_ooa': 0.0, 'm_yri_ceu': 1e-05, 'm_yri_chb': 1e-05, 'm_ceu_chb': 0.0} -67537.83896683095
x: {'t1': 1.78458, 't2': 2.32267, 't3': 95.15226, 'N_anc': 478.78884, 'N_yri': 359.74093, 'N_ooa': 897.45017, 'N_ceu': 298.86415, 'N_chb': 342.42486, 'gr_ceu': 1e-05, 'gr_chb': 2e-05, 'm_yri_ooa': 0.0, 'm_yri_ceu': 1e-05, 'm_yri_chb': 1e-05, 'm_ceu_chb': 0.0} -67537.83865019791
x_down: {'t1': 1.78458, 't2': 2.32267, 't3': 95.15226, 'N_anc': 478.78884, 'N_yri': 359.74093, 'N_ooa': 897.45017, 'N_ceu': 298.86415, 'N_chb': 342.42486, 'gr_ceu': 1e-05, 'gr_chb': 1e-05, 'm_yri_ooa': 0.0, 'm_yri_ceu': 1e-05, 'm_yri_chb': 1e-05, 'm_ceu_chb': 0.0} -67537.83833366941
 
 
x_up: {'t1': 1.78458, 't2': 2.32267, 't3': 95.15226, 'N_anc': 478.78884, 'N_yri': 359.74093, 'N_ooa': 897.45017, 'N_ceu': 298.86415, 'N_chb': 342.42486, 'gr_ceu': 1e-05, 'gr_chb': 1e-05, 'm_yri_ooa': 0.0, 'm_yri_ceu': 1e-05, 'm_yri_chb': 1e-05, 'm_ceu_chb': 0.0} -67537.83833366941
x: {'t1': 1.78458, 't2': 2.32267, 't3': 95.15226, 'N_anc': 478.78884, 'N_yri': 359.74093, 'N_ooa': 897.45017, 'N_ceu': 298.86415, 'N_chb': 342.42486, 'gr_ceu': 1e-05, 'gr_chb': 1e-05, 'm_yri_ooa': 0.0, 'm_yri_ceu': 1e-05, 'm_yri_chb': 1e-05, 'm_ceu_chb': 0.0} -67537.83833366941
x_down: {'t1': 1.78458, 't2': 2.32267, 't3': 95.15226, 'N_anc': 478.78884, 'N_yri': 359.74093, 'N_ooa': 897.45017, 'N_ceu': 298.86415, 'N_chb': 342.42486, 'gr_ceu': 1e-05, 'gr_chb': 1e-05, 'm_yri_ooa': 1e-05, 'm_yri_ceu': 1e-05, 'm_yri_chb': 1e-05, 'm_ceu_chb': 0.0} -67537.84517526963
 
 
x_up: {'t1': 1.78458, 't2': 2.32267, 't3': 95.15226, 'N_anc': 478.78884, 'N_yri': 359.74093, 'N_ooa': 897.45017, 'N_ceu': 298.86415, 'N_chb': 342.42486, 'gr_ceu': 1e-05, 'gr_chb': 1e-05, 'm_yri_ooa': 0.0, 'm_yri_ceu': 0.0, 'm_yri_chb': 1e-05, 'm_ceu_chb': 0.0} -67537.83833366964
x: {'t1': 1.78458, 't2': 2.32267, 't3': 95.15226, 'N_anc': 478.78884, 'N_yri': 359.74093, 'N_ooa': 897.45017, 'N_ceu': 298.86415, 'N_chb': 342.42486, 'gr_ceu': 1e-05, 'gr_chb': 1e-05, 'm_yri_ooa': 0.0, 'm_yri_ceu': 1e-05, 'm_yri_chb': 1e-05, 'm_ceu_chb': 0.0} -67537.83833366941
x_down: {'t1': 1.78458, 't2': 2.32267, 't3': 95.15226, 'N_anc': 478.78884, 'N_yri': 359.74093, 'N_ooa': 897.45017, 'N_ceu': 298.86415, 'N_chb': 342.42486, 'gr_ceu': 1e-05, 'gr_chb': 1e-05, 'm_yri_ooa': 0.0, 'm_yri_ceu': 1e-05, 'm_yri_chb': 1e-05, 'm_ceu_chb': 0.0} -67537.83833366941
 
 
x_up: {'t1': 1.78458, 't2': 2.32267, 't3': 95.15226, 'N_anc': 478.78884, 'N_yri': 359.74093, 'N_ooa': 897.45017, 'N_ceu': 298.86415, 'N_chb': 342.42486, 'gr_ceu': 1e-05, 'gr_chb': 1e-05, 'm_yri_ooa': 0.0, 'm_yri_ceu': 1e-05, 'm_yri_chb': 0.0, 'm_ceu_chb': 0.0} -67537.83833367049
x: {'t1': 1.78458, 't2': 2.32267, 't3': 95.15226, 'N_anc': 478.78884, 'N_yri': 359.74093, 'N_ooa': 897.45017, 'N_ceu': 298.86415, 'N_chb': 342.42486, 'gr_ceu': 1e-05, 'gr_chb': 1e-05, 'm_yri_ooa': 0.0, 'm_yri_ceu': 1e-05, 'm_yri_chb': 1e-05, 'm_ceu_chb': 0.0} -67537.83833366941
x_down: {'t1': 1.78458, 't2': 2.32267, 't3': 95.15226, 'N_anc': 478.78884, 'N_yri': 359.74093, 'N_ooa': 897.45017, 'N_ceu': 298.86415, 'N_chb': 342.42486, 'gr_ceu': 1e-05, 'gr_chb': 1e-05, 'm_yri_ooa': 0.0, 'm_yri_ceu': 1e-05, 'm_yri_chb': 1e-05, 'm_ceu_chb': 0.0} -67537.83833366941
 
 
x_up: {'t1': 1.78458, 't2': 2.32267, 't3': 95.15226, 'N_anc': 478.78884, 'N_yri': 359.74093, 'N_ooa': 897.45017, 'N_ceu': 298.86415, 'N_chb': 342.42486, 'gr_ceu': 1e-05, 'gr_chb': 1e-05, 'm_yri_ooa': 0.0, 'm_yri_ceu': 1e-05, 'm_yri_chb': 1e-05, 'm_ceu_chb': 0.0} -67537.83833366941
x: {'t1': 1.78458, 't2': 2.32267, 't3': 95.15226, 'N_anc': 478.78884, 'N_yri': 359.74093, 'N_ooa': 897.45017, 'N_ceu': 298.86415, 'N_chb': 342.42486, 'gr_ceu': 1e-05, 'gr_chb': 1e-05, 'm_yri_ooa': 0.0, 'm_yri_ceu': 1e-05, 'm_yri_chb': 1e-05, 'm_ceu_chb': 0.0} -67537.83833366941
x_down: {'t1': 1.78458, 't2': 2.32267, 't3': 95.15226, 'N_anc': 478.78884, 'N_yri': 359.74093, 'N_ooa': 897.45017, 'N_ceu': 298.86415, 'N_chb': 342.42486, 'gr_ceu': 1e-05, 'gr_chb': 1e-05, 'm_yri_ooa': 0.0, 'm_yri_ceu': 1e-05, 'm_yri_chb': 1e-05, 'm_ceu_chb': 1e-05} -67537.83833366953
 
{'t1': 1.78458, 't2': 2.32267, 't3': 95.15226, 'N_anc': 478.78884, 'N_yri': 359.74093, 'N_ooa': 897.45017, 'N_ceu': 298.86415, 'N_chb': 342.42486, 'gr_ceu': 1e-05, 'gr_chb': 1e-05, 'm_yri_ooa': 0.0, 'm_yri_ceu': 1e-05, 'm_yri_chb': 1e-05, 'm_ceu_chb': 0.0} -67537.83833366941
 
x_up: {'t1': 1.85184, 't2': 2.32267, 't3': 95.15226, 'N_anc': 478.78884, 'N_yri': 359.74093, 'N_ooa': 897.45017, 'N_ceu': 298.86415, 'N_chb': 342.42486, 'gr_ceu': 1e-05, 'gr_chb': 1e-05, 'm_yri_ooa': 0.0, 'm_yri_ceu': 1e-05, 'm_yri_chb': 1e-05, 'm_ceu_chb': 0.0} -67540.13863051258
x: {'t1': 1.78458, 't2': 2.32267, 't3': 95.15226, 'N_anc': 478.78884, 'N_yri': 359.74093, 'N_ooa': 897.45017, 'N_ceu': 298.86415, 'N_chb': 342.42486, 'gr_ceu': 1e-05, 'gr_chb': 1e-05, 'm_yri_ooa': 0.0, 'm_yri_ceu': 1e-05, 'm_yri_chb': 1e-05, 'm_ceu_chb': 0.0} -67537.83833366941
x_down: {'t1': 1.71732, 't2': 2.32267, 't3': 95.15226, 'N_anc': 478.78884, 'N_yri': 359.74093, 'N_ooa': 897.45017, 'N_ceu': 298.86415, 'N_chb': 342.42486, 'gr_ceu': 1e-05, 'gr_chb': 1e-05, 'm_yri_ooa': 0.0, 'm_yri_ceu': 1e-05, 'm_yri_chb': 1e-05, 'm_ceu_chb': 0.0} -67541.82302299376
 
 
x_up: {'t1': 1.78458, 't2': 2.34957, 't3': 95.15226, 'N_anc': 478.78884, 'N_yri': 359.74093, 'N_ooa': 897.45017, 'N_ceu': 298.86415, 'N_chb': 342.42486, 'gr_ceu': 1e-05, 'gr_chb': 1e-05, 'm_yri_ooa': 0.0, 'm_yri_ceu': 1e-05, 'm_yri_chb': 1e-05, 'm_ceu_chb': 0.0} -67547.22498485028
x: {'t1': 1.78458, 't2': 2.32267, 't3': 95.15226, 'N_anc': 478.78884, 'N_yri': 359.74093, 'N_ooa': 897.45017, 'N_ceu': 298.86415, 'N_chb': 342.42486, 'gr_ceu': 1e-05, 'gr_chb': 1e-05, 'm_yri_ooa': 0.0, 'm_yri_ceu': 1e-05, 'm_yri_chb': 1e-05, 'm_ceu_chb': 0.0} -67537.83833366941
x_down: {'t1': 1.78458, 't2': 2.29577, 't3': 95.15226, 'N_anc': 478.78884, 'N_yri': 359.74093, 'N_ooa': 897.45017, 'N_ceu': 298.86415, 'N_chb': 342.42486, 'gr_ceu': 1e-05, 'gr_chb': 1e-05, 'm_yri_ooa': 0.0, 'm_yri_ceu': 1e-05, 'm_yri_chb': 1e-05, 'm_ceu_chb': 0.0} -67556.47118833054
 
 
x_up: {'t1': 1.78458, 't2': 2.32267, 't3': 99.79374, 'N_anc': 478.78884, 'N_yri': 359.74093, 'N_ooa': 897.45017, 'N_ceu': 298.86415, 'N_chb': 342.42486, 'gr_ceu': 1e-05, 'gr_chb': 1e-05, 'm_yri_ooa': 0.0, 'm_yri_ceu': 1e-05, 'm_yri_chb': 1e-05, 'm_ceu_chb': 0.0} -67540.08665025597
x: {'t1': 1.78458, 't2': 2.32267, 't3': 95.15226, 'N_anc': 478.78884, 'N_yri': 359.74093, 'N_ooa': 897.45017, 'N_ceu': 298.86415, 'N_chb': 342.42486, 'gr_ceu': 1e-05, 'gr_chb': 1e-05, 'm_yri_ooa': 0.0, 'm_yri_ceu': 1e-05, 'm_yri_chb': 1e-05, 'm_ceu_chb': 0.0} -67537.83833366941
x_down: {'t1': 1.78458, 't2': 2.32267, 't3': 90.51078, 'N_anc': 478.78884, 'N_yri': 359.74093, 'N_ooa': 897.45017, 'N_ceu': 298.86415, 'N_chb': 342.42486, 'gr_ceu': 1e-05, 'gr_chb': 1e-05, 'm_yri_ooa': 0.0, 'm_yri_ceu': 1e-05, 'm_yri_chb': 1e-05, 'm_ceu_chb': 0.0} -67543.3881376867
 
 
x_up: {'t1': 1.78458, 't2': 2.32267, 't3': 95.15226, 'N_anc': 497.72828, 'N_yri': 359.74093, 'N_ooa': 897.45017, 'N_ceu': 298.86415, 'N_chb': 342.42486, 'gr_ceu': 1e-05, 'gr_chb': 1e-05, 'm_yri_ooa': 0.0, 'm_yri_ceu': 1e-05, 'm_yri_chb': 1e-05, 'm_ceu_chb': 0.0} -67537.86543852388
x: {'t1': 1.78458, 't2': 2.32267, 't3': 95.15226, 'N_anc': 478.78884, 'N_yri': 359.74093, 'N_ooa': 897.45017, 'N_ceu': 298.86415, 'N_chb': 342.42486, 'gr_ceu': 1e-05, 'gr_chb': 1e-05, 'm_yri_ooa': 0.0, 'm_yri_ceu': 1e-05, 'm_yri_chb': 1e-05, 'm_ceu_chb': 0.0} -67537.83833366941
x_down: {'t1': 1.78458, 't2': 2.32267, 't3': 95.15226, 'N_anc': 459.8494, 'N_yri': 359.74093, 'N_ooa': 897.45017, 'N_ceu': 298.86415, 'N_chb': 342.42486, 'gr_ceu': 1e-05, 'gr_chb': 1e-05, 'm_yri_ooa': 0.0, 'm_yri_ceu': 1e-05, 'm_yri_chb': 1e-05, 'm_ceu_chb': 0.0} -67538.11373618335
 
 
x_up: {'t1': 1.78458, 't2': 2.32267, 't3': 95.15226, 'N_anc': 478.78884, 'N_yri': 372.72798, 'N_ooa': 897.45017, 'N_ceu': 298.86415, 'N_chb': 342.42486, 'gr_ceu': 1e-05, 'gr_chb': 1e-05, 'm_yri_ooa': 0.0, 'm_yri_ceu': 1e-05, 'm_yri_chb': 1e-05, 'm_ceu_chb': 0.0} -67541.00264060122
x: {'t1': 1.78458, 't2': 2.32267, 't3': 95.15226, 'N_anc': 478.78884, 'N_yri': 359.74093, 'N_ooa': 897.45017, 'N_ceu': 298.86415, 'N_chb': 342.42486, 'gr_ceu': 1e-05, 'gr_chb': 1e-05, 'm_yri_ooa': 0.0, 'm_yri_ceu': 1e-05, 'm_yri_chb': 1e-05, 'm_ceu_chb': 0.0} -67537.83833366941
x_down: {'t1': 1.78458, 't2': 2.32267, 't3': 95.15226, 'N_anc': 478.78884, 'N_yri': 346.75388, 'N_ooa': 897.45017, 'N_ceu': 298.86415, 'N_chb': 342.42486, 'gr_ceu': 1e-05, 'gr_chb': 1e-05, 'm_yri_ooa': 0.0, 'm_yri_ceu': 1e-05, 'm_yri_chb': 1e-05, 'm_ceu_chb': 0.0} -67542.89424671988
 
 
x_up: {'t1': 1.78458, 't2': 2.32267, 't3': 95.15226, 'N_anc': 478.78884, 'N_yri': 359.74093, 'N_ooa': 937.32268, 'N_ceu': 298.86415, 'N_chb': 342.42486, 'gr_ceu': 1e-05, 'gr_chb': 1e-05, 'm_yri_ooa': 0.0, 'm_yri_ceu': 1e-05, 'm_yri_chb': 1e-05, 'm_ceu_chb': 0.0} -67545.45087235847
x: {'t1': 1.78458, 't2': 2.32267, 't3': 95.15226, 'N_anc': 478.78884, 'N_yri': 359.74093, 'N_ooa': 897.45017, 'N_ceu': 298.86415, 'N_chb': 342.42486, 'gr_ceu': 1e-05, 'gr_chb': 1e-05, 'm_yri_ooa': 0.0, 'm_yri_ceu': 1e-05, 'm_yri_chb': 1e-05, 'm_ceu_chb': 0.0} -67537.83833366941
x_down: {'t1': 1.78458, 't2': 2.32267, 't3': 95.15226, 'N_anc': 478.78884, 'N_yri': 359.74093, 'N_ooa': 857.57766, 'N_ceu': 298.86415, 'N_chb': 342.42486, 'gr_ceu': 1e-05, 'gr_chb': 1e-05, 'm_yri_ooa': 0.0, 'm_yri_ceu': 1e-05, 'm_yri_chb': 1e-05, 'm_ceu_chb': 0.0} -67547.11402381922
 
 
x_up: {'t1': 1.78458, 't2': 2.32267, 't3': 95.15226, 'N_anc': 478.78884, 'N_yri': 359.74093, 'N_ooa': 897.45017, 'N_ceu': 313.77896, 'N_chb': 342.42486, 'gr_ceu': 1e-05, 'gr_chb': 1e-05, 'm_yri_ooa': 0.0, 'm_yri_ceu': 1e-05, 'm_yri_chb': 1e-05, 'm_ceu_chb': 0.0} -67538.383231756
x: {'t1': 1.78458, 't2': 2.32267, 't3': 95.15226, 'N_anc': 478.78884, 'N_yri': 359.74093, 'N_ooa': 897.45017, 'N_ceu': 298.86415, 'N_chb': 342.42486, 'gr_ceu': 1e-05, 'gr_chb': 1e-05, 'm_yri_ooa': 0.0, 'm_yri_ceu': 1e-05, 'm_yri_chb': 1e-05, 'm_ceu_chb': 0.0} -67537.83833366941
x_down: {'t1': 1.78458, 't2': 2.32267, 't3': 95.15226, 'N_anc': 478.78884, 'N_yri': 359.74093, 'N_ooa': 897.45017, 'N_ceu': 283.94934, 'N_chb': 342.42486, 'gr_ceu': 1e-05, 'gr_chb': 1e-05, 'm_yri_ooa': 0.0, 'm_yri_ceu': 1e-05, 'm_yri_chb': 1e-05, 'm_ceu_chb': 0.0} -67539.75175572008
 
 
x_up: {'t1': 1.78458, 't2': 2.32267, 't3': 95.15226, 'N_anc': 478.78884, 'N_yri': 359.74093, 'N_ooa': 897.45017, 'N_ceu': 298.86415, 'N_chb': 354.5461, 'gr_ceu': 1e-05, 'gr_chb': 1e-05, 'm_yri_ooa': 0.0, 'm_yri_ceu': 1e-05, 'm_yri_chb': 1e-05, 'm_ceu_chb': 0.0} -67538.23477917236
x: {'t1': 1.78458, 't2': 2.32267, 't3': 95.15226, 'N_anc': 478.78884, 'N_yri': 359.74093, 'N_ooa': 897.45017, 'N_ceu': 298.86415, 'N_chb': 342.42486, 'gr_ceu': 1e-05, 'gr_chb': 1e-05, 'm_yri_ooa': 0.0, 'm_yri_ceu': 1e-05, 'm_yri_chb': 1e-05, 'm_ceu_chb': 0.0} -67537.83833366941
x_down: {'t1': 1.78458, 't2': 2.32267, 't3': 95.15226, 'N_anc': 478.78884, 'N_yri': 359.74093, 'N_ooa': 897.45017, 'N_ceu': 298.86415, 'N_chb': 330.30362, 'gr_ceu': 1e-05, 'gr_chb': 1e-05, 'm_yri_ooa': 0.0, 'm_yri_ceu': 1e-05, 'm_yri_chb': 1e-05, 'm_ceu_chb': 0.0} -67538.60734737797
 
 
x_up: {'t1': 1.78458, 't2': 2.32267, 't3': 95.15226, 'N_anc': 478.78884, 'N_yri': 359.74093, 'N_ooa': 897.45017, 'N_ceu': 298.86415, 'N_chb': 342.42486, 'gr_ceu': 2e-05, 'gr_chb': 1e-05, 'm_yri_ooa': 0.0, 'm_yri_ceu': 1e-05, 'm_yri_chb': 1e-05, 'm_ceu_chb': 0.0} -67537.83881156346
x: {'t1': 1.78458, 't2': 2.32267, 't3': 95.15226, 'N_anc': 478.78884, 'N_yri': 359.74093, 'N_ooa': 897.45017, 'N_ceu': 298.86415, 'N_chb': 342.42486, 'gr_ceu': 1e-05, 'gr_chb': 1e-05, 'm_yri_ooa': 0.0, 'm_yri_ceu': 1e-05, 'm_yri_chb': 1e-05, 'm_ceu_chb': 0.0} -67537.83833366941
x_down: {'t1': 1.78458, 't2': 2.32267, 't3': 95.15226, 'N_anc': 478.78884, 'N_yri': 359.74093, 'N_ooa': 897.45017, 'N_ceu': 298.86415, 'N_chb': 342.42486, 'gr_ceu': 1e-05, 'gr_chb': 1e-05, 'm_yri_ooa': 0.0, 'm_yri_ceu': 1e-05, 'm_yri_chb': 1e-05, 'm_ceu_chb': 0.0} -67537.83833366941
 
 
x_up: {'t1': 1.78458, 't2': 2.32267, 't3': 95.15226, 'N_anc': 478.78884, 'N_yri': 359.74093, 'N_ooa': 897.45017, 'N_ceu': 298.86415, 'N_chb': 342.42486, 'gr_ceu': 1e-05, 'gr_chb': 2e-05, 'm_yri_ooa': 0.0, 'm_yri_ceu': 1e-05, 'm_yri_chb': 1e-05, 'm_ceu_chb': 0.0} -67537.83865019791
x: {'t1': 1.78458, 't2': 2.32267, 't3': 95.15226, 'N_anc': 478.78884, 'N_yri': 359.74093, 'N_ooa': 897.45017, 'N_ceu': 298.86415, 'N_chb': 342.42486, 'gr_ceu': 1e-05, 'gr_chb': 1e-05, 'm_yri_ooa': 0.0, 'm_yri_ceu': 1e-05, 'm_yri_chb': 1e-05, 'm_ceu_chb': 0.0} -67537.83833366941
x_down: {'t1': 1.78458, 't2': 2.32267, 't3': 95.15226, 'N_anc': 478.78884, 'N_yri': 359.74093, 'N_ooa': 897.45017, 'N_ceu': 298.86415, 'N_chb': 342.42486, 'gr_ceu': 1e-05, 'gr_chb': 1e-05, 'm_yri_ooa': 0.0, 'm_yri_ceu': 1e-05, 'm_yri_chb': 1e-05, 'm_ceu_chb': 0.0} -67537.83833366941
 
 
x_up: {'t1': 1.78458, 't2': 2.32267, 't3': 95.15226, 'N_anc': 478.78884, 'N_yri': 359.74093, 'N_ooa': 897.45017, 'N_ceu': 298.86415, 'N_chb': 342.42486, 'gr_ceu': 1e-05, 'gr_chb': 1e-05, 'm_yri_ooa': 0.0, 'm_yri_ceu': 1e-05, 'm_yri_chb': 1e-05, 'm_ceu_chb': 0.0} -67537.83833366941
x: {'t1': 1.78458, 't2': 2.32267, 't3': 95.15226, 'N_anc': 478.78884, 'N_yri': 359.74093, 'N_ooa': 897.45017, 'N_ceu': 298.86415, 'N_chb': 342.42486, 'gr_ceu': 1e-05, 'gr_chb': 1e-05, 'm_yri_ooa': 0.0, 'm_yri_ceu': 1e-05, 'm_yri_chb': 1e-05, 'm_ceu_chb': 0.0} -67537.83833366941
x_down: {'t1': 1.78458, 't2': 2.32267, 't3': 95.15226, 'N_anc': 478.78884, 'N_yri': 359.74093, 'N_ooa': 897.45017, 'N_ceu': 298.86415, 'N_chb': 342.42486, 'gr_ceu': 1e-05, 'gr_chb': 1e-05, 'm_yri_ooa': 1e-05, 'm_yri_ceu': 1e-05, 'm_yri_chb': 1e-05, 'm_ceu_chb': 0.0} -67537.84517526963
 
 
x_up: {'t1': 1.78458, 't2': 2.32267, 't3': 95.15226, 'N_anc': 478.78884, 'N_yri': 359.74093, 'N_ooa': 897.45017, 'N_ceu': 298.86415, 'N_chb': 342.42486, 'gr_ceu': 1e-05, 'gr_chb': 1e-05, 'm_yri_ooa': 0.0, 'm_yri_ceu': 0.0, 'm_yri_chb': 1e-05, 'm_ceu_chb': 0.0} -67537.83833366964
x: {'t1': 1.78458, 't2': 2.32267, 't3': 95.15226, 'N_anc': 478.78884, 'N_yri': 359.74093, 'N_ooa': 897.45017, 'N_ceu': 298.86415, 'N_chb': 342.42486, 'gr_ceu': 1e-05, 'gr_chb': 1e-05, 'm_yri_ooa': 0.0, 'm_yri_ceu': 1e-05, 'm_yri_chb': 1e-05, 'm_ceu_chb': 0.0} -67537.83833366941
x_down: {'t1': 1.78458, 't2': 2.32267, 't3': 95.15226, 'N_anc': 478.78884, 'N_yri': 359.74093, 'N_ooa': 897.45017, 'N_ceu': 298.86415, 'N_chb': 342.42486, 'gr_ceu': 1e-05, 'gr_chb': 1e-05, 'm_yri_ooa': 0.0, 'm_yri_ceu': 1e-05, 'm_yri_chb': 1e-05, 'm_ceu_chb': 0.0} -67537.83833366941
 
[2026-09-23T14:39:02.005] error: *** JOB 12273722 ON d05-37 CANCELLED AT 2026-09-23T14:39:02 DUE TO TIME LIMIT ***
