2026-09-23 06:41:06,499 - INFO - Beginning execution of simulate_and_fit_ARG.py in directory /home1/mahj/glike_optimize/opt_scripts

2026-09-23 06:41:06,499 - INFO - Progress is being logged to ../opt_results_glike_3G09_no_m1/ntree_10_rep_7_simulate_ARG.log

2026-09-23 06:41:06,499 - INFO - Parsed the following arguments:
	N_SAMPLES = 1000.0
	SEQUENCE_LENGTH = 30000000.0
	RECOMBINATION_RATE = 1e-08
	SEED = 1
	NUM_TREES = 10
	OPTIMIZER = glike
	MODEL = 3G09
	KAPPA = 10000
	outprefix = ../opt_results_glike_3G09_no_m1/ntree_10_rep_7

2026-09-23 06:41:06,560 - INFO - Sampling 1000 individuals with ploidy 1 in population 1 (name='ceu') at time 0
2026-09-23 06:41:06,567 - INFO - Starting replicate 0
2026-09-23 06:41:06,567 - INFO - model[0] {'name': 'hudson'} started at time=0 nodes=1000 edges=0
2026-09-23 06:41:06,567 - INFO - Running model {'name': 'hudson'} until max time: inf
2026-09-23 06:41:06,586 - INFO - Completed at time=825.393 nodes=4008 edges=12940
2026-09-23 06:41:06,655 - INFO - Finished simulating ARG.
[phase from 0.0 to 19.0]
        admix
ns   0.000006
grs  0.078000

[phase from 19.0 to 411.0]
       afr    eur   asia    pol
admix  0.0  0.198  0.334  0.468
        afr       eur     asia       pol
ns   0.0001  0.000075  0.00004  0.000064
grs  0.0000  0.000000  0.00000  0.000000

[phase from 411.0 to 1040.0]
      afr  eur  asia
afr     1    0     0
eur     0    1     0
asia    0    0     1
pol     0    0     1
        afr       eur     asia
ns   0.0001  0.000075  0.00037
grs  0.0000  0.000000  0.00000

[phase from 1040.0 to 2004.0]
      afr  eur
afr     1    0
eur     0    1
asia    0    1
        afr       eur
ns   0.0001  0.000405
grs  0.0000  0.000000

[phase from 2004.0 to inf]
     A
afr  1
eur  1
            A
ns   0.000375
grs  0.000000

2026-09-23 06:41:06,785 - INFO - Starting glike optimization.
{'t1': 10, 't2': 50, 't3': 100, 'N_anc': 10000, 'N_yri': 10000, 'N_ooa': 10000, 'N_ceu': 10000, 'N_chb': 10000, 'gr_ceu': 0.1, 'gr_chb': 0.1, 'm_yri_ooa': 0.0, 'm_yri_ceu': 0.0, 'm_yri_chb': 0.0, 'm_ceu_chb': 0.0} -96355.58735003117
 
x_up: {'t1': 10.9, 't2': 50, 't3': 100, 'N_anc': 10000, 'N_yri': 10000, 'N_ooa': 10000, 'N_ceu': 10000, 'N_chb': 10000, 'gr_ceu': 0.1, 'gr_chb': 0.1, 'm_yri_ooa': 0.0, 'm_yri_ceu': 0.0, 'm_yri_chb': 0.0, 'm_ceu_chb': 0.0} -96876.17651539661
x: {'t1': 10, 't2': 50, 't3': 100, 'N_anc': 10000, 'N_yri': 10000, 'N_ooa': 10000, 'N_ceu': 10000, 'N_chb': 10000, 'gr_ceu': 0.1, 'gr_chb': 0.1, 'm_yri_ooa': 0.0, 'm_yri_ceu': 0.0, 'm_yri_chb': 0.0, 'm_ceu_chb': 0.0} -96355.58735003117
x_down: {'t1': 9.1, 't2': 50, 't3': 100, 'N_anc': 10000, 'N_yri': 10000, 'N_ooa': 10000, 'N_ceu': 10000, 'N_chb': 10000, 'gr_ceu': 0.1, 'gr_chb': 0.1, 'm_yri_ooa': 0.0, 'm_yri_ceu': 0.0, 'm_yri_chb': 0.0, 'm_ceu_chb': 0.0} -95774.99646256986
 
 
x_up: {'t1': 9.1, 't2': 54.09, 't3': 100, 'N_anc': 10000, 'N_yri': 10000, 'N_ooa': 10000, 'N_ceu': 10000, 'N_chb': 10000, 'gr_ceu': 0.1, 'gr_chb': 0.1, 'm_yri_ooa': 0.0, 'm_yri_ceu': 0.0, 'm_yri_chb': 0.0, 'm_ceu_chb': 0.0} -95780.05400776169
x: {'t1': 9.1, 't2': 50, 't3': 100, 'N_anc': 10000, 'N_yri': 10000, 'N_ooa': 10000, 'N_ceu': 10000, 'N_chb': 10000, 'gr_ceu': 0.1, 'gr_chb': 0.1, 'm_yri_ooa': 0.0, 'm_yri_ceu': 0.0, 'm_yri_chb': 0.0, 'm_ceu_chb': 0.0} -95774.99646256986
x_down: {'t1': 9.1, 't2': 45.91, 't3': 100, 'N_anc': 10000, 'N_yri': 10000, 'N_ooa': 10000, 'N_ceu': 10000, 'N_chb': 10000, 'gr_ceu': 0.1, 'gr_chb': 0.1, 'm_yri_ooa': 0.0, 'm_yri_ceu': 0.0, 'm_yri_chb': 0.0, 'm_ceu_chb': 0.0} -95702.11538614176
 
 
x_up: {'t1': 9.1, 't2': 45.91, 't3': 105.409, 'N_anc': 10000, 'N_yri': 10000, 'N_ooa': 10000, 'N_ceu': 10000, 'N_chb': 10000, 'gr_ceu': 0.1, 'gr_chb': 0.1, 'm_yri_ooa': 0.0, 'm_yri_ceu': 0.0, 'm_yri_chb': 0.0, 'm_ceu_chb': 0.0} -95702.11538614176
x: {'t1': 9.1, 't2': 45.91, 't3': 100, 'N_anc': 10000, 'N_yri': 10000, 'N_ooa': 10000, 'N_ceu': 10000, 'N_chb': 10000, 'gr_ceu': 0.1, 'gr_chb': 0.1, 'm_yri_ooa': 0.0, 'm_yri_ceu': 0.0, 'm_yri_chb': 0.0, 'm_ceu_chb': 0.0} -95702.11538614176
x_down: {'t1': 9.1, 't2': 45.91, 't3': 94.591, 'N_anc': 10000, 'N_yri': 10000, 'N_ooa': 10000, 'N_ceu': 10000, 'N_chb': 10000, 'gr_ceu': 0.1, 'gr_chb': 0.1, 'm_yri_ooa': 0.0, 'm_yri_ceu': 0.0, 'm_yri_chb': 0.0, 'm_ceu_chb': 0.0} -95702.11538614176
 
 
x_up: {'t1': 9.1, 't2': 45.91, 't3': 100, 'N_anc': 10990.0, 'N_yri': 10000, 'N_ooa': 10000, 'N_ceu': 10000, 'N_chb': 10000, 'gr_ceu': 0.1, 'gr_chb': 0.1, 'm_yri_ooa': 0.0, 'm_yri_ceu': 0.0, 'm_yri_chb': 0.0, 'm_ceu_chb': 0.0} -95717.41933967052
x: {'t1': 9.1, 't2': 45.91, 't3': 100, 'N_anc': 10000, 'N_yri': 10000, 'N_ooa': 10000, 'N_ceu': 10000, 'N_chb': 10000, 'gr_ceu': 0.1, 'gr_chb': 0.1, 'm_yri_ooa': 0.0, 'm_yri_ceu': 0.0, 'm_yri_chb': 0.0, 'm_ceu_chb': 0.0} -95702.11538614176
x_down: {'t1': 9.1, 't2': 45.91, 't3': 100, 'N_anc': 9010.0, 'N_yri': 10000, 'N_ooa': 10000, 'N_ceu': 10000, 'N_chb': 10000, 'gr_ceu': 0.1, 'gr_chb': 0.1, 'm_yri_ooa': 0.0, 'm_yri_ceu': 0.0, 'm_yri_chb': 0.0, 'm_ceu_chb': 0.0} -95685.30057758132
 
 
x_up: {'t1': 9.1, 't2': 45.91, 't3': 100, 'N_anc': 9010.0, 'N_yri': 10990.0, 'N_ooa': 10000, 'N_ceu': 10000, 'N_chb': 10000, 'gr_ceu': 0.1, 'gr_chb': 0.1, 'm_yri_ooa': 0.0, 'm_yri_ceu': 0.0, 'm_yri_chb': 0.0, 'm_ceu_chb': 0.0} -95841.78512121153
x: {'t1': 9.1, 't2': 45.91, 't3': 100, 'N_anc': 9010.0, 'N_yri': 10000, 'N_ooa': 10000, 'N_ceu': 10000, 'N_chb': 10000, 'gr_ceu': 0.1, 'gr_chb': 0.1, 'm_yri_ooa': 0.0, 'm_yri_ceu': 0.0, 'm_yri_chb': 0.0, 'm_ceu_chb': 0.0} -95685.30057758132
x_down: {'t1': 9.1, 't2': 45.91, 't3': 100, 'N_anc': 9010.0, 'N_yri': 9010.0, 'N_ooa': 10000, 'N_ceu': 10000, 'N_chb': 10000, 'gr_ceu': 0.1, 'gr_chb': 0.1, 'm_yri_ooa': 0.0, 'm_yri_ceu': 0.0, 'm_yri_chb': 0.0, 'm_ceu_chb': 0.0} -95504.40161411694
 
 
x_up: {'t1': 9.1, 't2': 45.91, 't3': 100, 'N_anc': 9010.0, 'N_yri': 9010.0, 'N_ooa': 10990.0, 'N_ceu': 10000, 'N_chb': 10000, 'gr_ceu': 0.1, 'gr_chb': 0.1, 'm_yri_ooa': 0.0, 'm_yri_ceu': 0.0, 'm_yri_chb': 0.0, 'm_ceu_chb': 0.0} -95616.20753394101
x: {'t1': 9.1, 't2': 45.91, 't3': 100, 'N_anc': 9010.0, 'N_yri': 9010.0, 'N_ooa': 10000, 'N_ceu': 10000, 'N_chb': 10000, 'gr_ceu': 0.1, 'gr_chb': 0.1, 'm_yri_ooa': 0.0, 'm_yri_ceu': 0.0, 'm_yri_chb': 0.0, 'm_ceu_chb': 0.0} -95504.40161411694
x_down: {'t1': 9.1, 't2': 45.91, 't3': 100, 'N_anc': 9010.0, 'N_yri': 9010.0, 'N_ooa': 9010.0, 'N_ceu': 10000, 'N_chb': 10000, 'gr_ceu': 0.1, 'gr_chb': 0.1, 'm_yri_ooa': 0.0, 'm_yri_ceu': 0.0, 'm_yri_chb': 0.0, 'm_ceu_chb': 0.0} -95373.34663370649
 
 
x_up: {'t1': 9.1, 't2': 45.91, 't3': 100, 'N_anc': 9010.0, 'N_yri': 9010.0, 'N_ooa': 9010.0, 'N_ceu': 10990.0, 'N_chb': 10000, 'gr_ceu': 0.1, 'gr_chb': 0.1, 'm_yri_ooa': 0.0, 'm_yri_ceu': 0.0, 'm_yri_chb': 0.0, 'm_ceu_chb': 0.0} -95635.878955697
x: {'t1': 9.1, 't2': 45.91, 't3': 100, 'N_anc': 9010.0, 'N_yri': 9010.0, 'N_ooa': 9010.0, 'N_ceu': 10000, 'N_chb': 10000, 'gr_ceu': 0.1, 'gr_chb': 0.1, 'm_yri_ooa': 0.0, 'm_yri_ceu': 0.0, 'm_yri_chb': 0.0, 'm_ceu_chb': 0.0} -95373.34663370649
x_down: {'t1': 9.1, 't2': 45.91, 't3': 100, 'N_anc': 9010.0, 'N_yri': 9010.0, 'N_ooa': 9010.0, 'N_ceu': 9010.0, 'N_chb': 10000, 'gr_ceu': 0.1, 'gr_chb': 0.1, 'm_yri_ooa': 0.0, 'm_yri_ceu': 0.0, 'm_yri_chb': 0.0, 'm_ceu_chb': 0.0} -94971.52693964994
 
 
x_up: {'t1': 9.1, 't2': 45.91, 't3': 100, 'N_anc': 9010.0, 'N_yri': 9010.0, 'N_ooa': 9010.0, 'N_ceu': 9010.0, 'N_chb': 10990.0, 'gr_ceu': 0.1, 'gr_chb': 0.1, 'm_yri_ooa': 0.0, 'm_yri_ceu': 0.0, 'm_yri_chb': 0.0, 'm_ceu_chb': 0.0} -95173.95998792972
x: {'t1': 9.1, 't2': 45.91, 't3': 100, 'N_anc': 9010.0, 'N_yri': 9010.0, 'N_ooa': 9010.0, 'N_ceu': 9010.0, 'N_chb': 10000, 'gr_ceu': 0.1, 'gr_chb': 0.1, 'm_yri_ooa': 0.0, 'm_yri_ceu': 0.0, 'm_yri_chb': 0.0, 'm_ceu_chb': 0.0} -94971.52693964994
x_down: {'t1': 9.1, 't2': 45.91, 't3': 100, 'N_anc': 9010.0, 'N_yri': 9010.0, 'N_ooa': 9010.0, 'N_ceu': 9010.0, 'N_chb': 9010.0, 'gr_ceu': 0.1, 'gr_chb': 0.1, 'm_yri_ooa': 0.0, 'm_yri_ceu': 0.0, 'm_yri_chb': 0.0, 'm_ceu_chb': 0.0} -94693.0782260134
 
 
x_up: {'t1': 9.1, 't2': 45.91, 't3': 100, 'N_anc': 9010.0, 'N_yri': 9010.0, 'N_ooa': 9010.0, 'N_ceu': 9010.0, 'N_chb': 9010.0, 'gr_ceu': 0.11, 'gr_chb': 0.1, 'm_yri_ooa': 0.0, 'm_yri_ceu': 0.0, 'm_yri_chb': 0.0, 'm_ceu_chb': 0.0} -94890.62423219484
x: {'t1': 9.1, 't2': 45.91, 't3': 100, 'N_anc': 9010.0, 'N_yri': 9010.0, 'N_ooa': 9010.0, 'N_ceu': 9010.0, 'N_chb': 9010.0, 'gr_ceu': 0.1, 'gr_chb': 0.1, 'm_yri_ooa': 0.0, 'm_yri_ceu': 0.0, 'm_yri_chb': 0.0, 'm_ceu_chb': 0.0} -94693.0782260134
x_down: {'t1': 9.1, 't2': 45.91, 't3': 100, 'N_anc': 9010.0, 'N_yri': 9010.0, 'N_ooa': 9010.0, 'N_ceu': 9010.0, 'N_chb': 9010.0, 'gr_ceu': 0.09, 'gr_chb': 0.1, 'm_yri_ooa': 0.0, 'm_yri_ceu': 0.0, 'm_yri_chb': 0.0, 'm_ceu_chb': 0.0} -94440.9438619863
 
 
x_up: {'t1': 9.1, 't2': 45.91, 't3': 100, 'N_anc': 9010.0, 'N_yri': 9010.0, 'N_ooa': 9010.0, 'N_ceu': 9010.0, 'N_chb': 9010.0, 'gr_ceu': 0.09, 'gr_chb': 0.11, 'm_yri_ooa': 0.0, 'm_yri_ceu': 0.0, 'm_yri_chb': 0.0, 'm_ceu_chb': 0.0} -94594.88285683292
x: {'t1': 9.1, 't2': 45.91, 't3': 100, 'N_anc': 9010.0, 'N_yri': 9010.0, 'N_ooa': 9010.0, 'N_ceu': 9010.0, 'N_chb': 9010.0, 'gr_ceu': 0.09, 'gr_chb': 0.1, 'm_yri_ooa': 0.0, 'm_yri_ceu': 0.0, 'm_yri_chb': 0.0, 'm_ceu_chb': 0.0} -94440.9438619863
x_down: {'t1': 9.1, 't2': 45.91, 't3': 100, 'N_anc': 9010.0, 'N_yri': 9010.0, 'N_ooa': 9010.0, 'N_ceu': 9010.0, 'N_chb': 9010.0, 'gr_ceu': 0.09, 'gr_chb': 0.09, 'm_yri_ooa': 0.0, 'm_yri_ceu': 0.0, 'm_yri_chb': 0.0, 'm_ceu_chb': 0.0} -94246.3330615562
 
 
x_up: {'t1': 9.1, 't2': 45.91, 't3': 100, 'N_anc': 9010.0, 'N_yri': 9010.0, 'N_ooa': 9010.0, 'N_ceu': 9010.0, 'N_chb': 9010.0, 'gr_ceu': 0.09, 'gr_chb': 0.09, 'm_yri_ooa': 0.0, 'm_yri_ceu': 0.0, 'm_yri_chb': 0.0, 'm_ceu_chb': 0.0} -94246.3330615562
x: {'t1': 9.1, 't2': 45.91, 't3': 100, 'N_anc': 9010.0, 'N_yri': 9010.0, 'N_ooa': 9010.0, 'N_ceu': 9010.0, 'N_chb': 9010.0, 'gr_ceu': 0.09, 'gr_chb': 0.09, 'm_yri_ooa': 0.0, 'm_yri_ceu': 0.0, 'm_yri_chb': 0.0, 'm_ceu_chb': 0.0} -94246.3330615562
x_down: {'t1': 9.1, 't2': 45.91, 't3': 100, 'N_anc': 9010.0, 'N_yri': 9010.0, 'N_ooa': 9010.0, 'N_ceu': 9010.0, 'N_chb': 9010.0, 'gr_ceu': 0.09, 'gr_chb': 0.09, 'm_yri_ooa': 1e-05, 'm_yri_ceu': 0.0, 'm_yri_chb': 0.0, 'm_ceu_chb': 0.0} -94173.12914968035
 
 
x_up: {'t1': 9.1, 't2': 45.91, 't3': 100, 'N_anc': 9010.0, 'N_yri': 9010.0, 'N_ooa': 9010.0, 'N_ceu': 9010.0, 'N_chb': 9010.0, 'gr_ceu': 0.09, 'gr_chb': 0.09, 'm_yri_ooa': 1e-05, 'm_yri_ceu': 0.0, 'm_yri_chb': 0.0, 'm_ceu_chb': 0.0} -94173.12914968035
x: {'t1': 9.1, 't2': 45.91, 't3': 100, 'N_anc': 9010.0, 'N_yri': 9010.0, 'N_ooa': 9010.0, 'N_ceu': 9010.0, 'N_chb': 9010.0, 'gr_ceu': 0.09, 'gr_chb': 0.09, 'm_yri_ooa': 1e-05, 'm_yri_ceu': 0.0, 'm_yri_chb': 0.0, 'm_ceu_chb': 0.0} -94173.12914968035
x_down: {'t1': 9.1, 't2': 45.91, 't3': 100, 'N_anc': 9010.0, 'N_yri': 9010.0, 'N_ooa': 9010.0, 'N_ceu': 9010.0, 'N_chb': 9010.0, 'gr_ceu': 0.09, 'gr_chb': 0.09, 'm_yri_ooa': 1e-05, 'm_yri_ceu': 1e-05, 'm_yri_chb': 0.0, 'm_ceu_chb': 0.0} -94173.1291496831
 
 
x_up: {'t1': 9.1, 't2': 45.91, 't3': 100, 'N_anc': 9010.0, 'N_yri': 9010.0, 'N_ooa': 9010.0, 'N_ceu': 9010.0, 'N_chb': 9010.0, 'gr_ceu': 0.09, 'gr_chb': 0.09, 'm_yri_ooa': 1e-05, 'm_yri_ceu': 0.0, 'm_yri_chb': 0.0, 'm_ceu_chb': 0.0} -94173.12914968035
x: {'t1': 9.1, 't2': 45.91, 't3': 100, 'N_anc': 9010.0, 'N_yri': 9010.0, 'N_ooa': 9010.0, 'N_ceu': 9010.0, 'N_chb': 9010.0, 'gr_ceu': 0.09, 'gr_chb': 0.09, 'm_yri_ooa': 1e-05, 'm_yri_ceu': 0.0, 'm_yri_chb': 0.0, 'm_ceu_chb': 0.0} -94173.12914968035
x_down: {'t1': 9.1, 't2': 45.91, 't3': 100, 'N_anc': 9010.0, 'N_yri': 9010.0, 'N_ooa': 9010.0, 'N_ceu': 9010.0, 'N_chb': 9010.0, 'gr_ceu': 0.09, 'gr_chb': 0.09, 'm_yri_ooa': 1e-05, 'm_yri_ceu': 0.0, 'm_yri_chb': 1e-05, 'm_ceu_chb': 0.0} -94173.12914968317
 
 
x_up: {'t1': 9.1, 't2': 45.91, 't3': 100, 'N_anc': 9010.0, 'N_yri': 9010.0, 'N_ooa': 9010.0, 'N_ceu': 9010.0, 'N_chb': 9010.0, 'gr_ceu': 0.09, 'gr_chb': 0.09, 'm_yri_ooa': 1e-05, 'm_yri_ceu': 0.0, 'm_yri_chb': 0.0, 'm_ceu_chb': 0.0} -94173.12914968035
x: {'t1': 9.1, 't2': 45.91, 't3': 100, 'N_anc': 9010.0, 'N_yri': 9010.0, 'N_ooa': 9010.0, 'N_ceu': 9010.0, 'N_chb': 9010.0, 'gr_ceu': 0.09, 'gr_chb': 0.09, 'm_yri_ooa': 1e-05, 'm_yri_ceu': 0.0, 'm_yri_chb': 0.0, 'm_ceu_chb': 0.0} -94173.12914968035
x_down: {'t1': 9.1, 't2': 45.91, 't3': 100, 'N_anc': 9010.0, 'N_yri': 9010.0, 'N_ooa': 9010.0, 'N_ceu': 9010.0, 'N_chb': 9010.0, 'gr_ceu': 0.09, 'gr_chb': 0.09, 'm_yri_ooa': 1e-05, 'm_yri_ceu': 0.0, 'm_yri_chb': 0.0, 'm_ceu_chb': 1e-05} -94173.12914968251
 
{'t1': 9.1, 't2': 45.91, 't3': 100, 'N_anc': 9010.0, 'N_yri': 9010.0, 'N_ooa': 9010.0, 'N_ceu': 9010.0, 'N_chb': 9010.0, 'gr_ceu': 0.09, 'gr_chb': 0.09, 'm_yri_ooa': 1e-05, 'm_yri_ceu': 0.0, 'm_yri_chb': 0.0, 'm_ceu_chb': 0.0} -94173.12914968035
 
x_up: {'t1': 10.315, 't2': 45.91, 't3': 100, 'N_anc': 9010.0, 'N_yri': 9010.0, 'N_ooa': 9010.0, 'N_ceu': 9010.0, 'N_chb': 9010.0, 'gr_ceu': 0.09, 'gr_chb': 0.09, 'm_yri_ooa': 1e-05, 'm_yri_ceu': 0.0, 'm_yri_chb': 0.0, 'm_ceu_chb': 0.0} -94756.44356020419
x: {'t1': 9.1, 't2': 45.91, 't3': 100, 'N_anc': 9010.0, 'N_yri': 9010.0, 'N_ooa': 9010.0, 'N_ceu': 9010.0, 'N_chb': 9010.0, 'gr_ceu': 0.09, 'gr_chb': 0.09, 'm_yri_ooa': 1e-05, 'm_yri_ceu': 0.0, 'm_yri_chb': 0.0, 'm_ceu_chb': 0.0} -94173.12914968035
x_down: {'t1': 7.885, 't2': 45.91, 't3': 100, 'N_anc': 9010.0, 'N_yri': 9010.0, 'N_ooa': 9010.0, 'N_ceu': 9010.0, 'N_chb': 9010.0, 'gr_ceu': 0.09, 'gr_chb': 0.09, 'm_yri_ooa': 1e-05, 'm_yri_ceu': 0.0, 'm_yri_chb': 0.0, 'm_ceu_chb': 0.0} -93445.92267908825
 
 
x_up: {'t1': 7.885, 't2': 51.61375, 't3': 100, 'N_anc': 9010.0, 'N_yri': 9010.0, 'N_ooa': 9010.0, 'N_ceu': 9010.0, 'N_chb': 9010.0, 'gr_ceu': 0.09, 'gr_chb': 0.09, 'm_yri_ooa': 1e-05, 'm_yri_ceu': 0.0, 'm_yri_chb': 0.0, 'm_ceu_chb': 0.0} -93493.82934053951
x: {'t1': 7.885, 't2': 45.91, 't3': 100, 'N_anc': 9010.0, 'N_yri': 9010.0, 'N_ooa': 9010.0, 'N_ceu': 9010.0, 'N_chb': 9010.0, 'gr_ceu': 0.09, 'gr_chb': 0.09, 'm_yri_ooa': 1e-05, 'm_yri_ceu': 0.0, 'm_yri_chb': 0.0, 'm_ceu_chb': 0.0} -93445.92267908825
x_down: {'t1': 7.885, 't2': 40.20625, 't3': 100, 'N_anc': 9010.0, 'N_yri': 9010.0, 'N_ooa': 9010.0, 'N_ceu': 9010.0, 'N_chb': 9010.0, 'gr_ceu': 0.09, 'gr_chb': 0.09, 'm_yri_ooa': 1e-05, 'm_yri_ceu': 0.0, 'm_yri_chb': 0.0, 'm_ceu_chb': 0.0} -93299.66603259523
 
 
x_up: {'t1': 7.885, 't2': 40.20625, 't3': 102.98969, 'N_anc': 9010.0, 'N_yri': 9010.0, 'N_ooa': 9010.0, 'N_ceu': 9010.0, 'N_chb': 9010.0, 'gr_ceu': 0.09, 'gr_chb': 0.09, 'm_yri_ooa': 1e-05, 'm_yri_ceu': 0.0, 'm_yri_chb': 0.0, 'm_ceu_chb': 0.0} -93299.66603259523
x: {'t1': 7.885, 't2': 40.20625, 't3': 100, 'N_anc': 9010.0, 'N_yri': 9010.0, 'N_ooa': 9010.0, 'N_ceu': 9010.0, 'N_chb': 9010.0, 'gr_ceu': 0.09, 'gr_chb': 0.09, 'm_yri_ooa': 1e-05, 'm_yri_ceu': 0.0, 'm_yri_chb': 0.0, 'm_ceu_chb': 0.0} -93299.66603259523
x_down: {'t1': 7.885, 't2': 40.20625, 't3': 97.01031, 'N_anc': 9010.0, 'N_yri': 9010.0, 'N_ooa': 9010.0, 'N_ceu': 9010.0, 'N_chb': 9010.0, 'gr_ceu': 0.09, 'gr_chb': 0.09, 'm_yri_ooa': 1e-05, 'm_yri_ceu': 0.0, 'm_yri_chb': 0.0, 'm_ceu_chb': 0.0} -93299.66603259523
 
 
x_up: {'t1': 7.885, 't2': 40.20625, 't3': 100, 'N_anc': 10346.5, 'N_yri': 9010.0, 'N_ooa': 9010.0, 'N_ceu': 9010.0, 'N_chb': 9010.0, 'gr_ceu': 0.09, 'gr_chb': 0.09, 'm_yri_ooa': 1e-05, 'm_yri_ceu': 0.0, 'm_yri_chb': 0.0, 'm_ceu_chb': 0.0} -93321.99493052524
x: {'t1': 7.885, 't2': 40.20625, 't3': 100, 'N_anc': 9010.0, 'N_yri': 9010.0, 'N_ooa': 9010.0, 'N_ceu': 9010.0, 'N_chb': 9010.0, 'gr_ceu': 0.09, 'gr_chb': 0.09, 'm_yri_ooa': 1e-05, 'm_yri_ceu': 0.0, 'm_yri_chb': 0.0, 'm_ceu_chb': 0.0} -93299.66603259523
x_down: {'t1': 7.885, 't2': 40.20625, 't3': 100, 'N_anc': 7673.5, 'N_yri': 9010.0, 'N_ooa': 9010.0, 'N_ceu': 9010.0, 'N_chb': 9010.0, 'gr_ceu': 0.09, 'gr_chb': 0.09, 'm_yri_ooa': 1e-05, 'm_yri_ceu': 0.0, 'm_yri_chb': 0.0, 'm_ceu_chb': 0.0} -93273.96736160394
 
 
x_up: {'t1': 7.885, 't2': 40.20625, 't3': 100, 'N_anc': 7673.5, 'N_yri': 10346.5, 'N_ooa': 9010.0, 'N_ceu': 9010.0, 'N_chb': 9010.0, 'gr_ceu': 0.09, 'gr_chb': 0.09, 'm_yri_ooa': 1e-05, 'm_yri_ceu': 0.0, 'm_yri_chb': 0.0, 'm_ceu_chb': 0.0} -93542.24749750871
x: {'t1': 7.885, 't2': 40.20625, 't3': 100, 'N_anc': 7673.5, 'N_yri': 9010.0, 'N_ooa': 9010.0, 'N_ceu': 9010.0, 'N_chb': 9010.0, 'gr_ceu': 0.09, 'gr_chb': 0.09, 'm_yri_ooa': 1e-05, 'm_yri_ceu': 0.0, 'm_yri_chb': 0.0, 'm_ceu_chb': 0.0} -93273.96736160394
x_down: {'t1': 7.885, 't2': 40.20625, 't3': 100, 'N_anc': 7673.5, 'N_yri': 7673.5, 'N_ooa': 9010.0, 'N_ceu': 9010.0, 'N_chb': 9010.0, 'gr_ceu': 0.09, 'gr_chb': 0.09, 'm_yri_ooa': 1e-05, 'm_yri_ceu': 0.0, 'm_yri_chb': 0.0, 'm_ceu_chb': 0.0} -92932.24579687983
 
 
x_up: {'t1': 7.885, 't2': 40.20625, 't3': 100, 'N_anc': 7673.5, 'N_yri': 7673.5, 'N_ooa': 10346.5, 'N_ceu': 9010.0, 'N_chb': 9010.0, 'gr_ceu': 0.09, 'gr_chb': 0.09, 'm_yri_ooa': 1e-05, 'm_yri_ceu': 0.0, 'm_yri_chb': 0.0, 'm_ceu_chb': 0.0} -93119.94625720108
x: {'t1': 7.885, 't2': 40.20625, 't3': 100, 'N_anc': 7673.5, 'N_yri': 7673.5, 'N_ooa': 9010.0, 'N_ceu': 9010.0, 'N_chb': 9010.0, 'gr_ceu': 0.09, 'gr_chb': 0.09, 'm_yri_ooa': 1e-05, 'm_yri_ceu': 0.0, 'm_yri_chb': 0.0, 'm_ceu_chb': 0.0} -92932.24579687983
x_down: {'t1': 7.885, 't2': 40.20625, 't3': 100, 'N_anc': 7673.5, 'N_yri': 7673.5, 'N_ooa': 7673.5, 'N_ceu': 9010.0, 'N_chb': 9010.0, 'gr_ceu': 0.09, 'gr_chb': 0.09, 'm_yri_ooa': 1e-05, 'm_yri_ceu': 0.0, 'm_yri_chb': 0.0, 'm_ceu_chb': 0.0} -92722.62307617682
 
 
x_up: {'t1': 7.885, 't2': 40.20625, 't3': 100, 'N_anc': 7673.5, 'N_yri': 7673.5, 'N_ooa': 7673.5, 'N_ceu': 10346.5, 'N_chb': 9010.0, 'gr_ceu': 0.09, 'gr_chb': 0.09, 'm_yri_ooa': 1e-05, 'm_yri_ceu': 0.0, 'm_yri_chb': 0.0, 'm_ceu_chb': 0.0} -93099.70996944458
x: {'t1': 7.885, 't2': 40.20625, 't3': 100, 'N_anc': 7673.5, 'N_yri': 7673.5, 'N_ooa': 7673.5, 'N_ceu': 9010.0, 'N_chb': 9010.0, 'gr_ceu': 0.09, 'gr_chb': 0.09, 'm_yri_ooa': 1e-05, 'm_yri_ceu': 0.0, 'm_yri_chb': 0.0, 'm_ceu_chb': 0.0} -92722.62307617682
x_down: {'t1': 7.885, 't2': 40.20625, 't3': 100, 'N_anc': 7673.5, 'N_yri': 7673.5, 'N_ooa': 7673.5, 'N_ceu': 7673.5, 'N_chb': 9010.0, 'gr_ceu': 0.09, 'gr_chb': 0.09, 'm_yri_ooa': 1e-05, 'm_yri_ceu': 0.0, 'm_yri_chb': 0.0, 'm_ceu_chb': 0.0} -92181.51612853556
 
 
x_up: {'t1': 7.885, 't2': 40.20625, 't3': 100, 'N_anc': 7673.5, 'N_yri': 7673.5, 'N_ooa': 7673.5, 'N_ceu': 7673.5, 'N_chb': 10346.5, 'gr_ceu': 0.09, 'gr_chb': 0.09, 'm_yri_ooa': 1e-05, 'm_yri_ceu': 0.0, 'm_yri_chb': 0.0, 'm_ceu_chb': 0.0} -92458.7053605624
x: {'t1': 7.885, 't2': 40.20625, 't3': 100, 'N_anc': 7673.5, 'N_yri': 7673.5, 'N_ooa': 7673.5, 'N_ceu': 7673.5, 'N_chb': 9010.0, 'gr_ceu': 0.09, 'gr_chb': 0.09, 'm_yri_ooa': 1e-05, 'm_yri_ceu': 0.0, 'm_yri_chb': 0.0, 'm_ceu_chb': 0.0} -92181.51612853556
x_down: {'t1': 7.885, 't2': 40.20625, 't3': 100, 'N_anc': 7673.5, 'N_yri': 7673.5, 'N_ooa': 7673.5, 'N_ceu': 7673.5, 'N_chb': 7673.5, 'gr_ceu': 0.09, 'gr_chb': 0.09, 'm_yri_ooa': 1e-05, 'm_yri_ceu': 0.0, 'm_yri_chb': 0.0, 'm_ceu_chb': 0.0} -91750.97647151745
 
 
x_up: {'t1': 7.885, 't2': 40.20625, 't3': 100, 'N_anc': 7673.5, 'N_yri': 7673.5, 'N_ooa': 7673.5, 'N_ceu': 7673.5, 'N_chb': 7673.5, 'gr_ceu': 0.1035, 'gr_chb': 0.09, 'm_yri_ooa': 1e-05, 'm_yri_ceu': 0.0, 'm_yri_chb': 0.0, 'm_ceu_chb': 0.0} -91971.42316168241
x: {'t1': 7.885, 't2': 40.20625, 't3': 100, 'N_anc': 7673.5, 'N_yri': 7673.5, 'N_ooa': 7673.5, 'N_ceu': 7673.5, 'N_chb': 7673.5, 'gr_ceu': 0.09, 'gr_chb': 0.09, 'm_yri_ooa': 1e-05, 'm_yri_ceu': 0.0, 'm_yri_chb': 0.0, 'm_ceu_chb': 0.0} -91750.97647151745
x_down: {'t1': 7.885, 't2': 40.20625, 't3': 100, 'N_anc': 7673.5, 'N_yri': 7673.5, 'N_ooa': 7673.5, 'N_ceu': 7673.5, 'N_chb': 7673.5, 'gr_ceu': 0.0765, 'gr_chb': 0.09, 'm_yri_ooa': 1e-05, 'm_yri_ceu': 0.0, 'm_yri_chb': 0.0, 'm_ceu_chb': 0.0} -91496.28720260673
 
 
x_up: {'t1': 7.885, 't2': 40.20625, 't3': 100, 'N_anc': 7673.5, 'N_yri': 7673.5, 'N_ooa': 7673.5, 'N_ceu': 7673.5, 'N_chb': 7673.5, 'gr_ceu': 0.0765, 'gr_chb': 0.1035, 'm_yri_ooa': 1e-05, 'm_yri_ceu': 0.0, 'm_yri_chb': 0.0, 'm_ceu_chb': 0.0} -91689.59887461388
x: {'t1': 7.885, 't2': 40.20625, 't3': 100, 'N_anc': 7673.5, 'N_yri': 7673.5, 'N_ooa': 7673.5, 'N_ceu': 7673.5, 'N_chb': 7673.5, 'gr_ceu': 0.0765, 'gr_chb': 0.09, 'm_yri_ooa': 1e-05, 'm_yri_ceu': 0.0, 'm_yri_chb': 0.0, 'm_ceu_chb': 0.0} -91496.28720260673
x_down: {'t1': 7.885, 't2': 40.20625, 't3': 100, 'N_anc': 7673.5, 'N_yri': 7673.5, 'N_ooa': 7673.5, 'N_ceu': 7673.5, 'N_chb': 7673.5, 'gr_ceu': 0.0765, 'gr_chb': 0.0765, 'm_yri_ooa': 1e-05, 'm_yri_ceu': 0.0, 'm_yri_chb': 0.0, 'm_ceu_chb': 0.0} -91277.46802021655
 
 
x_up: {'t1': 7.885, 't2': 40.20625, 't3': 100, 'N_anc': 7673.5, 'N_yri': 7673.5, 'N_ooa': 7673.5, 'N_ceu': 7673.5, 'N_chb': 7673.5, 'gr_ceu': 0.0765, 'gr_chb': 0.0765, 'm_yri_ooa': 0.0, 'm_yri_ceu': 0.0, 'm_yri_chb': 0.0, 'm_ceu_chb': 0.0} -91309.25058216107
x: {'t1': 7.885, 't2': 40.20625, 't3': 100, 'N_anc': 7673.5, 'N_yri': 7673.5, 'N_ooa': 7673.5, 'N_ceu': 7673.5, 'N_chb': 7673.5, 'gr_ceu': 0.0765, 'gr_chb': 0.0765, 'm_yri_ooa': 1e-05, 'm_yri_ceu': 0.0, 'm_yri_chb': 0.0, 'm_ceu_chb': 0.0} -91277.46802021655
x_down: {'t1': 7.885, 't2': 40.20625, 't3': 100, 'N_anc': 7673.5, 'N_yri': 7673.5, 'N_ooa': 7673.5, 'N_ceu': 7673.5, 'N_chb': 7673.5, 'gr_ceu': 0.0765, 'gr_chb': 0.0765, 'm_yri_ooa': 1e-05, 'm_yri_ceu': 0.0, 'm_yri_chb': 0.0, 'm_ceu_chb': 0.0} -91277.46802021655
 
 
x_up: {'t1': 7.885, 't2': 40.20625, 't3': 100, 'N_anc': 7673.5, 'N_yri': 7673.5, 'N_ooa': 7673.5, 'N_ceu': 7673.5, 'N_chb': 7673.5, 'gr_ceu': 0.0765, 'gr_chb': 0.0765, 'm_yri_ooa': 1e-05, 'm_yri_ceu': 0.0, 'm_yri_chb': 0.0, 'm_ceu_chb': 0.0} -91277.46802021655
x: {'t1': 7.885, 't2': 40.20625, 't3': 100, 'N_anc': 7673.5, 'N_yri': 7673.5, 'N_ooa': 7673.5, 'N_ceu': 7673.5, 'N_chb': 7673.5, 'gr_ceu': 0.0765, 'gr_chb': 0.0765, 'm_yri_ooa': 1e-05, 'm_yri_ceu': 0.0, 'm_yri_chb': 0.0, 'm_ceu_chb': 0.0} -91277.46802021655
x_down: {'t1': 7.885, 't2': 40.20625, 't3': 100, 'N_anc': 7673.5, 'N_yri': 7673.5, 'N_ooa': 7673.5, 'N_ceu': 7673.5, 'N_chb': 7673.5, 'gr_ceu': 0.0765, 'gr_chb': 0.0765, 'm_yri_ooa': 1e-05, 'm_yri_ceu': 1e-05, 'm_yri_chb': 0.0, 'm_ceu_chb': 0.0} -91277.46802022013
 
 
x_up: {'t1': 7.885, 't2': 40.20625, 't3': 100, 'N_anc': 7673.5, 'N_yri': 7673.5, 'N_ooa': 7673.5, 'N_ceu': 7673.5, 'N_chb': 7673.5, 'gr_ceu': 0.0765, 'gr_chb': 0.0765, 'm_yri_ooa': 1e-05, 'm_yri_ceu': 0.0, 'm_yri_chb': 0.0, 'm_ceu_chb': 0.0} -91277.46802021655
x: {'t1': 7.885, 't2': 40.20625, 't3': 100, 'N_anc': 7673.5, 'N_yri': 7673.5, 'N_ooa': 7673.5, 'N_ceu': 7673.5, 'N_chb': 7673.5, 'gr_ceu': 0.0765, 'gr_chb': 0.0765, 'm_yri_ooa': 1e-05, 'm_yri_ceu': 0.0, 'm_yri_chb': 0.0, 'm_ceu_chb': 0.0} -91277.46802021655
x_down: {'t1': 7.885, 't2': 40.20625, 't3': 100, 'N_anc': 7673.5, 'N_yri': 7673.5, 'N_ooa': 7673.5, 'N_ceu': 7673.5, 'N_chb': 7673.5, 'gr_ceu': 0.0765, 'gr_chb': 0.0765, 'm_yri_ooa': 1e-05, 'm_yri_ceu': 0.0, 'm_yri_chb': 1e-05, 'm_ceu_chb': 0.0} -91277.46802022026
 
 
x_up: {'t1': 7.885, 't2': 40.20625, 't3': 100, 'N_anc': 7673.5, 'N_yri': 7673.5, 'N_ooa': 7673.5, 'N_ceu': 7673.5, 'N_chb': 7673.5, 'gr_ceu': 0.0765, 'gr_chb': 0.0765, 'm_yri_ooa': 1e-05, 'm_yri_ceu': 0.0, 'm_yri_chb': 0.0, 'm_ceu_chb': 0.0} -91277.46802021655
x: {'t1': 7.885, 't2': 40.20625, 't3': 100, 'N_anc': 7673.5, 'N_yri': 7673.5, 'N_ooa': 7673.5, 'N_ceu': 7673.5, 'N_chb': 7673.5, 'gr_ceu': 0.0765, 'gr_chb': 0.0765, 'm_yri_ooa': 1e-05, 'm_yri_ceu': 0.0, 'm_yri_chb': 0.0, 'm_ceu_chb': 0.0} -91277.46802021655
x_down: {'t1': 7.885, 't2': 40.20625, 't3': 100, 'N_anc': 7673.5, 'N_yri': 7673.5, 'N_ooa': 7673.5, 'N_ceu': 7673.5, 'N_chb': 7673.5, 'gr_ceu': 0.0765, 'gr_chb': 0.0765, 'm_yri_ooa': 1e-05, 'm_yri_ceu': 0.0, 'm_yri_chb': 0.0, 'm_ceu_chb': 1e-05} -91277.46802022013
 
{'t1': 7.885, 't2': 40.20625, 't3': 100, 'N_anc': 7673.5, 'N_yri': 7673.5, 'N_ooa': 7673.5, 'N_ceu': 7673.5, 'N_chb': 7673.5, 'gr_ceu': 0.0765, 'gr_chb': 0.0765, 'm_yri_ooa': 1e-05, 'm_yri_ceu': 0.0, 'm_yri_chb': 0.0, 'm_ceu_chb': 0.0} -91277.46802021655
 
x_up: {'t1': 9.43412, 't2': 40.20625, 't3': 100, 'N_anc': 7673.5, 'N_yri': 7673.5, 'N_ooa': 7673.5, 'N_ceu': 7673.5, 'N_chb': 7673.5, 'gr_ceu': 0.0765, 'gr_chb': 0.0765, 'm_yri_ooa': 1e-05, 'm_yri_ceu': 0.0, 'm_yri_chb': 0.0, 'm_ceu_chb': 0.0} -91950.31394932527
x: {'t1': 7.885, 't2': 40.20625, 't3': 100, 'N_anc': 7673.5, 'N_yri': 7673.5, 'N_ooa': 7673.5, 'N_ceu': 7673.5, 'N_chb': 7673.5, 'gr_ceu': 0.0765, 'gr_chb': 0.0765, 'm_yri_ooa': 1e-05, 'm_yri_ceu': 0.0, 'm_yri_chb': 0.0, 'm_ceu_chb': 0.0} -91277.46802021655
x_down: {'t1': 6.33587, 't2': 40.20625, 't3': 100, 'N_anc': 7673.5, 'N_yri': 7673.5, 'N_ooa': 7673.5, 'N_ceu': 7673.5, 'N_chb': 7673.5, 'gr_ceu': 0.0765, 'gr_chb': 0.0765, 'm_yri_ooa': 1e-05, 'm_yri_ceu': 0.0, 'm_yri_chb': 0.0, 'm_ceu_chb': 0.0} -90426.38349512561
 
 
x_up: {'t1': 6.33587, 't2': 47.82709, 't3': 100, 'N_anc': 7673.5, 'N_yri': 7673.5, 'N_ooa': 7673.5, 'N_ceu': 7673.5, 'N_chb': 7673.5, 'gr_ceu': 0.0765, 'gr_chb': 0.0765, 'm_yri_ooa': 1e-05, 'm_yri_ceu': 0.0, 'm_yri_chb': 0.0, 'm_ceu_chb': 0.0} -90534.21088754799
x: {'t1': 6.33587, 't2': 40.20625, 't3': 100, 'N_anc': 7673.5, 'N_yri': 7673.5, 'N_ooa': 7673.5, 'N_ceu': 7673.5, 'N_chb': 7673.5, 'gr_ceu': 0.0765, 'gr_chb': 0.0765, 'm_yri_ooa': 1e-05, 'm_yri_ceu': 0.0, 'm_yri_chb': 0.0, 'm_ceu_chb': 0.0} -90426.38349512561
x_down: {'t1': 6.33587, 't2': 32.58541, 't3': 100, 'N_anc': 7673.5, 'N_yri': 7673.5, 'N_ooa': 7673.5, 'N_ceu': 7673.5, 'N_chb': 7673.5, 'gr_ceu': 0.0765, 'gr_chb': 0.0765, 'm_yri_ooa': 1e-05, 'm_yri_ceu': 0.0, 'm_yri_chb': 0.0, 'm_ceu_chb': 0.0} -90307.84227295709
 
 
x_up: {'t1': 6.33587, 't2': 32.58541, 't3': 103.37073, 'N_anc': 7673.5, 'N_yri': 7673.5, 'N_ooa': 7673.5, 'N_ceu': 7673.5, 'N_chb': 7673.5, 'gr_ceu': 0.0765, 'gr_chb': 0.0765, 'm_yri_ooa': 1e-05, 'm_yri_ceu': 0.0, 'm_yri_chb': 0.0, 'm_ceu_chb': 0.0} -90307.84227295709
x: {'t1': 6.33587, 't2': 32.58541, 't3': 100, 'N_anc': 7673.5, 'N_yri': 7673.5, 'N_ooa': 7673.5, 'N_ceu': 7673.5, 'N_chb': 7673.5, 'gr_ceu': 0.0765, 'gr_chb': 0.0765, 'm_yri_ooa': 1e-05, 'm_yri_ceu': 0.0, 'm_yri_chb': 0.0, 'm_ceu_chb': 0.0} -90307.84227295709
x_down: {'t1': 6.33587, 't2': 32.58541, 't3': 96.62927, 'N_anc': 7673.5, 'N_yri': 7673.5, 'N_ooa': 7673.5, 'N_ceu': 7673.5, 'N_chb': 7673.5, 'gr_ceu': 0.0765, 'gr_chb': 0.0765, 'm_yri_ooa': 1e-05, 'm_yri_ceu': 0.0, 'm_yri_chb': 0.0, 'm_ceu_chb': 0.0} -90307.84227295709
 
 
x_up: {'t1': 6.33587, 't2': 32.58541, 't3': 100, 'N_anc': 9377.5375, 'N_yri': 7673.5, 'N_ooa': 7673.5, 'N_ceu': 7673.5, 'N_chb': 7673.5, 'gr_ceu': 0.0765, 'gr_chb': 0.0765, 'm_yri_ooa': 1e-05, 'm_yri_ceu': 0.0, 'm_yri_chb': 0.0, 'm_ceu_chb': 0.0} -90339.97855611096
x: {'t1': 6.33587, 't2': 32.58541, 't3': 100, 'N_anc': 7673.5, 'N_yri': 7673.5, 'N_ooa': 7673.5, 'N_ceu': 7673.5, 'N_chb': 7673.5, 'gr_ceu': 0.0765, 'gr_chb': 0.0765, 'm_yri_ooa': 1e-05, 'm_yri_ceu': 0.0, 'm_yri_chb': 0.0, 'm_ceu_chb': 0.0} -90307.84227295709
x_down: {'t1': 6.33587, 't2': 32.58541, 't3': 100, 'N_anc': 5969.4625, 'N_yri': 7673.5, 'N_ooa': 7673.5, 'N_ceu': 7673.5, 'N_chb': 7673.5, 'gr_ceu': 0.0765, 'gr_chb': 0.0765, 'm_yri_ooa': 1e-05, 'm_yri_ceu': 0.0, 'm_yri_chb': 0.0, 'm_ceu_chb': 0.0} -90268.22568572345
 
 
x_up: {'t1': 6.33587, 't2': 32.58541, 't3': 100, 'N_anc': 5969.4625, 'N_yri': 9377.5375, 'N_ooa': 7673.5, 'N_ceu': 7673.5, 'N_chb': 7673.5, 'gr_ceu': 0.0765, 'gr_chb': 0.0765, 'm_yri_ooa': 1e-05, 'm_yri_ceu': 0.0, 'm_yri_chb': 0.0, 'm_ceu_chb': 0.0} -90615.93745600345
x: {'t1': 6.33587, 't2': 32.58541, 't3': 100, 'N_anc': 5969.4625, 'N_yri': 7673.5, 'N_ooa': 7673.5, 'N_ceu': 7673.5, 'N_chb': 7673.5, 'gr_ceu': 0.0765, 'gr_chb': 0.0765, 'm_yri_ooa': 1e-05, 'm_yri_ceu': 0.0, 'm_yri_chb': 0.0, 'm_ceu_chb': 0.0} -90268.22568572345
x_down: {'t1': 6.33587, 't2': 32.58541, 't3': 100, 'N_anc': 5969.4625, 'N_yri': 5969.4625, 'N_ooa': 7673.5, 'N_ceu': 7673.5, 'N_chb': 7673.5, 'gr_ceu': 0.0765, 'gr_chb': 0.0765, 'm_yri_ooa': 1e-05, 'm_yri_ceu': 0.0, 'm_yri_chb': 0.0, 'm_ceu_chb': 0.0} -89823.48886087177
 
 
x_up: {'t1': 6.33587, 't2': 32.58541, 't3': 100, 'N_anc': 5969.4625, 'N_yri': 5969.4625, 'N_ooa': 9377.5375, 'N_ceu': 7673.5, 'N_chb': 7673.5, 'gr_ceu': 0.0765, 'gr_chb': 0.0765, 'm_yri_ooa': 1e-05, 'm_yri_ceu': 0.0, 'm_yri_chb': 0.0, 'm_ceu_chb': 0.0} -90194.88043854065
x: {'t1': 6.33587, 't2': 32.58541, 't3': 100, 'N_anc': 5969.4625, 'N_yri': 5969.4625, 'N_ooa': 7673.5, 'N_ceu': 7673.5, 'N_chb': 7673.5, 'gr_ceu': 0.0765, 'gr_chb': 0.0765, 'm_yri_ooa': 1e-05, 'm_yri_ceu': 0.0, 'm_yri_chb': 0.0, 'm_ceu_chb': 0.0} -89823.48886087177
x_down: {'t1': 6.33587, 't2': 32.58541, 't3': 100, 'N_anc': 5969.4625, 'N_yri': 5969.4625, 'N_ooa': 5969.4625, 'N_ceu': 7673.5, 'N_chb': 7673.5, 'gr_ceu': 0.0765, 'gr_chb': 0.0765, 'm_yri_ooa': 1e-05, 'm_yri_ceu': 0.0, 'm_yri_chb': 0.0, 'm_ceu_chb': 0.0} -89372.53007505104
 
 
x_up: {'t1': 6.33587, 't2': 32.58541, 't3': 100, 'N_anc': 5969.4625, 'N_yri': 5969.4625, 'N_ooa': 5969.4625, 'N_ceu': 9377.5375, 'N_chb': 7673.5, 'gr_ceu': 0.0765, 'gr_chb': 0.0765, 'm_yri_ooa': 1e-05, 'm_yri_ceu': 0.0, 'm_yri_chb': 0.0, 'm_ceu_chb': 0.0} -89867.24323742927
x: {'t1': 6.33587, 't2': 32.58541, 't3': 100, 'N_anc': 5969.4625, 'N_yri': 5969.4625, 'N_ooa': 5969.4625, 'N_ceu': 7673.5, 'N_chb': 7673.5, 'gr_ceu': 0.0765, 'gr_chb': 0.0765, 'm_yri_ooa': 1e-05, 'm_yri_ceu': 0.0, 'm_yri_chb': 0.0, 'm_ceu_chb': 0.0} -89372.53007505104
x_down: {'t1': 6.33587, 't2': 32.58541, 't3': 100, 'N_anc': 5969.4625, 'N_yri': 5969.4625, 'N_ooa': 5969.4625, 'N_ceu': 5969.4625, 'N_chb': 7673.5, 'gr_ceu': 0.0765, 'gr_chb': 0.0765, 'm_yri_ooa': 1e-05, 'm_yri_ceu': 0.0, 'm_yri_chb': 0.0, 'm_ceu_chb': 0.0} -88512.46033521746
 
 
x_up: {'t1': 6.33587, 't2': 32.58541, 't3': 100, 'N_anc': 5969.4625, 'N_yri': 5969.4625, 'N_ooa': 5969.4625, 'N_ceu': 5969.4625, 'N_chb': 9377.5375, 'gr_ceu': 0.0765, 'gr_chb': 0.0765, 'm_yri_ooa': 1e-05, 'm_yri_ceu': 0.0, 'm_yri_chb': 0.0, 'm_ceu_chb': 0.0} -88891.17999212552
x: {'t1': 6.33587, 't2': 32.58541, 't3': 100, 'N_anc': 5969.4625, 'N_yri': 5969.4625, 'N_ooa': 5969.4625, 'N_ceu': 5969.4625, 'N_chb': 7673.5, 'gr_ceu': 0.0765, 'gr_chb': 0.0765, 'm_yri_ooa': 1e-05, 'm_yri_ceu': 0.0, 'm_yri_chb': 0.0, 'm_ceu_chb': 0.0} -88512.46033521746
x_down: {'t1': 6.33587, 't2': 32.58541, 't3': 100, 'N_anc': 5969.4625, 'N_yri': 5969.4625, 'N_ooa': 5969.4625, 'N_ceu': 5969.4625, 'N_chb': 5969.4625, 'gr_ceu': 0.0765, 'gr_chb': 0.0765, 'm_yri_ooa': 1e-05, 'm_yri_ceu': 0.0, 'm_yri_chb': 0.0, 'm_ceu_chb': 0.0} -87932.61028384096
 
 
x_up: {'t1': 6.33587, 't2': 32.58541, 't3': 100, 'N_anc': 5969.4625, 'N_yri': 5969.4625, 'N_ooa': 5969.4625, 'N_ceu': 5969.4625, 'N_chb': 5969.4625, 'gr_ceu': 0.09371, 'gr_chb': 0.0765, 'm_yri_ooa': 1e-05, 'm_yri_ceu': 0.0, 'm_yri_chb': 0.0, 'm_ceu_chb': 0.0} -88137.95881415569
x: {'t1': 6.33587, 't2': 32.58541, 't3': 100, 'N_anc': 5969.4625, 'N_yri': 5969.4625, 'N_ooa': 5969.4625, 'N_ceu': 5969.4625, 'N_chb': 5969.4625, 'gr_ceu': 0.0765, 'gr_chb': 0.0765, 'm_yri_ooa': 1e-05, 'm_yri_ceu': 0.0, 'm_yri_chb': 0.0, 'm_ceu_chb': 0.0} -87932.61028384096
x_down: {'t1': 6.33587, 't2': 32.58541, 't3': 100, 'N_anc': 5969.4625, 'N_yri': 5969.4625, 'N_ooa': 5969.4625, 'N_ceu': 5969.4625, 'N_chb': 5969.4625, 'gr_ceu': 0.05929, 'gr_chb': 0.0765, 'm_yri_ooa': 1e-05, 'm_yri_ceu': 0.0, 'm_yri_chb': 0.0, 'm_ceu_chb': 0.0} -87692.77464674445
 
 
x_up: {'t1': 6.33587, 't2': 32.58541, 't3': 100, 'N_anc': 5969.4625, 'N_yri': 5969.4625, 'N_ooa': 5969.4625, 'N_ceu': 5969.4625, 'N_chb': 5969.4625, 'gr_ceu': 0.05929, 'gr_chb': 0.09371, 'm_yri_ooa': 1e-05, 'm_yri_ceu': 0.0, 'm_yri_chb': 0.0, 'm_ceu_chb': 0.0} -87867.6757095157
x: {'t1': 6.33587, 't2': 32.58541, 't3': 100, 'N_anc': 5969.4625, 'N_yri': 5969.4625, 'N_ooa': 5969.4625, 'N_ceu': 5969.4625, 'N_chb': 5969.4625, 'gr_ceu': 0.05929, 'gr_chb': 0.0765, 'm_yri_ooa': 1e-05, 'm_yri_ceu': 0.0, 'm_yri_chb': 0.0, 'm_ceu_chb': 0.0} -87692.77464674445
x_down: {'t1': 6.33587, 't2': 32.58541, 't3': 100, 'N_anc': 5969.4625, 'N_yri': 5969.4625, 'N_ooa': 5969.4625, 'N_ceu': 5969.4625, 'N_chb': 5969.4625, 'gr_ceu': 0.05929, 'gr_chb': 0.05929, 'm_yri_ooa': 1e-05, 'm_yri_ceu': 0.0, 'm_yri_chb': 0.0, 'm_ceu_chb': 0.0} -87483.07396529749
 
 
x_up: {'t1': 6.33587, 't2': 32.58541, 't3': 100, 'N_anc': 5969.4625, 'N_yri': 5969.4625, 'N_ooa': 5969.4625, 'N_ceu': 5969.4625, 'N_chb': 5969.4625, 'gr_ceu': 0.05929, 'gr_chb': 0.05929, 'm_yri_ooa': 0.0, 'm_yri_ceu': 0.0, 'm_yri_chb': 0.0, 'm_ceu_chb': 0.0} -87491.82274662997
x: {'t1': 6.33587, 't2': 32.58541, 't3': 100, 'N_anc': 5969.4625, 'N_yri': 5969.4625, 'N_ooa': 5969.4625, 'N_ceu': 5969.4625, 'N_chb': 5969.4625, 'gr_ceu': 0.05929, 'gr_chb': 0.05929, 'm_yri_ooa': 1e-05, 'm_yri_ceu': 0.0, 'm_yri_chb': 0.0, 'm_ceu_chb': 0.0} -87483.07396529749
x_down: {'t1': 6.33587, 't2': 32.58541, 't3': 100, 'N_anc': 5969.4625, 'N_yri': 5969.4625, 'N_ooa': 5969.4625, 'N_ceu': 5969.4625, 'N_chb': 5969.4625, 'gr_ceu': 0.05929, 'gr_chb': 0.05929, 'm_yri_ooa': 1e-05, 'm_yri_ceu': 0.0, 'm_yri_chb': 0.0, 'm_ceu_chb': 0.0} -87483.07396529749
 
 
x_up: {'t1': 6.33587, 't2': 32.58541, 't3': 100, 'N_anc': 5969.4625, 'N_yri': 5969.4625, 'N_ooa': 5969.4625, 'N_ceu': 5969.4625, 'N_chb': 5969.4625, 'gr_ceu': 0.05929, 'gr_chb': 0.05929, 'm_yri_ooa': 1e-05, 'm_yri_ceu': 0.0, 'm_yri_chb': 0.0, 'm_ceu_chb': 0.0} -87483.07396529749
x: {'t1': 6.33587, 't2': 32.58541, 't3': 100, 'N_anc': 5969.4625, 'N_yri': 5969.4625, 'N_ooa': 5969.4625, 'N_ceu': 5969.4625, 'N_chb': 5969.4625, 'gr_ceu': 0.05929, 'gr_chb': 0.05929, 'm_yri_ooa': 1e-05, 'm_yri_ceu': 0.0, 'm_yri_chb': 0.0, 'm_ceu_chb': 0.0} -87483.07396529749
x_down: {'t1': 6.33587, 't2': 32.58541, 't3': 100, 'N_anc': 5969.4625, 'N_yri': 5969.4625, 'N_ooa': 5969.4625, 'N_ceu': 5969.4625, 'N_chb': 5969.4625, 'gr_ceu': 0.05929, 'gr_chb': 0.05929, 'm_yri_ooa': 1e-05, 'm_yri_ceu': 1e-05, 'm_yri_chb': 0.0, 'm_ceu_chb': 0.0} -87483.07396529669
 
 
x_up: {'t1': 6.33587, 't2': 32.58541, 't3': 100, 'N_anc': 5969.4625, 'N_yri': 5969.4625, 'N_ooa': 5969.4625, 'N_ceu': 5969.4625, 'N_chb': 5969.4625, 'gr_ceu': 0.05929, 'gr_chb': 0.05929, 'm_yri_ooa': 1e-05, 'm_yri_ceu': 1e-05, 'm_yri_chb': 0.0, 'm_ceu_chb': 0.0} -87483.07396529669
x: {'t1': 6.33587, 't2': 32.58541, 't3': 100, 'N_anc': 5969.4625, 'N_yri': 5969.4625, 'N_ooa': 5969.4625, 'N_ceu': 5969.4625, 'N_chb': 5969.4625, 'gr_ceu': 0.05929, 'gr_chb': 0.05929, 'm_yri_ooa': 1e-05, 'm_yri_ceu': 1e-05, 'm_yri_chb': 0.0, 'm_ceu_chb': 0.0} -87483.07396529669
x_down: {'t1': 6.33587, 't2': 32.58541, 't3': 100, 'N_anc': 5969.4625, 'N_yri': 5969.4625, 'N_ooa': 5969.4625, 'N_ceu': 5969.4625, 'N_chb': 5969.4625, 'gr_ceu': 0.05929, 'gr_chb': 0.05929, 'm_yri_ooa': 1e-05, 'm_yri_ceu': 1e-05, 'm_yri_chb': 1e-05, 'm_ceu_chb': 0.0} -87483.07396529452
 
 
x_up: {'t1': 6.33587, 't2': 32.58541, 't3': 100, 'N_anc': 5969.4625, 'N_yri': 5969.4625, 'N_ooa': 5969.4625, 'N_ceu': 5969.4625, 'N_chb': 5969.4625, 'gr_ceu': 0.05929, 'gr_chb': 0.05929, 'm_yri_ooa': 1e-05, 'm_yri_ceu': 1e-05, 'm_yri_chb': 1e-05, 'm_ceu_chb': 0.0} -87483.07396529452
x: {'t1': 6.33587, 't2': 32.58541, 't3': 100, 'N_anc': 5969.4625, 'N_yri': 5969.4625, 'N_ooa': 5969.4625, 'N_ceu': 5969.4625, 'N_chb': 5969.4625, 'gr_ceu': 0.05929, 'gr_chb': 0.05929, 'm_yri_ooa': 1e-05, 'm_yri_ceu': 1e-05, 'm_yri_chb': 1e-05, 'm_ceu_chb': 0.0} -87483.07396529452
x_down: {'t1': 6.33587, 't2': 32.58541, 't3': 100, 'N_anc': 5969.4625, 'N_yri': 5969.4625, 'N_ooa': 5969.4625, 'N_ceu': 5969.4625, 'N_chb': 5969.4625, 'gr_ceu': 0.05929, 'gr_chb': 0.05929, 'm_yri_ooa': 1e-05, 'm_yri_ceu': 1e-05, 'm_yri_chb': 1e-05, 'm_ceu_chb': 1e-05} -87483.07396529423
 
{'t1': 6.33587, 't2': 32.58541, 't3': 100, 'N_anc': 5969.4625, 'N_yri': 5969.4625, 'N_ooa': 5969.4625, 'N_ceu': 5969.4625, 'N_chb': 5969.4625, 'gr_ceu': 0.05929, 'gr_chb': 0.05929, 'm_yri_ooa': 1e-05, 'm_yri_ceu': 1e-05, 'm_yri_chb': 1e-05, 'm_ceu_chb': 1e-05} -87483.07396529423
 
x_up: {'t1': 8.13673, 't2': 32.58541, 't3': 100, 'N_anc': 5969.4625, 'N_yri': 5969.4625, 'N_ooa': 5969.4625, 'N_ceu': 5969.4625, 'N_chb': 5969.4625, 'gr_ceu': 0.05929, 'gr_chb': 0.05929, 'm_yri_ooa': 1e-05, 'm_yri_ceu': 1e-05, 'm_yri_chb': 1e-05, 'm_ceu_chb': 1e-05} -88282.05938613505
x: {'t1': 6.33587, 't2': 32.58541, 't3': 100, 'N_anc': 5969.4625, 'N_yri': 5969.4625, 'N_ooa': 5969.4625, 'N_ceu': 5969.4625, 'N_chb': 5969.4625, 'gr_ceu': 0.05929, 'gr_chb': 0.05929, 'm_yri_ooa': 1e-05, 'm_yri_ceu': 1e-05, 'm_yri_chb': 1e-05, 'm_ceu_chb': 1e-05} -87483.07396529423
x_down: {'t1': 4.53501, 't2': 32.58541, 't3': 100, 'N_anc': 5969.4625, 'N_yri': 5969.4625, 'N_ooa': 5969.4625, 'N_ceu': 5969.4625, 'N_chb': 5969.4625, 'gr_ceu': 0.05929, 'gr_chb': 0.05929, 'm_yri_ooa': 1e-05, 'm_yri_ceu': 1e-05, 'm_yri_chb': 1e-05, 'm_ceu_chb': 1e-05} -86602.03533062122
 
 
x_up: {'t1': 4.53501, 't2': 42.05242, 't3': 100, 'N_anc': 5969.4625, 'N_yri': 5969.4625, 'N_ooa': 5969.4625, 'N_ceu': 5969.4625, 'N_chb': 5969.4625, 'gr_ceu': 0.05929, 'gr_chb': 0.05929, 'm_yri_ooa': 1e-05, 'm_yri_ceu': 1e-05, 'm_yri_chb': 1e-05, 'm_ceu_chb': 1e-05} -86712.84567984632
x: {'t1': 4.53501, 't2': 32.58541, 't3': 100, 'N_anc': 5969.4625, 'N_yri': 5969.4625, 'N_ooa': 5969.4625, 'N_ceu': 5969.4625, 'N_chb': 5969.4625, 'gr_ceu': 0.05929, 'gr_chb': 0.05929, 'm_yri_ooa': 1e-05, 'm_yri_ceu': 1e-05, 'm_yri_chb': 1e-05, 'm_ceu_chb': 1e-05} -86602.03533062122
x_down: {'t1': 4.53501, 't2': 23.1184, 't3': 100, 'N_anc': 5969.4625, 'N_yri': 5969.4625, 'N_ooa': 5969.4625, 'N_ceu': 5969.4625, 'N_chb': 5969.4625, 'gr_ceu': 0.05929, 'gr_chb': 0.05929, 'm_yri_ooa': 1e-05, 'm_yri_ceu': 1e-05, 'm_yri_chb': 1e-05, 'm_ceu_chb': 1e-05} -86493.86694549667
 
 
x_up: {'t1': 4.53501, 't2': 23.1184, 't3': 103.84408, 'N_anc': 5969.4625, 'N_yri': 5969.4625, 'N_ooa': 5969.4625, 'N_ceu': 5969.4625, 'N_chb': 5969.4625, 'gr_ceu': 0.05929, 'gr_chb': 0.05929, 'm_yri_ooa': 1e-05, 'm_yri_ceu': 1e-05, 'm_yri_chb': 1e-05, 'm_ceu_chb': 1e-05} -86493.86694549667
x: {'t1': 4.53501, 't2': 23.1184, 't3': 100, 'N_anc': 5969.4625, 'N_yri': 5969.4625, 'N_ooa': 5969.4625, 'N_ceu': 5969.4625, 'N_chb': 5969.4625, 'gr_ceu': 0.05929, 'gr_chb': 0.05929, 'm_yri_ooa': 1e-05, 'm_yri_ceu': 1e-05, 'm_yri_chb': 1e-05, 'm_ceu_chb': 1e-05} -86493.86694549667
x_down: {'t1': 4.53501, 't2': 23.1184, 't3': 96.15592, 'N_anc': 5969.4625, 'N_yri': 5969.4625, 'N_ooa': 5969.4625, 'N_ceu': 5969.4625, 'N_chb': 5969.4625, 'gr_ceu': 0.05929, 'gr_chb': 0.05929, 'm_yri_ooa': 1e-05, 'm_yri_ceu': 1e-05, 'm_yri_chb': 1e-05, 'm_ceu_chb': 1e-05} -86493.86694549667
 
 
x_up: {'t1': 4.53501, 't2': 23.1184, 't3': 100, 'N_anc': 7950.40609, 'N_yri': 5969.4625, 'N_ooa': 5969.4625, 'N_ceu': 5969.4625, 'N_chb': 5969.4625, 'gr_ceu': 0.05929, 'gr_chb': 0.05929, 'm_yri_ooa': 1e-05, 'm_yri_ceu': 1e-05, 'm_yri_chb': 1e-05, 'm_ceu_chb': 1e-05} -86539.13510707348
x: {'t1': 4.53501, 't2': 23.1184, 't3': 100, 'N_anc': 5969.4625, 'N_yri': 5969.4625, 'N_ooa': 5969.4625, 'N_ceu': 5969.4625, 'N_chb': 5969.4625, 'gr_ceu': 0.05929, 'gr_chb': 0.05929, 'm_yri_ooa': 1e-05, 'm_yri_ceu': 1e-05, 'm_yri_chb': 1e-05, 'm_ceu_chb': 1e-05} -86493.86694549667
x_down: {'t1': 4.53501, 't2': 23.1184, 't3': 100, 'N_anc': 3988.51891, 'N_yri': 5969.4625, 'N_ooa': 5969.4625, 'N_ceu': 5969.4625, 'N_chb': 5969.4625, 'gr_ceu': 0.05929, 'gr_chb': 0.05929, 'm_yri_ooa': 1e-05, 'm_yri_ceu': 1e-05, 'm_yri_chb': 1e-05, 'm_ceu_chb': 1e-05} -86432.18980148988
 
 
x_up: {'t1': 4.53501, 't2': 23.1184, 't3': 100, 'N_anc': 3988.51891, 'N_yri': 7950.40609, 'N_ooa': 5969.4625, 'N_ceu': 5969.4625, 'N_chb': 5969.4625, 'gr_ceu': 0.05929, 'gr_chb': 0.05929, 'm_yri_ooa': 1e-05, 'm_yri_ceu': 1e-05, 'm_yri_chb': 1e-05, 'm_ceu_chb': 1e-05} -86759.52207255858
x: {'t1': 4.53501, 't2': 23.1184, 't3': 100, 'N_anc': 3988.51891, 'N_yri': 5969.4625, 'N_ooa': 5969.4625, 'N_ceu': 5969.4625, 'N_chb': 5969.4625, 'gr_ceu': 0.05929, 'gr_chb': 0.05929, 'm_yri_ooa': 1e-05, 'm_yri_ceu': 1e-05, 'm_yri_chb': 1e-05, 'm_ceu_chb': 1e-05} -86432.18980148988
x_down: {'t1': 4.53501, 't2': 23.1184, 't3': 100, 'N_anc': 3988.51891, 'N_yri': 3988.51891, 'N_ooa': 5969.4625, 'N_ceu': 5969.4625, 'N_chb': 5969.4625, 'gr_ceu': 0.05929, 'gr_chb': 0.05929, 'm_yri_ooa': 1e-05, 'm_yri_ceu': 1e-05, 'm_yri_chb': 1e-05, 'm_ceu_chb': 1e-05} -85834.42722180994
 
 
x_up: {'t1': 4.53501, 't2': 23.1184, 't3': 100, 'N_anc': 3988.51891, 'N_yri': 3988.51891, 'N_ooa': 7950.40609, 'N_ceu': 5969.4625, 'N_chb': 5969.4625, 'gr_ceu': 0.05929, 'gr_chb': 0.05929, 'm_yri_ooa': 1e-05, 'm_yri_ceu': 1e-05, 'm_yri_chb': 1e-05, 'm_ceu_chb': 1e-05} -86495.03872355676
x: {'t1': 4.53501, 't2': 23.1184, 't3': 100, 'N_anc': 3988.51891, 'N_yri': 3988.51891, 'N_ooa': 5969.4625, 'N_ceu': 5969.4625, 'N_chb': 5969.4625, 'gr_ceu': 0.05929, 'gr_chb': 0.05929, 'm_yri_ooa': 1e-05, 'm_yri_ceu': 1e-05, 'm_yri_chb': 1e-05, 'm_ceu_chb': 1e-05} -85834.42722180994
x_down: {'t1': 4.53501, 't2': 23.1184, 't3': 100, 'N_anc': 3988.51891, 'N_yri': 3988.51891, 'N_ooa': 3988.51891, 'N_ceu': 5969.4625, 'N_chb': 5969.4625, 'gr_ceu': 0.05929, 'gr_chb': 0.05929, 'm_yri_ooa': 1e-05, 'm_yri_ceu': 1e-05, 'm_yri_chb': 1e-05, 'm_ceu_chb': 1e-05} -84948.27690809724
 
 
x_up: {'t1': 4.53501, 't2': 23.1184, 't3': 100, 'N_anc': 3988.51891, 'N_yri': 3988.51891, 'N_ooa': 3988.51891, 'N_ceu': 7950.40609, 'N_chb': 5969.4625, 'gr_ceu': 0.05929, 'gr_chb': 0.05929, 'm_yri_ooa': 1e-05, 'm_yri_ceu': 1e-05, 'm_yri_chb': 1e-05, 'm_ceu_chb': 1e-05} -85582.56158057133
x: {'t1': 4.53501, 't2': 23.1184, 't3': 100, 'N_anc': 3988.51891, 'N_yri': 3988.51891, 'N_ooa': 3988.51891, 'N_ceu': 5969.4625, 'N_chb': 5969.4625, 'gr_ceu': 0.05929, 'gr_chb': 0.05929, 'm_yri_ooa': 1e-05, 'm_yri_ceu': 1e-05, 'm_yri_chb': 1e-05, 'm_ceu_chb': 1e-05} -84948.27690809724
x_down: {'t1': 4.53501, 't2': 23.1184, 't3': 100, 'N_anc': 3988.51891, 'N_yri': 3988.51891, 'N_ooa': 3988.51891, 'N_ceu': 3988.51891, 'N_chb': 5969.4625, 'gr_ceu': 0.05929, 'gr_chb': 0.05929, 'm_yri_ooa': 1e-05, 'm_yri_ceu': 1e-05, 'm_yri_chb': 1e-05, 'm_ceu_chb': 1e-05} -83656.82644571745
 
 
x_up: {'t1': 4.53501, 't2': 23.1184, 't3': 100, 'N_anc': 3988.51891, 'N_yri': 3988.51891, 'N_ooa': 3988.51891, 'N_ceu': 3988.51891, 'N_chb': 7950.40609, 'gr_ceu': 0.05929, 'gr_chb': 0.05929, 'm_yri_ooa': 1e-05, 'm_yri_ceu': 1e-05, 'm_yri_chb': 1e-05, 'm_ceu_chb': 1e-05} -84188.21138292438
x: {'t1': 4.53501, 't2': 23.1184, 't3': 100, 'N_anc': 3988.51891, 'N_yri': 3988.51891, 'N_ooa': 3988.51891, 'N_ceu': 3988.51891, 'N_chb': 5969.4625, 'gr_ceu': 0.05929, 'gr_chb': 0.05929, 'm_yri_ooa': 1e-05, 'm_yri_ceu': 1e-05, 'm_yri_chb': 1e-05, 'm_ceu_chb': 1e-05} -83656.82644571745
x_down: {'t1': 4.53501, 't2': 23.1184, 't3': 100, 'N_anc': 3988.51891, 'N_yri': 3988.51891, 'N_ooa': 3988.51891, 'N_ceu': 3988.51891, 'N_chb': 3988.51891, 'gr_ceu': 0.05929, 'gr_chb': 0.05929, 'm_yri_ooa': 1e-05, 'm_yri_ceu': 1e-05, 'm_yri_chb': 1e-05, 'm_ceu_chb': 1e-05} -82818.91389618302
 
 
x_up: {'t1': 4.53501, 't2': 23.1184, 't3': 100, 'N_anc': 3988.51891, 'N_yri': 3988.51891, 'N_ooa': 3988.51891, 'N_ceu': 3988.51891, 'N_chb': 3988.51891, 'gr_ceu': 0.0793, 'gr_chb': 0.05929, 'm_yri_ooa': 1e-05, 'm_yri_ceu': 1e-05, 'm_yri_chb': 1e-05, 'm_ceu_chb': 1e-05} -82972.18402651431
x: {'t1': 4.53501, 't2': 23.1184, 't3': 100, 'N_anc': 3988.51891, 'N_yri': 3988.51891, 'N_ooa': 3988.51891, 'N_ceu': 3988.51891, 'N_chb': 3988.51891, 'gr_ceu': 0.05929, 'gr_chb': 0.05929, 'm_yri_ooa': 1e-05, 'm_yri_ceu': 1e-05, 'm_yri_chb': 1e-05, 'm_ceu_chb': 1e-05} -82818.91389618302
x_down: {'t1': 4.53501, 't2': 23.1184, 't3': 100, 'N_anc': 3988.51891, 'N_yri': 3988.51891, 'N_ooa': 3988.51891, 'N_ceu': 3988.51891, 'N_chb': 3988.51891, 'gr_ceu': 0.03928, 'gr_chb': 0.05929, 'm_yri_ooa': 1e-05, 'm_yri_ceu': 1e-05, 'm_yri_chb': 1e-05, 'm_ceu_chb': 1e-05} -82649.36573821348
 
 
x_up: {'t1': 4.53501, 't2': 23.1184, 't3': 100, 'N_anc': 3988.51891, 'N_yri': 3988.51891, 'N_ooa': 3988.51891, 'N_ceu': 3988.51891, 'N_chb': 3988.51891, 'gr_ceu': 0.03928, 'gr_chb': 0.0793, 'm_yri_ooa': 1e-05, 'm_yri_ceu': 1e-05, 'm_yri_chb': 1e-05, 'm_ceu_chb': 1e-05} -82786.77301303168
x: {'t1': 4.53501, 't2': 23.1184, 't3': 100, 'N_anc': 3988.51891, 'N_yri': 3988.51891, 'N_ooa': 3988.51891, 'N_ceu': 3988.51891, 'N_chb': 3988.51891, 'gr_ceu': 0.03928, 'gr_chb': 0.05929, 'm_yri_ooa': 1e-05, 'm_yri_ceu': 1e-05, 'm_yri_chb': 1e-05, 'm_ceu_chb': 1e-05} -82649.36573821348
x_down: {'t1': 4.53501, 't2': 23.1184, 't3': 100, 'N_anc': 3988.51891, 'N_yri': 3988.51891, 'N_ooa': 3988.51891, 'N_ceu': 3988.51891, 'N_chb': 3988.51891, 'gr_ceu': 0.03928, 'gr_chb': 0.03928, 'm_yri_ooa': 1e-05, 'm_yri_ceu': 1e-05, 'm_yri_chb': 1e-05, 'm_ceu_chb': 1e-05} -82496.71765383224
 
 
x_up: {'t1': 4.53501, 't2': 23.1184, 't3': 100, 'N_anc': 3988.51891, 'N_yri': 3988.51891, 'N_ooa': 3988.51891, 'N_ceu': 3988.51891, 'N_chb': 3988.51891, 'gr_ceu': 0.03928, 'gr_chb': 0.03928, 'm_yri_ooa': 0.0, 'm_yri_ceu': 1e-05, 'm_yri_chb': 1e-05, 'm_ceu_chb': 1e-05} -82496.92014079384
x: {'t1': 4.53501, 't2': 23.1184, 't3': 100, 'N_anc': 3988.51891, 'N_yri': 3988.51891, 'N_ooa': 3988.51891, 'N_ceu': 3988.51891, 'N_chb': 3988.51891, 'gr_ceu': 0.03928, 'gr_chb': 0.03928, 'm_yri_ooa': 1e-05, 'm_yri_ceu': 1e-05, 'm_yri_chb': 1e-05, 'm_ceu_chb': 1e-05} -82496.71765383224
x_down: {'t1': 4.53501, 't2': 23.1184, 't3': 100, 'N_anc': 3988.51891, 'N_yri': 3988.51891, 'N_ooa': 3988.51891, 'N_ceu': 3988.51891, 'N_chb': 3988.51891, 'gr_ceu': 0.03928, 'gr_chb': 0.03928, 'm_yri_ooa': 1e-05, 'm_yri_ceu': 1e-05, 'm_yri_chb': 1e-05, 'm_ceu_chb': 1e-05} -82496.71765383224
 
 
x_up: {'t1': 4.53501, 't2': 23.1184, 't3': 100, 'N_anc': 3988.51891, 'N_yri': 3988.51891, 'N_ooa': 3988.51891, 'N_ceu': 3988.51891, 'N_chb': 3988.51891, 'gr_ceu': 0.03928, 'gr_chb': 0.03928, 'm_yri_ooa': 1e-05, 'm_yri_ceu': 0.0, 'm_yri_chb': 1e-05, 'm_ceu_chb': 1e-05} -82496.71765383777
x: {'t1': 4.53501, 't2': 23.1184, 't3': 100, 'N_anc': 3988.51891, 'N_yri': 3988.51891, 'N_ooa': 3988.51891, 'N_ceu': 3988.51891, 'N_chb': 3988.51891, 'gr_ceu': 0.03928, 'gr_chb': 0.03928, 'm_yri_ooa': 1e-05, 'm_yri_ceu': 1e-05, 'm_yri_chb': 1e-05, 'm_ceu_chb': 1e-05} -82496.71765383224
x_down: {'t1': 4.53501, 't2': 23.1184, 't3': 100, 'N_anc': 3988.51891, 'N_yri': 3988.51891, 'N_ooa': 3988.51891, 'N_ceu': 3988.51891, 'N_chb': 3988.51891, 'gr_ceu': 0.03928, 'gr_chb': 0.03928, 'm_yri_ooa': 1e-05, 'm_yri_ceu': 1e-05, 'm_yri_chb': 1e-05, 'm_ceu_chb': 1e-05} -82496.71765383224
 
 
x_up: {'t1': 4.53501, 't2': 23.1184, 't3': 100, 'N_anc': 3988.51891, 'N_yri': 3988.51891, 'N_ooa': 3988.51891, 'N_ceu': 3988.51891, 'N_chb': 3988.51891, 'gr_ceu': 0.03928, 'gr_chb': 0.03928, 'm_yri_ooa': 1e-05, 'm_yri_ceu': 1e-05, 'm_yri_chb': 0.0, 'm_ceu_chb': 1e-05} -82496.71765383754
x: {'t1': 4.53501, 't2': 23.1184, 't3': 100, 'N_anc': 3988.51891, 'N_yri': 3988.51891, 'N_ooa': 3988.51891, 'N_ceu': 3988.51891, 'N_chb': 3988.51891, 'gr_ceu': 0.03928, 'gr_chb': 0.03928, 'm_yri_ooa': 1e-05, 'm_yri_ceu': 1e-05, 'm_yri_chb': 1e-05, 'm_ceu_chb': 1e-05} -82496.71765383224
x_down: {'t1': 4.53501, 't2': 23.1184, 't3': 100, 'N_anc': 3988.51891, 'N_yri': 3988.51891, 'N_ooa': 3988.51891, 'N_ceu': 3988.51891, 'N_chb': 3988.51891, 'gr_ceu': 0.03928, 'gr_chb': 0.03928, 'm_yri_ooa': 1e-05, 'm_yri_ceu': 1e-05, 'm_yri_chb': 1e-05, 'm_ceu_chb': 1e-05} -82496.71765383224
 
 
x_up: {'t1': 4.53501, 't2': 23.1184, 't3': 100, 'N_anc': 3988.51891, 'N_yri': 3988.51891, 'N_ooa': 3988.51891, 'N_ceu': 3988.51891, 'N_chb': 3988.51891, 'gr_ceu': 0.03928, 'gr_chb': 0.03928, 'm_yri_ooa': 1e-05, 'm_yri_ceu': 1e-05, 'm_yri_chb': 1e-05, 'm_ceu_chb': 0.0} -82496.71765383235
x: {'t1': 4.53501, 't2': 23.1184, 't3': 100, 'N_anc': 3988.51891, 'N_yri': 3988.51891, 'N_ooa': 3988.51891, 'N_ceu': 3988.51891, 'N_chb': 3988.51891, 'gr_ceu': 0.03928, 'gr_chb': 0.03928, 'm_yri_ooa': 1e-05, 'm_yri_ceu': 1e-05, 'm_yri_chb': 1e-05, 'm_ceu_chb': 1e-05} -82496.71765383224
x_down: {'t1': 4.53501, 't2': 23.1184, 't3': 100, 'N_anc': 3988.51891, 'N_yri': 3988.51891, 'N_ooa': 3988.51891, 'N_ceu': 3988.51891, 'N_chb': 3988.51891, 'gr_ceu': 0.03928, 'gr_chb': 0.03928, 'm_yri_ooa': 1e-05, 'm_yri_ceu': 1e-05, 'm_yri_chb': 1e-05, 'm_ceu_chb': 1e-05} -82496.71765383224
 
{'t1': 4.53501, 't2': 23.1184, 't3': 100, 'N_anc': 3988.51891, 'N_yri': 3988.51891, 'N_ooa': 3988.51891, 'N_ceu': 3988.51891, 'N_chb': 3988.51891, 'gr_ceu': 0.03928, 'gr_chb': 0.03928, 'm_yri_ooa': 1e-05, 'm_yri_ceu': 1e-05, 'm_yri_chb': 1e-05, 'm_ceu_chb': 1e-05} -82496.71765383224
 
x_up: {'t1': 6.30251, 't2': 23.1184, 't3': 100, 'N_anc': 3988.51891, 'N_yri': 3988.51891, 'N_ooa': 3988.51891, 'N_ceu': 3988.51891, 'N_chb': 3988.51891, 'gr_ceu': 0.03928, 'gr_chb': 0.03928, 'm_yri_ooa': 1e-05, 'm_yri_ceu': 1e-05, 'm_yri_chb': 1e-05, 'm_ceu_chb': 1e-05} -83125.74289219717
x: {'t1': 4.53501, 't2': 23.1184, 't3': 100, 'N_anc': 3988.51891, 'N_yri': 3988.51891, 'N_ooa': 3988.51891, 'N_ceu': 3988.51891, 'N_chb': 3988.51891, 'gr_ceu': 0.03928, 'gr_chb': 0.03928, 'm_yri_ooa': 1e-05, 'm_yri_ceu': 1e-05, 'm_yri_chb': 1e-05, 'm_ceu_chb': 1e-05} -82496.71765383224
x_down: {'t1': 2.7675, 't2': 23.1184, 't3': 100, 'N_anc': 3988.51891, 'N_yri': 3988.51891, 'N_ooa': 3988.51891, 'N_ceu': 3988.51891, 'N_chb': 3988.51891, 'gr_ceu': 0.03928, 'gr_chb': 0.03928, 'm_yri_ooa': 1e-05, 'm_yri_ceu': 1e-05, 'm_yri_chb': 1e-05, 'm_ceu_chb': 1e-05} -81550.06644668418
 
 
x_up: {'t1': 2.7675, 't2': 33.29385, 't3': 100, 'N_anc': 3988.51891, 'N_yri': 3988.51891, 'N_ooa': 3988.51891, 'N_ceu': 3988.51891, 'N_chb': 3988.51891, 'gr_ceu': 0.03928, 'gr_chb': 0.03928, 'm_yri_ooa': 1e-05, 'm_yri_ceu': 1e-05, 'm_yri_chb': 1e-05, 'm_ceu_chb': 1e-05} -81646.11685440196
x: {'t1': 2.7675, 't2': 23.1184, 't3': 100, 'N_anc': 3988.51891, 'N_yri': 3988.51891, 'N_ooa': 3988.51891, 'N_ceu': 3988.51891, 'N_chb': 3988.51891, 'gr_ceu': 0.03928, 'gr_chb': 0.03928, 'm_yri_ooa': 1e-05, 'm_yri_ceu': 1e-05, 'm_yri_chb': 1e-05, 'm_ceu_chb': 1e-05} -81550.06644668418
x_down: {'t1': 2.7675, 't2': 12.94295, 't3': 100, 'N_anc': 3988.51891, 'N_yri': 3988.51891, 'N_ooa': 3988.51891, 'N_ceu': 3988.51891, 'N_chb': 3988.51891, 'gr_ceu': 0.03928, 'gr_chb': 0.03928, 'm_yri_ooa': 1e-05, 'm_yri_ceu': 1e-05, 'm_yri_chb': 1e-05, 'm_ceu_chb': 1e-05} -81263.74235275859
 
 
x_up: {'t1': 2.7675, 't2': 12.94295, 't3': 104.35285, 'N_anc': 3988.51891, 'N_yri': 3988.51891, 'N_ooa': 3988.51891, 'N_ceu': 3988.51891, 'N_chb': 3988.51891, 'gr_ceu': 0.03928, 'gr_chb': 0.03928, 'm_yri_ooa': 1e-05, 'm_yri_ceu': 1e-05, 'm_yri_chb': 1e-05, 'm_ceu_chb': 1e-05} -81263.74235275859
x: {'t1': 2.7675, 't2': 12.94295, 't3': 100, 'N_anc': 3988.51891, 'N_yri': 3988.51891, 'N_ooa': 3988.51891, 'N_ceu': 3988.51891, 'N_chb': 3988.51891, 'gr_ceu': 0.03928, 'gr_chb': 0.03928, 'm_yri_ooa': 1e-05, 'm_yri_ceu': 1e-05, 'm_yri_chb': 1e-05, 'm_ceu_chb': 1e-05} -81263.74235275859
x_down: {'t1': 2.7675, 't2': 12.94295, 't3': 95.64715, 'N_anc': 3988.51891, 'N_yri': 3988.51891, 'N_ooa': 3988.51891, 'N_ceu': 3988.51891, 'N_chb': 3988.51891, 'gr_ceu': 0.03928, 'gr_chb': 0.03928, 'm_yri_ooa': 1e-05, 'm_yri_ceu': 1e-05, 'm_yri_chb': 1e-05, 'm_ceu_chb': 1e-05} -81263.74235275859
 
 
x_up: {'t1': 2.7675, 't2': 12.94295, 't3': 100, 'N_anc': 5932.77837, 'N_yri': 3988.51891, 'N_ooa': 3988.51891, 'N_ceu': 3988.51891, 'N_chb': 3988.51891, 'gr_ceu': 0.03928, 'gr_chb': 0.03928, 'm_yri_ooa': 1e-05, 'm_yri_ceu': 1e-05, 'm_yri_chb': 1e-05, 'm_ceu_chb': 1e-05} -81324.45714138311
x: {'t1': 2.7675, 't2': 12.94295, 't3': 100, 'N_anc': 3988.51891, 'N_yri': 3988.51891, 'N_ooa': 3988.51891, 'N_ceu': 3988.51891, 'N_chb': 3988.51891, 'gr_ceu': 0.03928, 'gr_chb': 0.03928, 'm_yri_ooa': 1e-05, 'm_yri_ceu': 1e-05, 'm_yri_chb': 1e-05, 'm_ceu_chb': 1e-05} -81263.74235275859
x_down: {'t1': 2.7675, 't2': 12.94295, 't3': 100, 'N_anc': 2044.25945, 'N_yri': 3988.51891, 'N_ooa': 3988.51891, 'N_ceu': 3988.51891, 'N_chb': 3988.51891, 'gr_ceu': 0.03928, 'gr_chb': 0.03928, 'm_yri_ooa': 1e-05, 'm_yri_ceu': 1e-05, 'm_yri_chb': 1e-05, 'm_ceu_chb': 1e-05} -81169.81564542312
 
 
x_up: {'t1': 2.7675, 't2': 12.94295, 't3': 100, 'N_anc': 2044.25945, 'N_yri': 5932.77837, 'N_ooa': 3988.51891, 'N_ceu': 3988.51891, 'N_chb': 3988.51891, 'gr_ceu': 0.03928, 'gr_chb': 0.03928, 'm_yri_ooa': 1e-05, 'm_yri_ceu': 1e-05, 'm_yri_chb': 1e-05, 'm_ceu_chb': 1e-05} -81577.86869998254
x: {'t1': 2.7675, 't2': 12.94295, 't3': 100, 'N_anc': 2044.25945, 'N_yri': 3988.51891, 'N_ooa': 3988.51891, 'N_ceu': 3988.51891, 'N_chb': 3988.51891, 'gr_ceu': 0.03928, 'gr_chb': 0.03928, 'm_yri_ooa': 1e-05, 'm_yri_ceu': 1e-05, 'm_yri_chb': 1e-05, 'm_ceu_chb': 1e-05} -81169.81564542312
x_down: {'t1': 2.7675, 't2': 12.94295, 't3': 100, 'N_anc': 2044.25945, 'N_yri': 2044.25945, 'N_ooa': 3988.51891, 'N_ceu': 3988.51891, 'N_chb': 3988.51891, 'gr_ceu': 0.03928, 'gr_chb': 0.03928, 'm_yri_ooa': 1e-05, 'm_yri_ceu': 1e-05, 'm_yri_chb': 1e-05, 'm_ceu_chb': 1e-05} -80228.09144718164
 
 
x_up: {'t1': 2.7675, 't2': 12.94295, 't3': 100, 'N_anc': 2044.25945, 'N_yri': 2044.25945, 'N_ooa': 5932.77837, 'N_ceu': 3988.51891, 'N_chb': 3988.51891, 'gr_ceu': 0.03928, 'gr_chb': 0.03928, 'm_yri_ooa': 1e-05, 'm_yri_ceu': 1e-05, 'm_yri_chb': 1e-05, 'm_ceu_chb': 1e-05} -81455.85008934452
x: {'t1': 2.7675, 't2': 12.94295, 't3': 100, 'N_anc': 2044.25945, 'N_yri': 2044.25945, 'N_ooa': 3988.51891, 'N_ceu': 3988.51891, 'N_chb': 3988.51891, 'gr_ceu': 0.03928, 'gr_chb': 0.03928, 'm_yri_ooa': 1e-05, 'm_yri_ceu': 1e-05, 'm_yri_chb': 1e-05, 'm_ceu_chb': 1e-05} -80228.09144718164
x_down: {'t1': 2.7675, 't2': 12.94295, 't3': 100, 'N_anc': 2044.25945, 'N_yri': 2044.25945, 'N_ooa': 2044.25945, 'N_ceu': 3988.51891, 'N_chb': 3988.51891, 'gr_ceu': 0.03928, 'gr_chb': 0.03928, 'm_yri_ooa': 1e-05, 'm_yri_ceu': 1e-05, 'm_yri_chb': 1e-05, 'm_ceu_chb': 1e-05} -78417.38701840343
 
 
x_up: {'t1': 2.7675, 't2': 12.94295, 't3': 100, 'N_anc': 2044.25945, 'N_yri': 2044.25945, 'N_ooa': 2044.25945, 'N_ceu': 5932.77837, 'N_chb': 3988.51891, 'gr_ceu': 0.03928, 'gr_chb': 0.03928, 'm_yri_ooa': 1e-05, 'm_yri_ceu': 1e-05, 'm_yri_chb': 1e-05, 'm_ceu_chb': 1e-05} -79108.79911803911
x: {'t1': 2.7675, 't2': 12.94295, 't3': 100, 'N_anc': 2044.25945, 'N_yri': 2044.25945, 'N_ooa': 2044.25945, 'N_ceu': 3988.51891, 'N_chb': 3988.51891, 'gr_ceu': 0.03928, 'gr_chb': 0.03928, 'm_yri_ooa': 1e-05, 'm_yri_ceu': 1e-05, 'm_yri_chb': 1e-05, 'm_ceu_chb': 1e-05} -78417.38701840343
x_down: {'t1': 2.7675, 't2': 12.94295, 't3': 100, 'N_anc': 2044.25945, 'N_yri': 2044.25945, 'N_ooa': 2044.25945, 'N_ceu': 2044.25945, 'N_chb': 3988.51891, 'gr_ceu': 0.03928, 'gr_chb': 0.03928, 'm_yri_ooa': 1e-05, 'm_yri_ceu': 1e-05, 'm_yri_chb': 1e-05, 'm_ceu_chb': 1e-05} -76774.49555590785
 
 
x_up: {'t1': 2.7675, 't2': 12.94295, 't3': 100, 'N_anc': 2044.25945, 'N_yri': 2044.25945, 'N_ooa': 2044.25945, 'N_ceu': 2044.25945, 'N_chb': 5932.77837, 'gr_ceu': 0.03928, 'gr_chb': 0.03928, 'm_yri_ooa': 1e-05, 'm_yri_ceu': 1e-05, 'm_yri_chb': 1e-05, 'm_ceu_chb': 1e-05} -77343.05751143319
x: {'t1': 2.7675, 't2': 12.94295, 't3': 100, 'N_anc': 2044.25945, 'N_yri': 2044.25945, 'N_ooa': 2044.25945, 'N_ceu': 2044.25945, 'N_chb': 3988.51891, 'gr_ceu': 0.03928, 'gr_chb': 0.03928, 'm_yri_ooa': 1e-05, 'm_yri_ceu': 1e-05, 'm_yri_chb': 1e-05, 'm_ceu_chb': 1e-05} -76774.49555590785
x_down: {'t1': 2.7675, 't2': 12.94295, 't3': 100, 'N_anc': 2044.25945, 'N_yri': 2044.25945, 'N_ooa': 2044.25945, 'N_ceu': 2044.25945, 'N_chb': 2044.25945, 'gr_ceu': 0.03928, 'gr_chb': 0.03928, 'm_yri_ooa': 1e-05, 'm_yri_ceu': 1e-05, 'm_yri_chb': 1e-05, 'm_ceu_chb': 1e-05} -75753.59595845976
 
 
x_up: {'t1': 2.7675, 't2': 12.94295, 't3': 100, 'N_anc': 2044.25945, 'N_yri': 2044.25945, 'N_ooa': 2044.25945, 'N_ceu': 2044.25945, 'N_chb': 2044.25945, 'gr_ceu': 0.05892, 'gr_chb': 0.03928, 'm_yri_ooa': 1e-05, 'm_yri_ceu': 1e-05, 'm_yri_chb': 1e-05, 'm_ceu_chb': 1e-05} -75819.41177538379
x: {'t1': 2.7675, 't2': 12.94295, 't3': 100, 'N_anc': 2044.25945, 'N_yri': 2044.25945, 'N_ooa': 2044.25945, 'N_ceu': 2044.25945, 'N_chb': 2044.25945, 'gr_ceu': 0.03928, 'gr_chb': 0.03928, 'm_yri_ooa': 1e-05, 'm_yri_ceu': 1e-05, 'm_yri_chb': 1e-05, 'm_ceu_chb': 1e-05} -75753.59595845976
x_down: {'t1': 2.7675, 't2': 12.94295, 't3': 100, 'N_anc': 2044.25945, 'N_yri': 2044.25945, 'N_ooa': 2044.25945, 'N_ceu': 2044.25945, 'N_chb': 2044.25945, 'gr_ceu': 0.01964, 'gr_chb': 0.03928, 'm_yri_ooa': 1e-05, 'm_yri_ceu': 1e-05, 'm_yri_chb': 1e-05, 'm_ceu_chb': 1e-05} -75685.3241216792
 
 
x_up: {'t1': 2.7675, 't2': 12.94295, 't3': 100, 'N_anc': 2044.25945, 'N_yri': 2044.25945, 'N_ooa': 2044.25945, 'N_ceu': 2044.25945, 'N_chb': 2044.25945, 'gr_ceu': 0.01964, 'gr_chb': 0.05892, 'm_yri_ooa': 1e-05, 'm_yri_ceu': 1e-05, 'm_yri_chb': 1e-05, 'm_ceu_chb': 1e-05} -75748.37836494665
x: {'t1': 2.7675, 't2': 12.94295, 't3': 100, 'N_anc': 2044.25945, 'N_yri': 2044.25945, 'N_ooa': 2044.25945, 'N_ceu': 2044.25945, 'N_chb': 2044.25945, 'gr_ceu': 0.01964, 'gr_chb': 0.03928, 'm_yri_ooa': 1e-05, 'm_yri_ceu': 1e-05, 'm_yri_chb': 1e-05, 'm_ceu_chb': 1e-05} -75685.3241216792
x_down: {'t1': 2.7675, 't2': 12.94295, 't3': 100, 'N_anc': 2044.25945, 'N_yri': 2044.25945, 'N_ooa': 2044.25945, 'N_ceu': 2044.25945, 'N_chb': 2044.25945, 'gr_ceu': 0.01964, 'gr_chb': 0.01964, 'm_yri_ooa': 1e-05, 'm_yri_ceu': 1e-05, 'm_yri_chb': 1e-05, 'm_ceu_chb': 1e-05} -75619.79957241393
 
 
x_up: {'t1': 2.7675, 't2': 12.94295, 't3': 100, 'N_anc': 2044.25945, 'N_yri': 2044.25945, 'N_ooa': 2044.25945, 'N_ceu': 2044.25945, 'N_chb': 2044.25945, 'gr_ceu': 0.01964, 'gr_chb': 0.01964, 'm_yri_ooa': 0.0, 'm_yri_ceu': 1e-05, 'm_yri_chb': 1e-05, 'm_ceu_chb': 1e-05} -75619.59526317987
x: {'t1': 2.7675, 't2': 12.94295, 't3': 100, 'N_anc': 2044.25945, 'N_yri': 2044.25945, 'N_ooa': 2044.25945, 'N_ceu': 2044.25945, 'N_chb': 2044.25945, 'gr_ceu': 0.01964, 'gr_chb': 0.01964, 'm_yri_ooa': 1e-05, 'm_yri_ceu': 1e-05, 'm_yri_chb': 1e-05, 'm_ceu_chb': 1e-05} -75619.79957241393
x_down: {'t1': 2.7675, 't2': 12.94295, 't3': 100, 'N_anc': 2044.25945, 'N_yri': 2044.25945, 'N_ooa': 2044.25945, 'N_ceu': 2044.25945, 'N_chb': 2044.25945, 'gr_ceu': 0.01964, 'gr_chb': 0.01964, 'm_yri_ooa': 1e-05, 'm_yri_ceu': 1e-05, 'm_yri_chb': 1e-05, 'm_ceu_chb': 1e-05} -75619.79957241393
 
 
x_up: {'t1': 2.7675, 't2': 12.94295, 't3': 100, 'N_anc': 2044.25945, 'N_yri': 2044.25945, 'N_ooa': 2044.25945, 'N_ceu': 2044.25945, 'N_chb': 2044.25945, 'gr_ceu': 0.01964, 'gr_chb': 0.01964, 'm_yri_ooa': 0.0, 'm_yri_ceu': 0.0, 'm_yri_chb': 1e-05, 'm_ceu_chb': 1e-05} -75619.59526318702
x: {'t1': 2.7675, 't2': 12.94295, 't3': 100, 'N_anc': 2044.25945, 'N_yri': 2044.25945, 'N_ooa': 2044.25945, 'N_ceu': 2044.25945, 'N_chb': 2044.25945, 'gr_ceu': 0.01964, 'gr_chb': 0.01964, 'm_yri_ooa': 0.0, 'm_yri_ceu': 1e-05, 'm_yri_chb': 1e-05, 'm_ceu_chb': 1e-05} -75619.59526317987
x_down: {'t1': 2.7675, 't2': 12.94295, 't3': 100, 'N_anc': 2044.25945, 'N_yri': 2044.25945, 'N_ooa': 2044.25945, 'N_ceu': 2044.25945, 'N_chb': 2044.25945, 'gr_ceu': 0.01964, 'gr_chb': 0.01964, 'm_yri_ooa': 0.0, 'm_yri_ceu': 1e-05, 'm_yri_chb': 1e-05, 'm_ceu_chb': 1e-05} -75619.59526317987
 
 
x_up: {'t1': 2.7675, 't2': 12.94295, 't3': 100, 'N_anc': 2044.25945, 'N_yri': 2044.25945, 'N_ooa': 2044.25945, 'N_ceu': 2044.25945, 'N_chb': 2044.25945, 'gr_ceu': 0.01964, 'gr_chb': 0.01964, 'm_yri_ooa': 0.0, 'm_yri_ceu': 1e-05, 'm_yri_chb': 0.0, 'm_ceu_chb': 1e-05} -75619.5952631859
x: {'t1': 2.7675, 't2': 12.94295, 't3': 100, 'N_anc': 2044.25945, 'N_yri': 2044.25945, 'N_ooa': 2044.25945, 'N_ceu': 2044.25945, 'N_chb': 2044.25945, 'gr_ceu': 0.01964, 'gr_chb': 0.01964, 'm_yri_ooa': 0.0, 'm_yri_ceu': 1e-05, 'm_yri_chb': 1e-05, 'm_ceu_chb': 1e-05} -75619.59526317987
x_down: {'t1': 2.7675, 't2': 12.94295, 't3': 100, 'N_anc': 2044.25945, 'N_yri': 2044.25945, 'N_ooa': 2044.25945, 'N_ceu': 2044.25945, 'N_chb': 2044.25945, 'gr_ceu': 0.01964, 'gr_chb': 0.01964, 'm_yri_ooa': 0.0, 'm_yri_ceu': 1e-05, 'm_yri_chb': 1e-05, 'm_ceu_chb': 1e-05} -75619.59526317987
 
 
x_up: {'t1': 2.7675, 't2': 12.94295, 't3': 100, 'N_anc': 2044.25945, 'N_yri': 2044.25945, 'N_ooa': 2044.25945, 'N_ceu': 2044.25945, 'N_chb': 2044.25945, 'gr_ceu': 0.01964, 'gr_chb': 0.01964, 'm_yri_ooa': 0.0, 'm_yri_ceu': 1e-05, 'm_yri_chb': 1e-05, 'm_ceu_chb': 0.0} -75619.59526317987
x: {'t1': 2.7675, 't2': 12.94295, 't3': 100, 'N_anc': 2044.25945, 'N_yri': 2044.25945, 'N_ooa': 2044.25945, 'N_ceu': 2044.25945, 'N_chb': 2044.25945, 'gr_ceu': 0.01964, 'gr_chb': 0.01964, 'm_yri_ooa': 0.0, 'm_yri_ceu': 1e-05, 'm_yri_chb': 1e-05, 'm_ceu_chb': 1e-05} -75619.59526317987
x_down: {'t1': 2.7675, 't2': 12.94295, 't3': 100, 'N_anc': 2044.25945, 'N_yri': 2044.25945, 'N_ooa': 2044.25945, 'N_ceu': 2044.25945, 'N_chb': 2044.25945, 'gr_ceu': 0.01964, 'gr_chb': 0.01964, 'm_yri_ooa': 0.0, 'm_yri_ceu': 1e-05, 'm_yri_chb': 1e-05, 'm_ceu_chb': 1e-05} -75619.59526317987
 
{'t1': 2.7675, 't2': 12.94295, 't3': 100, 'N_anc': 2044.25945, 'N_yri': 2044.25945, 'N_ooa': 2044.25945, 'N_ceu': 2044.25945, 'N_chb': 2044.25945, 'gr_ceu': 0.01964, 'gr_chb': 0.01964, 'm_yri_ooa': 0.0, 'm_yri_ceu': 1e-05, 'm_yri_chb': 1e-05, 'm_ceu_chb': 1e-05} -75619.59526317987
 
x_up: {'t1': 3.65125, 't2': 12.94295, 't3': 100, 'N_anc': 2044.25945, 'N_yri': 2044.25945, 'N_ooa': 2044.25945, 'N_ceu': 2044.25945, 'N_chb': 2044.25945, 'gr_ceu': 0.01964, 'gr_chb': 0.01964, 'm_yri_ooa': 0.0, 'm_yri_ceu': 1e-05, 'm_yri_chb': 1e-05, 'm_ceu_chb': 1e-05} -75986.60375697573
x: {'t1': 2.7675, 't2': 12.94295, 't3': 100, 'N_anc': 2044.25945, 'N_yri': 2044.25945, 'N_ooa': 2044.25945, 'N_ceu': 2044.25945, 'N_chb': 2044.25945, 'gr_ceu': 0.01964, 'gr_chb': 0.01964, 'm_yri_ooa': 0.0, 'm_yri_ceu': 1e-05, 'm_yri_chb': 1e-05, 'm_ceu_chb': 1e-05} -75619.59526317987
x_down: {'t1': 1.88375, 't2': 12.94295, 't3': 100, 'N_anc': 2044.25945, 'N_yri': 2044.25945, 'N_ooa': 2044.25945, 'N_ceu': 2044.25945, 'N_chb': 2044.25945, 'gr_ceu': 0.01964, 'gr_chb': 0.01964, 'm_yri_ooa': 0.0, 'm_yri_ceu': 1e-05, 'm_yri_chb': 1e-05, 'm_ceu_chb': 1e-05} -75208.16970713351
 
 
x_up: {'t1': 1.88375, 't2': 18.47255, 't3': 100, 'N_anc': 2044.25945, 'N_yri': 2044.25945, 'N_ooa': 2044.25945, 'N_ceu': 2044.25945, 'N_chb': 2044.25945, 'gr_ceu': 0.01964, 'gr_chb': 0.01964, 'm_yri_ooa': 0.0, 'm_yri_ceu': 1e-05, 'm_yri_chb': 1e-05, 'm_ceu_chb': 1e-05} -75428.13528574817
x: {'t1': 1.88375, 't2': 12.94295, 't3': 100, 'N_anc': 2044.25945, 'N_yri': 2044.25945, 'N_ooa': 2044.25945, 'N_ceu': 2044.25945, 'N_chb': 2044.25945, 'gr_ceu': 0.01964, 'gr_chb': 0.01964, 'm_yri_ooa': 0.0, 'm_yri_ceu': 1e-05, 'm_yri_chb': 1e-05, 'm_ceu_chb': 1e-05} -75208.16970713351
x_down: {'t1': 1.88375, 't2': 7.41335, 't3': 100, 'N_anc': 2044.25945, 'N_yri': 2044.25945, 'N_ooa': 2044.25945, 'N_ceu': 2044.25945, 'N_chb': 2044.25945, 'gr_ceu': 0.01964, 'gr_chb': 0.01964, 'm_yri_ooa': 0.0, 'm_yri_ceu': 1e-05, 'm_yri_chb': 1e-05, 'm_ceu_chb': 1e-05} -74833.88542367294
 
 
x_up: {'t1': 1.88375, 't2': 7.41335, 't3': 104.62933, 'N_anc': 2044.25945, 'N_yri': 2044.25945, 'N_ooa': 2044.25945, 'N_ceu': 2044.25945, 'N_chb': 2044.25945, 'gr_ceu': 0.01964, 'gr_chb': 0.01964, 'm_yri_ooa': 0.0, 'm_yri_ceu': 1e-05, 'm_yri_chb': 1e-05, 'm_ceu_chb': 1e-05} -74833.88542367294
x: {'t1': 1.88375, 't2': 7.41335, 't3': 100, 'N_anc': 2044.25945, 'N_yri': 2044.25945, 'N_ooa': 2044.25945, 'N_ceu': 2044.25945, 'N_chb': 2044.25945, 'gr_ceu': 0.01964, 'gr_chb': 0.01964, 'm_yri_ooa': 0.0, 'm_yri_ceu': 1e-05, 'm_yri_chb': 1e-05, 'm_ceu_chb': 1e-05} -74833.88542367294
x_down: {'t1': 1.88375, 't2': 7.41335, 't3': 95.37067, 'N_anc': 2044.25945, 'N_yri': 2044.25945, 'N_ooa': 2044.25945, 'N_ceu': 2044.25945, 'N_chb': 2044.25945, 'gr_ceu': 0.01964, 'gr_chb': 0.01964, 'm_yri_ooa': 0.0, 'm_yri_ceu': 1e-05, 'm_yri_chb': 1e-05, 'm_ceu_chb': 1e-05} -74833.88542367294
 
 
x_up: {'t1': 1.88375, 't2': 7.41335, 't3': 100, 'N_anc': 3016.38918, 'N_yri': 2044.25945, 'N_ooa': 2044.25945, 'N_ceu': 2044.25945, 'N_chb': 2044.25945, 'gr_ceu': 0.01964, 'gr_chb': 0.01964, 'm_yri_ooa': 0.0, 'm_yri_ceu': 1e-05, 'm_yri_chb': 1e-05, 'm_ceu_chb': 1e-05} -74886.99607299549
x: {'t1': 1.88375, 't2': 7.41335, 't3': 100, 'N_anc': 2044.25945, 'N_yri': 2044.25945, 'N_ooa': 2044.25945, 'N_ceu': 2044.25945, 'N_chb': 2044.25945, 'gr_ceu': 0.01964, 'gr_chb': 0.01964, 'm_yri_ooa': 0.0, 'm_yri_ceu': 1e-05, 'm_yri_chb': 1e-05, 'm_ceu_chb': 1e-05} -74833.88542367294
x_down: {'t1': 1.88375, 't2': 7.41335, 't3': 100, 'N_anc': 1072.12973, 'N_yri': 2044.25945, 'N_ooa': 2044.25945, 'N_ceu': 2044.25945, 'N_chb': 2044.25945, 'gr_ceu': 0.01964, 'gr_chb': 0.01964, 'm_yri_ooa': 0.0, 'm_yri_ceu': 1e-05, 'm_yri_chb': 1e-05, 'm_ceu_chb': 1e-05} -74760.81063806282
 
 
x_up: {'t1': 1.88375, 't2': 7.41335, 't3': 100, 'N_anc': 1072.12973, 'N_yri': 3016.38918, 'N_ooa': 2044.25945, 'N_ceu': 2044.25945, 'N_chb': 2044.25945, 'gr_ceu': 0.01964, 'gr_chb': 0.01964, 'm_yri_ooa': 0.0, 'm_yri_ceu': 1e-05, 'm_yri_chb': 1e-05, 'm_ceu_chb': 1e-05} -75196.63707076048
x: {'t1': 1.88375, 't2': 7.41335, 't3': 100, 'N_anc': 1072.12973, 'N_yri': 2044.25945, 'N_ooa': 2044.25945, 'N_ceu': 2044.25945, 'N_chb': 2044.25945, 'gr_ceu': 0.01964, 'gr_chb': 0.01964, 'm_yri_ooa': 0.0, 'm_yri_ceu': 1e-05, 'm_yri_chb': 1e-05, 'm_ceu_chb': 1e-05} -74760.81063806282
x_down: {'t1': 1.88375, 't2': 7.41335, 't3': 100, 'N_anc': 1072.12973, 'N_yri': 1072.12973, 'N_ooa': 2044.25945, 'N_ceu': 2044.25945, 'N_chb': 2044.25945, 'gr_ceu': 0.01964, 'gr_chb': 0.01964, 'm_yri_ooa': 0.0, 'm_yri_ceu': 1e-05, 'm_yri_chb': 1e-05, 'm_ceu_chb': 1e-05} -73938.29553759562
 
 
x_up: {'t1': 1.88375, 't2': 7.41335, 't3': 100, 'N_anc': 1072.12973, 'N_yri': 1072.12973, 'N_ooa': 3016.38918, 'N_ceu': 2044.25945, 'N_chb': 2044.25945, 'gr_ceu': 0.01964, 'gr_chb': 0.01964, 'm_yri_ooa': 0.0, 'm_yri_ceu': 1e-05, 'm_yri_chb': 1e-05, 'm_ceu_chb': 1e-05} -75167.7647975696
x: {'t1': 1.88375, 't2': 7.41335, 't3': 100, 'N_anc': 1072.12973, 'N_yri': 1072.12973, 'N_ooa': 2044.25945, 'N_ceu': 2044.25945, 'N_chb': 2044.25945, 'gr_ceu': 0.01964, 'gr_chb': 0.01964, 'm_yri_ooa': 0.0, 'm_yri_ceu': 1e-05, 'm_yri_chb': 1e-05, 'm_ceu_chb': 1e-05} -73938.29553759562
x_down: {'t1': 1.88375, 't2': 7.41335, 't3': 100, 'N_anc': 1072.12973, 'N_yri': 1072.12973, 'N_ooa': 1072.12973, 'N_ceu': 2044.25945, 'N_chb': 2044.25945, 'gr_ceu': 0.01964, 'gr_chb': 0.01964, 'm_yri_ooa': 0.0, 'm_yri_ceu': 1e-05, 'm_yri_chb': 1e-05, 'm_ceu_chb': 1e-05} -72506.56047868836
 
 
x_up: {'t1': 1.88375, 't2': 7.41335, 't3': 100, 'N_anc': 1072.12973, 'N_yri': 1072.12973, 'N_ooa': 1072.12973, 'N_ceu': 3016.38918, 'N_chb': 2044.25945, 'gr_ceu': 0.01964, 'gr_chb': 0.01964, 'm_yri_ooa': 0.0, 'm_yri_ceu': 1e-05, 'm_yri_chb': 1e-05, 'm_ceu_chb': 1e-05} -73004.44319148277
x: {'t1': 1.88375, 't2': 7.41335, 't3': 100, 'N_anc': 1072.12973, 'N_yri': 1072.12973, 'N_ooa': 1072.12973, 'N_ceu': 2044.25945, 'N_chb': 2044.25945, 'gr_ceu': 0.01964, 'gr_chb': 0.01964, 'm_yri_ooa': 0.0, 'm_yri_ceu': 1e-05, 'm_yri_chb': 1e-05, 'm_ceu_chb': 1e-05} -72506.56047868836
x_down: {'t1': 1.88375, 't2': 7.41335, 't3': 100, 'N_anc': 1072.12973, 'N_yri': 1072.12973, 'N_ooa': 1072.12973, 'N_ceu': 1072.12973, 'N_chb': 2044.25945, 'gr_ceu': 0.01964, 'gr_chb': 0.01964, 'm_yri_ooa': 0.0, 'm_yri_ceu': 1e-05, 'm_yri_chb': 1e-05, 'm_ceu_chb': 1e-05} -71451.64731716385
 
 
x_up: {'t1': 1.88375, 't2': 7.41335, 't3': 100, 'N_anc': 1072.12973, 'N_yri': 1072.12973, 'N_ooa': 1072.12973, 'N_ceu': 1072.12973, 'N_chb': 3016.38918, 'gr_ceu': 0.01964, 'gr_chb': 0.01964, 'm_yri_ooa': 0.0, 'm_yri_ceu': 1e-05, 'm_yri_chb': 1e-05, 'm_ceu_chb': 1e-05} -71877.39621561722
x: {'t1': 1.88375, 't2': 7.41335, 't3': 100, 'N_anc': 1072.12973, 'N_yri': 1072.12973, 'N_ooa': 1072.12973, 'N_ceu': 1072.12973, 'N_chb': 2044.25945, 'gr_ceu': 0.01964, 'gr_chb': 0.01964, 'm_yri_ooa': 0.0, 'm_yri_ceu': 1e-05, 'm_yri_chb': 1e-05, 'm_ceu_chb': 1e-05} -71451.64731716385
x_down: {'t1': 1.88375, 't2': 7.41335, 't3': 100, 'N_anc': 1072.12973, 'N_yri': 1072.12973, 'N_ooa': 1072.12973, 'N_ceu': 1072.12973, 'N_chb': 1072.12973, 'gr_ceu': 0.01964, 'gr_chb': 0.01964, 'm_yri_ooa': 0.0, 'm_yri_ceu': 1e-05, 'm_yri_chb': 1e-05, 'm_ceu_chb': 1e-05} -70765.24526789808
 
 
x_up: {'t1': 1.88375, 't2': 7.41335, 't3': 100, 'N_anc': 1072.12973, 'N_yri': 1072.12973, 'N_ooa': 1072.12973, 'N_ceu': 1072.12973, 'N_chb': 1072.12973, 'gr_ceu': 0.02946, 'gr_chb': 0.01964, 'm_yri_ooa': 0.0, 'm_yri_ceu': 1e-05, 'm_yri_chb': 1e-05, 'm_ceu_chb': 1e-05} -70779.33105129965
x: {'t1': 1.88375, 't2': 7.41335, 't3': 100, 'N_anc': 1072.12973, 'N_yri': 1072.12973, 'N_ooa': 1072.12973, 'N_ceu': 1072.12973, 'N_chb': 1072.12973, 'gr_ceu': 0.01964, 'gr_chb': 0.01964, 'm_yri_ooa': 0.0, 'm_yri_ceu': 1e-05, 'm_yri_chb': 1e-05, 'm_ceu_chb': 1e-05} -70765.24526789808
x_down: {'t1': 1.88375, 't2': 7.41335, 't3': 100, 'N_anc': 1072.12973, 'N_yri': 1072.12973, 'N_ooa': 1072.12973, 'N_ceu': 1072.12973, 'N_chb': 1072.12973, 'gr_ceu': 0.00982, 'gr_chb': 0.01964, 'm_yri_ooa': 0.0, 'm_yri_ceu': 1e-05, 'm_yri_chb': 1e-05, 'm_ceu_chb': 1e-05} -70751.07649882529
 
 
x_up: {'t1': 1.88375, 't2': 7.41335, 't3': 100, 'N_anc': 1072.12973, 'N_yri': 1072.12973, 'N_ooa': 1072.12973, 'N_ceu': 1072.12973, 'N_chb': 1072.12973, 'gr_ceu': 0.00982, 'gr_chb': 0.02946, 'm_yri_ooa': 0.0, 'm_yri_ceu': 1e-05, 'm_yri_chb': 1e-05, 'm_ceu_chb': 1e-05} -70764.9293891433
x: {'t1': 1.88375, 't2': 7.41335, 't3': 100, 'N_anc': 1072.12973, 'N_yri': 1072.12973, 'N_ooa': 1072.12973, 'N_ceu': 1072.12973, 'N_chb': 1072.12973, 'gr_ceu': 0.00982, 'gr_chb': 0.01964, 'm_yri_ooa': 0.0, 'm_yri_ceu': 1e-05, 'm_yri_chb': 1e-05, 'm_ceu_chb': 1e-05} -70751.07649882529
x_down: {'t1': 1.88375, 't2': 7.41335, 't3': 100, 'N_anc': 1072.12973, 'N_yri': 1072.12973, 'N_ooa': 1072.12973, 'N_ceu': 1072.12973, 'N_chb': 1072.12973, 'gr_ceu': 0.00982, 'gr_chb': 0.00982, 'm_yri_ooa': 0.0, 'm_yri_ceu': 1e-05, 'm_yri_chb': 1e-05, 'm_ceu_chb': 1e-05} -70737.1391393085
 
 
x_up: {'t1': 1.88375, 't2': 7.41335, 't3': 100, 'N_anc': 1072.12973, 'N_yri': 1072.12973, 'N_ooa': 1072.12973, 'N_ceu': 1072.12973, 'N_chb': 1072.12973, 'gr_ceu': 0.00982, 'gr_chb': 0.00982, 'm_yri_ooa': 0.0, 'm_yri_ceu': 1e-05, 'm_yri_chb': 1e-05, 'm_ceu_chb': 1e-05} -70737.1391393085
x: {'t1': 1.88375, 't2': 7.41335, 't3': 100, 'N_anc': 1072.12973, 'N_yri': 1072.12973, 'N_ooa': 1072.12973, 'N_ceu': 1072.12973, 'N_chb': 1072.12973, 'gr_ceu': 0.00982, 'gr_chb': 0.00982, 'm_yri_ooa': 0.0, 'm_yri_ceu': 1e-05, 'm_yri_chb': 1e-05, 'm_ceu_chb': 1e-05} -70737.1391393085
x_down: {'t1': 1.88375, 't2': 7.41335, 't3': 100, 'N_anc': 1072.12973, 'N_yri': 1072.12973, 'N_ooa': 1072.12973, 'N_ceu': 1072.12973, 'N_chb': 1072.12973, 'gr_ceu': 0.00982, 'gr_chb': 0.00982, 'm_yri_ooa': 1e-05, 'm_yri_ceu': 1e-05, 'm_yri_chb': 1e-05, 'm_ceu_chb': 1e-05} -70737.24157534372
 
 
x_up: {'t1': 1.88375, 't2': 7.41335, 't3': 100, 'N_anc': 1072.12973, 'N_yri': 1072.12973, 'N_ooa': 1072.12973, 'N_ceu': 1072.12973, 'N_chb': 1072.12973, 'gr_ceu': 0.00982, 'gr_chb': 0.00982, 'm_yri_ooa': 0.0, 'm_yri_ceu': 0.0, 'm_yri_chb': 1e-05, 'm_ceu_chb': 1e-05} -70737.13913931565
x: {'t1': 1.88375, 't2': 7.41335, 't3': 100, 'N_anc': 1072.12973, 'N_yri': 1072.12973, 'N_ooa': 1072.12973, 'N_ceu': 1072.12973, 'N_chb': 1072.12973, 'gr_ceu': 0.00982, 'gr_chb': 0.00982, 'm_yri_ooa': 0.0, 'm_yri_ceu': 1e-05, 'm_yri_chb': 1e-05, 'm_ceu_chb': 1e-05} -70737.1391393085
x_down: {'t1': 1.88375, 't2': 7.41335, 't3': 100, 'N_anc': 1072.12973, 'N_yri': 1072.12973, 'N_ooa': 1072.12973, 'N_ceu': 1072.12973, 'N_chb': 1072.12973, 'gr_ceu': 0.00982, 'gr_chb': 0.00982, 'm_yri_ooa': 0.0, 'm_yri_ceu': 1e-05, 'm_yri_chb': 1e-05, 'm_ceu_chb': 1e-05} -70737.1391393085
 
 
x_up: {'t1': 1.88375, 't2': 7.41335, 't3': 100, 'N_anc': 1072.12973, 'N_yri': 1072.12973, 'N_ooa': 1072.12973, 'N_ceu': 1072.12973, 'N_chb': 1072.12973, 'gr_ceu': 0.00982, 'gr_chb': 0.00982, 'm_yri_ooa': 0.0, 'm_yri_ceu': 1e-05, 'm_yri_chb': 0.0, 'm_ceu_chb': 1e-05} -70737.13913931575
x: {'t1': 1.88375, 't2': 7.41335, 't3': 100, 'N_anc': 1072.12973, 'N_yri': 1072.12973, 'N_ooa': 1072.12973, 'N_ceu': 1072.12973, 'N_chb': 1072.12973, 'gr_ceu': 0.00982, 'gr_chb': 0.00982, 'm_yri_ooa': 0.0, 'm_yri_ceu': 1e-05, 'm_yri_chb': 1e-05, 'm_ceu_chb': 1e-05} -70737.1391393085
x_down: {'t1': 1.88375, 't2': 7.41335, 't3': 100, 'N_anc': 1072.12973, 'N_yri': 1072.12973, 'N_ooa': 1072.12973, 'N_ceu': 1072.12973, 'N_chb': 1072.12973, 'gr_ceu': 0.00982, 'gr_chb': 0.00982, 'm_yri_ooa': 0.0, 'm_yri_ceu': 1e-05, 'm_yri_chb': 1e-05, 'm_ceu_chb': 1e-05} -70737.1391393085
 
 
x_up: {'t1': 1.88375, 't2': 7.41335, 't3': 100, 'N_anc': 1072.12973, 'N_yri': 1072.12973, 'N_ooa': 1072.12973, 'N_ceu': 1072.12973, 'N_chb': 1072.12973, 'gr_ceu': 0.00982, 'gr_chb': 0.00982, 'm_yri_ooa': 0.0, 'm_yri_ceu': 1e-05, 'm_yri_chb': 1e-05, 'm_ceu_chb': 0.0} -70737.13913930877
x: {'t1': 1.88375, 't2': 7.41335, 't3': 100, 'N_anc': 1072.12973, 'N_yri': 1072.12973, 'N_ooa': 1072.12973, 'N_ceu': 1072.12973, 'N_chb': 1072.12973, 'gr_ceu': 0.00982, 'gr_chb': 0.00982, 'm_yri_ooa': 0.0, 'm_yri_ceu': 1e-05, 'm_yri_chb': 1e-05, 'm_ceu_chb': 1e-05} -70737.1391393085
x_down: {'t1': 1.88375, 't2': 7.41335, 't3': 100, 'N_anc': 1072.12973, 'N_yri': 1072.12973, 'N_ooa': 1072.12973, 'N_ceu': 1072.12973, 'N_chb': 1072.12973, 'gr_ceu': 0.00982, 'gr_chb': 0.00982, 'm_yri_ooa': 0.0, 'm_yri_ceu': 1e-05, 'm_yri_chb': 1e-05, 'm_ceu_chb': 1e-05} -70737.1391393085
 
{'t1': 1.88375, 't2': 7.41335, 't3': 100, 'N_anc': 1072.12973, 'N_yri': 1072.12973, 'N_ooa': 1072.12973, 'N_ceu': 1072.12973, 'N_chb': 1072.12973, 'gr_ceu': 0.00982, 'gr_chb': 0.00982, 'm_yri_ooa': 0.0, 'm_yri_ceu': 1e-05, 'm_yri_chb': 1e-05, 'm_ceu_chb': 1e-05} -70737.1391393085
 
x_up: {'t1': 2.32563, 't2': 7.41335, 't3': 100, 'N_anc': 1072.12973, 'N_yri': 1072.12973, 'N_ooa': 1072.12973, 'N_ceu': 1072.12973, 'N_chb': 1072.12973, 'gr_ceu': 0.00982, 'gr_chb': 0.00982, 'm_yri_ooa': 0.0, 'm_yri_ceu': 1e-05, 'm_yri_chb': 1e-05, 'm_ceu_chb': 1e-05} -70814.5991821292
x: {'t1': 1.88375, 't2': 7.41335, 't3': 100, 'N_anc': 1072.12973, 'N_yri': 1072.12973, 'N_ooa': 1072.12973, 'N_ceu': 1072.12973, 'N_chb': 1072.12973, 'gr_ceu': 0.00982, 'gr_chb': 0.00982, 'm_yri_ooa': 0.0, 'm_yri_ceu': 1e-05, 'm_yri_chb': 1e-05, 'm_ceu_chb': 1e-05} -70737.1391393085
x_down: {'t1': 1.44188, 't2': 7.41335, 't3': 100, 'N_anc': 1072.12973, 'N_yri': 1072.12973, 'N_ooa': 1072.12973, 'N_ceu': 1072.12973, 'N_chb': 1072.12973, 'gr_ceu': 0.00982, 'gr_chb': 0.00982, 'm_yri_ooa': 0.0, 'm_yri_ceu': 1e-05, 'm_yri_chb': 1e-05, 'm_ceu_chb': 1e-05} -70657.68858065848
 
 
x_up: {'t1': 1.44188, 't2': 10.39908, 't3': 100, 'N_anc': 1072.12973, 'N_yri': 1072.12973, 'N_ooa': 1072.12973, 'N_ceu': 1072.12973, 'N_chb': 1072.12973, 'gr_ceu': 0.00982, 'gr_chb': 0.00982, 'm_yri_ooa': 0.0, 'm_yri_ceu': 1e-05, 'm_yri_chb': 1e-05, 'm_ceu_chb': 1e-05} -71013.14309454033
x: {'t1': 1.44188, 't2': 7.41335, 't3': 100, 'N_anc': 1072.12973, 'N_yri': 1072.12973, 'N_ooa': 1072.12973, 'N_ceu': 1072.12973, 'N_chb': 1072.12973, 'gr_ceu': 0.00982, 'gr_chb': 0.00982, 'm_yri_ooa': 0.0, 'm_yri_ceu': 1e-05, 'm_yri_chb': 1e-05, 'm_ceu_chb': 1e-05} -70657.68858065848
x_down: {'t1': 1.44188, 't2': 4.42762, 't3': 100, 'N_anc': 1072.12973, 'N_yri': 1072.12973, 'N_ooa': 1072.12973, 'N_ceu': 1072.12973, 'N_chb': 1072.12973, 'gr_ceu': 0.00982, 'gr_chb': 0.00982, 'm_yri_ooa': 0.0, 'm_yri_ceu': 1e-05, 'm_yri_chb': 1e-05, 'm_ceu_chb': 1e-05} -70259.7838730674
 
 
x_up: {'t1': 1.44188, 't2': 4.42762, 't3': 104.77862, 'N_anc': 1072.12973, 'N_yri': 1072.12973, 'N_ooa': 1072.12973, 'N_ceu': 1072.12973, 'N_chb': 1072.12973, 'gr_ceu': 0.00982, 'gr_chb': 0.00982, 'm_yri_ooa': 0.0, 'm_yri_ceu': 1e-05, 'm_yri_chb': 1e-05, 'm_ceu_chb': 1e-05} -70259.7838730674
x: {'t1': 1.44188, 't2': 4.42762, 't3': 100, 'N_anc': 1072.12973, 'N_yri': 1072.12973, 'N_ooa': 1072.12973, 'N_ceu': 1072.12973, 'N_chb': 1072.12973, 'gr_ceu': 0.00982, 'gr_chb': 0.00982, 'm_yri_ooa': 0.0, 'm_yri_ceu': 1e-05, 'm_yri_chb': 1e-05, 'm_ceu_chb': 1e-05} -70259.7838730674
x_down: {'t1': 1.44188, 't2': 4.42762, 't3': 95.22138, 'N_anc': 1072.12973, 'N_yri': 1072.12973, 'N_ooa': 1072.12973, 'N_ceu': 1072.12973, 'N_chb': 1072.12973, 'gr_ceu': 0.00982, 'gr_chb': 0.00982, 'm_yri_ooa': 0.0, 'm_yri_ceu': 1e-05, 'm_yri_chb': 1e-05, 'm_ceu_chb': 1e-05} -70259.78387306738
 
 
x_up: {'t1': 1.44188, 't2': 4.42762, 't3': 95.22138, 'N_anc': 1558.1946, 'N_yri': 1072.12973, 'N_ooa': 1072.12973, 'N_ceu': 1072.12973, 'N_chb': 1072.12973, 'gr_ceu': 0.00982, 'gr_chb': 0.00982, 'm_yri_ooa': 0.0, 'm_yri_ceu': 1e-05, 'm_yri_chb': 1e-05, 'm_ceu_chb': 1e-05} -70303.27779818035
x: {'t1': 1.44188, 't2': 4.42762, 't3': 95.22138, 'N_anc': 1072.12973, 'N_yri': 1072.12973, 'N_ooa': 1072.12973, 'N_ceu': 1072.12973, 'N_chb': 1072.12973, 'gr_ceu': 0.00982, 'gr_chb': 0.00982, 'm_yri_ooa': 0.0, 'm_yri_ceu': 1e-05, 'm_yri_chb': 1e-05, 'm_ceu_chb': 1e-05} -70259.78387306738
x_down: {'t1': 1.44188, 't2': 4.42762, 't3': 95.22138, 'N_anc': 586.06487, 'N_yri': 1072.12973, 'N_ooa': 1072.12973, 'N_ceu': 1072.12973, 'N_chb': 1072.12973, 'gr_ceu': 0.00982, 'gr_chb': 0.00982, 'm_yri_ooa': 0.0, 'm_yri_ceu': 1e-05, 'm_yri_chb': 1e-05, 'm_ceu_chb': 1e-05} -70217.08979528253
 
 
x_up: {'t1': 1.44188, 't2': 4.42762, 't3': 95.22138, 'N_anc': 586.06487, 'N_yri': 1558.1946, 'N_ooa': 1072.12973, 'N_ceu': 1072.12973, 'N_chb': 1072.12973, 'gr_ceu': 0.00982, 'gr_chb': 0.00982, 'm_yri_ooa': 0.0, 'm_yri_ceu': 1e-05, 'm_yri_chb': 1e-05, 'm_ceu_chb': 1e-05} -70598.92384883917
x: {'t1': 1.44188, 't2': 4.42762, 't3': 95.22138, 'N_anc': 586.06487, 'N_yri': 1072.12973, 'N_ooa': 1072.12973, 'N_ceu': 1072.12973, 'N_chb': 1072.12973, 'gr_ceu': 0.00982, 'gr_chb': 0.00982, 'm_yri_ooa': 0.0, 'm_yri_ceu': 1e-05, 'm_yri_chb': 1e-05, 'm_ceu_chb': 1e-05} -70217.08979528253
x_down: {'t1': 1.44188, 't2': 4.42762, 't3': 95.22138, 'N_anc': 586.06487, 'N_yri': 586.06487, 'N_ooa': 1072.12973, 'N_ceu': 1072.12973, 'N_chb': 1072.12973, 'gr_ceu': 0.00982, 'gr_chb': 0.00982, 'm_yri_ooa': 0.0, 'm_yri_ceu': 1e-05, 'm_yri_chb': 1e-05, 'm_ceu_chb': 1e-05} -69581.45480456794
 
 
x_up: {'t1': 1.44188, 't2': 4.42762, 't3': 95.22138, 'N_anc': 586.06487, 'N_yri': 586.06487, 'N_ooa': 1558.1946, 'N_ceu': 1072.12973, 'N_chb': 1072.12973, 'gr_ceu': 0.00982, 'gr_chb': 0.00982, 'm_yri_ooa': 0.0, 'm_yri_ceu': 1e-05, 'm_yri_chb': 1e-05, 'm_ceu_chb': 1e-05} -70323.83849365277
x: {'t1': 1.44188, 't2': 4.42762, 't3': 95.22138, 'N_anc': 586.06487, 'N_yri': 586.06487, 'N_ooa': 1072.12973, 'N_ceu': 1072.12973, 'N_chb': 1072.12973, 'gr_ceu': 0.00982, 'gr_chb': 0.00982, 'm_yri_ooa': 0.0, 'm_yri_ceu': 1e-05, 'm_yri_chb': 1e-05, 'm_ceu_chb': 1e-05} -69581.45480456794
x_down: {'t1': 1.44188, 't2': 4.42762, 't3': 95.22138, 'N_anc': 586.06487, 'N_yri': 586.06487, 'N_ooa': 586.06487, 'N_ceu': 1072.12973, 'N_chb': 1072.12973, 'gr_ceu': 0.00982, 'gr_chb': 0.00982, 'm_yri_ooa': 0.0, 'm_yri_ceu': 1e-05, 'm_yri_chb': 1e-05, 'm_ceu_chb': 1e-05} -69614.94101065403
 
 
x_up: {'t1': 1.44188, 't2': 4.42762, 't3': 95.22138, 'N_anc': 586.06487, 'N_yri': 586.06487, 'N_ooa': 1072.12973, 'N_ceu': 1558.1946, 'N_chb': 1072.12973, 'gr_ceu': 0.00982, 'gr_chb': 0.00982, 'm_yri_ooa': 0.0, 'm_yri_ceu': 1e-05, 'm_yri_chb': 1e-05, 'm_ceu_chb': 1e-05} -69922.63523958501
x: {'t1': 1.44188, 't2': 4.42762, 't3': 95.22138, 'N_anc': 586.06487, 'N_yri': 586.06487, 'N_ooa': 1072.12973, 'N_ceu': 1072.12973, 'N_chb': 1072.12973, 'gr_ceu': 0.00982, 'gr_chb': 0.00982, 'm_yri_ooa': 0.0, 'm_yri_ceu': 1e-05, 'm_yri_chb': 1e-05, 'm_ceu_chb': 1e-05} -69581.45480456794
x_down: {'t1': 1.44188, 't2': 4.42762, 't3': 95.22138, 'N_anc': 586.06487, 'N_yri': 586.06487, 'N_ooa': 1072.12973, 'N_ceu': 586.06487, 'N_chb': 1072.12973, 'gr_ceu': 0.00982, 'gr_chb': 0.00982, 'm_yri_ooa': 0.0, 'm_yri_ceu': 1e-05, 'm_yri_chb': 1e-05, 'm_ceu_chb': 1e-05} -69018.34464957428
 
 
x_up: {'t1': 1.44188, 't2': 4.42762, 't3': 95.22138, 'N_anc': 586.06487, 'N_yri': 586.06487, 'N_ooa': 1072.12973, 'N_ceu': 586.06487, 'N_chb': 1558.1946, 'gr_ceu': 0.00982, 'gr_chb': 0.00982, 'm_yri_ooa': 0.0, 'm_yri_ceu': 1e-05, 'm_yri_chb': 1e-05, 'm_ceu_chb': 1e-05} -69285.51334369856
x: {'t1': 1.44188, 't2': 4.42762, 't3': 95.22138, 'N_anc': 586.06487, 'N_yri': 586.06487, 'N_ooa': 1072.12973, 'N_ceu': 586.06487, 'N_chb': 1072.12973, 'gr_ceu': 0.00982, 'gr_chb': 0.00982, 'm_yri_ooa': 0.0, 'm_yri_ceu': 1e-05, 'm_yri_chb': 1e-05, 'm_ceu_chb': 1e-05} -69018.34464957428
x_down: {'t1': 1.44188, 't2': 4.42762, 't3': 95.22138, 'N_anc': 586.06487, 'N_yri': 586.06487, 'N_ooa': 1072.12973, 'N_ceu': 586.06487, 'N_chb': 586.06487, 'gr_ceu': 0.00982, 'gr_chb': 0.00982, 'm_yri_ooa': 0.0, 'm_yri_ceu': 1e-05, 'm_yri_chb': 1e-05, 'm_ceu_chb': 1e-05} -68664.97478599829
 
 
x_up: {'t1': 1.44188, 't2': 4.42762, 't3': 95.22138, 'N_anc': 586.06487, 'N_yri': 586.06487, 'N_ooa': 1072.12973, 'N_ceu': 586.06487, 'N_chb': 586.06487, 'gr_ceu': 0.01473, 'gr_chb': 0.00982, 'm_yri_ooa': 0.0, 'm_yri_ceu': 1e-05, 'm_yri_chb': 1e-05, 'm_ceu_chb': 1e-05} -68667.4121196019
x: {'t1': 1.44188, 't2': 4.42762, 't3': 95.22138, 'N_anc': 586.06487, 'N_yri': 586.06487, 'N_ooa': 1072.12973, 'N_ceu': 586.06487, 'N_chb': 586.06487, 'gr_ceu': 0.00982, 'gr_chb': 0.00982, 'm_yri_ooa': 0.0, 'm_yri_ceu': 1e-05, 'm_yri_chb': 1e-05, 'm_ceu_chb': 1e-05} -68664.97478599829
x_down: {'t1': 1.44188, 't2': 4.42762, 't3': 95.22138, 'N_anc': 586.06487, 'N_yri': 586.06487, 'N_ooa': 1072.12973, 'N_ceu': 586.06487, 'N_chb': 586.06487, 'gr_ceu': 0.00491, 'gr_chb': 0.00982, 'm_yri_ooa': 0.0, 'm_yri_ceu': 1e-05, 'm_yri_chb': 1e-05, 'm_ceu_chb': 1e-05} -68662.53942032804
 
 
x_up: {'t1': 1.44188, 't2': 4.42762, 't3': 95.22138, 'N_anc': 586.06487, 'N_yri': 586.06487, 'N_ooa': 1072.12973, 'N_ceu': 586.06487, 'N_chb': 586.06487, 'gr_ceu': 0.00491, 'gr_chb': 0.01473, 'm_yri_ooa': 0.0, 'm_yri_ceu': 1e-05, 'm_yri_chb': 1e-05, 'm_ceu_chb': 1e-05} -68664.95860494528
x: {'t1': 1.44188, 't2': 4.42762, 't3': 95.22138, 'N_anc': 586.06487, 'N_yri': 586.06487, 'N_ooa': 1072.12973, 'N_ceu': 586.06487, 'N_chb': 586.06487, 'gr_ceu': 0.00491, 'gr_chb': 0.00982, 'm_yri_ooa': 0.0, 'm_yri_ceu': 1e-05, 'm_yri_chb': 1e-05, 'm_ceu_chb': 1e-05} -68662.53942032804
x_down: {'t1': 1.44188, 't2': 4.42762, 't3': 95.22138, 'N_anc': 586.06487, 'N_yri': 586.06487, 'N_ooa': 1072.12973, 'N_ceu': 586.06487, 'N_chb': 586.06487, 'gr_ceu': 0.00491, 'gr_chb': 0.00491, 'm_yri_ooa': 0.0, 'm_yri_ceu': 1e-05, 'm_yri_chb': 1e-05, 'm_ceu_chb': 1e-05} -68660.12201345596
 
 
x_up: {'t1': 1.44188, 't2': 4.42762, 't3': 95.22138, 'N_anc': 586.06487, 'N_yri': 586.06487, 'N_ooa': 1072.12973, 'N_ceu': 586.06487, 'N_chb': 586.06487, 'gr_ceu': 0.00491, 'gr_chb': 0.00491, 'm_yri_ooa': 0.0, 'm_yri_ceu': 1e-05, 'm_yri_chb': 1e-05, 'm_ceu_chb': 1e-05} -68660.12201345596
x: {'t1': 1.44188, 't2': 4.42762, 't3': 95.22138, 'N_anc': 586.06487, 'N_yri': 586.06487, 'N_ooa': 1072.12973, 'N_ceu': 586.06487, 'N_chb': 586.06487, 'gr_ceu': 0.00491, 'gr_chb': 0.00491, 'm_yri_ooa': 0.0, 'm_yri_ceu': 1e-05, 'm_yri_chb': 1e-05, 'm_ceu_chb': 1e-05} -68660.12201345596
x_down: {'t1': 1.44188, 't2': 4.42762, 't3': 95.22138, 'N_anc': 586.06487, 'N_yri': 586.06487, 'N_ooa': 1072.12973, 'N_ceu': 586.06487, 'N_chb': 586.06487, 'gr_ceu': 0.00491, 'gr_chb': 0.00491, 'm_yri_ooa': 1e-05, 'm_yri_ceu': 1e-05, 'm_yri_chb': 1e-05, 'm_ceu_chb': 1e-05} -68660.15594827068
 
 
x_up: {'t1': 1.44188, 't2': 4.42762, 't3': 95.22138, 'N_anc': 586.06487, 'N_yri': 586.06487, 'N_ooa': 1072.12973, 'N_ceu': 586.06487, 'N_chb': 586.06487, 'gr_ceu': 0.00491, 'gr_chb': 0.00491, 'm_yri_ooa': 0.0, 'm_yri_ceu': 0.0, 'm_yri_chb': 1e-05, 'm_ceu_chb': 1e-05} -68660.12201346125
x: {'t1': 1.44188, 't2': 4.42762, 't3': 95.22138, 'N_anc': 586.06487, 'N_yri': 586.06487, 'N_ooa': 1072.12973, 'N_ceu': 586.06487, 'N_chb': 586.06487, 'gr_ceu': 0.00491, 'gr_chb': 0.00491, 'm_yri_ooa': 0.0, 'm_yri_ceu': 1e-05, 'm_yri_chb': 1e-05, 'm_ceu_chb': 1e-05} -68660.12201345596
x_down: {'t1': 1.44188, 't2': 4.42762, 't3': 95.22138, 'N_anc': 586.06487, 'N_yri': 586.06487, 'N_ooa': 1072.12973, 'N_ceu': 586.06487, 'N_chb': 586.06487, 'gr_ceu': 0.00491, 'gr_chb': 0.00491, 'm_yri_ooa': 0.0, 'm_yri_ceu': 1e-05, 'm_yri_chb': 1e-05, 'm_ceu_chb': 1e-05} -68660.12201345596
 
 
x_up: {'t1': 1.44188, 't2': 4.42762, 't3': 95.22138, 'N_anc': 586.06487, 'N_yri': 586.06487, 'N_ooa': 1072.12973, 'N_ceu': 586.06487, 'N_chb': 586.06487, 'gr_ceu': 0.00491, 'gr_chb': 0.00491, 'm_yri_ooa': 0.0, 'm_yri_ceu': 1e-05, 'm_yri_chb': 0.0, 'm_ceu_chb': 1e-05} -68660.12201346102
x: {'t1': 1.44188, 't2': 4.42762, 't3': 95.22138, 'N_anc': 586.06487, 'N_yri': 586.06487, 'N_ooa': 1072.12973, 'N_ceu': 586.06487, 'N_chb': 586.06487, 'gr_ceu': 0.00491, 'gr_chb': 0.00491, 'm_yri_ooa': 0.0, 'm_yri_ceu': 1e-05, 'm_yri_chb': 1e-05, 'm_ceu_chb': 1e-05} -68660.12201345596
x_down: {'t1': 1.44188, 't2': 4.42762, 't3': 95.22138, 'N_anc': 586.06487, 'N_yri': 586.06487, 'N_ooa': 1072.12973, 'N_ceu': 586.06487, 'N_chb': 586.06487, 'gr_ceu': 0.00491, 'gr_chb': 0.00491, 'm_yri_ooa': 0.0, 'm_yri_ceu': 1e-05, 'm_yri_chb': 1e-05, 'm_ceu_chb': 1e-05} -68660.12201345596
 
 
x_up: {'t1': 1.44188, 't2': 4.42762, 't3': 95.22138, 'N_anc': 586.06487, 'N_yri': 586.06487, 'N_ooa': 1072.12973, 'N_ceu': 586.06487, 'N_chb': 586.06487, 'gr_ceu': 0.00491, 'gr_chb': 0.00491, 'm_yri_ooa': 0.0, 'm_yri_ceu': 1e-05, 'm_yri_chb': 1e-05, 'm_ceu_chb': 0.0} -68660.122013456
x: {'t1': 1.44188, 't2': 4.42762, 't3': 95.22138, 'N_anc': 586.06487, 'N_yri': 586.06487, 'N_ooa': 1072.12973, 'N_ceu': 586.06487, 'N_chb': 586.06487, 'gr_ceu': 0.00491, 'gr_chb': 0.00491, 'm_yri_ooa': 0.0, 'm_yri_ceu': 1e-05, 'm_yri_chb': 1e-05, 'm_ceu_chb': 1e-05} -68660.12201345596
x_down: {'t1': 1.44188, 't2': 4.42762, 't3': 95.22138, 'N_anc': 586.06487, 'N_yri': 586.06487, 'N_ooa': 1072.12973, 'N_ceu': 586.06487, 'N_chb': 586.06487, 'gr_ceu': 0.00491, 'gr_chb': 0.00491, 'm_yri_ooa': 0.0, 'm_yri_ceu': 1e-05, 'm_yri_chb': 1e-05, 'm_ceu_chb': 1e-05} -68660.12201345596
 
{'t1': 1.44188, 't2': 4.42762, 't3': 95.22138, 'N_anc': 586.06487, 'N_yri': 586.06487, 'N_ooa': 1072.12973, 'N_ceu': 586.06487, 'N_chb': 586.06487, 'gr_ceu': 0.00491, 'gr_chb': 0.00491, 'm_yri_ooa': 0.0, 'm_yri_ceu': 1e-05, 'm_yri_chb': 1e-05, 'm_ceu_chb': 1e-05} -68660.12201345596
 
x_up: {'t1': 1.66282, 't2': 4.42762, 't3': 95.22138, 'N_anc': 586.06487, 'N_yri': 586.06487, 'N_ooa': 1072.12973, 'N_ceu': 586.06487, 'N_chb': 586.06487, 'gr_ceu': 0.00491, 'gr_chb': 0.00491, 'm_yri_ooa': 0.0, 'm_yri_ceu': 1e-05, 'm_yri_chb': 1e-05, 'm_ceu_chb': 1e-05} -68615.3033043309
x: {'t1': 1.44188, 't2': 4.42762, 't3': 95.22138, 'N_anc': 586.06487, 'N_yri': 586.06487, 'N_ooa': 1072.12973, 'N_ceu': 586.06487, 'N_chb': 586.06487, 'gr_ceu': 0.00491, 'gr_chb': 0.00491, 'm_yri_ooa': 0.0, 'm_yri_ceu': 1e-05, 'm_yri_chb': 1e-05, 'm_ceu_chb': 1e-05} -68660.12201345596
x_down: {'t1': 1.22094, 't2': 4.42762, 't3': 95.22138, 'N_anc': 586.06487, 'N_yri': 586.06487, 'N_ooa': 1072.12973, 'N_ceu': 586.06487, 'N_chb': 586.06487, 'gr_ceu': 0.00491, 'gr_chb': 0.00491, 'm_yri_ooa': 0.0, 'm_yri_ceu': 1e-05, 'm_yri_chb': 1e-05, 'm_ceu_chb': 1e-05} -68691.45390261599
 
 
x_up: {'t1': 1.66282, 't2': 5.81002, 't3': 95.22138, 'N_anc': 586.06487, 'N_yri': 586.06487, 'N_ooa': 1072.12973, 'N_ceu': 586.06487, 'N_chb': 586.06487, 'gr_ceu': 0.00491, 'gr_chb': 0.00491, 'm_yri_ooa': 0.0, 'm_yri_ceu': 1e-05, 'm_yri_chb': 1e-05, 'm_ceu_chb': 1e-05} -68747.77484753278
x: {'t1': 1.66282, 't2': 4.42762, 't3': 95.22138, 'N_anc': 586.06487, 'N_yri': 586.06487, 'N_ooa': 1072.12973, 'N_ceu': 586.06487, 'N_chb': 586.06487, 'gr_ceu': 0.00491, 'gr_chb': 0.00491, 'm_yri_ooa': 0.0, 'm_yri_ceu': 1e-05, 'm_yri_chb': 1e-05, 'm_ceu_chb': 1e-05} -68615.3033043309
x_down: {'t1': 1.66282, 't2': 3.04522, 't3': 95.22138, 'N_anc': 586.06487, 'N_yri': 586.06487, 'N_ooa': 1072.12973, 'N_ceu': 586.06487, 'N_chb': 586.06487, 'gr_ceu': 0.00491, 'gr_chb': 0.00491, 'm_yri_ooa': 0.0, 'm_yri_ceu': 1e-05, 'm_yri_chb': 1e-05, 'm_ceu_chb': 1e-05} -68400.748609885
 
 
x_up: {'t1': 1.66282, 't2': 3.04522, 't3': 102.13459, 'N_anc': 586.06487, 'N_yri': 586.06487, 'N_ooa': 1072.12973, 'N_ceu': 586.06487, 'N_chb': 586.06487, 'gr_ceu': 0.00491, 'gr_chb': 0.00491, 'm_yri_ooa': 0.0, 'm_yri_ceu': 1e-05, 'm_yri_chb': 1e-05, 'm_ceu_chb': 1e-05} -68408.25455768313
x: {'t1': 1.66282, 't2': 3.04522, 't3': 95.22138, 'N_anc': 586.06487, 'N_yri': 586.06487, 'N_ooa': 1072.12973, 'N_ceu': 586.06487, 'N_chb': 586.06487, 'gr_ceu': 0.00491, 'gr_chb': 0.00491, 'm_yri_ooa': 0.0, 'm_yri_ceu': 1e-05, 'm_yri_chb': 1e-05, 'm_ceu_chb': 1e-05} -68400.748609885
x_down: {'t1': 1.66282, 't2': 3.04522, 't3': 88.30817, 'N_anc': 586.06487, 'N_yri': 586.06487, 'N_ooa': 1072.12973, 'N_ceu': 586.06487, 'N_chb': 586.06487, 'gr_ceu': 0.00491, 'gr_chb': 0.00491, 'm_yri_ooa': 0.0, 'm_yri_ceu': 1e-05, 'm_yri_chb': 1e-05, 'm_ceu_chb': 1e-05} -68405.68939689857
 
 
x_up: {'t1': 1.66282, 't2': 3.04522, 't3': 95.22138, 'N_anc': 829.09731, 'N_yri': 586.06487, 'N_ooa': 1072.12973, 'N_ceu': 586.06487, 'N_chb': 586.06487, 'gr_ceu': 0.00491, 'gr_chb': 0.00491, 'm_yri_ooa': 0.0, 'm_yri_ceu': 1e-05, 'm_yri_chb': 1e-05, 'm_ceu_chb': 1e-05} -68420.19993710866
x: {'t1': 1.66282, 't2': 3.04522, 't3': 95.22138, 'N_anc': 586.06487, 'N_yri': 586.06487, 'N_ooa': 1072.12973, 'N_ceu': 586.06487, 'N_chb': 586.06487, 'gr_ceu': 0.00491, 'gr_chb': 0.00491, 'm_yri_ooa': 0.0, 'm_yri_ceu': 1e-05, 'm_yri_chb': 1e-05, 'm_ceu_chb': 1e-05} -68400.748609885
x_down: {'t1': 1.66282, 't2': 3.04522, 't3': 95.22138, 'N_anc': 343.03244, 'N_yri': 586.06487, 'N_ooa': 1072.12973, 'N_ceu': 586.06487, 'N_chb': 586.06487, 'gr_ceu': 0.00491, 'gr_chb': 0.00491, 'm_yri_ooa': 0.0, 'm_yri_ceu': 1e-05, 'm_yri_chb': 1e-05, 'm_ceu_chb': 1e-05} -68410.3696244871
 
 
x_up: {'t1': 1.66282, 't2': 3.04522, 't3': 95.22138, 'N_anc': 586.06487, 'N_yri': 829.09731, 'N_ooa': 1072.12973, 'N_ceu': 586.06487, 'N_chb': 586.06487, 'gr_ceu': 0.00491, 'gr_chb': 0.00491, 'm_yri_ooa': 0.0, 'm_yri_ceu': 1e-05, 'm_yri_chb': 1e-05, 'm_ceu_chb': 1e-05} -68688.80366029602
x: {'t1': 1.66282, 't2': 3.04522, 't3': 95.22138, 'N_anc': 586.06487, 'N_yri': 586.06487, 'N_ooa': 1072.12973, 'N_ceu': 586.06487, 'N_chb': 586.06487, 'gr_ceu': 0.00491, 'gr_chb': 0.00491, 'm_yri_ooa': 0.0, 'm_yri_ceu': 1e-05, 'm_yri_chb': 1e-05, 'm_ceu_chb': 1e-05} -68400.748609885
x_down: {'t1': 1.66282, 't2': 3.04522, 't3': 95.22138, 'N_anc': 586.06487, 'N_yri': 343.03244, 'N_ooa': 1072.12973, 'N_ceu': 586.06487, 'N_chb': 586.06487, 'gr_ceu': 0.00491, 'gr_chb': 0.00491, 'm_yri_ooa': 0.0, 'm_yri_ceu': 1e-05, 'm_yri_chb': 1e-05, 'm_ceu_chb': 1e-05} -68126.70097946525
 
 
x_up: {'t1': 1.66282, 't2': 3.04522, 't3': 95.22138, 'N_anc': 586.06487, 'N_yri': 343.03244, 'N_ooa': 1315.16216, 'N_ceu': 586.06487, 'N_chb': 586.06487, 'gr_ceu': 0.00491, 'gr_chb': 0.00491, 'm_yri_ooa': 0.0, 'm_yri_ceu': 1e-05, 'm_yri_chb': 1e-05, 'm_ceu_chb': 1e-05} -68398.91283194486
x: {'t1': 1.66282, 't2': 3.04522, 't3': 95.22138, 'N_anc': 586.06487, 'N_yri': 343.03244, 'N_ooa': 1072.12973, 'N_ceu': 586.06487, 'N_chb': 586.06487, 'gr_ceu': 0.00491, 'gr_chb': 0.00491, 'm_yri_ooa': 0.0, 'm_yri_ceu': 1e-05, 'm_yri_chb': 1e-05, 'm_ceu_chb': 1e-05} -68126.70097946525
x_down: {'t1': 1.66282, 't2': 3.04522, 't3': 95.22138, 'N_anc': 586.06487, 'N_yri': 343.03244, 'N_ooa': 829.0973, 'N_ceu': 586.06487, 'N_chb': 586.06487, 'gr_ceu': 0.00491, 'gr_chb': 0.00491, 'm_yri_ooa': 0.0, 'm_yri_ceu': 1e-05, 'm_yri_chb': 1e-05, 'm_ceu_chb': 1e-05} -68019.19791875462
 
 
x_up: {'t1': 1.66282, 't2': 3.04522, 't3': 95.22138, 'N_anc': 586.06487, 'N_yri': 343.03244, 'N_ooa': 829.0973, 'N_ceu': 829.09731, 'N_chb': 586.06487, 'gr_ceu': 0.00491, 'gr_chb': 0.00491, 'm_yri_ooa': 0.0, 'm_yri_ceu': 1e-05, 'm_yri_chb': 1e-05, 'm_ceu_chb': 1e-05} -68239.85866676323
x: {'t1': 1.66282, 't2': 3.04522, 't3': 95.22138, 'N_anc': 586.06487, 'N_yri': 343.03244, 'N_ooa': 829.0973, 'N_ceu': 586.06487, 'N_chb': 586.06487, 'gr_ceu': 0.00491, 'gr_chb': 0.00491, 'm_yri_ooa': 0.0, 'm_yri_ceu': 1e-05, 'm_yri_chb': 1e-05, 'm_ceu_chb': 1e-05} -68019.19791875462
x_down: {'t1': 1.66282, 't2': 3.04522, 't3': 95.22138, 'N_anc': 586.06487, 'N_yri': 343.03244, 'N_ooa': 829.0973, 'N_ceu': 343.03244, 'N_chb': 586.06487, 'gr_ceu': 0.00491, 'gr_chb': 0.00491, 'm_yri_ooa': 0.0, 'm_yri_ceu': 1e-05, 'm_yri_chb': 1e-05, 'm_ceu_chb': 1e-05} -67750.61353576815
 
 
x_up: {'t1': 1.66282, 't2': 3.04522, 't3': 95.22138, 'N_anc': 586.06487, 'N_yri': 343.03244, 'N_ooa': 829.0973, 'N_ceu': 343.03244, 'N_chb': 829.09731, 'gr_ceu': 0.00491, 'gr_chb': 0.00491, 'm_yri_ooa': 0.0, 'm_yri_ceu': 1e-05, 'm_yri_chb': 1e-05, 'm_ceu_chb': 1e-05} -67912.85443603419
x: {'t1': 1.66282, 't2': 3.04522, 't3': 95.22138, 'N_anc': 586.06487, 'N_yri': 343.03244, 'N_ooa': 829.0973, 'N_ceu': 343.03244, 'N_chb': 586.06487, 'gr_ceu': 0.00491, 'gr_chb': 0.00491, 'm_yri_ooa': 0.0, 'm_yri_ceu': 1e-05, 'm_yri_chb': 1e-05, 'm_ceu_chb': 1e-05} -67750.61353576815
x_down: {'t1': 1.66282, 't2': 3.04522, 't3': 95.22138, 'N_anc': 586.06487, 'N_yri': 343.03244, 'N_ooa': 829.0973, 'N_ceu': 343.03244, 'N_chb': 343.03244, 'gr_ceu': 0.00491, 'gr_chb': 0.00491, 'm_yri_ooa': 0.0, 'm_yri_ceu': 1e-05, 'm_yri_chb': 1e-05, 'm_ceu_chb': 1e-05} -67648.07474454943
 
 
x_up: {'t1': 1.66282, 't2': 3.04522, 't3': 95.22138, 'N_anc': 586.06487, 'N_yri': 343.03244, 'N_ooa': 829.0973, 'N_ceu': 343.03244, 'N_chb': 343.03244, 'gr_ceu': 0.00737, 'gr_chb': 0.00491, 'm_yri_ooa': 0.0, 'm_yri_ceu': 1e-05, 'm_yri_chb': 1e-05, 'm_ceu_chb': 1e-05} -67648.25266929097
x: {'t1': 1.66282, 't2': 3.04522, 't3': 95.22138, 'N_anc': 586.06487, 'N_yri': 343.03244, 'N_ooa': 829.0973, 'N_ceu': 343.03244, 'N_chb': 343.03244, 'gr_ceu': 0.00491, 'gr_chb': 0.00491, 'm_yri_ooa': 0.0, 'm_yri_ceu': 1e-05, 'm_yri_chb': 1e-05, 'm_ceu_chb': 1e-05} -67648.07474454943
x_down: {'t1': 1.66282, 't2': 3.04522, 't3': 95.22138, 'N_anc': 586.06487, 'N_yri': 343.03244, 'N_ooa': 829.0973, 'N_ceu': 343.03244, 'N_chb': 343.03244, 'gr_ceu': 0.00246, 'gr_chb': 0.00491, 'm_yri_ooa': 0.0, 'm_yri_ceu': 1e-05, 'm_yri_chb': 1e-05, 'm_ceu_chb': 1e-05} -67647.90193891604
 
 
x_up: {'t1': 1.66282, 't2': 3.04522, 't3': 95.22138, 'N_anc': 586.06487, 'N_yri': 343.03244, 'N_ooa': 829.0973, 'N_ceu': 343.03244, 'N_chb': 343.03244, 'gr_ceu': 0.00246, 'gr_chb': 0.00737, 'm_yri_ooa': 0.0, 'm_yri_ceu': 1e-05, 'm_yri_chb': 1e-05, 'm_ceu_chb': 1e-05} -67648.10130239982
x: {'t1': 1.66282, 't2': 3.04522, 't3': 95.22138, 'N_anc': 586.06487, 'N_yri': 343.03244, 'N_ooa': 829.0973, 'N_ceu': 343.03244, 'N_chb': 343.03244, 'gr_ceu': 0.00246, 'gr_chb': 0.00491, 'm_yri_ooa': 0.0, 'm_yri_ceu': 1e-05, 'm_yri_chb': 1e-05, 'm_ceu_chb': 1e-05} -67647.90193891604
x_down: {'t1': 1.66282, 't2': 3.04522, 't3': 95.22138, 'N_anc': 586.06487, 'N_yri': 343.03244, 'N_ooa': 829.0973, 'N_ceu': 343.03244, 'N_chb': 343.03244, 'gr_ceu': 0.00246, 'gr_chb': 0.00246, 'm_yri_ooa': 0.0, 'm_yri_ceu': 1e-05, 'm_yri_chb': 1e-05, 'm_ceu_chb': 1e-05} -67647.70867574695
 
 
x_up: {'t1': 1.66282, 't2': 3.04522, 't3': 95.22138, 'N_anc': 586.06487, 'N_yri': 343.03244, 'N_ooa': 829.0973, 'N_ceu': 343.03244, 'N_chb': 343.03244, 'gr_ceu': 0.00246, 'gr_chb': 0.00246, 'm_yri_ooa': 0.0, 'm_yri_ceu': 1e-05, 'm_yri_chb': 1e-05, 'm_ceu_chb': 1e-05} -67647.70867574695
x: {'t1': 1.66282, 't2': 3.04522, 't3': 95.22138, 'N_anc': 586.06487, 'N_yri': 343.03244, 'N_ooa': 829.0973, 'N_ceu': 343.03244, 'N_chb': 343.03244, 'gr_ceu': 0.00246, 'gr_chb': 0.00246, 'm_yri_ooa': 0.0, 'm_yri_ceu': 1e-05, 'm_yri_chb': 1e-05, 'm_ceu_chb': 1e-05} -67647.70867574695
x_down: {'t1': 1.66282, 't2': 3.04522, 't3': 95.22138, 'N_anc': 586.06487, 'N_yri': 343.03244, 'N_ooa': 829.0973, 'N_ceu': 343.03244, 'N_chb': 343.03244, 'gr_ceu': 0.00246, 'gr_chb': 0.00246, 'm_yri_ooa': 1e-05, 'm_yri_ceu': 1e-05, 'm_yri_chb': 1e-05, 'm_ceu_chb': 1e-05} -67647.7097949801
 
 
x_up: {'t1': 1.66282, 't2': 3.04522, 't3': 95.22138, 'N_anc': 586.06487, 'N_yri': 343.03244, 'N_ooa': 829.0973, 'N_ceu': 343.03244, 'N_chb': 343.03244, 'gr_ceu': 0.00246, 'gr_chb': 0.00246, 'm_yri_ooa': 0.0, 'm_yri_ceu': 0.0, 'm_yri_chb': 1e-05, 'm_ceu_chb': 1e-05} -67647.70867574736
x: {'t1': 1.66282, 't2': 3.04522, 't3': 95.22138, 'N_anc': 586.06487, 'N_yri': 343.03244, 'N_ooa': 829.0973, 'N_ceu': 343.03244, 'N_chb': 343.03244, 'gr_ceu': 0.00246, 'gr_chb': 0.00246, 'm_yri_ooa': 0.0, 'm_yri_ceu': 1e-05, 'm_yri_chb': 1e-05, 'm_ceu_chb': 1e-05} -67647.70867574695
x_down: {'t1': 1.66282, 't2': 3.04522, 't3': 95.22138, 'N_anc': 586.06487, 'N_yri': 343.03244, 'N_ooa': 829.0973, 'N_ceu': 343.03244, 'N_chb': 343.03244, 'gr_ceu': 0.00246, 'gr_chb': 0.00246, 'm_yri_ooa': 0.0, 'm_yri_ceu': 1e-05, 'm_yri_chb': 1e-05, 'm_ceu_chb': 1e-05} -67647.70867574695
 
 
x_up: {'t1': 1.66282, 't2': 3.04522, 't3': 95.22138, 'N_anc': 586.06487, 'N_yri': 343.03244, 'N_ooa': 829.0973, 'N_ceu': 343.03244, 'N_chb': 343.03244, 'gr_ceu': 0.00246, 'gr_chb': 0.00246, 'm_yri_ooa': 0.0, 'm_yri_ceu': 1e-05, 'm_yri_chb': 0.0, 'm_ceu_chb': 1e-05} -67647.7086757475
x: {'t1': 1.66282, 't2': 3.04522, 't3': 95.22138, 'N_anc': 586.06487, 'N_yri': 343.03244, 'N_ooa': 829.0973, 'N_ceu': 343.03244, 'N_chb': 343.03244, 'gr_ceu': 0.00246, 'gr_chb': 0.00246, 'm_yri_ooa': 0.0, 'm_yri_ceu': 1e-05, 'm_yri_chb': 1e-05, 'm_ceu_chb': 1e-05} -67647.70867574695
x_down: {'t1': 1.66282, 't2': 3.04522, 't3': 95.22138, 'N_anc': 586.06487, 'N_yri': 343.03244, 'N_ooa': 829.0973, 'N_ceu': 343.03244, 'N_chb': 343.03244, 'gr_ceu': 0.00246, 'gr_chb': 0.00246, 'm_yri_ooa': 0.0, 'm_yri_ceu': 1e-05, 'm_yri_chb': 1e-05, 'm_ceu_chb': 1e-05} -67647.70867574695
 
 
x_up: {'t1': 1.66282, 't2': 3.04522, 't3': 95.22138, 'N_anc': 586.06487, 'N_yri': 343.03244, 'N_ooa': 829.0973, 'N_ceu': 343.03244, 'N_chb': 343.03244, 'gr_ceu': 0.00246, 'gr_chb': 0.00246, 'm_yri_ooa': 0.0, 'm_yri_ceu': 1e-05, 'm_yri_chb': 1e-05, 'm_ceu_chb': 0.0} -67647.708675747
x: {'t1': 1.66282, 't2': 3.04522, 't3': 95.22138, 'N_anc': 586.06487, 'N_yri': 343.03244, 'N_ooa': 829.0973, 'N_ceu': 343.03244, 'N_chb': 343.03244, 'gr_ceu': 0.00246, 'gr_chb': 0.00246, 'm_yri_ooa': 0.0, 'm_yri_ceu': 1e-05, 'm_yri_chb': 1e-05, 'm_ceu_chb': 1e-05} -67647.70867574695
x_down: {'t1': 1.66282, 't2': 3.04522, 't3': 95.22138, 'N_anc': 586.06487, 'N_yri': 343.03244, 'N_ooa': 829.0973, 'N_ceu': 343.03244, 'N_chb': 343.03244, 'gr_ceu': 0.00246, 'gr_chb': 0.00246, 'm_yri_ooa': 0.0, 'm_yri_ceu': 1e-05, 'm_yri_chb': 1e-05, 'm_ceu_chb': 1e-05} -67647.70867574695
 
{'t1': 1.66282, 't2': 3.04522, 't3': 95.22138, 'N_anc': 586.06487, 'N_yri': 343.03244, 'N_ooa': 829.0973, 'N_ceu': 343.03244, 'N_chb': 343.03244, 'gr_ceu': 0.00246, 'gr_chb': 0.00246, 'm_yri_ooa': 0.0, 'm_yri_ceu': 1e-05, 'm_yri_chb': 1e-05, 'm_ceu_chb': 1e-05} -67647.70867574695
 
x_up: {'t1': 1.99423, 't2': 3.04522, 't3': 95.22138, 'N_anc': 586.06487, 'N_yri': 343.03244, 'N_ooa': 829.0973, 'N_ceu': 343.03244, 'N_chb': 343.03244, 'gr_ceu': 0.00246, 'gr_chb': 0.00246, 'm_yri_ooa': 0.0, 'm_yri_ceu': 1e-05, 'm_yri_chb': 1e-05, 'm_ceu_chb': 1e-05} -67625.48328150724
x: {'t1': 1.66282, 't2': 3.04522, 't3': 95.22138, 'N_anc': 586.06487, 'N_yri': 343.03244, 'N_ooa': 829.0973, 'N_ceu': 343.03244, 'N_chb': 343.03244, 'gr_ceu': 0.00246, 'gr_chb': 0.00246, 'm_yri_ooa': 0.0, 'm_yri_ceu': 1e-05, 'm_yri_chb': 1e-05, 'm_ceu_chb': 1e-05} -67647.70867574695
x_down: {'t1': 1.33141, 't2': 3.04522, 't3': 95.22138, 'N_anc': 586.06487, 'N_yri': 343.03244, 'N_ooa': 829.0973, 'N_ceu': 343.03244, 'N_chb': 343.03244, 'gr_ceu': 0.00246, 'gr_chb': 0.00246, 'm_yri_ooa': 0.0, 'm_yri_ceu': 1e-05, 'm_yri_chb': 1e-05, 'm_ceu_chb': 1e-05} -67696.86043200087
 
 
x_up: {'t1': 1.99423, 't2': 3.57071, 't3': 95.22138, 'N_anc': 586.06487, 'N_yri': 343.03244, 'N_ooa': 829.0973, 'N_ceu': 343.03244, 'N_chb': 343.03244, 'gr_ceu': 0.00246, 'gr_chb': 0.00246, 'm_yri_ooa': 0.0, 'm_yri_ceu': 1e-05, 'm_yri_chb': 1e-05, 'm_ceu_chb': 1e-05} -67641.42412201955
x: {'t1': 1.99423, 't2': 3.04522, 't3': 95.22138, 'N_anc': 586.06487, 'N_yri': 343.03244, 'N_ooa': 829.0973, 'N_ceu': 343.03244, 'N_chb': 343.03244, 'gr_ceu': 0.00246, 'gr_chb': 0.00246, 'm_yri_ooa': 0.0, 'm_yri_ceu': 1e-05, 'm_yri_chb': 1e-05, 'm_ceu_chb': 1e-05} -67625.48328150724
x_down: {'t1': 1.99423, 't2': 2.51973, 't3': 95.22138, 'N_anc': 586.06487, 'N_yri': 343.03244, 'N_ooa': 829.0973, 'N_ceu': 343.03244, 'N_chb': 343.03244, 'gr_ceu': 0.00246, 'gr_chb': 0.00246, 'm_yri_ooa': 0.0, 'm_yri_ceu': 1e-05, 'm_yri_chb': 1e-05, 'm_ceu_chb': 1e-05} -67593.36138252712
 
 
x_up: {'t1': 1.99423, 't2': 2.51973, 't3': 99.85646, 'N_anc': 586.06487, 'N_yri': 343.03244, 'N_ooa': 829.0973, 'N_ceu': 343.03244, 'N_chb': 343.03244, 'gr_ceu': 0.00246, 'gr_chb': 0.00246, 'm_yri_ooa': 0.0, 'm_yri_ceu': 1e-05, 'm_yri_chb': 1e-05, 'm_ceu_chb': 1e-05} -67594.92120273008
x: {'t1': 1.99423, 't2': 2.51973, 't3': 95.22138, 'N_anc': 586.06487, 'N_yri': 343.03244, 'N_ooa': 829.0973, 'N_ceu': 343.03244, 'N_chb': 343.03244, 'gr_ceu': 0.00246, 'gr_chb': 0.00246, 'm_yri_ooa': 0.0, 'm_yri_ceu': 1e-05, 'm_yri_chb': 1e-05, 'm_ceu_chb': 1e-05} -67593.36138252712
x_down: {'t1': 1.99423, 't2': 2.51973, 't3': 90.5863, 'N_anc': 586.06487, 'N_yri': 343.03244, 'N_ooa': 829.0973, 'N_ceu': 343.03244, 'N_chb': 343.03244, 'gr_ceu': 0.00246, 'gr_chb': 0.00246, 'm_yri_ooa': 0.0, 'm_yri_ceu': 1e-05, 'm_yri_chb': 1e-05, 'm_ceu_chb': 1e-05} -67596.42643376467
 
 
x_up: {'t1': 1.99423, 't2': 2.51973, 't3': 95.22138, 'N_anc': 707.58109, 'N_yri': 343.03244, 'N_ooa': 829.0973, 'N_ceu': 343.03244, 'N_chb': 343.03244, 'gr_ceu': 0.00246, 'gr_chb': 0.00246, 'm_yri_ooa': 0.0, 'm_yri_ceu': 1e-05, 'm_yri_chb': 1e-05, 'm_ceu_chb': 1e-05} -67601.98598552473
x: {'t1': 1.99423, 't2': 2.51973, 't3': 95.22138, 'N_anc': 586.06487, 'N_yri': 343.03244, 'N_ooa': 829.0973, 'N_ceu': 343.03244, 'N_chb': 343.03244, 'gr_ceu': 0.00246, 'gr_chb': 0.00246, 'm_yri_ooa': 0.0, 'm_yri_ceu': 1e-05, 'm_yri_chb': 1e-05, 'm_ceu_chb': 1e-05} -67593.36138252712
x_down: {'t1': 1.99423, 't2': 2.51973, 't3': 95.22138, 'N_anc': 464.54865, 'N_yri': 343.03244, 'N_ooa': 829.0973, 'N_ceu': 343.03244, 'N_chb': 343.03244, 'gr_ceu': 0.00246, 'gr_chb': 0.00246, 'm_yri_ooa': 0.0, 'm_yri_ceu': 1e-05, 'm_yri_chb': 1e-05, 'm_ceu_chb': 1e-05} -67590.44092202591
 
 
x_up: {'t1': 1.99423, 't2': 2.51973, 't3': 95.22138, 'N_anc': 464.54865, 'N_yri': 464.54866, 'N_ooa': 829.0973, 'N_ceu': 343.03244, 'N_chb': 343.03244, 'gr_ceu': 0.00246, 'gr_chb': 0.00246, 'm_yri_ooa': 0.0, 'm_yri_ceu': 1e-05, 'm_yri_chb': 1e-05, 'm_ceu_chb': 1e-05} -67611.85767539471
x: {'t1': 1.99423, 't2': 2.51973, 't3': 95.22138, 'N_anc': 464.54865, 'N_yri': 343.03244, 'N_ooa': 829.0973, 'N_ceu': 343.03244, 'N_chb': 343.03244, 'gr_ceu': 0.00246, 'gr_chb': 0.00246, 'm_yri_ooa': 0.0, 'm_yri_ceu': 1e-05, 'm_yri_chb': 1e-05, 'm_ceu_chb': 1e-05} -67590.44092202591
x_down: {'t1': 1.99423, 't2': 2.51973, 't3': 95.22138, 'N_anc': 464.54865, 'N_yri': 221.51622, 'N_ooa': 829.0973, 'N_ceu': 343.03244, 'N_chb': 343.03244, 'gr_ceu': 0.00246, 'gr_chb': 0.00246, 'm_yri_ooa': 0.0, 'm_yri_ceu': 1e-05, 'm_yri_chb': 1e-05, 'm_ceu_chb': 1e-05} -67791.25400286508
 
 
x_up: {'t1': 1.99423, 't2': 2.51973, 't3': 95.22138, 'N_anc': 464.54865, 'N_yri': 343.03244, 'N_ooa': 1102.50879, 'N_ceu': 343.03244, 'N_chb': 343.03244, 'gr_ceu': 0.00246, 'gr_chb': 0.00246, 'm_yri_ooa': 0.0, 'm_yri_ceu': 1e-05, 'm_yri_chb': 1e-05, 'm_ceu_chb': 1e-05} -67666.27719947221
x: {'t1': 1.99423, 't2': 2.51973, 't3': 95.22138, 'N_anc': 464.54865, 'N_yri': 343.03244, 'N_ooa': 829.0973, 'N_ceu': 343.03244, 'N_chb': 343.03244, 'gr_ceu': 0.00246, 'gr_chb': 0.00246, 'm_yri_ooa': 0.0, 'm_yri_ceu': 1e-05, 'm_yri_chb': 1e-05, 'm_ceu_chb': 1e-05} -67590.44092202591
x_down: {'t1': 1.99423, 't2': 2.51973, 't3': 95.22138, 'N_anc': 464.54865, 'N_yri': 343.03244, 'N_ooa': 555.68581, 'N_ceu': 343.03244, 'N_chb': 343.03244, 'gr_ceu': 0.00246, 'gr_chb': 0.00246, 'm_yri_ooa': 0.0, 'm_yri_ceu': 1e-05, 'm_yri_chb': 1e-05, 'm_ceu_chb': 1e-05} -68204.62642130507
 
 
x_up: {'t1': 1.99423, 't2': 2.51973, 't3': 95.22138, 'N_anc': 464.54865, 'N_yri': 343.03244, 'N_ooa': 829.0973, 'N_ceu': 464.54866, 'N_chb': 343.03244, 'gr_ceu': 0.00246, 'gr_chb': 0.00246, 'm_yri_ooa': 0.0, 'm_yri_ceu': 1e-05, 'm_yri_chb': 1e-05, 'm_ceu_chb': 1e-05} -67654.68762627794
x: {'t1': 1.99423, 't2': 2.51973, 't3': 95.22138, 'N_anc': 464.54865, 'N_yri': 343.03244, 'N_ooa': 829.0973, 'N_ceu': 343.03244, 'N_chb': 343.03244, 'gr_ceu': 0.00246, 'gr_chb': 0.00246, 'm_yri_ooa': 0.0, 'm_yri_ceu': 1e-05, 'm_yri_chb': 1e-05, 'm_ceu_chb': 1e-05} -67590.44092202591
x_down: {'t1': 1.99423, 't2': 2.51973, 't3': 95.22138, 'N_anc': 464.54865, 'N_yri': 343.03244, 'N_ooa': 829.0973, 'N_ceu': 221.51622, 'N_chb': 343.03244, 'gr_ceu': 0.00246, 'gr_chb': 0.00246, 'm_yri_ooa': 0.0, 'm_yri_ceu': 1e-05, 'm_yri_chb': 1e-05, 'm_ceu_chb': 1e-05} -67627.34122290906
 
 
x_up: {'t1': 1.99423, 't2': 2.51973, 't3': 95.22138, 'N_anc': 464.54865, 'N_yri': 343.03244, 'N_ooa': 829.0973, 'N_ceu': 343.03244, 'N_chb': 464.54866, 'gr_ceu': 0.00246, 'gr_chb': 0.00246, 'm_yri_ooa': 0.0, 'm_yri_ceu': 1e-05, 'm_yri_chb': 1e-05, 'm_ceu_chb': 1e-05} -67661.78937480354
x: {'t1': 1.99423, 't2': 2.51973, 't3': 95.22138, 'N_anc': 464.54865, 'N_yri': 343.03244, 'N_ooa': 829.0973, 'N_ceu': 343.03244, 'N_chb': 343.03244, 'gr_ceu': 0.00246, 'gr_chb': 0.00246, 'm_yri_ooa': 0.0, 'm_yri_ceu': 1e-05, 'm_yri_chb': 1e-05, 'm_ceu_chb': 1e-05} -67590.44092202591
x_down: {'t1': 1.99423, 't2': 2.51973, 't3': 95.22138, 'N_anc': 464.54865, 'N_yri': 343.03244, 'N_ooa': 829.0973, 'N_ceu': 343.03244, 'N_chb': 221.51622, 'gr_ceu': 0.00246, 'gr_chb': 0.00246, 'm_yri_ooa': 0.0, 'm_yri_ceu': 1e-05, 'm_yri_chb': 1e-05, 'm_ceu_chb': 1e-05} -67626.20516556638
 
 
x_up: {'t1': 1.99423, 't2': 2.51973, 't3': 95.22138, 'N_anc': 464.54865, 'N_yri': 343.03244, 'N_ooa': 829.0973, 'N_ceu': 343.03244, 'N_chb': 343.03244, 'gr_ceu': 0.00369, 'gr_chb': 0.00246, 'm_yri_ooa': 0.0, 'm_yri_ceu': 1e-05, 'm_yri_chb': 1e-05, 'm_ceu_chb': 1e-05} -67590.61844587816
x: {'t1': 1.99423, 't2': 2.51973, 't3': 95.22138, 'N_anc': 464.54865, 'N_yri': 343.03244, 'N_ooa': 829.0973, 'N_ceu': 343.03244, 'N_chb': 343.03244, 'gr_ceu': 0.00246, 'gr_chb': 0.00246, 'm_yri_ooa': 0.0, 'm_yri_ceu': 1e-05, 'm_yri_chb': 1e-05, 'm_ceu_chb': 1e-05} -67590.44092202591
x_down: {'t1': 1.99423, 't2': 2.51973, 't3': 95.22138, 'N_anc': 464.54865, 'N_yri': 343.03244, 'N_ooa': 829.0973, 'N_ceu': 343.03244, 'N_chb': 343.03244, 'gr_ceu': 0.00123, 'gr_chb': 0.00246, 'm_yri_ooa': 0.0, 'm_yri_ceu': 1e-05, 'm_yri_chb': 1e-05, 'm_ceu_chb': 1e-05} -67590.26563062306
 
 
x_up: {'t1': 1.99423, 't2': 2.51973, 't3': 95.22138, 'N_anc': 464.54865, 'N_yri': 343.03244, 'N_ooa': 829.0973, 'N_ceu': 343.03244, 'N_chb': 343.03244, 'gr_ceu': 0.00123, 'gr_chb': 0.00369, 'm_yri_ooa': 0.0, 'm_yri_ceu': 1e-05, 'm_yri_chb': 1e-05, 'm_ceu_chb': 1e-05} -67590.50255507113
x: {'t1': 1.99423, 't2': 2.51973, 't3': 95.22138, 'N_anc': 464.54865, 'N_yri': 343.03244, 'N_ooa': 829.0973, 'N_ceu': 343.03244, 'N_chb': 343.03244, 'gr_ceu': 0.00123, 'gr_chb': 0.00246, 'm_yri_ooa': 0.0, 'm_yri_ceu': 1e-05, 'm_yri_chb': 1e-05, 'm_ceu_chb': 1e-05} -67590.26563062306
x_down: {'t1': 1.99423, 't2': 2.51973, 't3': 95.22138, 'N_anc': 464.54865, 'N_yri': 343.03244, 'N_ooa': 829.0973, 'N_ceu': 343.03244, 'N_chb': 343.03244, 'gr_ceu': 0.00123, 'gr_chb': 0.00123, 'm_yri_ooa': 0.0, 'm_yri_ceu': 1e-05, 'm_yri_chb': 1e-05, 'm_ceu_chb': 1e-05} -67590.03068244469
 
 
x_up: {'t1': 1.99423, 't2': 2.51973, 't3': 95.22138, 'N_anc': 464.54865, 'N_yri': 343.03244, 'N_ooa': 829.0973, 'N_ceu': 343.03244, 'N_chb': 343.03244, 'gr_ceu': 0.00123, 'gr_chb': 0.00123, 'm_yri_ooa': 0.0, 'm_yri_ceu': 1e-05, 'm_yri_chb': 1e-05, 'm_ceu_chb': 1e-05} -67590.03068244469
x: {'t1': 1.99423, 't2': 2.51973, 't3': 95.22138, 'N_anc': 464.54865, 'N_yri': 343.03244, 'N_ooa': 829.0973, 'N_ceu': 343.03244, 'N_chb': 343.03244, 'gr_ceu': 0.00123, 'gr_chb': 0.00123, 'm_yri_ooa': 0.0, 'm_yri_ceu': 1e-05, 'm_yri_chb': 1e-05, 'm_ceu_chb': 1e-05} -67590.03068244469
x_down: {'t1': 1.99423, 't2': 2.51973, 't3': 95.22138, 'N_anc': 464.54865, 'N_yri': 343.03244, 'N_ooa': 829.0973, 'N_ceu': 343.03244, 'N_chb': 343.03244, 'gr_ceu': 0.00123, 'gr_chb': 0.00123, 'm_yri_ooa': 1e-05, 'm_yri_ceu': 1e-05, 'm_yri_chb': 1e-05, 'm_ceu_chb': 1e-05} -67590.03264128386
 
 
x_up: {'t1': 1.99423, 't2': 2.51973, 't3': 95.22138, 'N_anc': 464.54865, 'N_yri': 343.03244, 'N_ooa': 829.0973, 'N_ceu': 343.03244, 'N_chb': 343.03244, 'gr_ceu': 0.00123, 'gr_chb': 0.00123, 'm_yri_ooa': 0.0, 'm_yri_ceu': 0.0, 'm_yri_chb': 1e-05, 'm_ceu_chb': 1e-05} -67590.03068244494
x: {'t1': 1.99423, 't2': 2.51973, 't3': 95.22138, 'N_anc': 464.54865, 'N_yri': 343.03244, 'N_ooa': 829.0973, 'N_ceu': 343.03244, 'N_chb': 343.03244, 'gr_ceu': 0.00123, 'gr_chb': 0.00123, 'm_yri_ooa': 0.0, 'm_yri_ceu': 1e-05, 'm_yri_chb': 1e-05, 'm_ceu_chb': 1e-05} -67590.03068244469
x_down: {'t1': 1.99423, 't2': 2.51973, 't3': 95.22138, 'N_anc': 464.54865, 'N_yri': 343.03244, 'N_ooa': 829.0973, 'N_ceu': 343.03244, 'N_chb': 343.03244, 'gr_ceu': 0.00123, 'gr_chb': 0.00123, 'm_yri_ooa': 0.0, 'm_yri_ceu': 1e-05, 'm_yri_chb': 1e-05, 'm_ceu_chb': 1e-05} -67590.03068244469
 
 
x_up: {'t1': 1.99423, 't2': 2.51973, 't3': 95.22138, 'N_anc': 464.54865, 'N_yri': 343.03244, 'N_ooa': 829.0973, 'N_ceu': 343.03244, 'N_chb': 343.03244, 'gr_ceu': 0.00123, 'gr_chb': 0.00123, 'm_yri_ooa': 0.0, 'm_yri_ceu': 1e-05, 'm_yri_chb': 0.0, 'm_ceu_chb': 1e-05} -67590.03068244488
x: {'t1': 1.99423, 't2': 2.51973, 't3': 95.22138, 'N_anc': 464.54865, 'N_yri': 343.03244, 'N_ooa': 829.0973, 'N_ceu': 343.03244, 'N_chb': 343.03244, 'gr_ceu': 0.00123, 'gr_chb': 0.00123, 'm_yri_ooa': 0.0, 'm_yri_ceu': 1e-05, 'm_yri_chb': 1e-05, 'm_ceu_chb': 1e-05} -67590.03068244469
x_down: {'t1': 1.99423, 't2': 2.51973, 't3': 95.22138, 'N_anc': 464.54865, 'N_yri': 343.03244, 'N_ooa': 829.0973, 'N_ceu': 343.03244, 'N_chb': 343.03244, 'gr_ceu': 0.00123, 'gr_chb': 0.00123, 'm_yri_ooa': 0.0, 'm_yri_ceu': 1e-05, 'm_yri_chb': 1e-05, 'm_ceu_chb': 1e-05} -67590.03068244469
 
 
x_up: {'t1': 1.99423, 't2': 2.51973, 't3': 95.22138, 'N_anc': 464.54865, 'N_yri': 343.03244, 'N_ooa': 829.0973, 'N_ceu': 343.03244, 'N_chb': 343.03244, 'gr_ceu': 0.00123, 'gr_chb': 0.00123, 'm_yri_ooa': 0.0, 'm_yri_ceu': 1e-05, 'm_yri_chb': 1e-05, 'm_ceu_chb': 0.0} -67590.0306824447
x: {'t1': 1.99423, 't2': 2.51973, 't3': 95.22138, 'N_anc': 464.54865, 'N_yri': 343.03244, 'N_ooa': 829.0973, 'N_ceu': 343.03244, 'N_chb': 343.03244, 'gr_ceu': 0.00123, 'gr_chb': 0.00123, 'm_yri_ooa': 0.0, 'm_yri_ceu': 1e-05, 'm_yri_chb': 1e-05, 'm_ceu_chb': 1e-05} -67590.03068244469
x_down: {'t1': 1.99423, 't2': 2.51973, 't3': 95.22138, 'N_anc': 464.54865, 'N_yri': 343.03244, 'N_ooa': 829.0973, 'N_ceu': 343.03244, 'N_chb': 343.03244, 'gr_ceu': 0.00123, 'gr_chb': 0.00123, 'm_yri_ooa': 0.0, 'm_yri_ceu': 1e-05, 'm_yri_chb': 1e-05, 'm_ceu_chb': 1e-05} -67590.03068244469
 
{'t1': 1.99423, 't2': 2.51973, 't3': 95.22138, 'N_anc': 464.54865, 'N_yri': 343.03244, 'N_ooa': 829.0973, 'N_ceu': 343.03244, 'N_chb': 343.03244, 'gr_ceu': 0.00123, 'gr_chb': 0.00123, 'm_yri_ooa': 0.0, 'm_yri_ceu': 1e-05, 'm_yri_chb': 1e-05, 'm_ceu_chb': 1e-05} -67590.03068244469
 
x_up: {'t1': 2.25698, 't2': 2.51973, 't3': 95.22138, 'N_anc': 464.54865, 'N_yri': 343.03244, 'N_ooa': 829.0973, 'N_ceu': 343.03244, 'N_chb': 343.03244, 'gr_ceu': 0.00123, 'gr_chb': 0.00123, 'm_yri_ooa': 0.0, 'm_yri_ceu': 1e-05, 'm_yri_chb': 1e-05, 'm_ceu_chb': 1e-05} -67599.06476127545
x: {'t1': 1.99423, 't2': 2.51973, 't3': 95.22138, 'N_anc': 464.54865, 'N_yri': 343.03244, 'N_ooa': 829.0973, 'N_ceu': 343.03244, 'N_chb': 343.03244, 'gr_ceu': 0.00123, 'gr_chb': 0.00123, 'm_yri_ooa': 0.0, 'm_yri_ceu': 1e-05, 'm_yri_chb': 1e-05, 'm_ceu_chb': 1e-05} -67590.03068244469
x_down: {'t1': 1.73148, 't2': 2.51973, 't3': 95.22138, 'N_anc': 464.54865, 'N_yri': 343.03244, 'N_ooa': 829.0973, 'N_ceu': 343.03244, 'N_chb': 343.03244, 'gr_ceu': 0.00123, 'gr_chb': 0.00123, 'm_yri_ooa': 0.0, 'm_yri_ceu': 1e-05, 'm_yri_chb': 1e-05, 'm_ceu_chb': 1e-05} -67572.18720516171
 
 
x_up: {'t1': 1.73148, 't2': 2.91385, 't3': 95.22138, 'N_anc': 464.54865, 'N_yri': 343.03244, 'N_ooa': 829.0973, 'N_ceu': 343.03244, 'N_chb': 343.03244, 'gr_ceu': 0.00123, 'gr_chb': 0.00123, 'm_yri_ooa': 0.0, 'm_yri_ceu': 1e-05, 'm_yri_chb': 1e-05, 'm_ceu_chb': 1e-05} -67632.23594116572
x: {'t1': 1.73148, 't2': 2.51973, 't3': 95.22138, 'N_anc': 464.54865, 'N_yri': 343.03244, 'N_ooa': 829.0973, 'N_ceu': 343.03244, 'N_chb': 343.03244, 'gr_ceu': 0.00123, 'gr_chb': 0.00123, 'm_yri_ooa': 0.0, 'm_yri_ceu': 1e-05, 'm_yri_chb': 1e-05, 'm_ceu_chb': 1e-05} -67572.18720516171
x_down: {'t1': 1.73148, 't2': 2.12561, 't3': 95.22138, 'N_anc': 464.54865, 'N_yri': 343.03244, 'N_ooa': 829.0973, 'N_ceu': 343.03244, 'N_chb': 343.03244, 'gr_ceu': 0.00123, 'gr_chb': 0.00123, 'm_yri_ooa': 0.0, 'm_yri_ceu': 1e-05, 'm_yri_chb': 1e-05, 'm_ceu_chb': 1e-05} -67613.10892214383
 
 
x_up: {'t1': 1.73148, 't2': 2.51973, 't3': 99.85646, 'N_anc': 464.54865, 'N_yri': 343.03244, 'N_ooa': 829.0973, 'N_ceu': 343.03244, 'N_chb': 343.03244, 'gr_ceu': 0.00123, 'gr_chb': 0.00123, 'm_yri_ooa': 0.0, 'm_yri_ceu': 1e-05, 'm_yri_chb': 1e-05, 'm_ceu_chb': 1e-05} -67573.90368357957
x: {'t1': 1.73148, 't2': 2.51973, 't3': 95.22138, 'N_anc': 464.54865, 'N_yri': 343.03244, 'N_ooa': 829.0973, 'N_ceu': 343.03244, 'N_chb': 343.03244, 'gr_ceu': 0.00123, 'gr_chb': 0.00123, 'm_yri_ooa': 0.0, 'm_yri_ceu': 1e-05, 'm_yri_chb': 1e-05, 'm_ceu_chb': 1e-05} -67572.18720516171
x_down: {'t1': 1.73148, 't2': 2.51973, 't3': 90.5863, 'N_anc': 464.54865, 'N_yri': 343.03244, 'N_ooa': 829.0973, 'N_ceu': 343.03244, 'N_chb': 343.03244, 'gr_ceu': 0.00123, 'gr_chb': 0.00123, 'm_yri_ooa': 0.0, 'm_yri_ceu': 1e-05, 'm_yri_chb': 1e-05, 'm_ceu_chb': 1e-05} -67578.29623125728
 
 
x_up: {'t1': 1.73148, 't2': 2.51973, 't3': 95.22138, 'N_anc': 601.25439, 'N_yri': 343.03244, 'N_ooa': 829.0973, 'N_ceu': 343.03244, 'N_chb': 343.03244, 'gr_ceu': 0.00123, 'gr_chb': 0.00123, 'm_yri_ooa': 0.0, 'm_yri_ceu': 1e-05, 'm_yri_chb': 1e-05, 'm_ceu_chb': 1e-05} -67575.97804834206
x: {'t1': 1.73148, 't2': 2.51973, 't3': 95.22138, 'N_anc': 464.54865, 'N_yri': 343.03244, 'N_ooa': 829.0973, 'N_ceu': 343.03244, 'N_chb': 343.03244, 'gr_ceu': 0.00123, 'gr_chb': 0.00123, 'm_yri_ooa': 0.0, 'm_yri_ceu': 1e-05, 'm_yri_chb': 1e-05, 'm_ceu_chb': 1e-05} -67572.18720516171
x_down: {'t1': 1.73148, 't2': 2.51973, 't3': 95.22138, 'N_anc': 327.84291, 'N_yri': 343.03244, 'N_ooa': 829.0973, 'N_ceu': 343.03244, 'N_chb': 343.03244, 'gr_ceu': 0.00123, 'gr_chb': 0.00123, 'm_yri_ooa': 0.0, 'm_yri_ceu': 1e-05, 'm_yri_chb': 1e-05, 'm_ceu_chb': 1e-05} -67588.52472172213
 
 
x_up: {'t1': 1.73148, 't2': 2.51973, 't3': 95.22138, 'N_anc': 464.54865, 'N_yri': 403.79055, 'N_ooa': 829.0973, 'N_ceu': 343.03244, 'N_chb': 343.03244, 'gr_ceu': 0.00123, 'gr_chb': 0.00123, 'm_yri_ooa': 0.0, 'm_yri_ceu': 1e-05, 'm_yri_chb': 1e-05, 'm_ceu_chb': 1e-05} -67587.10376694602
x: {'t1': 1.73148, 't2': 2.51973, 't3': 95.22138, 'N_anc': 464.54865, 'N_yri': 343.03244, 'N_ooa': 829.0973, 'N_ceu': 343.03244, 'N_chb': 343.03244, 'gr_ceu': 0.00123, 'gr_chb': 0.00123, 'm_yri_ooa': 0.0, 'm_yri_ceu': 1e-05, 'm_yri_chb': 1e-05, 'm_ceu_chb': 1e-05} -67572.18720516171
x_down: {'t1': 1.73148, 't2': 2.51973, 't3': 95.22138, 'N_anc': 464.54865, 'N_yri': 282.27433, 'N_ooa': 829.0973, 'N_ceu': 343.03244, 'N_chb': 343.03244, 'gr_ceu': 0.00123, 'gr_chb': 0.00123, 'm_yri_ooa': 0.0, 'm_yri_ceu': 1e-05, 'm_yri_chb': 1e-05, 'm_ceu_chb': 1e-05} -67594.86108325515
 
 
x_up: {'t1': 1.73148, 't2': 2.51973, 't3': 95.22138, 'N_anc': 464.54865, 'N_yri': 343.03244, 'N_ooa': 965.80304, 'N_ceu': 343.03244, 'N_chb': 343.03244, 'gr_ceu': 0.00123, 'gr_chb': 0.00123, 'm_yri_ooa': 0.0, 'm_yri_ceu': 1e-05, 'm_yri_chb': 1e-05, 'm_ceu_chb': 1e-05} -67572.8875752476
x: {'t1': 1.73148, 't2': 2.51973, 't3': 95.22138, 'N_anc': 464.54865, 'N_yri': 343.03244, 'N_ooa': 829.0973, 'N_ceu': 343.03244, 'N_chb': 343.03244, 'gr_ceu': 0.00123, 'gr_chb': 0.00123, 'm_yri_ooa': 0.0, 'm_yri_ceu': 1e-05, 'm_yri_chb': 1e-05, 'm_ceu_chb': 1e-05} -67572.18720516171
x_down: {'t1': 1.73148, 't2': 2.51973, 't3': 95.22138, 'N_anc': 464.54865, 'N_yri': 343.03244, 'N_ooa': 692.39156, 'N_ceu': 343.03244, 'N_chb': 343.03244, 'gr_ceu': 0.00123, 'gr_chb': 0.00123, 'm_yri_ooa': 0.0, 'm_yri_ceu': 1e-05, 'm_yri_chb': 1e-05, 'm_ceu_chb': 1e-05} -67730.11623062969
 
 
x_up: {'t1': 1.73148, 't2': 2.51973, 't3': 95.22138, 'N_anc': 464.54865, 'N_yri': 343.03244, 'N_ooa': 829.0973, 'N_ceu': 403.79055, 'N_chb': 343.03244, 'gr_ceu': 0.00123, 'gr_chb': 0.00123, 'm_yri_ooa': 0.0, 'm_yri_ceu': 1e-05, 'm_yri_chb': 1e-05, 'm_ceu_chb': 1e-05} -67593.344721439
x: {'t1': 1.73148, 't2': 2.51973, 't3': 95.22138, 'N_anc': 464.54865, 'N_yri': 343.03244, 'N_ooa': 829.0973, 'N_ceu': 343.03244, 'N_chb': 343.03244, 'gr_ceu': 0.00123, 'gr_chb': 0.00123, 'm_yri_ooa': 0.0, 'm_yri_ceu': 1e-05, 'm_yri_chb': 1e-05, 'm_ceu_chb': 1e-05} -67572.18720516171
x_down: {'t1': 1.73148, 't2': 2.51973, 't3': 95.22138, 'N_anc': 464.54865, 'N_yri': 343.03244, 'N_ooa': 829.0973, 'N_ceu': 282.27433, 'N_chb': 343.03244, 'gr_ceu': 0.00123, 'gr_chb': 0.00123, 'm_yri_ooa': 0.0, 'm_yri_ceu': 1e-05, 'm_yri_chb': 1e-05, 'm_ceu_chb': 1e-05} -67571.00846241403
 
 
x_up: {'t1': 1.73148, 't2': 2.51973, 't3': 95.22138, 'N_anc': 464.54865, 'N_yri': 343.03244, 'N_ooa': 829.0973, 'N_ceu': 282.27433, 'N_chb': 403.79055, 'gr_ceu': 0.00123, 'gr_chb': 0.00123, 'm_yri_ooa': 0.0, 'm_yri_ceu': 1e-05, 'm_yri_chb': 1e-05, 'm_ceu_chb': 1e-05} -67577.72304203092
x: {'t1': 1.73148, 't2': 2.51973, 't3': 95.22138, 'N_anc': 464.54865, 'N_yri': 343.03244, 'N_ooa': 829.0973, 'N_ceu': 282.27433, 'N_chb': 343.03244, 'gr_ceu': 0.00123, 'gr_chb': 0.00123, 'm_yri_ooa': 0.0, 'm_yri_ceu': 1e-05, 'm_yri_chb': 1e-05, 'm_ceu_chb': 1e-05} -67571.00846241403
x_down: {'t1': 1.73148, 't2': 2.51973, 't3': 95.22138, 'N_anc': 464.54865, 'N_yri': 343.03244, 'N_ooa': 829.0973, 'N_ceu': 282.27433, 'N_chb': 282.27433, 'gr_ceu': 0.00123, 'gr_chb': 0.00123, 'm_yri_ooa': 0.0, 'm_yri_ceu': 1e-05, 'm_yri_chb': 1e-05, 'm_ceu_chb': 1e-05} -67595.12197484726
 
 
x_up: {'t1': 1.73148, 't2': 2.51973, 't3': 95.22138, 'N_anc': 464.54865, 'N_yri': 343.03244, 'N_ooa': 829.0973, 'N_ceu': 282.27433, 'N_chb': 343.03244, 'gr_ceu': 0.00184, 'gr_chb': 0.00123, 'm_yri_ooa': 0.0, 'm_yri_ceu': 1e-05, 'm_yri_chb': 1e-05, 'm_ceu_chb': 1e-05} -67570.99153081593
x: {'t1': 1.73148, 't2': 2.51973, 't3': 95.22138, 'N_anc': 464.54865, 'N_yri': 343.03244, 'N_ooa': 829.0973, 'N_ceu': 282.27433, 'N_chb': 343.03244, 'gr_ceu': 0.00123, 'gr_chb': 0.00123, 'm_yri_ooa': 0.0, 'm_yri_ceu': 1e-05, 'm_yri_chb': 1e-05, 'm_ceu_chb': 1e-05} -67571.00846241403
x_down: {'t1': 1.73148, 't2': 2.51973, 't3': 95.22138, 'N_anc': 464.54865, 'N_yri': 343.03244, 'N_ooa': 829.0973, 'N_ceu': 282.27433, 'N_chb': 343.03244, 'gr_ceu': 0.00061, 'gr_chb': 0.00123, 'm_yri_ooa': 0.0, 'm_yri_ceu': 1e-05, 'm_yri_chb': 1e-05, 'm_ceu_chb': 1e-05} -67571.02610323986
 
 
x_up: {'t1': 1.73148, 't2': 2.51973, 't3': 95.22138, 'N_anc': 464.54865, 'N_yri': 343.03244, 'N_ooa': 829.0973, 'N_ceu': 282.27433, 'N_chb': 343.03244, 'gr_ceu': 0.00184, 'gr_chb': 0.00184, 'm_yri_ooa': 0.0, 'm_yri_ceu': 1e-05, 'm_yri_chb': 1e-05, 'm_ceu_chb': 1e-05} -67570.98298332143
x: {'t1': 1.73148, 't2': 2.51973, 't3': 95.22138, 'N_anc': 464.54865, 'N_yri': 343.03244, 'N_ooa': 829.0973, 'N_ceu': 282.27433, 'N_chb': 343.03244, 'gr_ceu': 0.00184, 'gr_chb': 0.00123, 'm_yri_ooa': 0.0, 'm_yri_ceu': 1e-05, 'm_yri_chb': 1e-05, 'm_ceu_chb': 1e-05} -67570.99153081593
x_down: {'t1': 1.73148, 't2': 2.51973, 't3': 95.22138, 'N_anc': 464.54865, 'N_yri': 343.03244, 'N_ooa': 829.0973, 'N_ceu': 282.27433, 'N_chb': 343.03244, 'gr_ceu': 0.00184, 'gr_chb': 0.00061, 'm_yri_ooa': 0.0, 'm_yri_ceu': 1e-05, 'm_yri_chb': 1e-05, 'm_ceu_chb': 1e-05} -67571.00058953905
 
 
x_up: {'t1': 1.73148, 't2': 2.51973, 't3': 95.22138, 'N_anc': 464.54865, 'N_yri': 343.03244, 'N_ooa': 829.0973, 'N_ceu': 282.27433, 'N_chb': 343.03244, 'gr_ceu': 0.00184, 'gr_chb': 0.00184, 'm_yri_ooa': 0.0, 'm_yri_ceu': 1e-05, 'm_yri_chb': 1e-05, 'm_ceu_chb': 1e-05} -67570.98298332143
x: {'t1': 1.73148, 't2': 2.51973, 't3': 95.22138, 'N_anc': 464.54865, 'N_yri': 343.03244, 'N_ooa': 829.0973, 'N_ceu': 282.27433, 'N_chb': 343.03244, 'gr_ceu': 0.00184, 'gr_chb': 0.00184, 'm_yri_ooa': 0.0, 'm_yri_ceu': 1e-05, 'm_yri_chb': 1e-05, 'm_ceu_chb': 1e-05} -67570.98298332143
x_down: {'t1': 1.73148, 't2': 2.51973, 't3': 95.22138, 'N_anc': 464.54865, 'N_yri': 343.03244, 'N_ooa': 829.0973, 'N_ceu': 282.27433, 'N_chb': 343.03244, 'gr_ceu': 0.00184, 'gr_chb': 0.00184, 'm_yri_ooa': 1e-05, 'm_yri_ceu': 1e-05, 'm_yri_chb': 1e-05, 'm_ceu_chb': 1e-05} -67570.96221043105
 
 
x_up: {'t1': 1.73148, 't2': 2.51973, 't3': 95.22138, 'N_anc': 464.54865, 'N_yri': 343.03244, 'N_ooa': 829.0973, 'N_ceu': 282.27433, 'N_chb': 343.03244, 'gr_ceu': 0.00184, 'gr_chb': 0.00184, 'm_yri_ooa': 1e-05, 'm_yri_ceu': 0.0, 'm_yri_chb': 1e-05, 'm_ceu_chb': 1e-05} -67570.96221043218
x: {'t1': 1.73148, 't2': 2.51973, 't3': 95.22138, 'N_anc': 464.54865, 'N_yri': 343.03244, 'N_ooa': 829.0973, 'N_ceu': 282.27433, 'N_chb': 343.03244, 'gr_ceu': 0.00184, 'gr_chb': 0.00184, 'm_yri_ooa': 1e-05, 'm_yri_ceu': 1e-05, 'm_yri_chb': 1e-05, 'm_ceu_chb': 1e-05} -67570.96221043105
x_down: {'t1': 1.73148, 't2': 2.51973, 't3': 95.22138, 'N_anc': 464.54865, 'N_yri': 343.03244, 'N_ooa': 829.0973, 'N_ceu': 282.27433, 'N_chb': 343.03244, 'gr_ceu': 0.00184, 'gr_chb': 0.00184, 'm_yri_ooa': 1e-05, 'm_yri_ceu': 1e-05, 'm_yri_chb': 1e-05, 'm_ceu_chb': 1e-05} -67570.96221043105
 
 
x_up: {'t1': 1.73148, 't2': 2.51973, 't3': 95.22138, 'N_anc': 464.54865, 'N_yri': 343.03244, 'N_ooa': 829.0973, 'N_ceu': 282.27433, 'N_chb': 343.03244, 'gr_ceu': 0.00184, 'gr_chb': 0.00184, 'm_yri_ooa': 1e-05, 'm_yri_ceu': 1e-05, 'm_yri_chb': 0.0, 'm_ceu_chb': 1e-05} -67570.96221043225
x: {'t1': 1.73148, 't2': 2.51973, 't3': 95.22138, 'N_anc': 464.54865, 'N_yri': 343.03244, 'N_ooa': 829.0973, 'N_ceu': 282.27433, 'N_chb': 343.03244, 'gr_ceu': 0.00184, 'gr_chb': 0.00184, 'm_yri_ooa': 1e-05, 'm_yri_ceu': 1e-05, 'm_yri_chb': 1e-05, 'm_ceu_chb': 1e-05} -67570.96221043105
x_down: {'t1': 1.73148, 't2': 2.51973, 't3': 95.22138, 'N_anc': 464.54865, 'N_yri': 343.03244, 'N_ooa': 829.0973, 'N_ceu': 282.27433, 'N_chb': 343.03244, 'gr_ceu': 0.00184, 'gr_chb': 0.00184, 'm_yri_ooa': 1e-05, 'm_yri_ceu': 1e-05, 'm_yri_chb': 1e-05, 'm_ceu_chb': 1e-05} -67570.96221043105
 
 
x_up: {'t1': 1.73148, 't2': 2.51973, 't3': 95.22138, 'N_anc': 464.54865, 'N_yri': 343.03244, 'N_ooa': 829.0973, 'N_ceu': 282.27433, 'N_chb': 343.03244, 'gr_ceu': 0.00184, 'gr_chb': 0.00184, 'm_yri_ooa': 1e-05, 'm_yri_ceu': 1e-05, 'm_yri_chb': 1e-05, 'm_ceu_chb': 0.0} -67570.96221043229
x: {'t1': 1.73148, 't2': 2.51973, 't3': 95.22138, 'N_anc': 464.54865, 'N_yri': 343.03244, 'N_ooa': 829.0973, 'N_ceu': 282.27433, 'N_chb': 343.03244, 'gr_ceu': 0.00184, 'gr_chb': 0.00184, 'm_yri_ooa': 1e-05, 'm_yri_ceu': 1e-05, 'm_yri_chb': 1e-05, 'm_ceu_chb': 1e-05} -67570.96221043105
x_down: {'t1': 1.73148, 't2': 2.51973, 't3': 95.22138, 'N_anc': 464.54865, 'N_yri': 343.03244, 'N_ooa': 829.0973, 'N_ceu': 282.27433, 'N_chb': 343.03244, 'gr_ceu': 0.00184, 'gr_chb': 0.00184, 'm_yri_ooa': 1e-05, 'm_yri_ceu': 1e-05, 'm_yri_chb': 1e-05, 'm_ceu_chb': 1e-05} -67570.96221043105
 
{'t1': 1.73148, 't2': 2.51973, 't3': 95.22138, 'N_anc': 464.54865, 'N_yri': 343.03244, 'N_ooa': 829.0973, 'N_ceu': 282.27433, 'N_chb': 343.03244, 'gr_ceu': 0.00184, 'gr_chb': 0.00184, 'm_yri_ooa': 1e-05, 'm_yri_ceu': 1e-05, 'm_yri_chb': 1e-05, 'm_ceu_chb': 1e-05} -67570.96221043105
 
x_up: {'t1': 2.09722, 't2': 2.51973, 't3': 95.22138, 'N_anc': 464.54865, 'N_yri': 343.03244, 'N_ooa': 829.0973, 'N_ceu': 282.27433, 'N_chb': 343.03244, 'gr_ceu': 0.00184, 'gr_chb': 0.00184, 'm_yri_ooa': 1e-05, 'm_yri_ceu': 1e-05, 'm_yri_chb': 1e-05, 'm_ceu_chb': 1e-05} -67576.32069733579
x: {'t1': 1.73148, 't2': 2.51973, 't3': 95.22138, 'N_anc': 464.54865, 'N_yri': 343.03244, 'N_ooa': 829.0973, 'N_ceu': 282.27433, 'N_chb': 343.03244, 'gr_ceu': 0.00184, 'gr_chb': 0.00184, 'm_yri_ooa': 1e-05, 'm_yri_ceu': 1e-05, 'm_yri_chb': 1e-05, 'm_ceu_chb': 1e-05} -67570.96221043105
x_down: {'t1': 1.36574, 't2': 2.51973, 't3': 95.22138, 'N_anc': 464.54865, 'N_yri': 343.03244, 'N_ooa': 829.0973, 'N_ceu': 282.27433, 'N_chb': 343.03244, 'gr_ceu': 0.00184, 'gr_chb': 0.00184, 'm_yri_ooa': 1e-05, 'm_yri_ceu': 1e-05, 'm_yri_chb': 1e-05, 'm_ceu_chb': 1e-05} -67608.96471629068
 
 
x_up: {'t1': 1.73148, 't2': 2.71679, 't3': 95.22138, 'N_anc': 464.54865, 'N_yri': 343.03244, 'N_ooa': 829.0973, 'N_ceu': 282.27433, 'N_chb': 343.03244, 'gr_ceu': 0.00184, 'gr_chb': 0.00184, 'm_yri_ooa': 1e-05, 'm_yri_ceu': 1e-05, 'm_yri_chb': 1e-05, 'm_ceu_chb': 1e-05} -67593.64339124317
x: {'t1': 1.73148, 't2': 2.51973, 't3': 95.22138, 'N_anc': 464.54865, 'N_yri': 343.03244, 'N_ooa': 829.0973, 'N_ceu': 282.27433, 'N_chb': 343.03244, 'gr_ceu': 0.00184, 'gr_chb': 0.00184, 'm_yri_ooa': 1e-05, 'm_yri_ceu': 1e-05, 'm_yri_chb': 1e-05, 'm_ceu_chb': 1e-05} -67570.96221043105
x_down: {'t1': 1.73148, 't2': 2.32267, 't3': 95.22138, 'N_anc': 464.54865, 'N_yri': 343.03244, 'N_ooa': 829.0973, 'N_ceu': 282.27433, 'N_chb': 343.03244, 'gr_ceu': 0.00184, 'gr_chb': 0.00184, 'm_yri_ooa': 1e-05, 'm_yri_ceu': 1e-05, 'm_yri_chb': 1e-05, 'm_ceu_chb': 1e-05} -67566.6003140918
 
 
x_up: {'t1': 1.73148, 't2': 2.32267, 't3': 99.86632, 'N_anc': 464.54865, 'N_yri': 343.03244, 'N_ooa': 829.0973, 'N_ceu': 282.27433, 'N_chb': 343.03244, 'gr_ceu': 0.00184, 'gr_chb': 0.00184, 'm_yri_ooa': 1e-05, 'm_yri_ceu': 1e-05, 'm_yri_chb': 1e-05, 'm_ceu_chb': 1e-05} -67568.302140562
x: {'t1': 1.73148, 't2': 2.32267, 't3': 95.22138, 'N_anc': 464.54865, 'N_yri': 343.03244, 'N_ooa': 829.0973, 'N_ceu': 282.27433, 'N_chb': 343.03244, 'gr_ceu': 0.00184, 'gr_chb': 0.00184, 'm_yri_ooa': 1e-05, 'm_yri_ceu': 1e-05, 'm_yri_chb': 1e-05, 'm_ceu_chb': 1e-05} -67566.6003140918
x_down: {'t1': 1.73148, 't2': 2.32267, 't3': 90.57644, 'N_anc': 464.54865, 'N_yri': 343.03244, 'N_ooa': 829.0973, 'N_ceu': 282.27433, 'N_chb': 343.03244, 'gr_ceu': 0.00184, 'gr_chb': 0.00184, 'm_yri_ooa': 1e-05, 'm_yri_ceu': 1e-05, 'm_yri_chb': 1e-05, 'm_ceu_chb': 1e-05} -67572.7275571312
 
 
x_up: {'t1': 1.73148, 't2': 2.32267, 't3': 95.22138, 'N_anc': 532.90152, 'N_yri': 343.03244, 'N_ooa': 829.0973, 'N_ceu': 282.27433, 'N_chb': 343.03244, 'gr_ceu': 0.00184, 'gr_chb': 0.00184, 'm_yri_ooa': 1e-05, 'm_yri_ceu': 1e-05, 'm_yri_chb': 1e-05, 'm_ceu_chb': 1e-05} -67567.19634175576
x: {'t1': 1.73148, 't2': 2.32267, 't3': 95.22138, 'N_anc': 464.54865, 'N_yri': 343.03244, 'N_ooa': 829.0973, 'N_ceu': 282.27433, 'N_chb': 343.03244, 'gr_ceu': 0.00184, 'gr_chb': 0.00184, 'm_yri_ooa': 1e-05, 'm_yri_ceu': 1e-05, 'm_yri_chb': 1e-05, 'm_ceu_chb': 1e-05} -67566.6003140918
x_down: {'t1': 1.73148, 't2': 2.32267, 't3': 95.22138, 'N_anc': 396.19578, 'N_yri': 343.03244, 'N_ooa': 829.0973, 'N_ceu': 282.27433, 'N_chb': 343.03244, 'gr_ceu': 0.00184, 'gr_chb': 0.00184, 'm_yri_ooa': 1e-05, 'm_yri_ceu': 1e-05, 'm_yri_chb': 1e-05, 'm_ceu_chb': 1e-05} -67570.5628514246
 
 
x_up: {'t1': 1.73148, 't2': 2.32267, 't3': 95.22138, 'N_anc': 464.54865, 'N_yri': 373.4115, 'N_ooa': 829.0973, 'N_ceu': 282.27433, 'N_chb': 343.03244, 'gr_ceu': 0.00184, 'gr_chb': 0.00184, 'm_yri_ooa': 1e-05, 'm_yri_ceu': 1e-05, 'm_yri_chb': 1e-05, 'm_ceu_chb': 1e-05} -67563.22711402766
x: {'t1': 1.73148, 't2': 2.32267, 't3': 95.22138, 'N_anc': 464.54865, 'N_yri': 343.03244, 'N_ooa': 829.0973, 'N_ceu': 282.27433, 'N_chb': 343.03244, 'gr_ceu': 0.00184, 'gr_chb': 0.00184, 'm_yri_ooa': 1e-05, 'm_yri_ceu': 1e-05, 'm_yri_chb': 1e-05, 'm_ceu_chb': 1e-05} -67566.6003140918
x_down: {'t1': 1.73148, 't2': 2.32267, 't3': 95.22138, 'N_anc': 464.54865, 'N_yri': 312.65339, 'N_ooa': 829.0973, 'N_ceu': 282.27433, 'N_chb': 343.03244, 'gr_ceu': 0.00184, 'gr_chb': 0.00184, 'm_yri_ooa': 1e-05, 'm_yri_ceu': 1e-05, 'm_yri_chb': 1e-05, 'm_ceu_chb': 1e-05} -67580.26781386227
 
 
x_up: {'t1': 1.73148, 't2': 2.32267, 't3': 95.22138, 'N_anc': 464.54865, 'N_yri': 373.4115, 'N_ooa': 897.45017, 'N_ceu': 282.27433, 'N_chb': 343.03244, 'gr_ceu': 0.00184, 'gr_chb': 0.00184, 'm_yri_ooa': 1e-05, 'm_yri_ceu': 1e-05, 'm_yri_chb': 1e-05, 'm_ceu_chb': 1e-05} -67538.3853819045
x: {'t1': 1.73148, 't2': 2.32267, 't3': 95.22138, 'N_anc': 464.54865, 'N_yri': 373.4115, 'N_ooa': 829.0973, 'N_ceu': 282.27433, 'N_chb': 343.03244, 'gr_ceu': 0.00184, 'gr_chb': 0.00184, 'm_yri_ooa': 1e-05, 'm_yri_ceu': 1e-05, 'm_yri_chb': 1e-05, 'm_ceu_chb': 1e-05} -67563.22711402766
x_down: {'t1': 1.73148, 't2': 2.32267, 't3': 95.22138, 'N_anc': 464.54865, 'N_yri': 373.4115, 'N_ooa': 760.74443, 'N_ceu': 282.27433, 'N_chb': 343.03244, 'gr_ceu': 0.00184, 'gr_chb': 0.00184, 'm_yri_ooa': 1e-05, 'm_yri_ceu': 1e-05, 'm_yri_chb': 1e-05, 'm_ceu_chb': 1e-05} -67619.9730939229
 
 
x_up: {'t1': 1.73148, 't2': 2.32267, 't3': 95.22138, 'N_anc': 464.54865, 'N_yri': 373.4115, 'N_ooa': 897.45017, 'N_ceu': 350.6272, 'N_chb': 343.03244, 'gr_ceu': 0.00184, 'gr_chb': 0.00184, 'm_yri_ooa': 1e-05, 'm_yri_ceu': 1e-05, 'm_yri_chb': 1e-05, 'm_ceu_chb': 1e-05} -67552.5857628477
x: {'t1': 1.73148, 't2': 2.32267, 't3': 95.22138, 'N_anc': 464.54865, 'N_yri': 373.4115, 'N_ooa': 897.45017, 'N_ceu': 282.27433, 'N_chb': 343.03244, 'gr_ceu': 0.00184, 'gr_chb': 0.00184, 'm_yri_ooa': 1e-05, 'm_yri_ceu': 1e-05, 'm_yri_chb': 1e-05, 'm_ceu_chb': 1e-05} -67538.3853819045
x_down: {'t1': 1.73148, 't2': 2.32267, 't3': 95.22138, 'N_anc': 464.54865, 'N_yri': 373.4115, 'N_ooa': 897.45017, 'N_ceu': 213.92146, 'N_chb': 343.03244, 'gr_ceu': 0.00184, 'gr_chb': 0.00184, 'm_yri_ooa': 1e-05, 'm_yri_ceu': 1e-05, 'm_yri_chb': 1e-05, 'm_ceu_chb': 1e-05} -67586.33112661523
 
 
x_up: {'t1': 1.73148, 't2': 2.32267, 't3': 95.22138, 'N_anc': 464.54865, 'N_yri': 373.4115, 'N_ooa': 897.45017, 'N_ceu': 282.27433, 'N_chb': 373.4115, 'gr_ceu': 0.00184, 'gr_chb': 0.00184, 'm_yri_ooa': 1e-05, 'm_yri_ceu': 1e-05, 'm_yri_chb': 1e-05, 'm_ceu_chb': 1e-05} -67543.80009618006
x: {'t1': 1.73148, 't2': 2.32267, 't3': 95.22138, 'N_anc': 464.54865, 'N_yri': 373.4115, 'N_ooa': 897.45017, 'N_ceu': 282.27433, 'N_chb': 343.03244, 'gr_ceu': 0.00184, 'gr_chb': 0.00184, 'm_yri_ooa': 1e-05, 'm_yri_ceu': 1e-05, 'm_yri_chb': 1e-05, 'm_ceu_chb': 1e-05} -67538.3853819045
x_down: {'t1': 1.73148, 't2': 2.32267, 't3': 95.22138, 'N_anc': 464.54865, 'N_yri': 373.4115, 'N_ooa': 897.45017, 'N_ceu': 282.27433, 'N_chb': 312.65339, 'gr_ceu': 0.00184, 'gr_chb': 0.00184, 'm_yri_ooa': 1e-05, 'm_yri_ceu': 1e-05, 'm_yri_chb': 1e-05, 'm_ceu_chb': 1e-05} -67540.30078894124
 
 
x_up: {'t1': 1.73148, 't2': 2.32267, 't3': 95.22138, 'N_anc': 464.54865, 'N_yri': 373.4115, 'N_ooa': 897.45017, 'N_ceu': 282.27433, 'N_chb': 343.03244, 'gr_ceu': 0.00276, 'gr_chb': 0.00184, 'm_yri_ooa': 1e-05, 'm_yri_ceu': 1e-05, 'm_yri_chb': 1e-05, 'm_ceu_chb': 1e-05} -67538.39039395348
x: {'t1': 1.73148, 't2': 2.32267, 't3': 95.22138, 'N_anc': 464.54865, 'N_yri': 373.4115, 'N_ooa': 897.45017, 'N_ceu': 282.27433, 'N_chb': 343.03244, 'gr_ceu': 0.00184, 'gr_chb': 0.00184, 'm_yri_ooa': 1e-05, 'm_yri_ceu': 1e-05, 'm_yri_chb': 1e-05, 'm_ceu_chb': 1e-05} -67538.3853819045
x_down: {'t1': 1.73148, 't2': 2.32267, 't3': 95.22138, 'N_anc': 464.54865, 'N_yri': 373.4115, 'N_ooa': 897.45017, 'N_ceu': 282.27433, 'N_chb': 343.03244, 'gr_ceu': 0.00092, 'gr_chb': 0.00184, 'm_yri_ooa': 1e-05, 'm_yri_ceu': 1e-05, 'm_yri_chb': 1e-05, 'm_ceu_chb': 1e-05} -67538.38158834234
 
 
x_up: {'t1': 1.73148, 't2': 2.32267, 't3': 95.22138, 'N_anc': 464.54865, 'N_yri': 373.4115, 'N_ooa': 897.45017, 'N_ceu': 282.27433, 'N_chb': 343.03244, 'gr_ceu': 0.00092, 'gr_chb': 0.00276, 'm_yri_ooa': 1e-05, 'm_yri_ceu': 1e-05, 'm_yri_chb': 1e-05, 'm_ceu_chb': 1e-05} -67538.44999987127
x: {'t1': 1.73148, 't2': 2.32267, 't3': 95.22138, 'N_anc': 464.54865, 'N_yri': 373.4115, 'N_ooa': 897.45017, 'N_ceu': 282.27433, 'N_chb': 343.03244, 'gr_ceu': 0.00092, 'gr_chb': 0.00184, 'm_yri_ooa': 1e-05, 'm_yri_ceu': 1e-05, 'm_yri_chb': 1e-05, 'm_ceu_chb': 1e-05} -67538.38158834234
x_down: {'t1': 1.73148, 't2': 2.32267, 't3': 95.22138, 'N_anc': 464.54865, 'N_yri': 373.4115, 'N_ooa': 897.45017, 'N_ceu': 282.27433, 'N_chb': 343.03244, 'gr_ceu': 0.00092, 'gr_chb': 0.00092, 'm_yri_ooa': 1e-05, 'm_yri_ceu': 1e-05, 'm_yri_chb': 1e-05, 'm_ceu_chb': 1e-05} -67538.31411205979
 
 
x_up: {'t1': 1.73148, 't2': 2.32267, 't3': 95.22138, 'N_anc': 464.54865, 'N_yri': 373.4115, 'N_ooa': 897.45017, 'N_ceu': 282.27433, 'N_chb': 343.03244, 'gr_ceu': 0.00092, 'gr_chb': 0.00092, 'm_yri_ooa': 0.0, 'm_yri_ceu': 1e-05, 'm_yri_chb': 1e-05, 'm_ceu_chb': 1e-05} -67538.43309876164
x: {'t1': 1.73148, 't2': 2.32267, 't3': 95.22138, 'N_anc': 464.54865, 'N_yri': 373.4115, 'N_ooa': 897.45017, 'N_ceu': 282.27433, 'N_chb': 343.03244, 'gr_ceu': 0.00092, 'gr_chb': 0.00092, 'm_yri_ooa': 1e-05, 'm_yri_ceu': 1e-05, 'm_yri_chb': 1e-05, 'm_ceu_chb': 1e-05} -67538.31411205979
x_down: {'t1': 1.73148, 't2': 2.32267, 't3': 95.22138, 'N_anc': 464.54865, 'N_yri': 373.4115, 'N_ooa': 897.45017, 'N_ceu': 282.27433, 'N_chb': 343.03244, 'gr_ceu': 0.00092, 'gr_chb': 0.00092, 'm_yri_ooa': 1e-05, 'm_yri_ceu': 1e-05, 'm_yri_chb': 1e-05, 'm_ceu_chb': 1e-05} -67538.31411205979
 
 
x_up: {'t1': 1.73148, 't2': 2.32267, 't3': 95.22138, 'N_anc': 464.54865, 'N_yri': 373.4115, 'N_ooa': 897.45017, 'N_ceu': 282.27433, 'N_chb': 343.03244, 'gr_ceu': 0.00092, 'gr_chb': 0.00092, 'm_yri_ooa': 1e-05, 'm_yri_ceu': 0.0, 'm_yri_chb': 1e-05, 'm_ceu_chb': 1e-05} -67538.31411206219
x: {'t1': 1.73148, 't2': 2.32267, 't3': 95.22138, 'N_anc': 464.54865, 'N_yri': 373.4115, 'N_ooa': 897.45017, 'N_ceu': 282.27433, 'N_chb': 343.03244, 'gr_ceu': 0.00092, 'gr_chb': 0.00092, 'm_yri_ooa': 1e-05, 'm_yri_ceu': 1e-05, 'm_yri_chb': 1e-05, 'm_ceu_chb': 1e-05} -67538.31411205979
x_down: {'t1': 1.73148, 't2': 2.32267, 't3': 95.22138, 'N_anc': 464.54865, 'N_yri': 373.4115, 'N_ooa': 897.45017, 'N_ceu': 282.27433, 'N_chb': 343.03244, 'gr_ceu': 0.00092, 'gr_chb': 0.00092, 'm_yri_ooa': 1e-05, 'm_yri_ceu': 1e-05, 'm_yri_chb': 1e-05, 'm_ceu_chb': 1e-05} -67538.31411205979
 
 
x_up: {'t1': 1.73148, 't2': 2.32267, 't3': 95.22138, 'N_anc': 464.54865, 'N_yri': 373.4115, 'N_ooa': 897.45017, 'N_ceu': 282.27433, 'N_chb': 343.03244, 'gr_ceu': 0.00092, 'gr_chb': 0.00092, 'm_yri_ooa': 1e-05, 'm_yri_ceu': 1e-05, 'm_yri_chb': 0.0, 'm_ceu_chb': 1e-05} -67538.31411206162
x: {'t1': 1.73148, 't2': 2.32267, 't3': 95.22138, 'N_anc': 464.54865, 'N_yri': 373.4115, 'N_ooa': 897.45017, 'N_ceu': 282.27433, 'N_chb': 343.03244, 'gr_ceu': 0.00092, 'gr_chb': 0.00092, 'm_yri_ooa': 1e-05, 'm_yri_ceu': 1e-05, 'm_yri_chb': 1e-05, 'm_ceu_chb': 1e-05} -67538.31411205979
x_down: {'t1': 1.73148, 't2': 2.32267, 't3': 95.22138, 'N_anc': 464.54865, 'N_yri': 373.4115, 'N_ooa': 897.45017, 'N_ceu': 282.27433, 'N_chb': 343.03244, 'gr_ceu': 0.00092, 'gr_chb': 0.00092, 'm_yri_ooa': 1e-05, 'm_yri_ceu': 1e-05, 'm_yri_chb': 1e-05, 'm_ceu_chb': 1e-05} -67538.31411205979
 
 
x_up: {'t1': 1.73148, 't2': 2.32267, 't3': 95.22138, 'N_anc': 464.54865, 'N_yri': 373.4115, 'N_ooa': 897.45017, 'N_ceu': 282.27433, 'N_chb': 343.03244, 'gr_ceu': 0.00092, 'gr_chb': 0.00092, 'm_yri_ooa': 1e-05, 'm_yri_ceu': 1e-05, 'm_yri_chb': 1e-05, 'm_ceu_chb': 0.0} -67538.31411206016
x: {'t1': 1.73148, 't2': 2.32267, 't3': 95.22138, 'N_anc': 464.54865, 'N_yri': 373.4115, 'N_ooa': 897.45017, 'N_ceu': 282.27433, 'N_chb': 343.03244, 'gr_ceu': 0.00092, 'gr_chb': 0.00092, 'm_yri_ooa': 1e-05, 'm_yri_ceu': 1e-05, 'm_yri_chb': 1e-05, 'm_ceu_chb': 1e-05} -67538.31411205979
x_down: {'t1': 1.73148, 't2': 2.32267, 't3': 95.22138, 'N_anc': 464.54865, 'N_yri': 373.4115, 'N_ooa': 897.45017, 'N_ceu': 282.27433, 'N_chb': 343.03244, 'gr_ceu': 0.00092, 'gr_chb': 0.00092, 'm_yri_ooa': 1e-05, 'm_yri_ceu': 1e-05, 'm_yri_chb': 1e-05, 'm_ceu_chb': 1e-05} -67538.31411205979
 
{'t1': 1.73148, 't2': 2.32267, 't3': 95.22138, 'N_anc': 464.54865, 'N_yri': 373.4115, 'N_ooa': 897.45017, 'N_ceu': 282.27433, 'N_chb': 343.03244, 'gr_ceu': 0.00092, 'gr_chb': 0.00092, 'm_yri_ooa': 1e-05, 'm_yri_ceu': 1e-05, 'm_yri_chb': 1e-05, 'm_ceu_chb': 1e-05} -67538.31411205979
 
x_up: {'t1': 1.87928, 't2': 2.32267, 't3': 95.22138, 'N_anc': 464.54865, 'N_yri': 373.4115, 'N_ooa': 897.45017, 'N_ceu': 282.27433, 'N_chb': 343.03244, 'gr_ceu': 0.00092, 'gr_chb': 0.00092, 'm_yri_ooa': 1e-05, 'm_yri_ceu': 1e-05, 'm_yri_chb': 1e-05, 'm_ceu_chb': 1e-05} -67549.63428709304
x: {'t1': 1.73148, 't2': 2.32267, 't3': 95.22138, 'N_anc': 464.54865, 'N_yri': 373.4115, 'N_ooa': 897.45017, 'N_ceu': 282.27433, 'N_chb': 343.03244, 'gr_ceu': 0.00092, 'gr_chb': 0.00092, 'm_yri_ooa': 1e-05, 'm_yri_ceu': 1e-05, 'm_yri_chb': 1e-05, 'm_ceu_chb': 1e-05} -67538.31411205979
x_down: {'t1': 1.58368, 't2': 2.32267, 't3': 95.22138, 'N_anc': 464.54865, 'N_yri': 373.4115, 'N_ooa': 897.45017, 'N_ceu': 282.27433, 'N_chb': 343.03244, 'gr_ceu': 0.00092, 'gr_chb': 0.00092, 'm_yri_ooa': 1e-05, 'm_yri_ceu': 1e-05, 'm_yri_chb': 1e-05, 'm_ceu_chb': 1e-05} -67558.96152251307
 
 
x_up: {'t1': 1.73148, 't2': 2.54437, 't3': 95.22138, 'N_anc': 464.54865, 'N_yri': 373.4115, 'N_ooa': 897.45017, 'N_ceu': 282.27433, 'N_chb': 343.03244, 'gr_ceu': 0.00092, 'gr_chb': 0.00092, 'm_yri_ooa': 1e-05, 'm_yri_ceu': 1e-05, 'm_yri_chb': 1e-05, 'm_ceu_chb': 1e-05} -67561.83616746299
x: {'t1': 1.73148, 't2': 2.32267, 't3': 95.22138, 'N_anc': 464.54865, 'N_yri': 373.4115, 'N_ooa': 897.45017, 'N_ceu': 282.27433, 'N_chb': 343.03244, 'gr_ceu': 0.00092, 'gr_chb': 0.00092, 'm_yri_ooa': 1e-05, 'm_yri_ceu': 1e-05, 'm_yri_chb': 1e-05, 'm_ceu_chb': 1e-05} -67538.31411205979
x_down: {'t1': 1.73148, 't2': 2.10097, 't3': 95.22138, 'N_anc': 464.54865, 'N_yri': 373.4115, 'N_ooa': 897.45017, 'N_ceu': 282.27433, 'N_chb': 343.03244, 'gr_ceu': 0.00092, 'gr_chb': 0.00092, 'm_yri_ooa': 1e-05, 'm_yri_ceu': 1e-05, 'm_yri_chb': 1e-05, 'm_ceu_chb': 1e-05} -67576.0708356979
 
 
x_up: {'t1': 1.73148, 't2': 2.32267, 't3': 99.86632, 'N_anc': 464.54865, 'N_yri': 373.4115, 'N_ooa': 897.45017, 'N_ceu': 282.27433, 'N_chb': 343.03244, 'gr_ceu': 0.00092, 'gr_chb': 0.00092, 'm_yri_ooa': 1e-05, 'm_yri_ceu': 1e-05, 'm_yri_chb': 1e-05, 'm_ceu_chb': 1e-05} -67540.54908475143
x: {'t1': 1.73148, 't2': 2.32267, 't3': 95.22138, 'N_anc': 464.54865, 'N_yri': 373.4115, 'N_ooa': 897.45017, 'N_ceu': 282.27433, 'N_chb': 343.03244, 'gr_ceu': 0.00092, 'gr_chb': 0.00092, 'm_yri_ooa': 1e-05, 'm_yri_ceu': 1e-05, 'm_yri_chb': 1e-05, 'm_ceu_chb': 1e-05} -67538.31411205979
x_down: {'t1': 1.73148, 't2': 2.32267, 't3': 90.57644, 'N_anc': 464.54865, 'N_yri': 373.4115, 'N_ooa': 897.45017, 'N_ceu': 282.27433, 'N_chb': 343.03244, 'gr_ceu': 0.00092, 'gr_chb': 0.00092, 'm_yri_ooa': 1e-05, 'm_yri_ceu': 1e-05, 'm_yri_chb': 1e-05, 'm_ceu_chb': 1e-05} -67544.9440469659
 
 
x_up: {'t1': 1.73148, 't2': 2.32267, 't3': 95.22138, 'N_anc': 498.72509, 'N_yri': 373.4115, 'N_ooa': 897.45017, 'N_ceu': 282.27433, 'N_chb': 343.03244, 'gr_ceu': 0.00092, 'gr_chb': 0.00092, 'm_yri_ooa': 1e-05, 'm_yri_ceu': 1e-05, 'm_yri_chb': 1e-05, 'm_ceu_chb': 1e-05} -67538.19312477642
x: {'t1': 1.73148, 't2': 2.32267, 't3': 95.22138, 'N_anc': 464.54865, 'N_yri': 373.4115, 'N_ooa': 897.45017, 'N_ceu': 282.27433, 'N_chb': 343.03244, 'gr_ceu': 0.00092, 'gr_chb': 0.00092, 'm_yri_ooa': 1e-05, 'm_yri_ceu': 1e-05, 'm_yri_chb': 1e-05, 'm_ceu_chb': 1e-05} -67538.31411205979
x_down: {'t1': 1.73148, 't2': 2.32267, 't3': 95.22138, 'N_anc': 430.37221, 'N_yri': 373.4115, 'N_ooa': 897.45017, 'N_ceu': 282.27433, 'N_chb': 343.03244, 'gr_ceu': 0.00092, 'gr_chb': 0.00092, 'm_yri_ooa': 1e-05, 'm_yri_ceu': 1e-05, 'm_yri_chb': 1e-05, 'm_ceu_chb': 1e-05} -67539.54779845026
 
 
x_up: {'t1': 1.73148, 't2': 2.32267, 't3': 95.22138, 'N_anc': 498.72509, 'N_yri': 424.67616, 'N_ooa': 897.45017, 'N_ceu': 282.27433, 'N_chb': 343.03244, 'gr_ceu': 0.00092, 'gr_chb': 0.00092, 'm_yri_ooa': 1e-05, 'm_yri_ceu': 1e-05, 'm_yri_chb': 1e-05, 'm_ceu_chb': 1e-05} -67554.18891009211
x: {'t1': 1.73148, 't2': 2.32267, 't3': 95.22138, 'N_anc': 498.72509, 'N_yri': 373.4115, 'N_ooa': 897.45017, 'N_ceu': 282.27433, 'N_chb': 343.03244, 'gr_ceu': 0.00092, 'gr_chb': 0.00092, 'm_yri_ooa': 1e-05, 'm_yri_ceu': 1e-05, 'm_yri_chb': 1e-05, 'm_ceu_chb': 1e-05} -67538.19312477642
x_down: {'t1': 1.73148, 't2': 2.32267, 't3': 95.22138, 'N_anc': 498.72509, 'N_yri': 322.14684, 'N_ooa': 897.45017, 'N_ceu': 282.27433, 'N_chb': 343.03244, 'gr_ceu': 0.00092, 'gr_chb': 0.00092, 'm_yri_ooa': 1e-05, 'm_yri_ceu': 1e-05, 'm_yri_chb': 1e-05, 'm_ceu_chb': 1e-05} -67554.99747786511
 
 
x_up: {'t1': 1.73148, 't2': 2.32267, 't3': 95.22138, 'N_anc': 498.72509, 'N_yri': 373.4115, 'N_ooa': 1009.5916, 'N_ceu': 282.27433, 'N_chb': 343.03244, 'gr_ceu': 0.00092, 'gr_chb': 0.00092, 'm_yri_ooa': 1e-05, 'm_yri_ceu': 1e-05, 'm_yri_chb': 1e-05, 'm_ceu_chb': 1e-05} -67573.16070555605
x: {'t1': 1.73148, 't2': 2.32267, 't3': 95.22138, 'N_anc': 498.72509, 'N_yri': 373.4115, 'N_ooa': 897.45017, 'N_ceu': 282.27433, 'N_chb': 343.03244, 'gr_ceu': 0.00092, 'gr_chb': 0.00092, 'm_yri_ooa': 1e-05, 'm_yri_ceu': 1e-05, 'm_yri_chb': 1e-05, 'm_ceu_chb': 1e-05} -67538.19312477642
x_down: {'t1': 1.73148, 't2': 2.32267, 't3': 95.22138, 'N_anc': 498.72509, 'N_yri': 373.4115, 'N_ooa': 785.30874, 'N_ceu': 282.27433, 'N_chb': 343.03244, 'gr_ceu': 0.00092, 'gr_chb': 0.00092, 'm_yri_ooa': 1e-05, 'm_yri_ceu': 1e-05, 'm_yri_chb': 1e-05, 'm_ceu_chb': 1e-05} -67592.93901848211
 
 
x_up: {'t1': 1.73148, 't2': 2.32267, 't3': 95.22138, 'N_anc': 498.72509, 'N_yri': 373.4115, 'N_ooa': 897.45017, 'N_ceu': 316.45077, 'N_chb': 343.03244, 'gr_ceu': 0.00092, 'gr_chb': 0.00092, 'm_yri_ooa': 1e-05, 'm_yri_ceu': 1e-05, 'm_yri_chb': 1e-05, 'm_ceu_chb': 1e-05} -67540.28481994664
x: {'t1': 1.73148, 't2': 2.32267, 't3': 95.22138, 'N_anc': 498.72509, 'N_yri': 373.4115, 'N_ooa': 897.45017, 'N_ceu': 282.27433, 'N_chb': 343.03244, 'gr_ceu': 0.00092, 'gr_chb': 0.00092, 'm_yri_ooa': 1e-05, 'm_yri_ceu': 1e-05, 'm_yri_chb': 1e-05, 'm_ceu_chb': 1e-05} -67538.19312477642
x_down: {'t1': 1.73148, 't2': 2.32267, 't3': 95.22138, 'N_anc': 498.72509, 'N_yri': 373.4115, 'N_ooa': 897.45017, 'N_ceu': 248.09789, 'N_chb': 343.03244, 'gr_ceu': 0.00092, 'gr_chb': 0.00092, 'm_yri_ooa': 1e-05, 'm_yri_ceu': 1e-05, 'm_yri_chb': 1e-05, 'm_ceu_chb': 1e-05} -67551.82197003571
 
 
x_up: {'t1': 1.73148, 't2': 2.32267, 't3': 95.22138, 'N_anc': 498.72509, 'N_yri': 373.4115, 'N_ooa': 897.45017, 'N_ceu': 282.27433, 'N_chb': 358.22197, 'gr_ceu': 0.00092, 'gr_chb': 0.00092, 'm_yri_ooa': 1e-05, 'm_yri_ceu': 1e-05, 'm_yri_chb': 1e-05, 'm_ceu_chb': 1e-05} -67540.0485026909
x: {'t1': 1.73148, 't2': 2.32267, 't3': 95.22138, 'N_anc': 498.72509, 'N_yri': 373.4115, 'N_ooa': 897.45017, 'N_ceu': 282.27433, 'N_chb': 343.03244, 'gr_ceu': 0.00092, 'gr_chb': 0.00092, 'm_yri_ooa': 1e-05, 'm_yri_ceu': 1e-05, 'm_yri_chb': 1e-05, 'm_ceu_chb': 1e-05} -67538.19312477642
x_down: {'t1': 1.73148, 't2': 2.32267, 't3': 95.22138, 'N_anc': 498.72509, 'N_yri': 373.4115, 'N_ooa': 897.45017, 'N_ceu': 282.27433, 'N_chb': 327.84291, 'gr_ceu': 0.00092, 'gr_chb': 0.00092, 'm_yri_ooa': 1e-05, 'm_yri_ceu': 1e-05, 'm_yri_chb': 1e-05, 'm_ceu_chb': 1e-05} -67538.16041646761
 
 
x_up: {'t1': 1.73148, 't2': 2.32267, 't3': 95.22138, 'N_anc': 498.72509, 'N_yri': 373.4115, 'N_ooa': 897.45017, 'N_ceu': 282.27433, 'N_chb': 327.84291, 'gr_ceu': 0.00138, 'gr_chb': 0.00092, 'm_yri_ooa': 1e-05, 'm_yri_ceu': 1e-05, 'm_yri_chb': 1e-05, 'm_ceu_chb': 1e-05} -67538.15494502765
x: {'t1': 1.73148, 't2': 2.32267, 't3': 95.22138, 'N_anc': 498.72509, 'N_yri': 373.4115, 'N_ooa': 897.45017, 'N_ceu': 282.27433, 'N_chb': 327.84291, 'gr_ceu': 0.00092, 'gr_chb': 0.00092, 'm_yri_ooa': 1e-05, 'm_yri_ceu': 1e-05, 'm_yri_chb': 1e-05, 'm_ceu_chb': 1e-05} -67538.16041646761
x_down: {'t1': 1.73148, 't2': 2.32267, 't3': 95.22138, 'N_anc': 498.72509, 'N_yri': 373.4115, 'N_ooa': 897.45017, 'N_ceu': 282.27433, 'N_chb': 327.84291, 'gr_ceu': 0.00046, 'gr_chb': 0.00092, 'm_yri_ooa': 1e-05, 'm_yri_ceu': 1e-05, 'm_yri_chb': 1e-05, 'm_ceu_chb': 1e-05} -67538.16618662045
 
 
x_up: {'t1': 1.73148, 't2': 2.32267, 't3': 95.22138, 'N_anc': 498.72509, 'N_yri': 373.4115, 'N_ooa': 897.45017, 'N_ceu': 282.27433, 'N_chb': 327.84291, 'gr_ceu': 0.00138, 'gr_chb': 0.00138, 'm_yri_ooa': 1e-05, 'm_yri_ceu': 1e-05, 'm_yri_chb': 1e-05, 'm_ceu_chb': 1e-05} -67538.16914438533
x: {'t1': 1.73148, 't2': 2.32267, 't3': 95.22138, 'N_anc': 498.72509, 'N_yri': 373.4115, 'N_ooa': 897.45017, 'N_ceu': 282.27433, 'N_chb': 327.84291, 'gr_ceu': 0.00138, 'gr_chb': 0.00092, 'm_yri_ooa': 1e-05, 'm_yri_ceu': 1e-05, 'm_yri_chb': 1e-05, 'm_ceu_chb': 1e-05} -67538.15494502765
x_down: {'t1': 1.73148, 't2': 2.32267, 't3': 95.22138, 'N_anc': 498.72509, 'N_yri': 373.4115, 'N_ooa': 897.45017, 'N_ceu': 282.27433, 'N_chb': 327.84291, 'gr_ceu': 0.00138, 'gr_chb': 0.00046, 'm_yri_ooa': 1e-05, 'm_yri_ceu': 1e-05, 'm_yri_chb': 1e-05, 'm_ceu_chb': 1e-05} -67538.1409826287
 
 
x_up: {'t1': 1.73148, 't2': 2.32267, 't3': 95.22138, 'N_anc': 498.72509, 'N_yri': 373.4115, 'N_ooa': 897.45017, 'N_ceu': 282.27433, 'N_chb': 327.84291, 'gr_ceu': 0.00138, 'gr_chb': 0.00046, 'm_yri_ooa': 0.0, 'm_yri_ceu': 1e-05, 'm_yri_chb': 1e-05, 'm_ceu_chb': 1e-05} -67538.15694087642
x: {'t1': 1.73148, 't2': 2.32267, 't3': 95.22138, 'N_anc': 498.72509, 'N_yri': 373.4115, 'N_ooa': 897.45017, 'N_ceu': 282.27433, 'N_chb': 327.84291, 'gr_ceu': 0.00138, 'gr_chb': 0.00046, 'm_yri_ooa': 1e-05, 'm_yri_ceu': 1e-05, 'm_yri_chb': 1e-05, 'm_ceu_chb': 1e-05} -67538.1409826287
x_down: {'t1': 1.73148, 't2': 2.32267, 't3': 95.22138, 'N_anc': 498.72509, 'N_yri': 373.4115, 'N_ooa': 897.45017, 'N_ceu': 282.27433, 'N_chb': 327.84291, 'gr_ceu': 0.00138, 'gr_chb': 0.00046, 'm_yri_ooa': 1e-05, 'm_yri_ceu': 1e-05, 'm_yri_chb': 1e-05, 'm_ceu_chb': 1e-05} -67538.1409826287
 
 
x_up: {'t1': 1.73148, 't2': 2.32267, 't3': 95.22138, 'N_anc': 498.72509, 'N_yri': 373.4115, 'N_ooa': 897.45017, 'N_ceu': 282.27433, 'N_chb': 327.84291, 'gr_ceu': 0.00138, 'gr_chb': 0.00046, 'm_yri_ooa': 1e-05, 'm_yri_ceu': 0.0, 'm_yri_chb': 1e-05, 'm_ceu_chb': 1e-05} -67538.14098262957
x: {'t1': 1.73148, 't2': 2.32267, 't3': 95.22138, 'N_anc': 498.72509, 'N_yri': 373.4115, 'N_ooa': 897.45017, 'N_ceu': 282.27433, 'N_chb': 327.84291, 'gr_ceu': 0.00138, 'gr_chb': 0.00046, 'm_yri_ooa': 1e-05, 'm_yri_ceu': 1e-05, 'm_yri_chb': 1e-05, 'm_ceu_chb': 1e-05} -67538.1409826287
x_down: {'t1': 1.73148, 't2': 2.32267, 't3': 95.22138, 'N_anc': 498.72509, 'N_yri': 373.4115, 'N_ooa': 897.45017, 'N_ceu': 282.27433, 'N_chb': 327.84291, 'gr_ceu': 0.00138, 'gr_chb': 0.00046, 'm_yri_ooa': 1e-05, 'm_yri_ceu': 1e-05, 'm_yri_chb': 1e-05, 'm_ceu_chb': 1e-05} -67538.1409826287
 
 
x_up: {'t1': 1.73148, 't2': 2.32267, 't3': 95.22138, 'N_anc': 498.72509, 'N_yri': 373.4115, 'N_ooa': 897.45017, 'N_ceu': 282.27433, 'N_chb': 327.84291, 'gr_ceu': 0.00138, 'gr_chb': 0.00046, 'm_yri_ooa': 1e-05, 'm_yri_ceu': 1e-05, 'm_yri_chb': 0.0, 'm_ceu_chb': 1e-05} -67538.14098263026
x: {'t1': 1.73148, 't2': 2.32267, 't3': 95.22138, 'N_anc': 498.72509, 'N_yri': 373.4115, 'N_ooa': 897.45017, 'N_ceu': 282.27433, 'N_chb': 327.84291, 'gr_ceu': 0.00138, 'gr_chb': 0.00046, 'm_yri_ooa': 1e-05, 'm_yri_ceu': 1e-05, 'm_yri_chb': 1e-05, 'm_ceu_chb': 1e-05} -67538.1409826287
x_down: {'t1': 1.73148, 't2': 2.32267, 't3': 95.22138, 'N_anc': 498.72509, 'N_yri': 373.4115, 'N_ooa': 897.45017, 'N_ceu': 282.27433, 'N_chb': 327.84291, 'gr_ceu': 0.00138, 'gr_chb': 0.00046, 'm_yri_ooa': 1e-05, 'm_yri_ceu': 1e-05, 'm_yri_chb': 1e-05, 'm_ceu_chb': 1e-05} -67538.1409826287
 
 
x_up: {'t1': 1.73148, 't2': 2.32267, 't3': 95.22138, 'N_anc': 498.72509, 'N_yri': 373.4115, 'N_ooa': 897.45017, 'N_ceu': 282.27433, 'N_chb': 327.84291, 'gr_ceu': 0.00138, 'gr_chb': 0.00046, 'm_yri_ooa': 1e-05, 'm_yri_ceu': 1e-05, 'm_yri_chb': 1e-05, 'm_ceu_chb': 0.0} -67538.14098262922
x: {'t1': 1.73148, 't2': 2.32267, 't3': 95.22138, 'N_anc': 498.72509, 'N_yri': 373.4115, 'N_ooa': 897.45017, 'N_ceu': 282.27433, 'N_chb': 327.84291, 'gr_ceu': 0.00138, 'gr_chb': 0.00046, 'm_yri_ooa': 1e-05, 'm_yri_ceu': 1e-05, 'm_yri_chb': 1e-05, 'm_ceu_chb': 1e-05} -67538.1409826287
x_down: {'t1': 1.73148, 't2': 2.32267, 't3': 95.22138, 'N_anc': 498.72509, 'N_yri': 373.4115, 'N_ooa': 897.45017, 'N_ceu': 282.27433, 'N_chb': 327.84291, 'gr_ceu': 0.00138, 'gr_chb': 0.00046, 'm_yri_ooa': 1e-05, 'm_yri_ceu': 1e-05, 'm_yri_chb': 1e-05, 'm_ceu_chb': 1e-05} -67538.1409826287
 
{'t1': 1.73148, 't2': 2.32267, 't3': 95.22138, 'N_anc': 498.72509, 'N_yri': 373.4115, 'N_ooa': 897.45017, 'N_ceu': 282.27433, 'N_chb': 327.84291, 'gr_ceu': 0.00138, 'gr_chb': 0.00046, 'm_yri_ooa': 1e-05, 'm_yri_ceu': 1e-05, 'm_yri_chb': 1e-05, 'm_ceu_chb': 1e-05} -67538.1409826287
 
x_up: {'t1': 1.80538, 't2': 2.32267, 't3': 95.22138, 'N_anc': 498.72509, 'N_yri': 373.4115, 'N_ooa': 897.45017, 'N_ceu': 282.27433, 'N_chb': 327.84291, 'gr_ceu': 0.00138, 'gr_chb': 0.00046, 'm_yri_ooa': 1e-05, 'm_yri_ceu': 1e-05, 'm_yri_chb': 1e-05, 'm_ceu_chb': 1e-05} -67545.28552816626
x: {'t1': 1.73148, 't2': 2.32267, 't3': 95.22138, 'N_anc': 498.72509, 'N_yri': 373.4115, 'N_ooa': 897.45017, 'N_ceu': 282.27433, 'N_chb': 327.84291, 'gr_ceu': 0.00138, 'gr_chb': 0.00046, 'm_yri_ooa': 1e-05, 'm_yri_ceu': 1e-05, 'm_yri_chb': 1e-05, 'm_ceu_chb': 1e-05} -67538.1409826287
x_down: {'t1': 1.65758, 't2': 2.32267, 't3': 95.22138, 'N_anc': 498.72509, 'N_yri': 373.4115, 'N_ooa': 897.45017, 'N_ceu': 282.27433, 'N_chb': 327.84291, 'gr_ceu': 0.00138, 'gr_chb': 0.00046, 'm_yri_ooa': 1e-05, 'm_yri_ceu': 1e-05, 'm_yri_chb': 1e-05, 'm_ceu_chb': 1e-05} -67545.445518394
 
 
x_up: {'t1': 1.73148, 't2': 2.43352, 't3': 95.22138, 'N_anc': 498.72509, 'N_yri': 373.4115, 'N_ooa': 897.45017, 'N_ceu': 282.27433, 'N_chb': 327.84291, 'gr_ceu': 0.00138, 'gr_chb': 0.00046, 'm_yri_ooa': 1e-05, 'm_yri_ceu': 1e-05, 'm_yri_chb': 1e-05, 'm_ceu_chb': 1e-05} -67555.64187598017
x: {'t1': 1.73148, 't2': 2.32267, 't3': 95.22138, 'N_anc': 498.72509, 'N_yri': 373.4115, 'N_ooa': 897.45017, 'N_ceu': 282.27433, 'N_chb': 327.84291, 'gr_ceu': 0.00138, 'gr_chb': 0.00046, 'm_yri_ooa': 1e-05, 'm_yri_ceu': 1e-05, 'm_yri_chb': 1e-05, 'm_ceu_chb': 1e-05} -67538.1409826287
x_down: {'t1': 1.73148, 't2': 2.21182, 't3': 95.22138, 'N_anc': 498.72509, 'N_yri': 373.4115, 'N_ooa': 897.45017, 'N_ceu': 282.27433, 'N_chb': 327.84291, 'gr_ceu': 0.00138, 'gr_chb': 0.00046, 'm_yri_ooa': 1e-05, 'm_yri_ceu': 1e-05, 'm_yri_chb': 1e-05, 'm_ceu_chb': 1e-05} -67559.19850686217
 
 
x_up: {'t1': 1.73148, 't2': 2.32267, 't3': 99.86632, 'N_anc': 498.72509, 'N_yri': 373.4115, 'N_ooa': 897.45017, 'N_ceu': 282.27433, 'N_chb': 327.84291, 'gr_ceu': 0.00138, 'gr_chb': 0.00046, 'm_yri_ooa': 1e-05, 'm_yri_ceu': 1e-05, 'm_yri_chb': 1e-05, 'm_ceu_chb': 1e-05} -67540.41940058228
x: {'t1': 1.73148, 't2': 2.32267, 't3': 95.22138, 'N_anc': 498.72509, 'N_yri': 373.4115, 'N_ooa': 897.45017, 'N_ceu': 282.27433, 'N_chb': 327.84291, 'gr_ceu': 0.00138, 'gr_chb': 0.00046, 'm_yri_ooa': 1e-05, 'm_yri_ceu': 1e-05, 'm_yri_chb': 1e-05, 'm_ceu_chb': 1e-05} -67538.1409826287
x_down: {'t1': 1.73148, 't2': 2.32267, 't3': 90.57644, 'N_anc': 498.72509, 'N_yri': 373.4115, 'N_ooa': 897.45017, 'N_ceu': 282.27433, 'N_chb': 327.84291, 'gr_ceu': 0.00138, 'gr_chb': 0.00046, 'm_yri_ooa': 1e-05, 'm_yri_ceu': 1e-05, 'm_yri_chb': 1e-05, 'm_ceu_chb': 1e-05} -67543.73879727302
 
 
x_up: {'t1': 1.73148, 't2': 2.32267, 't3': 95.22138, 'N_anc': 554.79581, 'N_yri': 373.4115, 'N_ooa': 897.45017, 'N_ceu': 282.27433, 'N_chb': 327.84291, 'gr_ceu': 0.00138, 'gr_chb': 0.00046, 'm_yri_ooa': 1e-05, 'm_yri_ceu': 1e-05, 'm_yri_chb': 1e-05, 'm_ceu_chb': 1e-05} -67539.6623437727
x: {'t1': 1.73148, 't2': 2.32267, 't3': 95.22138, 'N_anc': 498.72509, 'N_yri': 373.4115, 'N_ooa': 897.45017, 'N_ceu': 282.27433, 'N_chb': 327.84291, 'gr_ceu': 0.00138, 'gr_chb': 0.00046, 'm_yri_ooa': 1e-05, 'm_yri_ceu': 1e-05, 'm_yri_chb': 1e-05, 'm_ceu_chb': 1e-05} -67538.1409826287
x_down: {'t1': 1.73148, 't2': 2.32267, 't3': 95.22138, 'N_anc': 442.65437, 'N_yri': 373.4115, 'N_ooa': 897.45017, 'N_ceu': 282.27433, 'N_chb': 327.84291, 'gr_ceu': 0.00138, 'gr_chb': 0.00046, 'm_yri_ooa': 1e-05, 'm_yri_ceu': 1e-05, 'm_yri_chb': 1e-05, 'm_ceu_chb': 1e-05} -67538.90294344301
 
 
x_up: {'t1': 1.73148, 't2': 2.32267, 't3': 95.22138, 'N_anc': 498.72509, 'N_yri': 399.04383, 'N_ooa': 897.45017, 'N_ceu': 282.27433, 'N_chb': 327.84291, 'gr_ceu': 0.00138, 'gr_chb': 0.00046, 'm_yri_ooa': 1e-05, 'm_yri_ceu': 1e-05, 'm_yri_chb': 1e-05, 'm_ceu_chb': 1e-05} -67549.47814244224
x: {'t1': 1.73148, 't2': 2.32267, 't3': 95.22138, 'N_anc': 498.72509, 'N_yri': 373.4115, 'N_ooa': 897.45017, 'N_ceu': 282.27433, 'N_chb': 327.84291, 'gr_ceu': 0.00138, 'gr_chb': 0.00046, 'm_yri_ooa': 1e-05, 'm_yri_ceu': 1e-05, 'm_yri_chb': 1e-05, 'm_ceu_chb': 1e-05} -67538.1409826287
x_down: {'t1': 1.73148, 't2': 2.32267, 't3': 95.22138, 'N_anc': 498.72509, 'N_yri': 347.77917, 'N_ooa': 897.45017, 'N_ceu': 282.27433, 'N_chb': 327.84291, 'gr_ceu': 0.00138, 'gr_chb': 0.00046, 'm_yri_ooa': 1e-05, 'm_yri_ceu': 1e-05, 'm_yri_chb': 1e-05, 'm_ceu_chb': 1e-05} -67548.0466026158
 
 
x_up: {'t1': 1.73148, 't2': 2.32267, 't3': 95.22138, 'N_anc': 498.72509, 'N_yri': 373.4115, 'N_ooa': 953.52089, 'N_ceu': 282.27433, 'N_chb': 327.84291, 'gr_ceu': 0.00138, 'gr_chb': 0.00046, 'm_yri_ooa': 1e-05, 'm_yri_ceu': 1e-05, 'm_yri_chb': 1e-05, 'm_ceu_chb': 1e-05} -67552.40928989855
x: {'t1': 1.73148, 't2': 2.32267, 't3': 95.22138, 'N_anc': 498.72509, 'N_yri': 373.4115, 'N_ooa': 897.45017, 'N_ceu': 282.27433, 'N_chb': 327.84291, 'gr_ceu': 0.00138, 'gr_chb': 0.00046, 'm_yri_ooa': 1e-05, 'm_yri_ceu': 1e-05, 'm_yri_chb': 1e-05, 'm_ceu_chb': 1e-05} -67538.1409826287
x_down: {'t1': 1.73148, 't2': 2.32267, 't3': 95.22138, 'N_anc': 498.72509, 'N_yri': 373.4115, 'N_ooa': 841.37945, 'N_ceu': 282.27433, 'N_chb': 327.84291, 'gr_ceu': 0.00138, 'gr_chb': 0.00046, 'm_yri_ooa': 1e-05, 'm_yri_ceu': 1e-05, 'm_yri_chb': 1e-05, 'm_ceu_chb': 1e-05} -67554.7511473146
 
 
x_up: {'t1': 1.73148, 't2': 2.32267, 't3': 95.22138, 'N_anc': 498.72509, 'N_yri': 373.4115, 'N_ooa': 897.45017, 'N_ceu': 299.36255, 'N_chb': 327.84291, 'gr_ceu': 0.00138, 'gr_chb': 0.00046, 'm_yri_ooa': 1e-05, 'm_yri_ceu': 1e-05, 'm_yri_chb': 1e-05, 'm_ceu_chb': 1e-05} -67536.60089314805
x: {'t1': 1.73148, 't2': 2.32267, 't3': 95.22138, 'N_anc': 498.72509, 'N_yri': 373.4115, 'N_ooa': 897.45017, 'N_ceu': 282.27433, 'N_chb': 327.84291, 'gr_ceu': 0.00138, 'gr_chb': 0.00046, 'm_yri_ooa': 1e-05, 'm_yri_ceu': 1e-05, 'm_yri_chb': 1e-05, 'm_ceu_chb': 1e-05} -67538.1409826287
x_down: {'t1': 1.73148, 't2': 2.32267, 't3': 95.22138, 'N_anc': 498.72509, 'N_yri': 373.4115, 'N_ooa': 897.45017, 'N_ceu': 265.18611, 'N_chb': 327.84291, 'gr_ceu': 0.00138, 'gr_chb': 0.00046, 'm_yri_ooa': 1e-05, 'm_yri_ceu': 1e-05, 'm_yri_chb': 1e-05, 'm_ceu_chb': 1e-05} -67543.83450464888
 
 
x_up: {'t1': 1.73148, 't2': 2.32267, 't3': 95.22138, 'N_anc': 498.72509, 'N_yri': 373.4115, 'N_ooa': 897.45017, 'N_ceu': 299.36255, 'N_chb': 349.20318, 'gr_ceu': 0.00138, 'gr_chb': 0.00046, 'm_yri_ooa': 1e-05, 'm_yri_ceu': 1e-05, 'm_yri_chb': 1e-05, 'm_ceu_chb': 1e-05} -67538.47848356739
x: {'t1': 1.73148, 't2': 2.32267, 't3': 95.22138, 'N_anc': 498.72509, 'N_yri': 373.4115, 'N_ooa': 897.45017, 'N_ceu': 299.36255, 'N_chb': 327.84291, 'gr_ceu': 0.00138, 'gr_chb': 0.00046, 'm_yri_ooa': 1e-05, 'm_yri_ceu': 1e-05, 'm_yri_chb': 1e-05, 'm_ceu_chb': 1e-05} -67536.60089314805
x_down: {'t1': 1.73148, 't2': 2.32267, 't3': 95.22138, 'N_anc': 498.72509, 'N_yri': 373.4115, 'N_ooa': 897.45017, 'N_ceu': 299.36255, 'N_chb': 306.48264, 'gr_ceu': 0.00138, 'gr_chb': 0.00046, 'm_yri_ooa': 1e-05, 'm_yri_ceu': 1e-05, 'm_yri_chb': 1e-05, 'm_ceu_chb': 1e-05} -67538.31602079986
 
 
x_up: {'t1': 1.73148, 't2': 2.32267, 't3': 95.22138, 'N_anc': 498.72509, 'N_yri': 373.4115, 'N_ooa': 897.45017, 'N_ceu': 299.36255, 'N_chb': 327.84291, 'gr_ceu': 0.00207, 'gr_chb': 0.00046, 'm_yri_ooa': 1e-05, 'm_yri_ceu': 1e-05, 'm_yri_chb': 1e-05, 'm_ceu_chb': 1e-05} -67536.63539030976
x: {'t1': 1.73148, 't2': 2.32267, 't3': 95.22138, 'N_anc': 498.72509, 'N_yri': 373.4115, 'N_ooa': 897.45017, 'N_ceu': 299.36255, 'N_chb': 327.84291, 'gr_ceu': 0.00138, 'gr_chb': 0.00046, 'm_yri_ooa': 1e-05, 'm_yri_ceu': 1e-05, 'm_yri_chb': 1e-05, 'm_ceu_chb': 1e-05} -67536.60089314805
x_down: {'t1': 1.73148, 't2': 2.32267, 't3': 95.22138, 'N_anc': 498.72509, 'N_yri': 373.4115, 'N_ooa': 897.45017, 'N_ceu': 299.36255, 'N_chb': 327.84291, 'gr_ceu': 0.00069, 'gr_chb': 0.00046, 'm_yri_ooa': 1e-05, 'm_yri_ceu': 1e-05, 'm_yri_chb': 1e-05, 'm_ceu_chb': 1e-05} -67536.56696349276
 
 
x_up: {'t1': 1.73148, 't2': 2.32267, 't3': 95.22138, 'N_anc': 498.72509, 'N_yri': 373.4115, 'N_ooa': 897.45017, 'N_ceu': 299.36255, 'N_chb': 327.84291, 'gr_ceu': 0.00069, 'gr_chb': 0.00069, 'm_yri_ooa': 1e-05, 'm_yri_ceu': 1e-05, 'm_yri_chb': 1e-05, 'm_ceu_chb': 1e-05} -67536.57978079763
x: {'t1': 1.73148, 't2': 2.32267, 't3': 95.22138, 'N_anc': 498.72509, 'N_yri': 373.4115, 'N_ooa': 897.45017, 'N_ceu': 299.36255, 'N_chb': 327.84291, 'gr_ceu': 0.00069, 'gr_chb': 0.00046, 'm_yri_ooa': 1e-05, 'm_yri_ceu': 1e-05, 'm_yri_chb': 1e-05, 'm_ceu_chb': 1e-05} -67536.56696349276
x_down: {'t1': 1.73148, 't2': 2.32267, 't3': 95.22138, 'N_anc': 498.72509, 'N_yri': 373.4115, 'N_ooa': 897.45017, 'N_ceu': 299.36255, 'N_chb': 327.84291, 'gr_ceu': 0.00069, 'gr_chb': 0.00023, 'm_yri_ooa': 1e-05, 'm_yri_ceu': 1e-05, 'm_yri_chb': 1e-05, 'm_ceu_chb': 1e-05} -67536.5541978298
 
 
x_up: {'t1': 1.73148, 't2': 2.32267, 't3': 95.22138, 'N_anc': 498.72509, 'N_yri': 373.4115, 'N_ooa': 897.45017, 'N_ceu': 299.36255, 'N_chb': 327.84291, 'gr_ceu': 0.00069, 'gr_chb': 0.00023, 'm_yri_ooa': 0.0, 'm_yri_ceu': 1e-05, 'm_yri_chb': 1e-05, 'm_ceu_chb': 1e-05} -67536.4500800111
x: {'t1': 1.73148, 't2': 2.32267, 't3': 95.22138, 'N_anc': 498.72509, 'N_yri': 373.4115, 'N_ooa': 897.45017, 'N_ceu': 299.36255, 'N_chb': 327.84291, 'gr_ceu': 0.00069, 'gr_chb': 0.00023, 'm_yri_ooa': 1e-05, 'm_yri_ceu': 1e-05, 'm_yri_chb': 1e-05, 'm_ceu_chb': 1e-05} -67536.5541978298
x_down: {'t1': 1.73148, 't2': 2.32267, 't3': 95.22138, 'N_anc': 498.72509, 'N_yri': 373.4115, 'N_ooa': 897.45017, 'N_ceu': 299.36255, 'N_chb': 327.84291, 'gr_ceu': 0.00069, 'gr_chb': 0.00023, 'm_yri_ooa': 1e-05, 'm_yri_ceu': 1e-05, 'm_yri_chb': 1e-05, 'm_ceu_chb': 1e-05} -67536.5541978298
 
 
x_up: {'t1': 1.73148, 't2': 2.32267, 't3': 95.22138, 'N_anc': 498.72509, 'N_yri': 373.4115, 'N_ooa': 897.45017, 'N_ceu': 299.36255, 'N_chb': 327.84291, 'gr_ceu': 0.00069, 'gr_chb': 0.00023, 'm_yri_ooa': 0.0, 'm_yri_ceu': 0.0, 'm_yri_chb': 1e-05, 'm_ceu_chb': 1e-05} -67536.45008001277
x: {'t1': 1.73148, 't2': 2.32267, 't3': 95.22138, 'N_anc': 498.72509, 'N_yri': 373.4115, 'N_ooa': 897.45017, 'N_ceu': 299.36255, 'N_chb': 327.84291, 'gr_ceu': 0.00069, 'gr_chb': 0.00023, 'm_yri_ooa': 0.0, 'm_yri_ceu': 1e-05, 'm_yri_chb': 1e-05, 'm_ceu_chb': 1e-05} -67536.4500800111
x_down: {'t1': 1.73148, 't2': 2.32267, 't3': 95.22138, 'N_anc': 498.72509, 'N_yri': 373.4115, 'N_ooa': 897.45017, 'N_ceu': 299.36255, 'N_chb': 327.84291, 'gr_ceu': 0.00069, 'gr_chb': 0.00023, 'm_yri_ooa': 0.0, 'm_yri_ceu': 1e-05, 'm_yri_chb': 1e-05, 'm_ceu_chb': 1e-05} -67536.4500800111
 
 
x_up: {'t1': 1.73148, 't2': 2.32267, 't3': 95.22138, 'N_anc': 498.72509, 'N_yri': 373.4115, 'N_ooa': 897.45017, 'N_ceu': 299.36255, 'N_chb': 327.84291, 'gr_ceu': 0.00069, 'gr_chb': 0.00023, 'm_yri_ooa': 0.0, 'm_yri_ceu': 1e-05, 'm_yri_chb': 0.0, 'm_ceu_chb': 1e-05} -67536.4500800129
x: {'t1': 1.73148, 't2': 2.32267, 't3': 95.22138, 'N_anc': 498.72509, 'N_yri': 373.4115, 'N_ooa': 897.45017, 'N_ceu': 299.36255, 'N_chb': 327.84291, 'gr_ceu': 0.00069, 'gr_chb': 0.00023, 'm_yri_ooa': 0.0, 'm_yri_ceu': 1e-05, 'm_yri_chb': 1e-05, 'm_ceu_chb': 1e-05} -67536.4500800111
x_down: {'t1': 1.73148, 't2': 2.32267, 't3': 95.22138, 'N_anc': 498.72509, 'N_yri': 373.4115, 'N_ooa': 897.45017, 'N_ceu': 299.36255, 'N_chb': 327.84291, 'gr_ceu': 0.00069, 'gr_chb': 0.00023, 'm_yri_ooa': 0.0, 'm_yri_ceu': 1e-05, 'm_yri_chb': 1e-05, 'm_ceu_chb': 1e-05} -67536.4500800111
 
 
x_up: {'t1': 1.73148, 't2': 2.32267, 't3': 95.22138, 'N_anc': 498.72509, 'N_yri': 373.4115, 'N_ooa': 897.45017, 'N_ceu': 299.36255, 'N_chb': 327.84291, 'gr_ceu': 0.00069, 'gr_chb': 0.00023, 'm_yri_ooa': 0.0, 'm_yri_ceu': 1e-05, 'm_yri_chb': 1e-05, 'm_ceu_chb': 0.0} -67536.45008001127
x: {'t1': 1.73148, 't2': 2.32267, 't3': 95.22138, 'N_anc': 498.72509, 'N_yri': 373.4115, 'N_ooa': 897.45017, 'N_ceu': 299.36255, 'N_chb': 327.84291, 'gr_ceu': 0.00069, 'gr_chb': 0.00023, 'm_yri_ooa': 0.0, 'm_yri_ceu': 1e-05, 'm_yri_chb': 1e-05, 'm_ceu_chb': 1e-05} -67536.4500800111
x_down: {'t1': 1.73148, 't2': 2.32267, 't3': 95.22138, 'N_anc': 498.72509, 'N_yri': 373.4115, 'N_ooa': 897.45017, 'N_ceu': 299.36255, 'N_chb': 327.84291, 'gr_ceu': 0.00069, 'gr_chb': 0.00023, 'm_yri_ooa': 0.0, 'm_yri_ceu': 1e-05, 'm_yri_chb': 1e-05, 'm_ceu_chb': 1e-05} -67536.4500800111
 
{'t1': 1.73148, 't2': 2.32267, 't3': 95.22138, 'N_anc': 498.72509, 'N_yri': 373.4115, 'N_ooa': 897.45017, 'N_ceu': 299.36255, 'N_chb': 327.84291, 'gr_ceu': 0.00069, 'gr_chb': 0.00023, 'm_yri_ooa': 0.0, 'm_yri_ceu': 1e-05, 'm_yri_chb': 1e-05, 'm_ceu_chb': 1e-05} -67536.4500800111
 
x_up: {'t1': 1.76843, 't2': 2.32267, 't3': 95.22138, 'N_anc': 498.72509, 'N_yri': 373.4115, 'N_ooa': 897.45017, 'N_ceu': 299.36255, 'N_chb': 327.84291, 'gr_ceu': 0.00069, 'gr_chb': 0.00023, 'm_yri_ooa': 0.0, 'm_yri_ceu': 1e-05, 'm_yri_chb': 1e-05, 'm_ceu_chb': 1e-05} -67539.5052256634
x: {'t1': 1.73148, 't2': 2.32267, 't3': 95.22138, 'N_anc': 498.72509, 'N_yri': 373.4115, 'N_ooa': 897.45017, 'N_ceu': 299.36255, 'N_chb': 327.84291, 'gr_ceu': 0.00069, 'gr_chb': 0.00023, 'm_yri_ooa': 0.0, 'm_yri_ceu': 1e-05, 'm_yri_chb': 1e-05, 'm_ceu_chb': 1e-05} -67536.4500800111
x_down: {'t1': 1.69453, 't2': 2.32267, 't3': 95.22138, 'N_anc': 498.72509, 'N_yri': 373.4115, 'N_ooa': 897.45017, 'N_ceu': 299.36255, 'N_chb': 327.84291, 'gr_ceu': 0.00069, 'gr_chb': 0.00023, 'm_yri_ooa': 0.0, 'm_yri_ceu': 1e-05, 'm_yri_chb': 1e-05, 'm_ceu_chb': 1e-05} -67540.9168104096
 
 
x_up: {'t1': 1.73148, 't2': 2.37809, 't3': 95.22138, 'N_anc': 498.72509, 'N_yri': 373.4115, 'N_ooa': 897.45017, 'N_ceu': 299.36255, 'N_chb': 327.84291, 'gr_ceu': 0.00069, 'gr_chb': 0.00023, 'm_yri_ooa': 0.0, 'm_yri_ceu': 1e-05, 'm_yri_chb': 1e-05, 'm_ceu_chb': 1e-05} -67537.60134187047
x: {'t1': 1.73148, 't2': 2.32267, 't3': 95.22138, 'N_anc': 498.72509, 'N_yri': 373.4115, 'N_ooa': 897.45017, 'N_ceu': 299.36255, 'N_chb': 327.84291, 'gr_ceu': 0.00069, 'gr_chb': 0.00023, 'm_yri_ooa': 0.0, 'm_yri_ceu': 1e-05, 'm_yri_chb': 1e-05, 'm_ceu_chb': 1e-05} -67536.4500800111
x_down: {'t1': 1.73148, 't2': 2.26725, 't3': 95.22138, 'N_anc': 498.72509, 'N_yri': 373.4115, 'N_ooa': 897.45017, 'N_ceu': 299.36255, 'N_chb': 327.84291, 'gr_ceu': 0.00069, 'gr_chb': 0.00023, 'm_yri_ooa': 0.0, 'm_yri_ceu': 1e-05, 'm_yri_chb': 1e-05, 'm_ceu_chb': 1e-05} -67546.4234183534
 
 
x_up: {'t1': 1.73148, 't2': 2.32267, 't3': 99.86632, 'N_anc': 498.72509, 'N_yri': 373.4115, 'N_ooa': 897.45017, 'N_ceu': 299.36255, 'N_chb': 327.84291, 'gr_ceu': 0.00069, 'gr_chb': 0.00023, 'm_yri_ooa': 0.0, 'm_yri_ceu': 1e-05, 'm_yri_chb': 1e-05, 'm_ceu_chb': 1e-05} -67538.72849796468
x: {'t1': 1.73148, 't2': 2.32267, 't3': 95.22138, 'N_anc': 498.72509, 'N_yri': 373.4115, 'N_ooa': 897.45017, 'N_ceu': 299.36255, 'N_chb': 327.84291, 'gr_ceu': 0.00069, 'gr_chb': 0.00023, 'm_yri_ooa': 0.0, 'm_yri_ceu': 1e-05, 'm_yri_chb': 1e-05, 'm_ceu_chb': 1e-05} -67536.4500800111
x_down: {'t1': 1.73148, 't2': 2.32267, 't3': 90.57644, 'N_anc': 498.72509, 'N_yri': 373.4115, 'N_ooa': 897.45017, 'N_ceu': 299.36255, 'N_chb': 327.84291, 'gr_ceu': 0.00069, 'gr_chb': 0.00023, 'm_yri_ooa': 0.0, 'm_yri_ceu': 1e-05, 'm_yri_chb': 1e-05, 'm_ceu_chb': 1e-05} -67542.04789465544
 
 
x_up: {'t1': 1.73148, 't2': 2.32267, 't3': 95.22138, 'N_anc': 526.76045, 'N_yri': 373.4115, 'N_ooa': 897.45017, 'N_ceu': 299.36255, 'N_chb': 327.84291, 'gr_ceu': 0.00069, 'gr_chb': 0.00023, 'm_yri_ooa': 0.0, 'm_yri_ceu': 1e-05, 'm_yri_chb': 1e-05, 'm_ceu_chb': 1e-05} -67536.98627198489
x: {'t1': 1.73148, 't2': 2.32267, 't3': 95.22138, 'N_anc': 498.72509, 'N_yri': 373.4115, 'N_ooa': 897.45017, 'N_ceu': 299.36255, 'N_chb': 327.84291, 'gr_ceu': 0.00069, 'gr_chb': 0.00023, 'm_yri_ooa': 0.0, 'm_yri_ceu': 1e-05, 'm_yri_chb': 1e-05, 'm_ceu_chb': 1e-05} -67536.4500800111
x_down: {'t1': 1.73148, 't2': 2.32267, 't3': 95.22138, 'N_anc': 470.68973, 'N_yri': 373.4115, 'N_ooa': 897.45017, 'N_ceu': 299.36255, 'N_chb': 327.84291, 'gr_ceu': 0.00069, 'gr_chb': 0.00023, 'm_yri_ooa': 0.0, 'm_yri_ceu': 1e-05, 'm_yri_chb': 1e-05, 'm_ceu_chb': 1e-05} -67536.47646509146
 
 
x_up: {'t1': 1.73148, 't2': 2.32267, 't3': 95.22138, 'N_anc': 498.72509, 'N_yri': 387.08207, 'N_ooa': 897.45017, 'N_ceu': 299.36255, 'N_chb': 327.84291, 'gr_ceu': 0.00069, 'gr_chb': 0.00023, 'm_yri_ooa': 0.0, 'm_yri_ceu': 1e-05, 'm_yri_chb': 1e-05, 'm_ceu_chb': 1e-05} -67538.6834398838
x: {'t1': 1.73148, 't2': 2.32267, 't3': 95.22138, 'N_anc': 498.72509, 'N_yri': 373.4115, 'N_ooa': 897.45017, 'N_ceu': 299.36255, 'N_chb': 327.84291, 'gr_ceu': 0.00069, 'gr_chb': 0.00023, 'm_yri_ooa': 0.0, 'm_yri_ceu': 1e-05, 'm_yri_chb': 1e-05, 'm_ceu_chb': 1e-05} -67536.4500800111
x_down: {'t1': 1.73148, 't2': 2.32267, 't3': 95.22138, 'N_anc': 498.72509, 'N_yri': 359.74093, 'N_ooa': 897.45017, 'N_ceu': 299.36255, 'N_chb': 327.84291, 'gr_ceu': 0.00069, 'gr_chb': 0.00023, 'm_yri_ooa': 0.0, 'm_yri_ceu': 1e-05, 'm_yri_chb': 1e-05, 'm_ceu_chb': 1e-05} -67542.15385444532
 
 
x_up: {'t1': 1.73148, 't2': 2.32267, 't3': 95.22138, 'N_anc': 498.72509, 'N_yri': 373.4115, 'N_ooa': 937.32268, 'N_ceu': 299.36255, 'N_chb': 327.84291, 'gr_ceu': 0.00069, 'gr_chb': 0.00023, 'm_yri_ooa': 0.0, 'm_yri_ceu': 1e-05, 'm_yri_chb': 1e-05, 'm_ceu_chb': 1e-05} -67545.10014324712
x: {'t1': 1.73148, 't2': 2.32267, 't3': 95.22138, 'N_anc': 498.72509, 'N_yri': 373.4115, 'N_ooa': 897.45017, 'N_ceu': 299.36255, 'N_chb': 327.84291, 'gr_ceu': 0.00069, 'gr_chb': 0.00023, 'm_yri_ooa': 0.0, 'm_yri_ceu': 1e-05, 'm_yri_chb': 1e-05, 'm_ceu_chb': 1e-05} -67536.4500800111
x_down: {'t1': 1.73148, 't2': 2.32267, 't3': 95.22138, 'N_anc': 498.72509, 'N_yri': 373.4115, 'N_ooa': 857.57766, 'N_ceu': 299.36255, 'N_chb': 327.84291, 'gr_ceu': 0.00069, 'gr_chb': 0.00023, 'm_yri_ooa': 0.0, 'm_yri_ceu': 1e-05, 'm_yri_chb': 1e-05, 'm_ceu_chb': 1e-05} -67543.92079259263
 
 
x_up: {'t1': 1.73148, 't2': 2.32267, 't3': 95.22138, 'N_anc': 498.72509, 'N_yri': 373.4115, 'N_ooa': 897.45017, 'N_ceu': 327.39791, 'N_chb': 327.84291, 'gr_ceu': 0.00069, 'gr_chb': 0.00023, 'm_yri_ooa': 0.0, 'm_yri_ceu': 1e-05, 'm_yri_chb': 1e-05, 'm_ceu_chb': 1e-05} -67540.15007861865
x: {'t1': 1.73148, 't2': 2.32267, 't3': 95.22138, 'N_anc': 498.72509, 'N_yri': 373.4115, 'N_ooa': 897.45017, 'N_ceu': 299.36255, 'N_chb': 327.84291, 'gr_ceu': 0.00069, 'gr_chb': 0.00023, 'm_yri_ooa': 0.0, 'm_yri_ceu': 1e-05, 'm_yri_chb': 1e-05, 'm_ceu_chb': 1e-05} -67536.4500800111
x_down: {'t1': 1.73148, 't2': 2.32267, 't3': 95.22138, 'N_anc': 498.72509, 'N_yri': 373.4115, 'N_ooa': 897.45017, 'N_ceu': 271.32719, 'N_chb': 327.84291, 'gr_ceu': 0.00069, 'gr_chb': 0.00023, 'm_yri_ooa': 0.0, 'm_yri_ceu': 1e-05, 'm_yri_chb': 1e-05, 'm_ceu_chb': 1e-05} -67541.37420037673
 
 
x_up: {'t1': 1.73148, 't2': 2.32267, 't3': 95.22138, 'N_anc': 498.72509, 'N_yri': 373.4115, 'N_ooa': 897.45017, 'N_ceu': 299.36255, 'N_chb': 339.23506, 'gr_ceu': 0.00069, 'gr_chb': 0.00023, 'm_yri_ooa': 0.0, 'm_yri_ceu': 1e-05, 'm_yri_chb': 1e-05, 'm_ceu_chb': 1e-05} -67537.0560881698
x: {'t1': 1.73148, 't2': 2.32267, 't3': 95.22138, 'N_anc': 498.72509, 'N_yri': 373.4115, 'N_ooa': 897.45017, 'N_ceu': 299.36255, 'N_chb': 327.84291, 'gr_ceu': 0.00069, 'gr_chb': 0.00023, 'm_yri_ooa': 0.0, 'm_yri_ceu': 1e-05, 'm_yri_chb': 1e-05, 'm_ceu_chb': 1e-05} -67536.4500800111
x_down: {'t1': 1.73148, 't2': 2.32267, 't3': 95.22138, 'N_anc': 498.72509, 'N_yri': 373.4115, 'N_ooa': 897.45017, 'N_ceu': 299.36255, 'N_chb': 316.45076, 'gr_ceu': 0.00069, 'gr_chb': 0.00023, 'm_yri_ooa': 0.0, 'm_yri_ceu': 1e-05, 'm_yri_chb': 1e-05, 'm_ceu_chb': 1e-05} -67536.87200784104
 
 
x_up: {'t1': 1.73148, 't2': 2.32267, 't3': 95.22138, 'N_anc': 498.72509, 'N_yri': 373.4115, 'N_ooa': 897.45017, 'N_ceu': 299.36255, 'N_chb': 327.84291, 'gr_ceu': 0.00103, 'gr_chb': 0.00023, 'm_yri_ooa': 0.0, 'm_yri_ceu': 1e-05, 'm_yri_chb': 1e-05, 'm_ceu_chb': 1e-05} -67536.46639323646
x: {'t1': 1.73148, 't2': 2.32267, 't3': 95.22138, 'N_anc': 498.72509, 'N_yri': 373.4115, 'N_ooa': 897.45017, 'N_ceu': 299.36255, 'N_chb': 327.84291, 'gr_ceu': 0.00069, 'gr_chb': 0.00023, 'm_yri_ooa': 0.0, 'm_yri_ceu': 1e-05, 'm_yri_chb': 1e-05, 'm_ceu_chb': 1e-05} -67536.4500800111
x_down: {'t1': 1.73148, 't2': 2.32267, 't3': 95.22138, 'N_anc': 498.72509, 'N_yri': 373.4115, 'N_ooa': 897.45017, 'N_ceu': 299.36255, 'N_chb': 327.84291, 'gr_ceu': 0.00034, 'gr_chb': 0.00023, 'm_yri_ooa': 0.0, 'm_yri_ceu': 1e-05, 'm_yri_chb': 1e-05, 'm_ceu_chb': 1e-05} -67536.43343407613
 
 
x_up: {'t1': 1.73148, 't2': 2.32267, 't3': 95.22138, 'N_anc': 498.72509, 'N_yri': 373.4115, 'N_ooa': 897.45017, 'N_ceu': 299.36255, 'N_chb': 327.84291, 'gr_ceu': 0.00034, 'gr_chb': 0.00035, 'm_yri_ooa': 0.0, 'm_yri_ceu': 1e-05, 'm_yri_chb': 1e-05, 'm_ceu_chb': 1e-05} -67536.43999789363
x: {'t1': 1.73148, 't2': 2.32267, 't3': 95.22138, 'N_anc': 498.72509, 'N_yri': 373.4115, 'N_ooa': 897.45017, 'N_ceu': 299.36255, 'N_chb': 327.84291, 'gr_ceu': 0.00034, 'gr_chb': 0.00023, 'm_yri_ooa': 0.0, 'm_yri_ceu': 1e-05, 'm_yri_chb': 1e-05, 'm_ceu_chb': 1e-05} -67536.43343407613
x_down: {'t1': 1.73148, 't2': 2.32267, 't3': 95.22138, 'N_anc': 498.72509, 'N_yri': 373.4115, 'N_ooa': 897.45017, 'N_ceu': 299.36255, 'N_chb': 327.84291, 'gr_ceu': 0.00034, 'gr_chb': 0.00012, 'm_yri_ooa': 0.0, 'm_yri_ceu': 1e-05, 'm_yri_chb': 1e-05, 'm_ceu_chb': 1e-05} -67536.42742955532
 
 
x_up: {'t1': 1.73148, 't2': 2.32267, 't3': 95.22138, 'N_anc': 498.72509, 'N_yri': 373.4115, 'N_ooa': 897.45017, 'N_ceu': 299.36255, 'N_chb': 327.84291, 'gr_ceu': 0.00034, 'gr_chb': 0.00012, 'm_yri_ooa': 0.0, 'm_yri_ceu': 1e-05, 'm_yri_chb': 1e-05, 'm_ceu_chb': 1e-05} -67536.42742955532
x: {'t1': 1.73148, 't2': 2.32267, 't3': 95.22138, 'N_anc': 498.72509, 'N_yri': 373.4115, 'N_ooa': 897.45017, 'N_ceu': 299.36255, 'N_chb': 327.84291, 'gr_ceu': 0.00034, 'gr_chb': 0.00012, 'm_yri_ooa': 0.0, 'm_yri_ceu': 1e-05, 'm_yri_chb': 1e-05, 'm_ceu_chb': 1e-05} -67536.42742955532
x_down: {'t1': 1.73148, 't2': 2.32267, 't3': 95.22138, 'N_anc': 498.72509, 'N_yri': 373.4115, 'N_ooa': 897.45017, 'N_ceu': 299.36255, 'N_chb': 327.84291, 'gr_ceu': 0.00034, 'gr_chb': 0.00012, 'm_yri_ooa': 1e-05, 'm_yri_ceu': 1e-05, 'm_yri_chb': 1e-05, 'm_ceu_chb': 1e-05} -67536.5311937947
 
 
x_up: {'t1': 1.73148, 't2': 2.32267, 't3': 95.22138, 'N_anc': 498.72509, 'N_yri': 373.4115, 'N_ooa': 897.45017, 'N_ceu': 299.36255, 'N_chb': 327.84291, 'gr_ceu': 0.00034, 'gr_chb': 0.00012, 'm_yri_ooa': 0.0, 'm_yri_ceu': 0.0, 'm_yri_chb': 1e-05, 'm_ceu_chb': 1e-05} -67536.42742955642
x: {'t1': 1.73148, 't2': 2.32267, 't3': 95.22138, 'N_anc': 498.72509, 'N_yri': 373.4115, 'N_ooa': 897.45017, 'N_ceu': 299.36255, 'N_chb': 327.84291, 'gr_ceu': 0.00034, 'gr_chb': 0.00012, 'm_yri_ooa': 0.0, 'm_yri_ceu': 1e-05, 'm_yri_chb': 1e-05, 'm_ceu_chb': 1e-05} -67536.42742955532
x_down: {'t1': 1.73148, 't2': 2.32267, 't3': 95.22138, 'N_anc': 498.72509, 'N_yri': 373.4115, 'N_ooa': 897.45017, 'N_ceu': 299.36255, 'N_chb': 327.84291, 'gr_ceu': 0.00034, 'gr_chb': 0.00012, 'm_yri_ooa': 0.0, 'm_yri_ceu': 1e-05, 'm_yri_chb': 1e-05, 'm_ceu_chb': 1e-05} -67536.42742955532
 
 
x_up: {'t1': 1.73148, 't2': 2.32267, 't3': 95.22138, 'N_anc': 498.72509, 'N_yri': 373.4115, 'N_ooa': 897.45017, 'N_ceu': 299.36255, 'N_chb': 327.84291, 'gr_ceu': 0.00034, 'gr_chb': 0.00012, 'm_yri_ooa': 0.0, 'm_yri_ceu': 1e-05, 'm_yri_chb': 0.0, 'm_ceu_chb': 1e-05} -67536.42742955782
x: {'t1': 1.73148, 't2': 2.32267, 't3': 95.22138, 'N_anc': 498.72509, 'N_yri': 373.4115, 'N_ooa': 897.45017, 'N_ceu': 299.36255, 'N_chb': 327.84291, 'gr_ceu': 0.00034, 'gr_chb': 0.00012, 'm_yri_ooa': 0.0, 'm_yri_ceu': 1e-05, 'm_yri_chb': 1e-05, 'm_ceu_chb': 1e-05} -67536.42742955532
x_down: {'t1': 1.73148, 't2': 2.32267, 't3': 95.22138, 'N_anc': 498.72509, 'N_yri': 373.4115, 'N_ooa': 897.45017, 'N_ceu': 299.36255, 'N_chb': 327.84291, 'gr_ceu': 0.00034, 'gr_chb': 0.00012, 'm_yri_ooa': 0.0, 'm_yri_ceu': 1e-05, 'm_yri_chb': 1e-05, 'm_ceu_chb': 1e-05} -67536.42742955532
 
 
x_up: {'t1': 1.73148, 't2': 2.32267, 't3': 95.22138, 'N_anc': 498.72509, 'N_yri': 373.4115, 'N_ooa': 897.45017, 'N_ceu': 299.36255, 'N_chb': 327.84291, 'gr_ceu': 0.00034, 'gr_chb': 0.00012, 'm_yri_ooa': 0.0, 'm_yri_ceu': 1e-05, 'm_yri_chb': 1e-05, 'm_ceu_chb': 0.0} -67536.42742955596
x: {'t1': 1.73148, 't2': 2.32267, 't3': 95.22138, 'N_anc': 498.72509, 'N_yri': 373.4115, 'N_ooa': 897.45017, 'N_ceu': 299.36255, 'N_chb': 327.84291, 'gr_ceu': 0.00034, 'gr_chb': 0.00012, 'm_yri_ooa': 0.0, 'm_yri_ceu': 1e-05, 'm_yri_chb': 1e-05, 'm_ceu_chb': 1e-05} -67536.42742955532
x_down: {'t1': 1.73148, 't2': 2.32267, 't3': 95.22138, 'N_anc': 498.72509, 'N_yri': 373.4115, 'N_ooa': 897.45017, 'N_ceu': 299.36255, 'N_chb': 327.84291, 'gr_ceu': 0.00034, 'gr_chb': 0.00012, 'm_yri_ooa': 0.0, 'm_yri_ceu': 1e-05, 'm_yri_chb': 1e-05, 'm_ceu_chb': 1e-05} -67536.42742955532
 
{'t1': 1.73148, 't2': 2.32267, 't3': 95.22138, 'N_anc': 498.72509, 'N_yri': 373.4115, 'N_ooa': 897.45017, 'N_ceu': 299.36255, 'N_chb': 327.84291, 'gr_ceu': 0.00034, 'gr_chb': 0.00012, 'm_yri_ooa': 0.0, 'm_yri_ceu': 1e-05, 'm_yri_chb': 1e-05, 'm_ceu_chb': 1e-05} -67536.42742955532
 
x_up: {'t1': 1.76104, 't2': 2.32267, 't3': 95.22138, 'N_anc': 498.72509, 'N_yri': 373.4115, 'N_ooa': 897.45017, 'N_ceu': 299.36255, 'N_chb': 327.84291, 'gr_ceu': 0.00034, 'gr_chb': 0.00012, 'm_yri_ooa': 0.0, 'm_yri_ceu': 1e-05, 'm_yri_chb': 1e-05, 'm_ceu_chb': 1e-05} -67541.14892710009
x: {'t1': 1.73148, 't2': 2.32267, 't3': 95.22138, 'N_anc': 498.72509, 'N_yri': 373.4115, 'N_ooa': 897.45017, 'N_ceu': 299.36255, 'N_chb': 327.84291, 'gr_ceu': 0.00034, 'gr_chb': 0.00012, 'm_yri_ooa': 0.0, 'm_yri_ceu': 1e-05, 'm_yri_chb': 1e-05, 'm_ceu_chb': 1e-05} -67536.42742955532
x_down: {'t1': 1.70192, 't2': 2.32267, 't3': 95.22138, 'N_anc': 498.72509, 'N_yri': 373.4115, 'N_ooa': 897.45017, 'N_ceu': 299.36255, 'N_chb': 327.84291, 'gr_ceu': 0.00034, 'gr_chb': 0.00012, 'm_yri_ooa': 0.0, 'm_yri_ceu': 1e-05, 'm_yri_chb': 1e-05, 'm_ceu_chb': 1e-05} -67546.3595919792
 
 
x_up: {'t1': 1.73148, 't2': 2.35223, 't3': 95.22138, 'N_anc': 498.72509, 'N_yri': 373.4115, 'N_ooa': 897.45017, 'N_ceu': 299.36255, 'N_chb': 327.84291, 'gr_ceu': 0.00034, 'gr_chb': 0.00012, 'm_yri_ooa': 0.0, 'm_yri_ceu': 1e-05, 'm_yri_chb': 1e-05, 'm_ceu_chb': 1e-05} -67530.0624476944
x: {'t1': 1.73148, 't2': 2.32267, 't3': 95.22138, 'N_anc': 498.72509, 'N_yri': 373.4115, 'N_ooa': 897.45017, 'N_ceu': 299.36255, 'N_chb': 327.84291, 'gr_ceu': 0.00034, 'gr_chb': 0.00012, 'm_yri_ooa': 0.0, 'm_yri_ceu': 1e-05, 'm_yri_chb': 1e-05, 'm_ceu_chb': 1e-05} -67536.42742955532
x_down: {'t1': 1.73148, 't2': 2.29311, 't3': 95.22138, 'N_anc': 498.72509, 'N_yri': 373.4115, 'N_ooa': 897.45017, 'N_ceu': 299.36255, 'N_chb': 327.84291, 'gr_ceu': 0.00034, 'gr_chb': 0.00012, 'm_yri_ooa': 0.0, 'm_yri_ceu': 1e-05, 'm_yri_chb': 1e-05, 'm_ceu_chb': 1e-05} -67550.16441497018
 
 
x_up: {'t1': 1.73148, 't2': 2.35223, 't3': 99.86484, 'N_anc': 498.72509, 'N_yri': 373.4115, 'N_ooa': 897.45017, 'N_ceu': 299.36255, 'N_chb': 327.84291, 'gr_ceu': 0.00034, 'gr_chb': 0.00012, 'm_yri_ooa': 0.0, 'm_yri_ceu': 1e-05, 'm_yri_chb': 1e-05, 'm_ceu_chb': 1e-05} -67532.3429356147
x: {'t1': 1.73148, 't2': 2.35223, 't3': 95.22138, 'N_anc': 498.72509, 'N_yri': 373.4115, 'N_ooa': 897.45017, 'N_ceu': 299.36255, 'N_chb': 327.84291, 'gr_ceu': 0.00034, 'gr_chb': 0.00012, 'm_yri_ooa': 0.0, 'm_yri_ceu': 1e-05, 'm_yri_chb': 1e-05, 'm_ceu_chb': 1e-05} -67530.0624476944
x_down: {'t1': 1.73148, 't2': 2.35223, 't3': 90.57792, 'N_anc': 498.72509, 'N_yri': 373.4115, 'N_ooa': 897.45017, 'N_ceu': 299.36255, 'N_chb': 327.84291, 'gr_ceu': 0.00034, 'gr_chb': 0.00012, 'm_yri_ooa': 0.0, 'm_yri_ceu': 1e-05, 'm_yri_chb': 1e-05, 'm_ceu_chb': 1e-05} -67535.65768872408
 
 
x_up: {'t1': 1.73148, 't2': 2.35223, 't3': 95.22138, 'N_anc': 518.66134, 'N_yri': 373.4115, 'N_ooa': 897.45017, 'N_ceu': 299.36255, 'N_chb': 327.84291, 'gr_ceu': 0.00034, 'gr_chb': 0.00012, 'm_yri_ooa': 0.0, 'm_yri_ceu': 1e-05, 'm_yri_chb': 1e-05, 'm_ceu_chb': 1e-05} -67530.39313512889
x: {'t1': 1.73148, 't2': 2.35223, 't3': 95.22138, 'N_anc': 498.72509, 'N_yri': 373.4115, 'N_ooa': 897.45017, 'N_ceu': 299.36255, 'N_chb': 327.84291, 'gr_ceu': 0.00034, 'gr_chb': 0.00012, 'm_yri_ooa': 0.0, 'm_yri_ceu': 1e-05, 'm_yri_chb': 1e-05, 'm_ceu_chb': 1e-05} -67530.0624476944
x_down: {'t1': 1.73148, 't2': 2.35223, 't3': 95.22138, 'N_anc': 478.78884, 'N_yri': 373.4115, 'N_ooa': 897.45017, 'N_ceu': 299.36255, 'N_chb': 327.84291, 'gr_ceu': 0.00034, 'gr_chb': 0.00012, 'm_yri_ooa': 0.0, 'm_yri_ceu': 1e-05, 'm_yri_chb': 1e-05, 'm_ceu_chb': 1e-05} -67530.01556427397
 
 
x_up: {'t1': 1.73148, 't2': 2.35223, 't3': 95.22138, 'N_anc': 478.78884, 'N_yri': 387.08207, 'N_ooa': 897.45017, 'N_ceu': 299.36255, 'N_chb': 327.84291, 'gr_ceu': 0.00034, 'gr_chb': 0.00012, 'm_yri_ooa': 0.0, 'm_yri_ceu': 1e-05, 'm_yri_chb': 1e-05, 'm_ceu_chb': 1e-05} -67528.49734715994
x: {'t1': 1.73148, 't2': 2.35223, 't3': 95.22138, 'N_anc': 478.78884, 'N_yri': 373.4115, 'N_ooa': 897.45017, 'N_ceu': 299.36255, 'N_chb': 327.84291, 'gr_ceu': 0.00034, 'gr_chb': 0.00012, 'm_yri_ooa': 0.0, 'm_yri_ceu': 1e-05, 'm_yri_chb': 1e-05, 'm_ceu_chb': 1e-05} -67530.01556427397
x_down: {'t1': 1.73148, 't2': 2.35223, 't3': 95.22138, 'N_anc': 478.78884, 'N_yri': 359.74093, 'N_ooa': 897.45017, 'N_ceu': 299.36255, 'N_chb': 327.84291, 'gr_ceu': 0.00034, 'gr_chb': 0.00012, 'm_yri_ooa': 0.0, 'm_yri_ceu': 1e-05, 'm_yri_chb': 1e-05, 'm_ceu_chb': 1e-05} -67527.80497451476
 
 
x_up: {'t1': 1.73148, 't2': 2.35223, 't3': 95.22138, 'N_anc': 478.78884, 'N_yri': 359.74093, 'N_ooa': 937.32268, 'N_ceu': 299.36255, 'N_chb': 327.84291, 'gr_ceu': 0.00034, 'gr_chb': 0.00012, 'm_yri_ooa': 0.0, 'm_yri_ceu': 1e-05, 'm_yri_chb': 1e-05, 'm_ceu_chb': 1e-05} -67533.81097290592
x: {'t1': 1.73148, 't2': 2.35223, 't3': 95.22138, 'N_anc': 478.78884, 'N_yri': 359.74093, 'N_ooa': 897.45017, 'N_ceu': 299.36255, 'N_chb': 327.84291, 'gr_ceu': 0.00034, 'gr_chb': 0.00012, 'm_yri_ooa': 0.0, 'm_yri_ceu': 1e-05, 'm_yri_chb': 1e-05, 'm_ceu_chb': 1e-05} -67527.80497451476
x_down: {'t1': 1.73148, 't2': 2.35223, 't3': 95.22138, 'N_anc': 478.78884, 'N_yri': 359.74093, 'N_ooa': 857.57766, 'N_ceu': 299.36255, 'N_chb': 327.84291, 'gr_ceu': 0.00034, 'gr_chb': 0.00012, 'm_yri_ooa': 0.0, 'm_yri_ceu': 1e-05, 'm_yri_chb': 1e-05, 'm_ceu_chb': 1e-05} -67532.5709051729
 
 
x_up: {'t1': 1.73148, 't2': 2.35223, 't3': 95.22138, 'N_anc': 478.78884, 'N_yri': 359.74093, 'N_ooa': 897.45017, 'N_ceu': 313.38023, 'N_chb': 327.84291, 'gr_ceu': 0.00034, 'gr_chb': 0.00012, 'm_yri_ooa': 0.0, 'm_yri_ceu': 1e-05, 'm_yri_chb': 1e-05, 'm_ceu_chb': 1e-05} -67528.28020969397
x: {'t1': 1.73148, 't2': 2.35223, 't3': 95.22138, 'N_anc': 478.78884, 'N_yri': 359.74093, 'N_ooa': 897.45017, 'N_ceu': 299.36255, 'N_chb': 327.84291, 'gr_ceu': 0.00034, 'gr_chb': 0.00012, 'm_yri_ooa': 0.0, 'm_yri_ceu': 1e-05, 'm_yri_chb': 1e-05, 'm_ceu_chb': 1e-05} -67527.80497451476
x_down: {'t1': 1.73148, 't2': 2.35223, 't3': 95.22138, 'N_anc': 478.78884, 'N_yri': 359.74093, 'N_ooa': 897.45017, 'N_ceu': 285.34487, 'N_chb': 327.84291, 'gr_ceu': 0.00034, 'gr_chb': 0.00012, 'm_yri_ooa': 0.0, 'm_yri_ceu': 1e-05, 'm_yri_chb': 1e-05, 'm_ceu_chb': 1e-05} -67529.54318981986
 
 
x_up: {'t1': 1.73148, 't2': 2.35223, 't3': 95.22138, 'N_anc': 478.78884, 'N_yri': 359.74093, 'N_ooa': 897.45017, 'N_ceu': 299.36255, 'N_chb': 339.23506, 'gr_ceu': 0.00034, 'gr_chb': 0.00012, 'm_yri_ooa': 0.0, 'm_yri_ceu': 1e-05, 'm_yri_chb': 1e-05, 'm_ceu_chb': 1e-05} -67527.91699932657
x: {'t1': 1.73148, 't2': 2.35223, 't3': 95.22138, 'N_anc': 478.78884, 'N_yri': 359.74093, 'N_ooa': 897.45017, 'N_ceu': 299.36255, 'N_chb': 327.84291, 'gr_ceu': 0.00034, 'gr_chb': 0.00012, 'm_yri_ooa': 0.0, 'm_yri_ceu': 1e-05, 'm_yri_chb': 1e-05, 'm_ceu_chb': 1e-05} -67527.80497451476
x_down: {'t1': 1.73148, 't2': 2.35223, 't3': 95.22138, 'N_anc': 478.78884, 'N_yri': 359.74093, 'N_ooa': 897.45017, 'N_ceu': 299.36255, 'N_chb': 316.45076, 'gr_ceu': 0.00034, 'gr_chb': 0.00012, 'm_yri_ooa': 0.0, 'm_yri_ceu': 1e-05, 'm_yri_chb': 1e-05, 'm_ceu_chb': 1e-05} -67528.80902946011
 
 
x_up: {'t1': 1.73148, 't2': 2.35223, 't3': 95.22138, 'N_anc': 478.78884, 'N_yri': 359.74093, 'N_ooa': 897.45017, 'N_ceu': 299.36255, 'N_chb': 327.84291, 'gr_ceu': 0.00051, 'gr_chb': 0.00012, 'm_yri_ooa': 0.0, 'm_yri_ceu': 1e-05, 'm_yri_chb': 1e-05, 'm_ceu_chb': 1e-05} -67527.81156956543
x: {'t1': 1.73148, 't2': 2.35223, 't3': 95.22138, 'N_anc': 478.78884, 'N_yri': 359.74093, 'N_ooa': 897.45017, 'N_ceu': 299.36255, 'N_chb': 327.84291, 'gr_ceu': 0.00034, 'gr_chb': 0.00012, 'm_yri_ooa': 0.0, 'm_yri_ceu': 1e-05, 'm_yri_chb': 1e-05, 'm_ceu_chb': 1e-05} -67527.80497451476
x_down: {'t1': 1.73148, 't2': 2.35223, 't3': 95.22138, 'N_anc': 478.78884, 'N_yri': 359.74093, 'N_ooa': 897.45017, 'N_ceu': 299.36255, 'N_chb': 327.84291, 'gr_ceu': 0.00017, 'gr_chb': 0.00012, 'm_yri_ooa': 0.0, 'm_yri_ceu': 1e-05, 'm_yri_chb': 1e-05, 'm_ceu_chb': 1e-05} -67527.79841653857
 
 
x_up: {'t1': 1.73148, 't2': 2.35223, 't3': 95.22138, 'N_anc': 478.78884, 'N_yri': 359.74093, 'N_ooa': 897.45017, 'N_ceu': 299.36255, 'N_chb': 327.84291, 'gr_ceu': 0.00017, 'gr_chb': 0.00018, 'm_yri_ooa': 0.0, 'm_yri_ceu': 1e-05, 'm_yri_chb': 1e-05, 'm_ceu_chb': 1e-05} -67527.80076155227
x: {'t1': 1.73148, 't2': 2.35223, 't3': 95.22138, 'N_anc': 478.78884, 'N_yri': 359.74093, 'N_ooa': 897.45017, 'N_ceu': 299.36255, 'N_chb': 327.84291, 'gr_ceu': 0.00017, 'gr_chb': 0.00012, 'm_yri_ooa': 0.0, 'm_yri_ceu': 1e-05, 'm_yri_chb': 1e-05, 'm_ceu_chb': 1e-05} -67527.79841653857
x_down: {'t1': 1.73148, 't2': 2.35223, 't3': 95.22138, 'N_anc': 478.78884, 'N_yri': 359.74093, 'N_ooa': 897.45017, 'N_ceu': 299.36255, 'N_chb': 327.84291, 'gr_ceu': 0.00017, 'gr_chb': 6e-05, 'm_yri_ooa': 0.0, 'm_yri_ceu': 1e-05, 'm_yri_chb': 1e-05, 'm_ceu_chb': 1e-05} -67527.79607560174
 
 
x_up: {'t1': 1.73148, 't2': 2.35223, 't3': 95.22138, 'N_anc': 478.78884, 'N_yri': 359.74093, 'N_ooa': 897.45017, 'N_ceu': 299.36255, 'N_chb': 327.84291, 'gr_ceu': 0.00017, 'gr_chb': 6e-05, 'm_yri_ooa': 0.0, 'm_yri_ceu': 1e-05, 'm_yri_chb': 1e-05, 'm_ceu_chb': 1e-05} -67527.79607560174
x: {'t1': 1.73148, 't2': 2.35223, 't3': 95.22138, 'N_anc': 478.78884, 'N_yri': 359.74093, 'N_ooa': 897.45017, 'N_ceu': 299.36255, 'N_chb': 327.84291, 'gr_ceu': 0.00017, 'gr_chb': 6e-05, 'm_yri_ooa': 0.0, 'm_yri_ceu': 1e-05, 'm_yri_chb': 1e-05, 'm_ceu_chb': 1e-05} -67527.79607560174
x_down: {'t1': 1.73148, 't2': 2.35223, 't3': 95.22138, 'N_anc': 478.78884, 'N_yri': 359.74093, 'N_ooa': 897.45017, 'N_ceu': 299.36255, 'N_chb': 327.84291, 'gr_ceu': 0.00017, 'gr_chb': 6e-05, 'm_yri_ooa': 1e-05, 'm_yri_ceu': 1e-05, 'm_yri_chb': 1e-05, 'm_ceu_chb': 1e-05} -67527.79988989011
 
 
x_up: {'t1': 1.73148, 't2': 2.35223, 't3': 95.22138, 'N_anc': 478.78884, 'N_yri': 359.74093, 'N_ooa': 897.45017, 'N_ceu': 299.36255, 'N_chb': 327.84291, 'gr_ceu': 0.00017, 'gr_chb': 6e-05, 'm_yri_ooa': 0.0, 'm_yri_ceu': 0.0, 'm_yri_chb': 1e-05, 'm_ceu_chb': 1e-05} -67527.79607560276
x: {'t1': 1.73148, 't2': 2.35223, 't3': 95.22138, 'N_anc': 478.78884, 'N_yri': 359.74093, 'N_ooa': 897.45017, 'N_ceu': 299.36255, 'N_chb': 327.84291, 'gr_ceu': 0.00017, 'gr_chb': 6e-05, 'm_yri_ooa': 0.0, 'm_yri_ceu': 1e-05, 'm_yri_chb': 1e-05, 'm_ceu_chb': 1e-05} -67527.79607560174
x_down: {'t1': 1.73148, 't2': 2.35223, 't3': 95.22138, 'N_anc': 478.78884, 'N_yri': 359.74093, 'N_ooa': 897.45017, 'N_ceu': 299.36255, 'N_chb': 327.84291, 'gr_ceu': 0.00017, 'gr_chb': 6e-05, 'm_yri_ooa': 0.0, 'm_yri_ceu': 1e-05, 'm_yri_chb': 1e-05, 'm_ceu_chb': 1e-05} -67527.79607560174
 
 
x_up: {'t1': 1.73148, 't2': 2.35223, 't3': 95.22138, 'N_anc': 478.78884, 'N_yri': 359.74093, 'N_ooa': 897.45017, 'N_ceu': 299.36255, 'N_chb': 327.84291, 'gr_ceu': 0.00017, 'gr_chb': 6e-05, 'm_yri_ooa': 0.0, 'm_yri_ceu': 1e-05, 'm_yri_chb': 0.0, 'm_ceu_chb': 1e-05} -67527.7960756032
x: {'t1': 1.73148, 't2': 2.35223, 't3': 95.22138, 'N_anc': 478.78884, 'N_yri': 359.74093, 'N_ooa': 897.45017, 'N_ceu': 299.36255, 'N_chb': 327.84291, 'gr_ceu': 0.00017, 'gr_chb': 6e-05, 'm_yri_ooa': 0.0, 'm_yri_ceu': 1e-05, 'm_yri_chb': 1e-05, 'm_ceu_chb': 1e-05} -67527.79607560174
x_down: {'t1': 1.73148, 't2': 2.35223, 't3': 95.22138, 'N_anc': 478.78884, 'N_yri': 359.74093, 'N_ooa': 897.45017, 'N_ceu': 299.36255, 'N_chb': 327.84291, 'gr_ceu': 0.00017, 'gr_chb': 6e-05, 'm_yri_ooa': 0.0, 'm_yri_ceu': 1e-05, 'm_yri_chb': 1e-05, 'm_ceu_chb': 1e-05} -67527.79607560174
 
 
x_up: {'t1': 1.73148, 't2': 2.35223, 't3': 95.22138, 'N_anc': 478.78884, 'N_yri': 359.74093, 'N_ooa': 897.45017, 'N_ceu': 299.36255, 'N_chb': 327.84291, 'gr_ceu': 0.00017, 'gr_chb': 6e-05, 'm_yri_ooa': 0.0, 'm_yri_ceu': 1e-05, 'm_yri_chb': 1e-05, 'm_ceu_chb': 0.0} -67527.79607560257
x: {'t1': 1.73148, 't2': 2.35223, 't3': 95.22138, 'N_anc': 478.78884, 'N_yri': 359.74093, 'N_ooa': 897.45017, 'N_ceu': 299.36255, 'N_chb': 327.84291, 'gr_ceu': 0.00017, 'gr_chb': 6e-05, 'm_yri_ooa': 0.0, 'm_yri_ceu': 1e-05, 'm_yri_chb': 1e-05, 'm_ceu_chb': 1e-05} -67527.79607560174
x_down: {'t1': 1.73148, 't2': 2.35223, 't3': 95.22138, 'N_anc': 478.78884, 'N_yri': 359.74093, 'N_ooa': 897.45017, 'N_ceu': 299.36255, 'N_chb': 327.84291, 'gr_ceu': 0.00017, 'gr_chb': 6e-05, 'm_yri_ooa': 0.0, 'm_yri_ceu': 1e-05, 'm_yri_chb': 1e-05, 'm_ceu_chb': 1e-05} -67527.79607560174
 
{'t1': 1.73148, 't2': 2.35223, 't3': 95.22138, 'N_anc': 478.78884, 'N_yri': 359.74093, 'N_ooa': 897.45017, 'N_ceu': 299.36255, 'N_chb': 327.84291, 'gr_ceu': 0.00017, 'gr_chb': 6e-05, 'm_yri_ooa': 0.0, 'm_yri_ceu': 1e-05, 'm_yri_chb': 1e-05, 'm_ceu_chb': 1e-05} -67527.79607560174
 
x_up: {'t1': 1.76252, 't2': 2.35223, 't3': 95.22138, 'N_anc': 478.78884, 'N_yri': 359.74093, 'N_ooa': 897.45017, 'N_ceu': 299.36255, 'N_chb': 327.84291, 'gr_ceu': 0.00017, 'gr_chb': 6e-05, 'm_yri_ooa': 0.0, 'm_yri_ceu': 1e-05, 'm_yri_chb': 1e-05, 'm_ceu_chb': 1e-05} -67535.84772055731
x: {'t1': 1.73148, 't2': 2.35223, 't3': 95.22138, 'N_anc': 478.78884, 'N_yri': 359.74093, 'N_ooa': 897.45017, 'N_ceu': 299.36255, 'N_chb': 327.84291, 'gr_ceu': 0.00017, 'gr_chb': 6e-05, 'm_yri_ooa': 0.0, 'm_yri_ceu': 1e-05, 'm_yri_chb': 1e-05, 'm_ceu_chb': 1e-05} -67527.79607560174
x_down: {'t1': 1.70044, 't2': 2.35223, 't3': 95.22138, 'N_anc': 478.78884, 'N_yri': 359.74093, 'N_ooa': 897.45017, 'N_ceu': 299.36255, 'N_chb': 327.84291, 'gr_ceu': 0.00017, 'gr_chb': 6e-05, 'm_yri_ooa': 0.0, 'm_yri_ceu': 1e-05, 'm_yri_chb': 1e-05, 'm_ceu_chb': 1e-05} -67528.36566755422
 
 
x_up: {'t1': 1.73148, 't2': 2.39879, 't3': 95.22138, 'N_anc': 478.78884, 'N_yri': 359.74093, 'N_ooa': 897.45017, 'N_ceu': 299.36255, 'N_chb': 327.84291, 'gr_ceu': 0.00017, 'gr_chb': 6e-05, 'm_yri_ooa': 0.0, 'm_yri_ceu': 1e-05, 'm_yri_chb': 1e-05, 'm_ceu_chb': 1e-05} -67542.67822260161
x: {'t1': 1.73148, 't2': 2.35223, 't3': 95.22138, 'N_anc': 478.78884, 'N_yri': 359.74093, 'N_ooa': 897.45017, 'N_ceu': 299.36255, 'N_chb': 327.84291, 'gr_ceu': 0.00017, 'gr_chb': 6e-05, 'm_yri_ooa': 0.0, 'm_yri_ceu': 1e-05, 'm_yri_chb': 1e-05, 'm_ceu_chb': 1e-05} -67527.79607560174
x_down: {'t1': 1.73148, 't2': 2.30567, 't3': 95.22138, 'N_anc': 478.78884, 'N_yri': 359.74093, 'N_ooa': 897.45017, 'N_ceu': 299.36255, 'N_chb': 327.84291, 'gr_ceu': 0.00017, 'gr_chb': 6e-05, 'm_yri_ooa': 0.0, 'm_yri_ceu': 1e-05, 'm_yri_chb': 1e-05, 'm_ceu_chb': 1e-05} -67548.4332781849
 
 
x_up: {'t1': 1.73148, 't2': 2.35223, 't3': 99.86484, 'N_anc': 478.78884, 'N_yri': 359.74093, 'N_ooa': 897.45017, 'N_ceu': 299.36255, 'N_chb': 327.84291, 'gr_ceu': 0.00017, 'gr_chb': 6e-05, 'm_yri_ooa': 0.0, 'm_yri_ceu': 1e-05, 'm_yri_chb': 1e-05, 'm_ceu_chb': 1e-05} -67530.06203861072
x: {'t1': 1.73148, 't2': 2.35223, 't3': 95.22138, 'N_anc': 478.78884, 'N_yri': 359.74093, 'N_ooa': 897.45017, 'N_ceu': 299.36255, 'N_chb': 327.84291, 'gr_ceu': 0.00017, 'gr_chb': 6e-05, 'm_yri_ooa': 0.0, 'm_yri_ceu': 1e-05, 'm_yri_chb': 1e-05, 'm_ceu_chb': 1e-05} -67527.79607560174
x_down: {'t1': 1.73148, 't2': 2.35223, 't3': 90.57792, 'N_anc': 478.78884, 'N_yri': 359.74093, 'N_ooa': 897.45017, 'N_ceu': 299.36255, 'N_chb': 327.84291, 'gr_ceu': 0.00017, 'gr_chb': 6e-05, 'm_yri_ooa': 0.0, 'm_yri_ceu': 1e-05, 'm_yri_chb': 1e-05, 'm_ceu_chb': 1e-05} -67533.9727709525
 
 
x_up: {'t1': 1.73148, 't2': 2.35223, 't3': 95.22138, 'N_anc': 507.198, 'N_yri': 359.74093, 'N_ooa': 897.45017, 'N_ceu': 299.36255, 'N_chb': 327.84291, 'gr_ceu': 0.00017, 'gr_chb': 6e-05, 'm_yri_ooa': 0.0, 'm_yri_ceu': 1e-05, 'm_yri_chb': 1e-05, 'm_ceu_chb': 1e-05} -67527.95144257124
x: {'t1': 1.73148, 't2': 2.35223, 't3': 95.22138, 'N_anc': 478.78884, 'N_yri': 359.74093, 'N_ooa': 897.45017, 'N_ceu': 299.36255, 'N_chb': 327.84291, 'gr_ceu': 0.00017, 'gr_chb': 6e-05, 'm_yri_ooa': 0.0, 'm_yri_ceu': 1e-05, 'm_yri_chb': 1e-05, 'm_ceu_chb': 1e-05} -67527.79607560174
x_down: {'t1': 1.73148, 't2': 2.35223, 't3': 95.22138, 'N_anc': 450.37968, 'N_yri': 359.74093, 'N_ooa': 897.45017, 'N_ceu': 299.36255, 'N_chb': 327.84291, 'gr_ceu': 0.00017, 'gr_chb': 6e-05, 'm_yri_ooa': 0.0, 'm_yri_ceu': 1e-05, 'm_yri_chb': 1e-05, 'm_ceu_chb': 1e-05} -67528.32141869071
 
 
x_up: {'t1': 1.73148, 't2': 2.35223, 't3': 95.22138, 'N_anc': 478.78884, 'N_yri': 379.2215, 'N_ooa': 897.45017, 'N_ceu': 299.36255, 'N_chb': 327.84291, 'gr_ceu': 0.00017, 'gr_chb': 6e-05, 'm_yri_ooa': 0.0, 'm_yri_ceu': 1e-05, 'm_yri_chb': 1e-05, 'm_ceu_chb': 1e-05} -67529.1506976519
x: {'t1': 1.73148, 't2': 2.35223, 't3': 95.22138, 'N_anc': 478.78884, 'N_yri': 359.74093, 'N_ooa': 897.45017, 'N_ceu': 299.36255, 'N_chb': 327.84291, 'gr_ceu': 0.00017, 'gr_chb': 6e-05, 'm_yri_ooa': 0.0, 'm_yri_ceu': 1e-05, 'm_yri_chb': 1e-05, 'm_ceu_chb': 1e-05} -67527.79607560174
x_down: {'t1': 1.73148, 't2': 2.35223, 't3': 95.22138, 'N_anc': 478.78884, 'N_yri': 340.26036, 'N_ooa': 897.45017, 'N_ceu': 299.36255, 'N_chb': 327.84291, 'gr_ceu': 0.00017, 'gr_chb': 6e-05, 'm_yri_ooa': 0.0, 'm_yri_ceu': 1e-05, 'm_yri_chb': 1e-05, 'm_ceu_chb': 1e-05} -67534.93508297783
 
 
x_up: {'t1': 1.73148, 't2': 2.35223, 't3': 95.22138, 'N_anc': 478.78884, 'N_yri': 359.74093, 'N_ooa': 937.32268, 'N_ceu': 299.36255, 'N_chb': 327.84291, 'gr_ceu': 0.00017, 'gr_chb': 6e-05, 'm_yri_ooa': 0.0, 'm_yri_ceu': 1e-05, 'm_yri_chb': 1e-05, 'm_ceu_chb': 1e-05} -67533.80138246289
x: {'t1': 1.73148, 't2': 2.35223, 't3': 95.22138, 'N_anc': 478.78884, 'N_yri': 359.74093, 'N_ooa': 897.45017, 'N_ceu': 299.36255, 'N_chb': 327.84291, 'gr_ceu': 0.00017, 'gr_chb': 6e-05, 'm_yri_ooa': 0.0, 'm_yri_ceu': 1e-05, 'm_yri_chb': 1e-05, 'm_ceu_chb': 1e-05} -67527.79607560174
x_down: {'t1': 1.73148, 't2': 2.35223, 't3': 95.22138, 'N_anc': 478.78884, 'N_yri': 359.74093, 'N_ooa': 857.57766, 'N_ceu': 299.36255, 'N_chb': 327.84291, 'gr_ceu': 0.00017, 'gr_chb': 6e-05, 'm_yri_ooa': 0.0, 'm_yri_ceu': 1e-05, 'm_yri_chb': 1e-05, 'm_ceu_chb': 1e-05} -67532.56105407947
 
 
x_up: {'t1': 1.73148, 't2': 2.35223, 't3': 95.22138, 'N_anc': 478.78884, 'N_yri': 359.74093, 'N_ooa': 897.45017, 'N_ceu': 309.33068, 'N_chb': 327.84291, 'gr_ceu': 0.00017, 'gr_chb': 6e-05, 'm_yri_ooa': 0.0, 'm_yri_ceu': 1e-05, 'm_yri_chb': 1e-05, 'm_ceu_chb': 1e-05} -67527.92801877984
x: {'t1': 1.73148, 't2': 2.35223, 't3': 95.22138, 'N_anc': 478.78884, 'N_yri': 359.74093, 'N_ooa': 897.45017, 'N_ceu': 299.36255, 'N_chb': 327.84291, 'gr_ceu': 0.00017, 'gr_chb': 6e-05, 'm_yri_ooa': 0.0, 'm_yri_ceu': 1e-05, 'm_yri_chb': 1e-05, 'm_ceu_chb': 1e-05} -67527.79607560174
x_down: {'t1': 1.73148, 't2': 2.35223, 't3': 95.22138, 'N_anc': 478.78884, 'N_yri': 359.74093, 'N_ooa': 897.45017, 'N_ceu': 289.39442, 'N_chb': 327.84291, 'gr_ceu': 0.00017, 'gr_chb': 6e-05, 'm_yri_ooa': 0.0, 'm_yri_ceu': 1e-05, 'm_yri_chb': 1e-05, 'm_ceu_chb': 1e-05} -67528.78384733114
 
 
x_up: {'t1': 1.73148, 't2': 2.35223, 't3': 95.22138, 'N_anc': 478.78884, 'N_yri': 359.74093, 'N_ooa': 897.45017, 'N_ceu': 299.36255, 'N_chb': 339.23506, 'gr_ceu': 0.00017, 'gr_chb': 6e-05, 'm_yri_ooa': 0.0, 'm_yri_ceu': 1e-05, 'm_yri_chb': 1e-05, 'm_ceu_chb': 1e-05} -67527.90306575719
x: {'t1': 1.73148, 't2': 2.35223, 't3': 95.22138, 'N_anc': 478.78884, 'N_yri': 359.74093, 'N_ooa': 897.45017, 'N_ceu': 299.36255, 'N_chb': 327.84291, 'gr_ceu': 0.00017, 'gr_chb': 6e-05, 'm_yri_ooa': 0.0, 'm_yri_ceu': 1e-05, 'm_yri_chb': 1e-05, 'm_ceu_chb': 1e-05} -67527.79607560174
x_down: {'t1': 1.73148, 't2': 2.35223, 't3': 95.22138, 'N_anc': 478.78884, 'N_yri': 359.74093, 'N_ooa': 897.45017, 'N_ceu': 299.36255, 'N_chb': 316.45076, 'gr_ceu': 0.00017, 'gr_chb': 6e-05, 'm_yri_ooa': 0.0, 'm_yri_ceu': 1e-05, 'm_yri_chb': 1e-05, 'm_ceu_chb': 1e-05} -67528.80565611884
 
 
x_up: {'t1': 1.73148, 't2': 2.35223, 't3': 95.22138, 'N_anc': 478.78884, 'N_yri': 359.74093, 'N_ooa': 897.45017, 'N_ceu': 299.36255, 'N_chb': 327.84291, 'gr_ceu': 0.00026, 'gr_chb': 6e-05, 'm_yri_ooa': 0.0, 'm_yri_ceu': 1e-05, 'm_yri_chb': 1e-05, 'm_ceu_chb': 1e-05} -67527.79953897378
x: {'t1': 1.73148, 't2': 2.35223, 't3': 95.22138, 'N_anc': 478.78884, 'N_yri': 359.74093, 'N_ooa': 897.45017, 'N_ceu': 299.36255, 'N_chb': 327.84291, 'gr_ceu': 0.00017, 'gr_chb': 6e-05, 'm_yri_ooa': 0.0, 'm_yri_ceu': 1e-05, 'm_yri_chb': 1e-05, 'm_ceu_chb': 1e-05} -67527.79607560174
x_down: {'t1': 1.73148, 't2': 2.35223, 't3': 95.22138, 'N_anc': 478.78884, 'N_yri': 359.74093, 'N_ooa': 897.45017, 'N_ceu': 299.36255, 'N_chb': 327.84291, 'gr_ceu': 9e-05, 'gr_chb': 6e-05, 'm_yri_ooa': 0.0, 'm_yri_ceu': 1e-05, 'm_yri_chb': 1e-05, 'm_ceu_chb': 1e-05} -67527.79300584826
 
 
x_up: {'t1': 1.73148, 't2': 2.35223, 't3': 95.22138, 'N_anc': 478.78884, 'N_yri': 359.74093, 'N_ooa': 897.45017, 'N_ceu': 299.36255, 'N_chb': 327.84291, 'gr_ceu': 9e-05, 'gr_chb': 9e-05, 'm_yri_ooa': 0.0, 'm_yri_ceu': 1e-05, 'm_yri_chb': 1e-05, 'm_ceu_chb': 1e-05} -67527.79417404154
x: {'t1': 1.73148, 't2': 2.35223, 't3': 95.22138, 'N_anc': 478.78884, 'N_yri': 359.74093, 'N_ooa': 897.45017, 'N_ceu': 299.36255, 'N_chb': 327.84291, 'gr_ceu': 9e-05, 'gr_chb': 6e-05, 'm_yri_ooa': 0.0, 'm_yri_ceu': 1e-05, 'm_yri_chb': 1e-05, 'm_ceu_chb': 1e-05} -67527.79300584826
x_down: {'t1': 1.73148, 't2': 2.35223, 't3': 95.22138, 'N_anc': 478.78884, 'N_yri': 359.74093, 'N_ooa': 897.45017, 'N_ceu': 299.36255, 'N_chb': 327.84291, 'gr_ceu': 9e-05, 'gr_chb': 3e-05, 'm_yri_ooa': 0.0, 'm_yri_ceu': 1e-05, 'm_yri_chb': 1e-05, 'm_ceu_chb': 1e-05} -67527.79183870164
 
 
x_up: {'t1': 1.73148, 't2': 2.35223, 't3': 95.22138, 'N_anc': 478.78884, 'N_yri': 359.74093, 'N_ooa': 897.45017, 'N_ceu': 299.36255, 'N_chb': 327.84291, 'gr_ceu': 9e-05, 'gr_chb': 3e-05, 'm_yri_ooa': 0.0, 'm_yri_ceu': 1e-05, 'm_yri_chb': 1e-05, 'm_ceu_chb': 1e-05} -67527.79183870164
x: {'t1': 1.73148, 't2': 2.35223, 't3': 95.22138, 'N_anc': 478.78884, 'N_yri': 359.74093, 'N_ooa': 897.45017, 'N_ceu': 299.36255, 'N_chb': 327.84291, 'gr_ceu': 9e-05, 'gr_chb': 3e-05, 'm_yri_ooa': 0.0, 'm_yri_ceu': 1e-05, 'm_yri_chb': 1e-05, 'm_ceu_chb': 1e-05} -67527.79183870164
x_down: {'t1': 1.73148, 't2': 2.35223, 't3': 95.22138, 'N_anc': 478.78884, 'N_yri': 359.74093, 'N_ooa': 897.45017, 'N_ceu': 299.36255, 'N_chb': 327.84291, 'gr_ceu': 9e-05, 'gr_chb': 3e-05, 'm_yri_ooa': 1e-05, 'm_yri_ceu': 1e-05, 'm_yri_chb': 1e-05, 'm_ceu_chb': 1e-05} -67527.7956526946
 
 
x_up: {'t1': 1.73148, 't2': 2.35223, 't3': 95.22138, 'N_anc': 478.78884, 'N_yri': 359.74093, 'N_ooa': 897.45017, 'N_ceu': 299.36255, 'N_chb': 327.84291, 'gr_ceu': 9e-05, 'gr_chb': 3e-05, 'm_yri_ooa': 0.0, 'm_yri_ceu': 0.0, 'm_yri_chb': 1e-05, 'm_ceu_chb': 1e-05} -67527.79183870295
x: {'t1': 1.73148, 't2': 2.35223, 't3': 95.22138, 'N_anc': 478.78884, 'N_yri': 359.74093, 'N_ooa': 897.45017, 'N_ceu': 299.36255, 'N_chb': 327.84291, 'gr_ceu': 9e-05, 'gr_chb': 3e-05, 'm_yri_ooa': 0.0, 'm_yri_ceu': 1e-05, 'm_yri_chb': 1e-05, 'm_ceu_chb': 1e-05} -67527.79183870164
x_down: {'t1': 1.73148, 't2': 2.35223, 't3': 95.22138, 'N_anc': 478.78884, 'N_yri': 359.74093, 'N_ooa': 897.45017, 'N_ceu': 299.36255, 'N_chb': 327.84291, 'gr_ceu': 9e-05, 'gr_chb': 3e-05, 'm_yri_ooa': 0.0, 'm_yri_ceu': 1e-05, 'm_yri_chb': 1e-05, 'm_ceu_chb': 1e-05} -67527.79183870164
 
 
x_up: {'t1': 1.73148, 't2': 2.35223, 't3': 95.22138, 'N_anc': 478.78884, 'N_yri': 359.74093, 'N_ooa': 897.45017, 'N_ceu': 299.36255, 'N_chb': 327.84291, 'gr_ceu': 9e-05, 'gr_chb': 3e-05, 'm_yri_ooa': 0.0, 'm_yri_ceu': 1e-05, 'm_yri_chb': 0.0, 'm_ceu_chb': 1e-05} -67527.7918387037
x: {'t1': 1.73148, 't2': 2.35223, 't3': 95.22138, 'N_anc': 478.78884, 'N_yri': 359.74093, 'N_ooa': 897.45017, 'N_ceu': 299.36255, 'N_chb': 327.84291, 'gr_ceu': 9e-05, 'gr_chb': 3e-05, 'm_yri_ooa': 0.0, 'm_yri_ceu': 1e-05, 'm_yri_chb': 1e-05, 'm_ceu_chb': 1e-05} -67527.79183870164
x_down: {'t1': 1.73148, 't2': 2.35223, 't3': 95.22138, 'N_anc': 478.78884, 'N_yri': 359.74093, 'N_ooa': 897.45017, 'N_ceu': 299.36255, 'N_chb': 327.84291, 'gr_ceu': 9e-05, 'gr_chb': 3e-05, 'm_yri_ooa': 0.0, 'm_yri_ceu': 1e-05, 'm_yri_chb': 1e-05, 'm_ceu_chb': 1e-05} -67527.79183870164
 
 
x_up: {'t1': 1.73148, 't2': 2.35223, 't3': 95.22138, 'N_anc': 478.78884, 'N_yri': 359.74093, 'N_ooa': 897.45017, 'N_ceu': 299.36255, 'N_chb': 327.84291, 'gr_ceu': 9e-05, 'gr_chb': 3e-05, 'm_yri_ooa': 0.0, 'm_yri_ceu': 1e-05, 'm_yri_chb': 1e-05, 'm_ceu_chb': 0.0} -67527.79183870234
x: {'t1': 1.73148, 't2': 2.35223, 't3': 95.22138, 'N_anc': 478.78884, 'N_yri': 359.74093, 'N_ooa': 897.45017, 'N_ceu': 299.36255, 'N_chb': 327.84291, 'gr_ceu': 9e-05, 'gr_chb': 3e-05, 'm_yri_ooa': 0.0, 'm_yri_ceu': 1e-05, 'm_yri_chb': 1e-05, 'm_ceu_chb': 1e-05} -67527.79183870164
x_down: {'t1': 1.73148, 't2': 2.35223, 't3': 95.22138, 'N_anc': 478.78884, 'N_yri': 359.74093, 'N_ooa': 897.45017, 'N_ceu': 299.36255, 'N_chb': 327.84291, 'gr_ceu': 9e-05, 'gr_chb': 3e-05, 'm_yri_ooa': 0.0, 'm_yri_ceu': 1e-05, 'm_yri_chb': 1e-05, 'm_ceu_chb': 1e-05} -67527.79183870164
 
{'t1': 1.73148, 't2': 2.35223, 't3': 95.22138, 'N_anc': 478.78884, 'N_yri': 359.74093, 'N_ooa': 897.45017, 'N_ceu': 299.36255, 'N_chb': 327.84291, 'gr_ceu': 9e-05, 'gr_chb': 3e-05, 'm_yri_ooa': 0.0, 'm_yri_ceu': 1e-05, 'm_yri_chb': 1e-05, 'm_ceu_chb': 1e-05} -67527.79183870164
 
x_up: {'t1': 1.76252, 't2': 2.35223, 't3': 95.22138, 'N_anc': 478.78884, 'N_yri': 359.74093, 'N_ooa': 897.45017, 'N_ceu': 299.36255, 'N_chb': 327.84291, 'gr_ceu': 9e-05, 'gr_chb': 3e-05, 'm_yri_ooa': 0.0, 'm_yri_ceu': 1e-05, 'm_yri_chb': 1e-05, 'm_ceu_chb': 1e-05} -67535.84315224024
x: {'t1': 1.73148, 't2': 2.35223, 't3': 95.22138, 'N_anc': 478.78884, 'N_yri': 359.74093, 'N_ooa': 897.45017, 'N_ceu': 299.36255, 'N_chb': 327.84291, 'gr_ceu': 9e-05, 'gr_chb': 3e-05, 'm_yri_ooa': 0.0, 'm_yri_ceu': 1e-05, 'm_yri_chb': 1e-05, 'm_ceu_chb': 1e-05} -67527.79183870164
x_down: {'t1': 1.70044, 't2': 2.35223, 't3': 95.22138, 'N_anc': 478.78884, 'N_yri': 359.74093, 'N_ooa': 897.45017, 'N_ceu': 299.36255, 'N_chb': 327.84291, 'gr_ceu': 9e-05, 'gr_chb': 3e-05, 'm_yri_ooa': 0.0, 'm_yri_ceu': 1e-05, 'm_yri_chb': 1e-05, 'm_ceu_chb': 1e-05} -67528.36147028297
 
 
x_up: {'t1': 1.73148, 't2': 2.38327, 't3': 95.22138, 'N_anc': 478.78884, 'N_yri': 359.74093, 'N_ooa': 897.45017, 'N_ceu': 299.36255, 'N_chb': 327.84291, 'gr_ceu': 9e-05, 'gr_chb': 3e-05, 'm_yri_ooa': 0.0, 'm_yri_ceu': 1e-05, 'm_yri_chb': 1e-05, 'm_ceu_chb': 1e-05} -67535.18332790269
x: {'t1': 1.73148, 't2': 2.35223, 't3': 95.22138, 'N_anc': 478.78884, 'N_yri': 359.74093, 'N_ooa': 897.45017, 'N_ceu': 299.36255, 'N_chb': 327.84291, 'gr_ceu': 9e-05, 'gr_chb': 3e-05, 'm_yri_ooa': 0.0, 'm_yri_ceu': 1e-05, 'm_yri_chb': 1e-05, 'm_ceu_chb': 1e-05} -67527.79183870164
x_down: {'t1': 1.73148, 't2': 2.32119, 't3': 95.22138, 'N_anc': 478.78884, 'N_yri': 359.74093, 'N_ooa': 897.45017, 'N_ceu': 299.36255, 'N_chb': 327.84291, 'gr_ceu': 9e-05, 'gr_chb': 3e-05, 'm_yri_ooa': 0.0, 'm_yri_ceu': 1e-05, 'm_yri_chb': 1e-05, 'm_ceu_chb': 1e-05} -67543.03690642159
 
 
x_up: {'t1': 1.73148, 't2': 2.35223, 't3': 99.86484, 'N_anc': 478.78884, 'N_yri': 359.74093, 'N_ooa': 897.45017, 'N_ceu': 299.36255, 'N_chb': 327.84291, 'gr_ceu': 9e-05, 'gr_chb': 3e-05, 'm_yri_ooa': 0.0, 'm_yri_ceu': 1e-05, 'm_yri_chb': 1e-05, 'm_ceu_chb': 1e-05} -67530.05780171063
x: {'t1': 1.73148, 't2': 2.35223, 't3': 95.22138, 'N_anc': 478.78884, 'N_yri': 359.74093, 'N_ooa': 897.45017, 'N_ceu': 299.36255, 'N_chb': 327.84291, 'gr_ceu': 9e-05, 'gr_chb': 3e-05, 'm_yri_ooa': 0.0, 'm_yri_ceu': 1e-05, 'm_yri_chb': 1e-05, 'm_ceu_chb': 1e-05} -67527.79183870164
x_down: {'t1': 1.73148, 't2': 2.35223, 't3': 90.57792, 'N_anc': 478.78884, 'N_yri': 359.74093, 'N_ooa': 897.45017, 'N_ceu': 299.36255, 'N_chb': 327.84291, 'gr_ceu': 9e-05, 'gr_chb': 3e-05, 'm_yri_ooa': 0.0, 'm_yri_ceu': 1e-05, 'm_yri_chb': 1e-05, 'm_ceu_chb': 1e-05} -67533.9685340524
 
 
x_up: {'t1': 1.73148, 't2': 2.35223, 't3': 95.22138, 'N_anc': 497.72828, 'N_yri': 359.74093, 'N_ooa': 897.45017, 'N_ceu': 299.36255, 'N_chb': 327.84291, 'gr_ceu': 9e-05, 'gr_chb': 3e-05, 'm_yri_ooa': 0.0, 'm_yri_ceu': 1e-05, 'm_yri_chb': 1e-05, 'm_ceu_chb': 1e-05} -67527.82925450894
x: {'t1': 1.73148, 't2': 2.35223, 't3': 95.22138, 'N_anc': 478.78884, 'N_yri': 359.74093, 'N_ooa': 897.45017, 'N_ceu': 299.36255, 'N_chb': 327.84291, 'gr_ceu': 9e-05, 'gr_chb': 3e-05, 'm_yri_ooa': 0.0, 'm_yri_ceu': 1e-05, 'm_yri_chb': 1e-05, 'm_ceu_chb': 1e-05} -67527.79183870164
x_down: {'t1': 1.73148, 't2': 2.35223, 't3': 95.22138, 'N_anc': 459.8494, 'N_yri': 359.74093, 'N_ooa': 897.45017, 'N_ceu': 299.36255, 'N_chb': 327.84291, 'gr_ceu': 9e-05, 'gr_chb': 3e-05, 'm_yri_ooa': 0.0, 'm_yri_ceu': 1e-05, 'm_yri_chb': 1e-05, 'm_ceu_chb': 1e-05} -67528.05608092526
 
 
x_up: {'t1': 1.73148, 't2': 2.35223, 't3': 95.22138, 'N_anc': 478.78884, 'N_yri': 372.72798, 'N_ooa': 897.45017, 'N_ceu': 299.36255, 'N_chb': 327.84291, 'gr_ceu': 9e-05, 'gr_chb': 3e-05, 'm_yri_ooa': 0.0, 'm_yri_ceu': 1e-05, 'm_yri_chb': 1e-05, 'm_ceu_chb': 1e-05} -67529.8695689769
x: {'t1': 1.73148, 't2': 2.35223, 't3': 95.22138, 'N_anc': 478.78884, 'N_yri': 359.74093, 'N_ooa': 897.45017, 'N_ceu': 299.36255, 'N_chb': 327.84291, 'gr_ceu': 9e-05, 'gr_chb': 3e-05, 'm_yri_ooa': 0.0, 'm_yri_ceu': 1e-05, 'm_yri_chb': 1e-05, 'm_ceu_chb': 1e-05} -67527.79183870164
x_down: {'t1': 1.73148, 't2': 2.35223, 't3': 95.22138, 'N_anc': 478.78884, 'N_yri': 346.75388, 'N_ooa': 897.45017, 'N_ceu': 299.36255, 'N_chb': 327.84291, 'gr_ceu': 9e-05, 'gr_chb': 3e-05, 'm_yri_ooa': 0.0, 'm_yri_ceu': 1e-05, 'm_yri_chb': 1e-05, 'm_ceu_chb': 1e-05} -67532.60453055262
 
 
x_up: {'t1': 1.73148, 't2': 2.35223, 't3': 95.22138, 'N_anc': 478.78884, 'N_yri': 359.74093, 'N_ooa': 937.32268, 'N_ceu': 299.36255, 'N_chb': 327.84291, 'gr_ceu': 9e-05, 'gr_chb': 3e-05, 'm_yri_ooa': 0.0, 'm_yri_ceu': 1e-05, 'm_yri_chb': 1e-05, 'm_ceu_chb': 1e-05} -67533.79677917762
x: {'t1': 1.73148, 't2': 2.35223, 't3': 95.22138, 'N_anc': 478.78884, 'N_yri': 359.74093, 'N_ooa': 897.45017, 'N_ceu': 299.36255, 'N_chb': 327.84291, 'gr_ceu': 9e-05, 'gr_chb': 3e-05, 'm_yri_ooa': 0.0, 'm_yri_ceu': 1e-05, 'm_yri_chb': 1e-05, 'm_ceu_chb': 1e-05} -67527.79183870164
x_down: {'t1': 1.73148, 't2': 2.35223, 't3': 95.22138, 'N_anc': 478.78884, 'N_yri': 359.74093, 'N_ooa': 857.57766, 'N_ceu': 299.36255, 'N_chb': 327.84291, 'gr_ceu': 9e-05, 'gr_chb': 3e-05, 'm_yri_ooa': 0.0, 'm_yri_ceu': 1e-05, 'm_yri_chb': 1e-05, 'm_ceu_chb': 1e-05} -67532.55639513975
 
 
x_up: {'t1': 1.73148, 't2': 2.35223, 't3': 95.22138, 'N_anc': 478.78884, 'N_yri': 359.74093, 'N_ooa': 897.45017, 'N_ceu': 309.33068, 'N_chb': 327.84291, 'gr_ceu': 9e-05, 'gr_chb': 3e-05, 'm_yri_ooa': 0.0, 'm_yri_ceu': 1e-05, 'm_yri_chb': 1e-05, 'm_ceu_chb': 1e-05} -67527.92058193983
x: {'t1': 1.73148, 't2': 2.35223, 't3': 95.22138, 'N_anc': 478.78884, 'N_yri': 359.74093, 'N_ooa': 897.45017, 'N_ceu': 299.36255, 'N_chb': 327.84291, 'gr_ceu': 9e-05, 'gr_chb': 3e-05, 'm_yri_ooa': 0.0, 'm_yri_ceu': 1e-05, 'm_yri_chb': 1e-05, 'm_ceu_chb': 1e-05} -67527.79183870164
x_down: {'t1': 1.73148, 't2': 2.35223, 't3': 95.22138, 'N_anc': 478.78884, 'N_yri': 359.74093, 'N_ooa': 897.45017, 'N_ceu': 289.39442, 'N_chb': 327.84291, 'gr_ceu': 9e-05, 'gr_chb': 3e-05, 'm_yri_ooa': 0.0, 'm_yri_ceu': 1e-05, 'm_yri_chb': 1e-05, 'm_ceu_chb': 1e-05} -67528.78307298628
 
 
x_up: {'t1': 1.73148, 't2': 2.35223, 't3': 95.22138, 'N_anc': 478.78884, 'N_yri': 359.74093, 'N_ooa': 897.45017, 'N_ceu': 299.36255, 'N_chb': 339.23506, 'gr_ceu': 9e-05, 'gr_chb': 3e-05, 'm_yri_ooa': 0.0, 'm_yri_ceu': 1e-05, 'm_yri_chb': 1e-05, 'm_ceu_chb': 1e-05} -67527.89640320877
x: {'t1': 1.73148, 't2': 2.35223, 't3': 95.22138, 'N_anc': 478.78884, 'N_yri': 359.74093, 'N_ooa': 897.45017, 'N_ceu': 299.36255, 'N_chb': 327.84291, 'gr_ceu': 9e-05, 'gr_chb': 3e-05, 'm_yri_ooa': 0.0, 'm_yri_ceu': 1e-05, 'm_yri_chb': 1e-05, 'm_ceu_chb': 1e-05} -67527.79183870164
x_down: {'t1': 1.73148, 't2': 2.35223, 't3': 95.22138, 'N_anc': 478.78884, 'N_yri': 359.74093, 'N_ooa': 897.45017, 'N_ceu': 299.36255, 'N_chb': 316.45076, 'gr_ceu': 9e-05, 'gr_chb': 3e-05, 'm_yri_ooa': 0.0, 'm_yri_ceu': 1e-05, 'm_yri_chb': 1e-05, 'm_ceu_chb': 1e-05} -67528.80407727894
 
 
x_up: {'t1': 1.73148, 't2': 2.35223, 't3': 95.22138, 'N_anc': 478.78884, 'N_yri': 359.74093, 'N_ooa': 897.45017, 'N_ceu': 299.36255, 'N_chb': 327.84291, 'gr_ceu': 0.00014, 'gr_chb': 3e-05, 'm_yri_ooa': 0.0, 'm_yri_ceu': 1e-05, 'm_yri_chb': 1e-05, 'm_ceu_chb': 1e-05} -67527.79375523521
x: {'t1': 1.73148, 't2': 2.35223, 't3': 95.22138, 'N_anc': 478.78884, 'N_yri': 359.74093, 'N_ooa': 897.45017, 'N_ceu': 299.36255, 'N_chb': 327.84291, 'gr_ceu': 9e-05, 'gr_chb': 3e-05, 'm_yri_ooa': 0.0, 'm_yri_ceu': 1e-05, 'm_yri_chb': 1e-05, 'm_ceu_chb': 1e-05} -67527.79183870164
x_down: {'t1': 1.73148, 't2': 2.35223, 't3': 95.22138, 'N_anc': 478.78884, 'N_yri': 359.74093, 'N_ooa': 897.45017, 'N_ceu': 299.36255, 'N_chb': 327.84291, 'gr_ceu': 5e-05, 'gr_chb': 3e-05, 'm_yri_ooa': 0.0, 'm_yri_ceu': 1e-05, 'm_yri_chb': 1e-05, 'm_ceu_chb': 1e-05} -67527.7903077516
 
 
x_up: {'t1': 1.73148, 't2': 2.35223, 't3': 95.22138, 'N_anc': 478.78884, 'N_yri': 359.74093, 'N_ooa': 897.45017, 'N_ceu': 299.36255, 'N_chb': 327.84291, 'gr_ceu': 5e-05, 'gr_chb': 5e-05, 'm_yri_ooa': 0.0, 'm_yri_ceu': 1e-05, 'm_yri_chb': 1e-05, 'm_ceu_chb': 1e-05} -67527.79108516479
x: {'t1': 1.73148, 't2': 2.35223, 't3': 95.22138, 'N_anc': 478.78884, 'N_yri': 359.74093, 'N_ooa': 897.45017, 'N_ceu': 299.36255, 'N_chb': 327.84291, 'gr_ceu': 5e-05, 'gr_chb': 3e-05, 'm_yri_ooa': 0.0, 'm_yri_ceu': 1e-05, 'm_yri_chb': 1e-05, 'm_ceu_chb': 1e-05} -67527.7903077516
x_down: {'t1': 1.73148, 't2': 2.35223, 't3': 95.22138, 'N_anc': 478.78884, 'N_yri': 359.74093, 'N_ooa': 897.45017, 'N_ceu': 299.36255, 'N_chb': 327.84291, 'gr_ceu': 5e-05, 'gr_chb': 2e-05, 'm_yri_ooa': 0.0, 'm_yri_ceu': 1e-05, 'm_yri_chb': 1e-05, 'm_ceu_chb': 1e-05} -67527.78991921405
 
 
x_up: {'t1': 1.73148, 't2': 2.35223, 't3': 95.22138, 'N_anc': 478.78884, 'N_yri': 359.74093, 'N_ooa': 897.45017, 'N_ceu': 299.36255, 'N_chb': 327.84291, 'gr_ceu': 5e-05, 'gr_chb': 2e-05, 'm_yri_ooa': 0.0, 'm_yri_ceu': 1e-05, 'm_yri_chb': 1e-05, 'm_ceu_chb': 1e-05} -67527.78991921405
x: {'t1': 1.73148, 't2': 2.35223, 't3': 95.22138, 'N_anc': 478.78884, 'N_yri': 359.74093, 'N_ooa': 897.45017, 'N_ceu': 299.36255, 'N_chb': 327.84291, 'gr_ceu': 5e-05, 'gr_chb': 2e-05, 'm_yri_ooa': 0.0, 'm_yri_ceu': 1e-05, 'm_yri_chb': 1e-05, 'm_ceu_chb': 1e-05} -67527.78991921405
x_down: {'t1': 1.73148, 't2': 2.35223, 't3': 95.22138, 'N_anc': 478.78884, 'N_yri': 359.74093, 'N_ooa': 897.45017, 'N_ceu': 299.36255, 'N_chb': 327.84291, 'gr_ceu': 5e-05, 'gr_chb': 2e-05, 'm_yri_ooa': 1e-05, 'm_yri_ceu': 1e-05, 'm_yri_chb': 1e-05, 'm_ceu_chb': 1e-05} -67527.79373303519
 
 
x_up: {'t1': 1.73148, 't2': 2.35223, 't3': 95.22138, 'N_anc': 478.78884, 'N_yri': 359.74093, 'N_ooa': 897.45017, 'N_ceu': 299.36255, 'N_chb': 327.84291, 'gr_ceu': 5e-05, 'gr_chb': 2e-05, 'm_yri_ooa': 0.0, 'm_yri_ceu': 0.0, 'm_yri_chb': 1e-05, 'm_ceu_chb': 1e-05} -67527.78991921601
x: {'t1': 1.73148, 't2': 2.35223, 't3': 95.22138, 'N_anc': 478.78884, 'N_yri': 359.74093, 'N_ooa': 897.45017, 'N_ceu': 299.36255, 'N_chb': 327.84291, 'gr_ceu': 5e-05, 'gr_chb': 2e-05, 'm_yri_ooa': 0.0, 'm_yri_ceu': 1e-05, 'm_yri_chb': 1e-05, 'm_ceu_chb': 1e-05} -67527.78991921405
x_down: {'t1': 1.73148, 't2': 2.35223, 't3': 95.22138, 'N_anc': 478.78884, 'N_yri': 359.74093, 'N_ooa': 897.45017, 'N_ceu': 299.36255, 'N_chb': 327.84291, 'gr_ceu': 5e-05, 'gr_chb': 2e-05, 'm_yri_ooa': 0.0, 'm_yri_ceu': 1e-05, 'm_yri_chb': 1e-05, 'm_ceu_chb': 1e-05} -67527.78991921405
 
 
x_up: {'t1': 1.73148, 't2': 2.35223, 't3': 95.22138, 'N_anc': 478.78884, 'N_yri': 359.74093, 'N_ooa': 897.45017, 'N_ceu': 299.36255, 'N_chb': 327.84291, 'gr_ceu': 5e-05, 'gr_chb': 2e-05, 'm_yri_ooa': 0.0, 'm_yri_ceu': 1e-05, 'm_yri_chb': 0.0, 'm_ceu_chb': 1e-05} -67527.78991921523
x: {'t1': 1.73148, 't2': 2.35223, 't3': 95.22138, 'N_anc': 478.78884, 'N_yri': 359.74093, 'N_ooa': 897.45017, 'N_ceu': 299.36255, 'N_chb': 327.84291, 'gr_ceu': 5e-05, 'gr_chb': 2e-05, 'm_yri_ooa': 0.0, 'm_yri_ceu': 1e-05, 'm_yri_chb': 1e-05, 'm_ceu_chb': 1e-05} -67527.78991921405
x_down: {'t1': 1.73148, 't2': 2.35223, 't3': 95.22138, 'N_anc': 478.78884, 'N_yri': 359.74093, 'N_ooa': 897.45017, 'N_ceu': 299.36255, 'N_chb': 327.84291, 'gr_ceu': 5e-05, 'gr_chb': 2e-05, 'm_yri_ooa': 0.0, 'm_yri_ceu': 1e-05, 'm_yri_chb': 1e-05, 'm_ceu_chb': 1e-05} -67527.78991921405
 
 
x_up: {'t1': 1.73148, 't2': 2.35223, 't3': 95.22138, 'N_anc': 478.78884, 'N_yri': 359.74093, 'N_ooa': 897.45017, 'N_ceu': 299.36255, 'N_chb': 327.84291, 'gr_ceu': 5e-05, 'gr_chb': 2e-05, 'm_yri_ooa': 0.0, 'm_yri_ceu': 1e-05, 'm_yri_chb': 1e-05, 'm_ceu_chb': 0.0} -67527.78991921472
x: {'t1': 1.73148, 't2': 2.35223, 't3': 95.22138, 'N_anc': 478.78884, 'N_yri': 359.74093, 'N_ooa': 897.45017, 'N_ceu': 299.36255, 'N_chb': 327.84291, 'gr_ceu': 5e-05, 'gr_chb': 2e-05, 'm_yri_ooa': 0.0, 'm_yri_ceu': 1e-05, 'm_yri_chb': 1e-05, 'm_ceu_chb': 1e-05} -67527.78991921405
x_down: {'t1': 1.73148, 't2': 2.35223, 't3': 95.22138, 'N_anc': 478.78884, 'N_yri': 359.74093, 'N_ooa': 897.45017, 'N_ceu': 299.36255, 'N_chb': 327.84291, 'gr_ceu': 5e-05, 'gr_chb': 2e-05, 'm_yri_ooa': 0.0, 'm_yri_ceu': 1e-05, 'm_yri_chb': 1e-05, 'm_ceu_chb': 1e-05} -67527.78991921405
 
{'t1': 1.73148, 't2': 2.35223, 't3': 95.22138, 'N_anc': 478.78884, 'N_yri': 359.74093, 'N_ooa': 897.45017, 'N_ceu': 299.36255, 'N_chb': 327.84291, 'gr_ceu': 5e-05, 'gr_chb': 2e-05, 'm_yri_ooa': 0.0, 'm_yri_ceu': 1e-05, 'm_yri_chb': 1e-05, 'm_ceu_chb': 1e-05} -67527.78991921405
 
x_up: {'t1': 1.76252, 't2': 2.35223, 't3': 95.22138, 'N_anc': 478.78884, 'N_yri': 359.74093, 'N_ooa': 897.45017, 'N_ceu': 299.36255, 'N_chb': 327.84291, 'gr_ceu': 5e-05, 'gr_chb': 2e-05, 'm_yri_ooa': 0.0, 'm_yri_ceu': 1e-05, 'm_yri_chb': 1e-05, 'm_ceu_chb': 1e-05} -67535.84109969238
x: {'t1': 1.73148, 't2': 2.35223, 't3': 95.22138, 'N_anc': 478.78884, 'N_yri': 359.74093, 'N_ooa': 897.45017, 'N_ceu': 299.36255, 'N_chb': 327.84291, 'gr_ceu': 5e-05, 'gr_chb': 2e-05, 'm_yri_ooa': 0.0, 'm_yri_ceu': 1e-05, 'm_yri_chb': 1e-05, 'm_ceu_chb': 1e-05} -67527.78991921405
x_down: {'t1': 1.70044, 't2': 2.35223, 't3': 95.22138, 'N_anc': 478.78884, 'N_yri': 359.74093, 'N_ooa': 897.45017, 'N_ceu': 299.36255, 'N_chb': 327.84291, 'gr_ceu': 5e-05, 'gr_chb': 2e-05, 'm_yri_ooa': 0.0, 'm_yri_ceu': 1e-05, 'm_yri_chb': 1e-05, 'm_ceu_chb': 1e-05} -67528.35946571012
 
 
x_up: {'t1': 1.73148, 't2': 2.38327, 't3': 95.22138, 'N_anc': 478.78884, 'N_yri': 359.74093, 'N_ooa': 897.45017, 'N_ceu': 299.36255, 'N_chb': 327.84291, 'gr_ceu': 5e-05, 'gr_chb': 2e-05, 'm_yri_ooa': 0.0, 'm_yri_ceu': 1e-05, 'm_yri_chb': 1e-05, 'm_ceu_chb': 1e-05} -67535.18151705191
x: {'t1': 1.73148, 't2': 2.35223, 't3': 95.22138, 'N_anc': 478.78884, 'N_yri': 359.74093, 'N_ooa': 897.45017, 'N_ceu': 299.36255, 'N_chb': 327.84291, 'gr_ceu': 5e-05, 'gr_chb': 2e-05, 'm_yri_ooa': 0.0, 'm_yri_ceu': 1e-05, 'm_yri_chb': 1e-05, 'm_ceu_chb': 1e-05} -67527.78991921405
x_down: {'t1': 1.73148, 't2': 2.32119, 't3': 95.22138, 'N_anc': 478.78884, 'N_yri': 359.74093, 'N_ooa': 897.45017, 'N_ceu': 299.36255, 'N_chb': 327.84291, 'gr_ceu': 5e-05, 'gr_chb': 2e-05, 'm_yri_ooa': 0.0, 'm_yri_ceu': 1e-05, 'm_yri_chb': 1e-05, 'm_ceu_chb': 1e-05} -67543.03554971587
 
 
x_up: {'t1': 1.73148, 't2': 2.35223, 't3': 99.86484, 'N_anc': 478.78884, 'N_yri': 359.74093, 'N_ooa': 897.45017, 'N_ceu': 299.36255, 'N_chb': 327.84291, 'gr_ceu': 5e-05, 'gr_chb': 2e-05, 'm_yri_ooa': 0.0, 'm_yri_ceu': 1e-05, 'm_yri_chb': 1e-05, 'm_ceu_chb': 1e-05} -67530.05588222302
x: {'t1': 1.73148, 't2': 2.35223, 't3': 95.22138, 'N_anc': 478.78884, 'N_yri': 359.74093, 'N_ooa': 897.45017, 'N_ceu': 299.36255, 'N_chb': 327.84291, 'gr_ceu': 5e-05, 'gr_chb': 2e-05, 'm_yri_ooa': 0.0, 'm_yri_ceu': 1e-05, 'm_yri_chb': 1e-05, 'm_ceu_chb': 1e-05} -67527.78991921405
x_down: {'t1': 1.73148, 't2': 2.35223, 't3': 90.57792, 'N_anc': 478.78884, 'N_yri': 359.74093, 'N_ooa': 897.45017, 'N_ceu': 299.36255, 'N_chb': 327.84291, 'gr_ceu': 5e-05, 'gr_chb': 2e-05, 'm_yri_ooa': 0.0, 'm_yri_ceu': 1e-05, 'm_yri_chb': 1e-05, 'm_ceu_chb': 1e-05} -67533.96661456481
 
 
x_up: {'t1': 1.73148, 't2': 2.35223, 't3': 95.22138, 'N_anc': 497.72828, 'N_yri': 359.74093, 'N_ooa': 897.45017, 'N_ceu': 299.36255, 'N_chb': 327.84291, 'gr_ceu': 5e-05, 'gr_chb': 2e-05, 'm_yri_ooa': 0.0, 'm_yri_ceu': 1e-05, 'm_yri_chb': 1e-05, 'm_ceu_chb': 1e-05} -67527.82733502134
x: {'t1': 1.73148, 't2': 2.35223, 't3': 95.22138, 'N_anc': 478.78884, 'N_yri': 359.74093, 'N_ooa': 897.45017, 'N_ceu': 299.36255, 'N_chb': 327.84291, 'gr_ceu': 5e-05, 'gr_chb': 2e-05, 'm_yri_ooa': 0.0, 'm_yri_ceu': 1e-05, 'm_yri_chb': 1e-05, 'm_ceu_chb': 1e-05} -67527.78991921405
x_down: {'t1': 1.73148, 't2': 2.35223, 't3': 95.22138, 'N_anc': 459.8494, 'N_yri': 359.74093, 'N_ooa': 897.45017, 'N_ceu': 299.36255, 'N_chb': 327.84291, 'gr_ceu': 5e-05, 'gr_chb': 2e-05, 'm_yri_ooa': 0.0, 'm_yri_ceu': 1e-05, 'm_yri_chb': 1e-05, 'm_ceu_chb': 1e-05} -67528.05416143764
 
 
x_up: {'t1': 1.73148, 't2': 2.35223, 't3': 95.22138, 'N_anc': 478.78884, 'N_yri': 372.72798, 'N_ooa': 897.45017, 'N_ceu': 299.36255, 'N_chb': 327.84291, 'gr_ceu': 5e-05, 'gr_chb': 2e-05, 'm_yri_ooa': 0.0, 'm_yri_ceu': 1e-05, 'm_yri_chb': 1e-05, 'm_ceu_chb': 1e-05} -67529.86784460269
x: {'t1': 1.73148, 't2': 2.35223, 't3': 95.22138, 'N_anc': 478.78884, 'N_yri': 359.74093, 'N_ooa': 897.45017, 'N_ceu': 299.36255, 'N_chb': 327.84291, 'gr_ceu': 5e-05, 'gr_chb': 2e-05, 'm_yri_ooa': 0.0, 'm_yri_ceu': 1e-05, 'm_yri_chb': 1e-05, 'm_ceu_chb': 1e-05} -67527.78991921405
x_down: {'t1': 1.73148, 't2': 2.35223, 't3': 95.22138, 'N_anc': 478.78884, 'N_yri': 346.75388, 'N_ooa': 897.45017, 'N_ceu': 299.36255, 'N_chb': 327.84291, 'gr_ceu': 5e-05, 'gr_chb': 2e-05, 'm_yri_ooa': 0.0, 'm_yri_ceu': 1e-05, 'm_yri_chb': 1e-05, 'm_ceu_chb': 1e-05} -67532.60219223471
 
 
x_up: {'t1': 1.73148, 't2': 2.35223, 't3': 95.22138, 'N_anc': 478.78884, 'N_yri': 359.74093, 'N_ooa': 937.32268, 'N_ceu': 299.36255, 'N_chb': 327.84291, 'gr_ceu': 5e-05, 'gr_chb': 2e-05, 'm_yri_ooa': 0.0, 'm_yri_ceu': 1e-05, 'm_yri_chb': 1e-05, 'm_ceu_chb': 1e-05} -67533.79478703185
x: {'t1': 1.73148, 't2': 2.35223, 't3': 95.22138, 'N_anc': 478.78884, 'N_yri': 359.74093, 'N_ooa': 897.45017, 'N_ceu': 299.36255, 'N_chb': 327.84291, 'gr_ceu': 5e-05, 'gr_chb': 2e-05, 'm_yri_ooa': 0.0, 'm_yri_ceu': 1e-05, 'm_yri_chb': 1e-05, 'm_ceu_chb': 1e-05} -67527.78991921405
x_down: {'t1': 1.73148, 't2': 2.35223, 't3': 95.22138, 'N_anc': 478.78884, 'N_yri': 359.74093, 'N_ooa': 857.57766, 'N_ceu': 299.36255, 'N_chb': 327.84291, 'gr_ceu': 5e-05, 'gr_chb': 2e-05, 'm_yri_ooa': 0.0, 'm_yri_ceu': 1e-05, 'm_yri_chb': 1e-05, 'm_ceu_chb': 1e-05} -67532.5541867208
 
 
x_up: {'t1': 1.73148, 't2': 2.35223, 't3': 95.22138, 'N_anc': 478.78884, 'N_yri': 359.74093, 'N_ooa': 897.45017, 'N_ceu': 309.33068, 'N_chb': 327.84291, 'gr_ceu': 5e-05, 'gr_chb': 2e-05, 'm_yri_ooa': 0.0, 'm_yri_ceu': 1e-05, 'm_yri_chb': 1e-05, 'm_ceu_chb': 1e-05} -67527.91715991205
x: {'t1': 1.73148, 't2': 2.35223, 't3': 95.22138, 'N_anc': 478.78884, 'N_yri': 359.74093, 'N_ooa': 897.45017, 'N_ceu': 299.36255, 'N_chb': 327.84291, 'gr_ceu': 5e-05, 'gr_chb': 2e-05, 'm_yri_ooa': 0.0, 'm_yri_ceu': 1e-05, 'm_yri_chb': 1e-05, 'm_ceu_chb': 1e-05} -67527.78991921405
x_down: {'t1': 1.73148, 't2': 2.35223, 't3': 95.22138, 'N_anc': 478.78884, 'N_yri': 359.74093, 'N_ooa': 897.45017, 'N_ceu': 289.39442, 'N_chb': 327.84291, 'gr_ceu': 5e-05, 'gr_chb': 2e-05, 'm_yri_ooa': 0.0, 'm_yri_ceu': 1e-05, 'm_yri_chb': 1e-05, 'm_ceu_chb': 1e-05} -67528.78278817683
 
 
x_up: {'t1': 1.73148, 't2': 2.35223, 't3': 95.22138, 'N_anc': 478.78884, 'N_yri': 359.74093, 'N_ooa': 897.45017, 'N_ceu': 299.36255, 'N_chb': 339.23506, 'gr_ceu': 5e-05, 'gr_chb': 2e-05, 'm_yri_ooa': 0.0, 'm_yri_ceu': 1e-05, 'm_yri_chb': 1e-05, 'm_ceu_chb': 1e-05} -67527.8934299844
x: {'t1': 1.73148, 't2': 2.35223, 't3': 95.22138, 'N_anc': 478.78884, 'N_yri': 359.74093, 'N_ooa': 897.45017, 'N_ceu': 299.36255, 'N_chb': 327.84291, 'gr_ceu': 5e-05, 'gr_chb': 2e-05, 'm_yri_ooa': 0.0, 'm_yri_ceu': 1e-05, 'm_yri_chb': 1e-05, 'm_ceu_chb': 1e-05} -67527.78991921405
x_down: {'t1': 1.73148, 't2': 2.35223, 't3': 95.22138, 'N_anc': 478.78884, 'N_yri': 359.74093, 'N_ooa': 897.45017, 'N_ceu': 299.36255, 'N_chb': 316.45076, 'gr_ceu': 5e-05, 'gr_chb': 2e-05, 'm_yri_ooa': 0.0, 'm_yri_ceu': 1e-05, 'm_yri_chb': 1e-05, 'm_ceu_chb': 1e-05} -67528.80332336269
 
 
x_up: {'t1': 1.73148, 't2': 2.35223, 't3': 95.22138, 'N_anc': 478.78884, 'N_yri': 359.74093, 'N_ooa': 897.45017, 'N_ceu': 299.36255, 'N_chb': 327.84291, 'gr_ceu': 8e-05, 'gr_chb': 2e-05, 'm_yri_ooa': 0.0, 'm_yri_ceu': 1e-05, 'm_yri_chb': 1e-05, 'm_ceu_chb': 1e-05} -67527.79106702271
x: {'t1': 1.73148, 't2': 2.35223, 't3': 95.22138, 'N_anc': 478.78884, 'N_yri': 359.74093, 'N_ooa': 897.45017, 'N_ceu': 299.36255, 'N_chb': 327.84291, 'gr_ceu': 5e-05, 'gr_chb': 2e-05, 'm_yri_ooa': 0.0, 'm_yri_ceu': 1e-05, 'm_yri_chb': 1e-05, 'm_ceu_chb': 1e-05} -67527.78991921405
x_down: {'t1': 1.73148, 't2': 2.35223, 't3': 95.22138, 'N_anc': 478.78884, 'N_yri': 359.74093, 'N_ooa': 897.45017, 'N_ceu': 299.36255, 'N_chb': 327.84291, 'gr_ceu': 3e-05, 'gr_chb': 2e-05, 'm_yri_ooa': 0.0, 'm_yri_ceu': 1e-05, 'm_yri_chb': 1e-05, 'm_ceu_chb': 1e-05} -67527.78915466332
 
 
x_up: {'t1': 1.73148, 't2': 2.35223, 't3': 95.22138, 'N_anc': 478.78884, 'N_yri': 359.74093, 'N_ooa': 897.45017, 'N_ceu': 299.36255, 'N_chb': 327.84291, 'gr_ceu': 3e-05, 'gr_chb': 3e-05, 'm_yri_ooa': 0.0, 'm_yri_ceu': 1e-05, 'm_yri_chb': 1e-05, 'm_ceu_chb': 1e-05} -67527.78954304924
x: {'t1': 1.73148, 't2': 2.35223, 't3': 95.22138, 'N_anc': 478.78884, 'N_yri': 359.74093, 'N_ooa': 897.45017, 'N_ceu': 299.36255, 'N_chb': 327.84291, 'gr_ceu': 3e-05, 'gr_chb': 2e-05, 'm_yri_ooa': 0.0, 'm_yri_ceu': 1e-05, 'm_yri_chb': 1e-05, 'm_ceu_chb': 1e-05} -67527.78915466332
x_down: {'t1': 1.73148, 't2': 2.35223, 't3': 95.22138, 'N_anc': 478.78884, 'N_yri': 359.74093, 'N_ooa': 897.45017, 'N_ceu': 299.36255, 'N_chb': 327.84291, 'gr_ceu': 3e-05, 'gr_chb': 1e-05, 'm_yri_ooa': 0.0, 'm_yri_ceu': 1e-05, 'm_yri_chb': 1e-05, 'm_ceu_chb': 1e-05} -67527.78876638874
 
 
x_up: {'t1': 1.73148, 't2': 2.35223, 't3': 95.22138, 'N_anc': 478.78884, 'N_yri': 359.74093, 'N_ooa': 897.45017, 'N_ceu': 299.36255, 'N_chb': 327.84291, 'gr_ceu': 3e-05, 'gr_chb': 1e-05, 'm_yri_ooa': 0.0, 'm_yri_ceu': 1e-05, 'm_yri_chb': 1e-05, 'm_ceu_chb': 1e-05} -67527.78876638874
x: {'t1': 1.73148, 't2': 2.35223, 't3': 95.22138, 'N_anc': 478.78884, 'N_yri': 359.74093, 'N_ooa': 897.45017, 'N_ceu': 299.36255, 'N_chb': 327.84291, 'gr_ceu': 3e-05, 'gr_chb': 1e-05, 'm_yri_ooa': 0.0, 'm_yri_ceu': 1e-05, 'm_yri_chb': 1e-05, 'm_ceu_chb': 1e-05} -67527.78876638874
x_down: {'t1': 1.73148, 't2': 2.35223, 't3': 95.22138, 'N_anc': 478.78884, 'N_yri': 359.74093, 'N_ooa': 897.45017, 'N_ceu': 299.36255, 'N_chb': 327.84291, 'gr_ceu': 3e-05, 'gr_chb': 1e-05, 'm_yri_ooa': 1e-05, 'm_yri_ceu': 1e-05, 'm_yri_chb': 1e-05, 'm_ceu_chb': 1e-05} -67527.79258014214
 
 
x_up: {'t1': 1.73148, 't2': 2.35223, 't3': 95.22138, 'N_anc': 478.78884, 'N_yri': 359.74093, 'N_ooa': 897.45017, 'N_ceu': 299.36255, 'N_chb': 327.84291, 'gr_ceu': 3e-05, 'gr_chb': 1e-05, 'm_yri_ooa': 0.0, 'm_yri_ceu': 0.0, 'm_yri_chb': 1e-05, 'm_ceu_chb': 1e-05} -67527.78876639028
x: {'t1': 1.73148, 't2': 2.35223, 't3': 95.22138, 'N_anc': 478.78884, 'N_yri': 359.74093, 'N_ooa': 897.45017, 'N_ceu': 299.36255, 'N_chb': 327.84291, 'gr_ceu': 3e-05, 'gr_chb': 1e-05, 'm_yri_ooa': 0.0, 'm_yri_ceu': 1e-05, 'm_yri_chb': 1e-05, 'm_ceu_chb': 1e-05} -67527.78876638874
x_down: {'t1': 1.73148, 't2': 2.35223, 't3': 95.22138, 'N_anc': 478.78884, 'N_yri': 359.74093, 'N_ooa': 897.45017, 'N_ceu': 299.36255, 'N_chb': 327.84291, 'gr_ceu': 3e-05, 'gr_chb': 1e-05, 'm_yri_ooa': 0.0, 'm_yri_ceu': 1e-05, 'm_yri_chb': 1e-05, 'm_ceu_chb': 1e-05} -67527.78876638874
 
 
x_up: {'t1': 1.73148, 't2': 2.35223, 't3': 95.22138, 'N_anc': 478.78884, 'N_yri': 359.74093, 'N_ooa': 897.45017, 'N_ceu': 299.36255, 'N_chb': 327.84291, 'gr_ceu': 3e-05, 'gr_chb': 1e-05, 'm_yri_ooa': 0.0, 'm_yri_ceu': 1e-05, 'm_yri_chb': 0.0, 'm_ceu_chb': 1e-05} -67527.78876638968
x: {'t1': 1.73148, 't2': 2.35223, 't3': 95.22138, 'N_anc': 478.78884, 'N_yri': 359.74093, 'N_ooa': 897.45017, 'N_ceu': 299.36255, 'N_chb': 327.84291, 'gr_ceu': 3e-05, 'gr_chb': 1e-05, 'm_yri_ooa': 0.0, 'm_yri_ceu': 1e-05, 'm_yri_chb': 1e-05, 'm_ceu_chb': 1e-05} -67527.78876638874
x_down: {'t1': 1.73148, 't2': 2.35223, 't3': 95.22138, 'N_anc': 478.78884, 'N_yri': 359.74093, 'N_ooa': 897.45017, 'N_ceu': 299.36255, 'N_chb': 327.84291, 'gr_ceu': 3e-05, 'gr_chb': 1e-05, 'm_yri_ooa': 0.0, 'm_yri_ceu': 1e-05, 'm_yri_chb': 1e-05, 'm_ceu_chb': 1e-05} -67527.78876638874
 
 
x_up: {'t1': 1.73148, 't2': 2.35223, 't3': 95.22138, 'N_anc': 478.78884, 'N_yri': 359.74093, 'N_ooa': 897.45017, 'N_ceu': 299.36255, 'N_chb': 327.84291, 'gr_ceu': 3e-05, 'gr_chb': 1e-05, 'm_yri_ooa': 0.0, 'm_yri_ceu': 1e-05, 'm_yri_chb': 1e-05, 'm_ceu_chb': 0.0} -67527.78876638957
x: {'t1': 1.73148, 't2': 2.35223, 't3': 95.22138, 'N_anc': 478.78884, 'N_yri': 359.74093, 'N_ooa': 897.45017, 'N_ceu': 299.36255, 'N_chb': 327.84291, 'gr_ceu': 3e-05, 'gr_chb': 1e-05, 'm_yri_ooa': 0.0, 'm_yri_ceu': 1e-05, 'm_yri_chb': 1e-05, 'm_ceu_chb': 1e-05} -67527.78876638874
x_down: {'t1': 1.73148, 't2': 2.35223, 't3': 95.22138, 'N_anc': 478.78884, 'N_yri': 359.74093, 'N_ooa': 897.45017, 'N_ceu': 299.36255, 'N_chb': 327.84291, 'gr_ceu': 3e-05, 'gr_chb': 1e-05, 'm_yri_ooa': 0.0, 'm_yri_ceu': 1e-05, 'm_yri_chb': 1e-05, 'm_ceu_chb': 1e-05} -67527.78876638874
 
{'t1': 1.73148, 't2': 2.35223, 't3': 95.22138, 'N_anc': 478.78884, 'N_yri': 359.74093, 'N_ooa': 897.45017, 'N_ceu': 299.36255, 'N_chb': 327.84291, 'gr_ceu': 3e-05, 'gr_chb': 1e-05, 'm_yri_ooa': 0.0, 'm_yri_ceu': 1e-05, 'm_yri_chb': 1e-05, 'm_ceu_chb': 1e-05} -67527.78876638874
 
x_up: {'t1': 1.76252, 't2': 2.35223, 't3': 95.22138, 'N_anc': 478.78884, 'N_yri': 359.74093, 'N_ooa': 897.45017, 'N_ceu': 299.36255, 'N_chb': 327.84291, 'gr_ceu': 3e-05, 'gr_chb': 1e-05, 'm_yri_ooa': 0.0, 'm_yri_ceu': 1e-05, 'm_yri_chb': 1e-05, 'm_ceu_chb': 1e-05} -67535.83984705654
x: {'t1': 1.73148, 't2': 2.35223, 't3': 95.22138, 'N_anc': 478.78884, 'N_yri': 359.74093, 'N_ooa': 897.45017, 'N_ceu': 299.36255, 'N_chb': 327.84291, 'gr_ceu': 3e-05, 'gr_chb': 1e-05, 'm_yri_ooa': 0.0, 'm_yri_ceu': 1e-05, 'm_yri_chb': 1e-05, 'm_ceu_chb': 1e-05} -67527.78876638874
x_down: {'t1': 1.70044, 't2': 2.35223, 't3': 95.22138, 'N_anc': 478.78884, 'N_yri': 359.74093, 'N_ooa': 897.45017, 'N_ceu': 299.36255, 'N_chb': 327.84291, 'gr_ceu': 3e-05, 'gr_chb': 1e-05, 'm_yri_ooa': 0.0, 'm_yri_ceu': 1e-05, 'm_yri_chb': 1e-05, 'm_ceu_chb': 1e-05} -67528.35837467649
 
 
x_up: {'t1': 1.73148, 't2': 2.38327, 't3': 95.22138, 'N_anc': 478.78884, 'N_yri': 359.74093, 'N_ooa': 897.45017, 'N_ceu': 299.36255, 'N_chb': 327.84291, 'gr_ceu': 3e-05, 'gr_chb': 1e-05, 'm_yri_ooa': 0.0, 'm_yri_ceu': 1e-05, 'm_yri_chb': 1e-05, 'm_ceu_chb': 1e-05} -67535.18047442452
x: {'t1': 1.73148, 't2': 2.35223, 't3': 95.22138, 'N_anc': 478.78884, 'N_yri': 359.74093, 'N_ooa': 897.45017, 'N_ceu': 299.36255, 'N_chb': 327.84291, 'gr_ceu': 3e-05, 'gr_chb': 1e-05, 'm_yri_ooa': 0.0, 'm_yri_ceu': 1e-05, 'm_yri_chb': 1e-05, 'm_ceu_chb': 1e-05} -67527.78876638874
x_down: {'t1': 1.73148, 't2': 2.32119, 't3': 95.22138, 'N_anc': 478.78884, 'N_yri': 359.74093, 'N_ooa': 897.45017, 'N_ceu': 299.36255, 'N_chb': 327.84291, 'gr_ceu': 3e-05, 'gr_chb': 1e-05, 'm_yri_ooa': 0.0, 'm_yri_ceu': 1e-05, 'm_yri_chb': 1e-05, 'm_ceu_chb': 1e-05} -67543.03457693443
 
 
x_up: {'t1': 1.73148, 't2': 2.35223, 't3': 99.86484, 'N_anc': 478.78884, 'N_yri': 359.74093, 'N_ooa': 897.45017, 'N_ceu': 299.36255, 'N_chb': 327.84291, 'gr_ceu': 3e-05, 'gr_chb': 1e-05, 'm_yri_ooa': 0.0, 'm_yri_ceu': 1e-05, 'm_yri_chb': 1e-05, 'm_ceu_chb': 1e-05} -67530.05472939771
x: {'t1': 1.73148, 't2': 2.35223, 't3': 95.22138, 'N_anc': 478.78884, 'N_yri': 359.74093, 'N_ooa': 897.45017, 'N_ceu': 299.36255, 'N_chb': 327.84291, 'gr_ceu': 3e-05, 'gr_chb': 1e-05, 'm_yri_ooa': 0.0, 'm_yri_ceu': 1e-05, 'm_yri_chb': 1e-05, 'm_ceu_chb': 1e-05} -67527.78876638874
x_down: {'t1': 1.73148, 't2': 2.35223, 't3': 90.57792, 'N_anc': 478.78884, 'N_yri': 359.74093, 'N_ooa': 897.45017, 'N_ceu': 299.36255, 'N_chb': 327.84291, 'gr_ceu': 3e-05, 'gr_chb': 1e-05, 'm_yri_ooa': 0.0, 'm_yri_ceu': 1e-05, 'm_yri_chb': 1e-05, 'm_ceu_chb': 1e-05} -67533.9654617395
 
 
x_up: {'t1': 1.73148, 't2': 2.35223, 't3': 95.22138, 'N_anc': 497.72828, 'N_yri': 359.74093, 'N_ooa': 897.45017, 'N_ceu': 299.36255, 'N_chb': 327.84291, 'gr_ceu': 3e-05, 'gr_chb': 1e-05, 'm_yri_ooa': 0.0, 'm_yri_ceu': 1e-05, 'm_yri_chb': 1e-05, 'm_ceu_chb': 1e-05} -67527.82618219603
x: {'t1': 1.73148, 't2': 2.35223, 't3': 95.22138, 'N_anc': 478.78884, 'N_yri': 359.74093, 'N_ooa': 897.45017, 'N_ceu': 299.36255, 'N_chb': 327.84291, 'gr_ceu': 3e-05, 'gr_chb': 1e-05, 'm_yri_ooa': 0.0, 'm_yri_ceu': 1e-05, 'm_yri_chb': 1e-05, 'm_ceu_chb': 1e-05} -67527.78876638874
x_down: {'t1': 1.73148, 't2': 2.35223, 't3': 95.22138, 'N_anc': 459.8494, 'N_yri': 359.74093, 'N_ooa': 897.45017, 'N_ceu': 299.36255, 'N_chb': 327.84291, 'gr_ceu': 3e-05, 'gr_chb': 1e-05, 'm_yri_ooa': 0.0, 'm_yri_ceu': 1e-05, 'm_yri_chb': 1e-05, 'm_ceu_chb': 1e-05} -67528.05300861236
 
 
x_up: {'t1': 1.73148, 't2': 2.35223, 't3': 95.22138, 'N_anc': 478.78884, 'N_yri': 372.72798, 'N_ooa': 897.45017, 'N_ceu': 299.36255, 'N_chb': 327.84291, 'gr_ceu': 3e-05, 'gr_chb': 1e-05, 'm_yri_ooa': 0.0, 'm_yri_ceu': 1e-05, 'm_yri_chb': 1e-05, 'm_ceu_chb': 1e-05} -67529.8666157349
x: {'t1': 1.73148, 't2': 2.35223, 't3': 95.22138, 'N_anc': 478.78884, 'N_yri': 359.74093, 'N_ooa': 897.45017, 'N_ceu': 299.36255, 'N_chb': 327.84291, 'gr_ceu': 3e-05, 'gr_chb': 1e-05, 'm_yri_ooa': 0.0, 'm_yri_ceu': 1e-05, 'm_yri_chb': 1e-05, 'm_ceu_chb': 1e-05} -67527.78876638874
x_down: {'t1': 1.73148, 't2': 2.35223, 't3': 95.22138, 'N_anc': 478.78884, 'N_yri': 346.75388, 'N_ooa': 897.45017, 'N_ceu': 299.36255, 'N_chb': 327.84291, 'gr_ceu': 3e-05, 'gr_chb': 1e-05, 'm_yri_ooa': 0.0, 'm_yri_ceu': 1e-05, 'm_yri_chb': 1e-05, 'm_ceu_chb': 1e-05} -67532.60082549822
 
 
x_up: {'t1': 1.73148, 't2': 2.35223, 't3': 95.22138, 'N_anc': 478.78884, 'N_yri': 359.74093, 'N_ooa': 937.32268, 'N_ceu': 299.36255, 'N_chb': 327.84291, 'gr_ceu': 3e-05, 'gr_chb': 1e-05, 'm_yri_ooa': 0.0, 'm_yri_ceu': 1e-05, 'm_yri_chb': 1e-05, 'm_ceu_chb': 1e-05} -67533.79348684443
x: {'t1': 1.73148, 't2': 2.35223, 't3': 95.22138, 'N_anc': 478.78884, 'N_yri': 359.74093, 'N_ooa': 897.45017, 'N_ceu': 299.36255, 'N_chb': 327.84291, 'gr_ceu': 3e-05, 'gr_chb': 1e-05, 'm_yri_ooa': 0.0, 'm_yri_ceu': 1e-05, 'm_yri_chb': 1e-05, 'm_ceu_chb': 1e-05} -67527.78876638874
x_down: {'t1': 1.73148, 't2': 2.35223, 't3': 95.22138, 'N_anc': 478.78884, 'N_yri': 359.74093, 'N_ooa': 857.57766, 'N_ceu': 299.36255, 'N_chb': 327.84291, 'gr_ceu': 3e-05, 'gr_chb': 1e-05, 'm_yri_ooa': 0.0, 'm_yri_ceu': 1e-05, 'm_yri_chb': 1e-05, 'm_ceu_chb': 1e-05} -67532.5529669117
 
 
x_up: {'t1': 1.73148, 't2': 2.35223, 't3': 95.22138, 'N_anc': 478.78884, 'N_yri': 359.74093, 'N_ooa': 897.45017, 'N_ceu': 309.33068, 'N_chb': 327.84291, 'gr_ceu': 3e-05, 'gr_chb': 1e-05, 'm_yri_ooa': 0.0, 'm_yri_ceu': 1e-05, 'm_yri_chb': 1e-05, 'm_ceu_chb': 1e-05} -67527.9151581626
x: {'t1': 1.73148, 't2': 2.35223, 't3': 95.22138, 'N_anc': 478.78884, 'N_yri': 359.74093, 'N_ooa': 897.45017, 'N_ceu': 299.36255, 'N_chb': 327.84291, 'gr_ceu': 3e-05, 'gr_chb': 1e-05, 'm_yri_ooa': 0.0, 'm_yri_ceu': 1e-05, 'm_yri_chb': 1e-05, 'm_ceu_chb': 1e-05} -67527.78876638874
x_down: {'t1': 1.73148, 't2': 2.35223, 't3': 95.22138, 'N_anc': 478.78884, 'N_yri': 359.74093, 'N_ooa': 897.45017, 'N_ceu': 289.39442, 'N_chb': 327.84291, 'gr_ceu': 3e-05, 'gr_chb': 1e-05, 'm_yri_ooa': 0.0, 'm_yri_ceu': 1e-05, 'm_yri_chb': 1e-05, 'm_ceu_chb': 1e-05} -67528.78254950332
 
 
x_up: {'t1': 1.73148, 't2': 2.35223, 't3': 95.22138, 'N_anc': 478.78884, 'N_yri': 359.74093, 'N_ooa': 897.45017, 'N_ceu': 299.36255, 'N_chb': 339.23506, 'gr_ceu': 3e-05, 'gr_chb': 1e-05, 'm_yri_ooa': 0.0, 'm_yri_ceu': 1e-05, 'm_yri_chb': 1e-05, 'm_ceu_chb': 1e-05} -67527.8915911233
x: {'t1': 1.73148, 't2': 2.35223, 't3': 95.22138, 'N_anc': 478.78884, 'N_yri': 359.74093, 'N_ooa': 897.45017, 'N_ceu': 299.36255, 'N_chb': 327.84291, 'gr_ceu': 3e-05, 'gr_chb': 1e-05, 'm_yri_ooa': 0.0, 'm_yri_ceu': 1e-05, 'm_yri_chb': 1e-05, 'm_ceu_chb': 1e-05} -67527.78876638874
x_down: {'t1': 1.73148, 't2': 2.35223, 't3': 95.22138, 'N_anc': 478.78884, 'N_yri': 359.74093, 'N_ooa': 897.45017, 'N_ceu': 299.36255, 'N_chb': 316.45076, 'gr_ceu': 3e-05, 'gr_chb': 1e-05, 'm_yri_ooa': 0.0, 'm_yri_ceu': 1e-05, 'm_yri_chb': 1e-05, 'm_ceu_chb': 1e-05} -67528.80291685656
 
 
x_up: {'t1': 1.73148, 't2': 2.35223, 't3': 95.22138, 'N_anc': 478.78884, 'N_yri': 359.74093, 'N_ooa': 897.45017, 'N_ceu': 299.36255, 'N_chb': 327.84291, 'gr_ceu': 5e-05, 'gr_chb': 1e-05, 'm_yri_ooa': 0.0, 'm_yri_ceu': 1e-05, 'm_yri_chb': 1e-05, 'm_ceu_chb': 1e-05} -67527.78953079431
x: {'t1': 1.73148, 't2': 2.35223, 't3': 95.22138, 'N_anc': 478.78884, 'N_yri': 359.74093, 'N_ooa': 897.45017, 'N_ceu': 299.36255, 'N_chb': 327.84291, 'gr_ceu': 3e-05, 'gr_chb': 1e-05, 'm_yri_ooa': 0.0, 'm_yri_ceu': 1e-05, 'm_yri_chb': 1e-05, 'm_ceu_chb': 1e-05} -67527.78876638874
x_down: {'t1': 1.73148, 't2': 2.35223, 't3': 95.22138, 'N_anc': 478.78884, 'N_yri': 359.74093, 'N_ooa': 897.45017, 'N_ceu': 299.36255, 'N_chb': 327.84291, 'gr_ceu': 2e-05, 'gr_chb': 1e-05, 'm_yri_ooa': 0.0, 'm_yri_ceu': 1e-05, 'm_yri_chb': 1e-05, 'm_ceu_chb': 1e-05} -67527.78838435984
 
 
x_up: {'t1': 1.73148, 't2': 2.35223, 't3': 95.22138, 'N_anc': 478.78884, 'N_yri': 359.74093, 'N_ooa': 897.45017, 'N_ceu': 299.36255, 'N_chb': 327.84291, 'gr_ceu': 2e-05, 'gr_chb': 2e-05, 'm_yri_ooa': 0.0, 'm_yri_ceu': 1e-05, 'm_yri_chb': 1e-05, 'm_ceu_chb': 1e-05} -67527.78877256613
x: {'t1': 1.73148, 't2': 2.35223, 't3': 95.22138, 'N_anc': 478.78884, 'N_yri': 359.74093, 'N_ooa': 897.45017, 'N_ceu': 299.36255, 'N_chb': 327.84291, 'gr_ceu': 2e-05, 'gr_chb': 1e-05, 'm_yri_ooa': 0.0, 'm_yri_ceu': 1e-05, 'm_yri_chb': 1e-05, 'm_ceu_chb': 1e-05} -67527.78838435984
x_down: {'t1': 1.73148, 't2': 2.35223, 't3': 95.22138, 'N_anc': 478.78884, 'N_yri': 359.74093, 'N_ooa': 897.45017, 'N_ceu': 299.36255, 'N_chb': 327.84291, 'gr_ceu': 2e-05, 'gr_chb': 1e-05, 'm_yri_ooa': 0.0, 'm_yri_ceu': 1e-05, 'm_yri_chb': 1e-05, 'm_ceu_chb': 1e-05} -67527.78838435984
 
 
x_up: {'t1': 1.73148, 't2': 2.35223, 't3': 95.22138, 'N_anc': 478.78884, 'N_yri': 359.74093, 'N_ooa': 897.45017, 'N_ceu': 299.36255, 'N_chb': 327.84291, 'gr_ceu': 2e-05, 'gr_chb': 1e-05, 'm_yri_ooa': 0.0, 'm_yri_ceu': 1e-05, 'm_yri_chb': 1e-05, 'm_ceu_chb': 1e-05} -67527.78838435984
x: {'t1': 1.73148, 't2': 2.35223, 't3': 95.22138, 'N_anc': 478.78884, 'N_yri': 359.74093, 'N_ooa': 897.45017, 'N_ceu': 299.36255, 'N_chb': 327.84291, 'gr_ceu': 2e-05, 'gr_chb': 1e-05, 'm_yri_ooa': 0.0, 'm_yri_ceu': 1e-05, 'm_yri_chb': 1e-05, 'm_ceu_chb': 1e-05} -67527.78838435984
x_down: {'t1': 1.73148, 't2': 2.35223, 't3': 95.22138, 'N_anc': 478.78884, 'N_yri': 359.74093, 'N_ooa': 897.45017, 'N_ceu': 299.36255, 'N_chb': 327.84291, 'gr_ceu': 2e-05, 'gr_chb': 1e-05, 'm_yri_ooa': 1e-05, 'm_yri_ceu': 1e-05, 'm_yri_chb': 1e-05, 'm_ceu_chb': 1e-05} -67527.79219807508
 
 
x_up: {'t1': 1.73148, 't2': 2.35223, 't3': 95.22138, 'N_anc': 478.78884, 'N_yri': 359.74093, 'N_ooa': 897.45017, 'N_ceu': 299.36255, 'N_chb': 327.84291, 'gr_ceu': 2e-05, 'gr_chb': 1e-05, 'm_yri_ooa': 0.0, 'm_yri_ceu': 0.0, 'm_yri_chb': 1e-05, 'm_ceu_chb': 1e-05} -67527.78838436118
x: {'t1': 1.73148, 't2': 2.35223, 't3': 95.22138, 'N_anc': 478.78884, 'N_yri': 359.74093, 'N_ooa': 897.45017, 'N_ceu': 299.36255, 'N_chb': 327.84291, 'gr_ceu': 2e-05, 'gr_chb': 1e-05, 'm_yri_ooa': 0.0, 'm_yri_ceu': 1e-05, 'm_yri_chb': 1e-05, 'm_ceu_chb': 1e-05} -67527.78838435984
x_down: {'t1': 1.73148, 't2': 2.35223, 't3': 95.22138, 'N_anc': 478.78884, 'N_yri': 359.74093, 'N_ooa': 897.45017, 'N_ceu': 299.36255, 'N_chb': 327.84291, 'gr_ceu': 2e-05, 'gr_chb': 1e-05, 'm_yri_ooa': 0.0, 'm_yri_ceu': 1e-05, 'm_yri_chb': 1e-05, 'm_ceu_chb': 1e-05} -67527.78838435984
 
 
x_up: {'t1': 1.73148, 't2': 2.35223, 't3': 95.22138, 'N_anc': 478.78884, 'N_yri': 359.74093, 'N_ooa': 897.45017, 'N_ceu': 299.36255, 'N_chb': 327.84291, 'gr_ceu': 2e-05, 'gr_chb': 1e-05, 'm_yri_ooa': 0.0, 'm_yri_ceu': 1e-05, 'm_yri_chb': 0.0, 'm_ceu_chb': 1e-05} -67527.78838436061
x: {'t1': 1.73148, 't2': 2.35223, 't3': 95.22138, 'N_anc': 478.78884, 'N_yri': 359.74093, 'N_ooa': 897.45017, 'N_ceu': 299.36255, 'N_chb': 327.84291, 'gr_ceu': 2e-05, 'gr_chb': 1e-05, 'm_yri_ooa': 0.0, 'm_yri_ceu': 1e-05, 'm_yri_chb': 1e-05, 'm_ceu_chb': 1e-05} -67527.78838435984
x_down: {'t1': 1.73148, 't2': 2.35223, 't3': 95.22138, 'N_anc': 478.78884, 'N_yri': 359.74093, 'N_ooa': 897.45017, 'N_ceu': 299.36255, 'N_chb': 327.84291, 'gr_ceu': 2e-05, 'gr_chb': 1e-05, 'm_yri_ooa': 0.0, 'm_yri_ceu': 1e-05, 'm_yri_chb': 1e-05, 'm_ceu_chb': 1e-05} -67527.78838435984
 
 
x_up: {'t1': 1.73148, 't2': 2.35223, 't3': 95.22138, 'N_anc': 478.78884, 'N_yri': 359.74093, 'N_ooa': 897.45017, 'N_ceu': 299.36255, 'N_chb': 327.84291, 'gr_ceu': 2e-05, 'gr_chb': 1e-05, 'm_yri_ooa': 0.0, 'm_yri_ceu': 1e-05, 'm_yri_chb': 1e-05, 'm_ceu_chb': 0.0} -67527.78838436052
x: {'t1': 1.73148, 't2': 2.35223, 't3': 95.22138, 'N_anc': 478.78884, 'N_yri': 359.74093, 'N_ooa': 897.45017, 'N_ceu': 299.36255, 'N_chb': 327.84291, 'gr_ceu': 2e-05, 'gr_chb': 1e-05, 'm_yri_ooa': 0.0, 'm_yri_ceu': 1e-05, 'm_yri_chb': 1e-05, 'm_ceu_chb': 1e-05} -67527.78838435984
x_down: {'t1': 1.73148, 't2': 2.35223, 't3': 95.22138, 'N_anc': 478.78884, 'N_yri': 359.74093, 'N_ooa': 897.45017, 'N_ceu': 299.36255, 'N_chb': 327.84291, 'gr_ceu': 2e-05, 'gr_chb': 1e-05, 'm_yri_ooa': 0.0, 'm_yri_ceu': 1e-05, 'm_yri_chb': 1e-05, 'm_ceu_chb': 1e-05} -67527.78838435984
 
{'t1': 1.73148, 't2': 2.35223, 't3': 95.22138, 'N_anc': 478.78884, 'N_yri': 359.74093, 'N_ooa': 897.45017, 'N_ceu': 299.36255, 'N_chb': 327.84291, 'gr_ceu': 2e-05, 'gr_chb': 1e-05, 'm_yri_ooa': 0.0, 'm_yri_ceu': 1e-05, 'm_yri_chb': 1e-05, 'm_ceu_chb': 1e-05} -67527.78838435984
 
x_up: {'t1': 1.76252, 't2': 2.35223, 't3': 95.22138, 'N_anc': 478.78884, 'N_yri': 359.74093, 'N_ooa': 897.45017, 'N_ceu': 299.36255, 'N_chb': 327.84291, 'gr_ceu': 2e-05, 'gr_chb': 1e-05, 'm_yri_ooa': 0.0, 'm_yri_ceu': 1e-05, 'm_yri_chb': 1e-05, 'm_ceu_chb': 1e-05} -67535.83944823455
x: {'t1': 1.73148, 't2': 2.35223, 't3': 95.22138, 'N_anc': 478.78884, 'N_yri': 359.74093, 'N_ooa': 897.45017, 'N_ceu': 299.36255, 'N_chb': 327.84291, 'gr_ceu': 2e-05, 'gr_chb': 1e-05, 'm_yri_ooa': 0.0, 'm_yri_ceu': 1e-05, 'm_yri_chb': 1e-05, 'm_ceu_chb': 1e-05} -67527.78838435984
x_down: {'t1': 1.70044, 't2': 2.35223, 't3': 95.22138, 'N_anc': 478.78884, 'N_yri': 359.74093, 'N_ooa': 897.45017, 'N_ceu': 299.36255, 'N_chb': 327.84291, 'gr_ceu': 2e-05, 'gr_chb': 1e-05, 'm_yri_ooa': 0.0, 'm_yri_ceu': 1e-05, 'm_yri_chb': 1e-05, 'm_ceu_chb': 1e-05} -67528.35791906614
 
 
x_up: {'t1': 1.73148, 't2': 2.38327, 't3': 95.22138, 'N_anc': 478.78884, 'N_yri': 359.74093, 'N_ooa': 897.45017, 'N_ceu': 299.36255, 'N_chb': 327.84291, 'gr_ceu': 2e-05, 'gr_chb': 1e-05, 'm_yri_ooa': 0.0, 'm_yri_ceu': 1e-05, 'm_yri_chb': 1e-05, 'm_ceu_chb': 1e-05} -67535.18009137304
x: {'t1': 1.73148, 't2': 2.35223, 't3': 95.22138, 'N_anc': 478.78884, 'N_yri': 359.74093, 'N_ooa': 897.45017, 'N_ceu': 299.36255, 'N_chb': 327.84291, 'gr_ceu': 2e-05, 'gr_chb': 1e-05, 'm_yri_ooa': 0.0, 'm_yri_ceu': 1e-05, 'm_yri_chb': 1e-05, 'm_ceu_chb': 1e-05} -67527.78838435984
x_down: {'t1': 1.73148, 't2': 2.32119, 't3': 95.22138, 'N_anc': 478.78884, 'N_yri': 359.74093, 'N_ooa': 897.45017, 'N_ceu': 299.36255, 'N_chb': 327.84291, 'gr_ceu': 2e-05, 'gr_chb': 1e-05, 'm_yri_ooa': 0.0, 'm_yri_ceu': 1e-05, 'm_yri_chb': 1e-05, 'm_ceu_chb': 1e-05} -67543.0343860213
 
 
x_up: {'t1': 1.73148, 't2': 2.35223, 't3': 99.86484, 'N_anc': 478.78884, 'N_yri': 359.74093, 'N_ooa': 897.45017, 'N_ceu': 299.36255, 'N_chb': 327.84291, 'gr_ceu': 2e-05, 'gr_chb': 1e-05, 'm_yri_ooa': 0.0, 'm_yri_ceu': 1e-05, 'm_yri_chb': 1e-05, 'm_ceu_chb': 1e-05} -67530.05434736882
x: {'t1': 1.73148, 't2': 2.35223, 't3': 95.22138, 'N_anc': 478.78884, 'N_yri': 359.74093, 'N_ooa': 897.45017, 'N_ceu': 299.36255, 'N_chb': 327.84291, 'gr_ceu': 2e-05, 'gr_chb': 1e-05, 'm_yri_ooa': 0.0, 'm_yri_ceu': 1e-05, 'm_yri_chb': 1e-05, 'm_ceu_chb': 1e-05} -67527.78838435984
x_down: {'t1': 1.73148, 't2': 2.35223, 't3': 90.57792, 'N_anc': 478.78884, 'N_yri': 359.74093, 'N_ooa': 897.45017, 'N_ceu': 299.36255, 'N_chb': 327.84291, 'gr_ceu': 2e-05, 'gr_chb': 1e-05, 'm_yri_ooa': 0.0, 'm_yri_ceu': 1e-05, 'm_yri_chb': 1e-05, 'm_ceu_chb': 1e-05} -67533.96507971062
 
 
x_up: {'t1': 1.73148, 't2': 2.35223, 't3': 95.22138, 'N_anc': 497.72828, 'N_yri': 359.74093, 'N_ooa': 897.45017, 'N_ceu': 299.36255, 'N_chb': 327.84291, 'gr_ceu': 2e-05, 'gr_chb': 1e-05, 'm_yri_ooa': 0.0, 'm_yri_ceu': 1e-05, 'm_yri_chb': 1e-05, 'm_ceu_chb': 1e-05} -67527.82580016713
x: {'t1': 1.73148, 't2': 2.35223, 't3': 95.22138, 'N_anc': 478.78884, 'N_yri': 359.74093, 'N_ooa': 897.45017, 'N_ceu': 299.36255, 'N_chb': 327.84291, 'gr_ceu': 2e-05, 'gr_chb': 1e-05, 'm_yri_ooa': 0.0, 'm_yri_ceu': 1e-05, 'm_yri_chb': 1e-05, 'm_ceu_chb': 1e-05} -67527.78838435984
x_down: {'t1': 1.73148, 't2': 2.35223, 't3': 95.22138, 'N_anc': 459.8494, 'N_yri': 359.74093, 'N_ooa': 897.45017, 'N_ceu': 299.36255, 'N_chb': 327.84291, 'gr_ceu': 2e-05, 'gr_chb': 1e-05, 'm_yri_ooa': 0.0, 'm_yri_ceu': 1e-05, 'm_yri_chb': 1e-05, 'm_ceu_chb': 1e-05} -67528.05262658346
 
 
x_up: {'t1': 1.73148, 't2': 2.35223, 't3': 95.22138, 'N_anc': 478.78884, 'N_yri': 372.72798, 'N_ooa': 897.45017, 'N_ceu': 299.36255, 'N_chb': 327.84291, 'gr_ceu': 2e-05, 'gr_chb': 1e-05, 'm_yri_ooa': 0.0, 'm_yri_ceu': 1e-05, 'm_yri_chb': 1e-05, 'm_ceu_chb': 1e-05} -67529.866368951
x: {'t1': 1.73148, 't2': 2.35223, 't3': 95.22138, 'N_anc': 478.78884, 'N_yri': 359.74093, 'N_ooa': 897.45017, 'N_ceu': 299.36255, 'N_chb': 327.84291, 'gr_ceu': 2e-05, 'gr_chb': 1e-05, 'm_yri_ooa': 0.0, 'm_yri_ceu': 1e-05, 'm_yri_chb': 1e-05, 'm_ceu_chb': 1e-05} -67527.78838435984
x_down: {'t1': 1.73148, 't2': 2.35223, 't3': 95.22138, 'N_anc': 478.78884, 'N_yri': 346.75388, 'N_ooa': 897.45017, 'N_ceu': 299.36255, 'N_chb': 327.84291, 'gr_ceu': 2e-05, 'gr_chb': 1e-05, 'm_yri_ooa': 0.0, 'm_yri_ceu': 1e-05, 'm_yri_chb': 1e-05, 'm_ceu_chb': 1e-05} -67532.60034089438
 
 
x_up: {'t1': 1.73148, 't2': 2.35223, 't3': 95.22138, 'N_anc': 478.78884, 'N_yri': 359.74093, 'N_ooa': 937.32268, 'N_ceu': 299.36255, 'N_chb': 327.84291, 'gr_ceu': 2e-05, 'gr_chb': 1e-05, 'm_yri_ooa': 0.0, 'm_yri_ceu': 1e-05, 'm_yri_chb': 1e-05, 'm_ceu_chb': 1e-05} -67533.79314204035
x: {'t1': 1.73148, 't2': 2.35223, 't3': 95.22138, 'N_anc': 478.78884, 'N_yri': 359.74093, 'N_ooa': 897.45017, 'N_ceu': 299.36255, 'N_chb': 327.84291, 'gr_ceu': 2e-05, 'gr_chb': 1e-05, 'm_yri_ooa': 0.0, 'm_yri_ceu': 1e-05, 'm_yri_chb': 1e-05, 'm_ceu_chb': 1e-05} -67527.78838435984
x_down: {'t1': 1.73148, 't2': 2.35223, 't3': 95.22138, 'N_anc': 478.78884, 'N_yri': 359.74093, 'N_ooa': 857.57766, 'N_ceu': 299.36255, 'N_chb': 327.84291, 'gr_ceu': 2e-05, 'gr_chb': 1e-05, 'm_yri_ooa': 0.0, 'm_yri_ceu': 1e-05, 'm_yri_chb': 1e-05, 'm_ceu_chb': 1e-05} -67532.55247381487
 
 
x_up: {'t1': 1.73148, 't2': 2.35223, 't3': 95.22138, 'N_anc': 478.78884, 'N_yri': 359.74093, 'N_ooa': 897.45017, 'N_ceu': 309.33068, 'N_chb': 327.84291, 'gr_ceu': 2e-05, 'gr_chb': 1e-05, 'm_yri_ooa': 0.0, 'm_yri_ceu': 1e-05, 'm_yri_chb': 1e-05, 'm_ceu_chb': 1e-05} -67527.91444923768
x: {'t1': 1.73148, 't2': 2.35223, 't3': 95.22138, 'N_anc': 478.78884, 'N_yri': 359.74093, 'N_ooa': 897.45017, 'N_ceu': 299.36255, 'N_chb': 327.84291, 'gr_ceu': 2e-05, 'gr_chb': 1e-05, 'm_yri_ooa': 0.0, 'm_yri_ceu': 1e-05, 'm_yri_chb': 1e-05, 'm_ceu_chb': 1e-05} -67527.78838435984
x_down: {'t1': 1.73148, 't2': 2.35223, 't3': 95.22138, 'N_anc': 478.78884, 'N_yri': 359.74093, 'N_ooa': 897.45017, 'N_ceu': 289.39442, 'N_chb': 327.84291, 'gr_ceu': 2e-05, 'gr_chb': 1e-05, 'm_yri_ooa': 0.0, 'm_yri_ceu': 1e-05, 'm_yri_chb': 1e-05, 'm_ceu_chb': 1e-05} -67528.78252778699
 
 
x_up: {'t1': 1.73148, 't2': 2.35223, 't3': 95.22138, 'N_anc': 478.78884, 'N_yri': 359.74093, 'N_ooa': 897.45017, 'N_ceu': 299.36255, 'N_chb': 339.23506, 'gr_ceu': 2e-05, 'gr_chb': 1e-05, 'm_yri_ooa': 0.0, 'm_yri_ceu': 1e-05, 'm_yri_chb': 1e-05, 'm_ceu_chb': 1e-05} -67527.89102523164
x: {'t1': 1.73148, 't2': 2.35223, 't3': 95.22138, 'N_anc': 478.78884, 'N_yri': 359.74093, 'N_ooa': 897.45017, 'N_ceu': 299.36255, 'N_chb': 327.84291, 'gr_ceu': 2e-05, 'gr_chb': 1e-05, 'm_yri_ooa': 0.0, 'm_yri_ceu': 1e-05, 'm_yri_chb': 1e-05, 'm_ceu_chb': 1e-05} -67527.78838435984
x_down: {'t1': 1.73148, 't2': 2.35223, 't3': 95.22138, 'N_anc': 478.78884, 'N_yri': 359.74093, 'N_ooa': 897.45017, 'N_ceu': 299.36255, 'N_chb': 316.45076, 'gr_ceu': 2e-05, 'gr_chb': 1e-05, 'm_yri_ooa': 0.0, 'm_yri_ceu': 1e-05, 'm_yri_chb': 1e-05, 'm_ceu_chb': 1e-05} -67528.80274445663
 
 
x_up: {'t1': 1.73148, 't2': 2.35223, 't3': 95.22138, 'N_anc': 478.78884, 'N_yri': 359.74093, 'N_ooa': 897.45017, 'N_ceu': 299.36255, 'N_chb': 327.84291, 'gr_ceu': 3e-05, 'gr_chb': 1e-05, 'm_yri_ooa': 0.0, 'm_yri_ceu': 1e-05, 'm_yri_chb': 1e-05, 'm_ceu_chb': 1e-05} -67527.78876638874
x: {'t1': 1.73148, 't2': 2.35223, 't3': 95.22138, 'N_anc': 478.78884, 'N_yri': 359.74093, 'N_ooa': 897.45017, 'N_ceu': 299.36255, 'N_chb': 327.84291, 'gr_ceu': 2e-05, 'gr_chb': 1e-05, 'm_yri_ooa': 0.0, 'm_yri_ceu': 1e-05, 'm_yri_chb': 1e-05, 'm_ceu_chb': 1e-05} -67527.78838435984
x_down: {'t1': 1.73148, 't2': 2.35223, 't3': 95.22138, 'N_anc': 478.78884, 'N_yri': 359.74093, 'N_ooa': 897.45017, 'N_ceu': 299.36255, 'N_chb': 327.84291, 'gr_ceu': 1e-05, 'gr_chb': 1e-05, 'm_yri_ooa': 0.0, 'm_yri_ceu': 1e-05, 'm_yri_chb': 1e-05, 'm_ceu_chb': 1e-05} -67527.78800248665
 
 
x_up: {'t1': 1.73148, 't2': 2.35223, 't3': 95.22138, 'N_anc': 478.78884, 'N_yri': 359.74093, 'N_ooa': 897.45017, 'N_ceu': 299.36255, 'N_chb': 327.84291, 'gr_ceu': 1e-05, 'gr_chb': 2e-05, 'm_yri_ooa': 0.0, 'm_yri_ceu': 1e-05, 'm_yri_chb': 1e-05, 'm_ceu_chb': 1e-05} -67527.78839060281
x: {'t1': 1.73148, 't2': 2.35223, 't3': 95.22138, 'N_anc': 478.78884, 'N_yri': 359.74093, 'N_ooa': 897.45017, 'N_ceu': 299.36255, 'N_chb': 327.84291, 'gr_ceu': 1e-05, 'gr_chb': 1e-05, 'm_yri_ooa': 0.0, 'm_yri_ceu': 1e-05, 'm_yri_chb': 1e-05, 'm_ceu_chb': 1e-05} -67527.78800248665
x_down: {'t1': 1.73148, 't2': 2.35223, 't3': 95.22138, 'N_anc': 478.78884, 'N_yri': 359.74093, 'N_ooa': 897.45017, 'N_ceu': 299.36255, 'N_chb': 327.84291, 'gr_ceu': 1e-05, 'gr_chb': 1e-05, 'm_yri_ooa': 0.0, 'm_yri_ceu': 1e-05, 'm_yri_chb': 1e-05, 'm_ceu_chb': 1e-05} -67527.78800248665
 
 
x_up: {'t1': 1.73148, 't2': 2.35223, 't3': 95.22138, 'N_anc': 478.78884, 'N_yri': 359.74093, 'N_ooa': 897.45017, 'N_ceu': 299.36255, 'N_chb': 327.84291, 'gr_ceu': 1e-05, 'gr_chb': 1e-05, 'm_yri_ooa': 0.0, 'm_yri_ceu': 1e-05, 'm_yri_chb': 1e-05, 'm_ceu_chb': 1e-05} -67527.78800248665
x: {'t1': 1.73148, 't2': 2.35223, 't3': 95.22138, 'N_anc': 478.78884, 'N_yri': 359.74093, 'N_ooa': 897.45017, 'N_ceu': 299.36255, 'N_chb': 327.84291, 'gr_ceu': 1e-05, 'gr_chb': 1e-05, 'm_yri_ooa': 0.0, 'm_yri_ceu': 1e-05, 'm_yri_chb': 1e-05, 'm_ceu_chb': 1e-05} -67527.78800248665
x_down: {'t1': 1.73148, 't2': 2.35223, 't3': 95.22138, 'N_anc': 478.78884, 'N_yri': 359.74093, 'N_ooa': 897.45017, 'N_ceu': 299.36255, 'N_chb': 327.84291, 'gr_ceu': 1e-05, 'gr_chb': 1e-05, 'm_yri_ooa': 1e-05, 'm_yri_ceu': 1e-05, 'm_yri_chb': 1e-05, 'm_ceu_chb': 1e-05} -67527.79181613756
 
 
x_up: {'t1': 1.73148, 't2': 2.35223, 't3': 95.22138, 'N_anc': 478.78884, 'N_yri': 359.74093, 'N_ooa': 897.45017, 'N_ceu': 299.36255, 'N_chb': 327.84291, 'gr_ceu': 1e-05, 'gr_chb': 1e-05, 'm_yri_ooa': 0.0, 'm_yri_ceu': 0.0, 'm_yri_chb': 1e-05, 'm_ceu_chb': 1e-05} -67527.78800248852
x: {'t1': 1.73148, 't2': 2.35223, 't3': 95.22138, 'N_anc': 478.78884, 'N_yri': 359.74093, 'N_ooa': 897.45017, 'N_ceu': 299.36255, 'N_chb': 327.84291, 'gr_ceu': 1e-05, 'gr_chb': 1e-05, 'm_yri_ooa': 0.0, 'm_yri_ceu': 1e-05, 'm_yri_chb': 1e-05, 'm_ceu_chb': 1e-05} -67527.78800248665
x_down: {'t1': 1.73148, 't2': 2.35223, 't3': 95.22138, 'N_anc': 478.78884, 'N_yri': 359.74093, 'N_ooa': 897.45017, 'N_ceu': 299.36255, 'N_chb': 327.84291, 'gr_ceu': 1e-05, 'gr_chb': 1e-05, 'm_yri_ooa': 0.0, 'm_yri_ceu': 1e-05, 'm_yri_chb': 1e-05, 'm_ceu_chb': 1e-05} -67527.78800248665
 
 
x_up: {'t1': 1.73148, 't2': 2.35223, 't3': 95.22138, 'N_anc': 478.78884, 'N_yri': 359.74093, 'N_ooa': 897.45017, 'N_ceu': 299.36255, 'N_chb': 327.84291, 'gr_ceu': 1e-05, 'gr_chb': 1e-05, 'm_yri_ooa': 0.0, 'm_yri_ceu': 1e-05, 'm_yri_chb': 0.0, 'm_ceu_chb': 1e-05} -67527.78800248806
x: {'t1': 1.73148, 't2': 2.35223, 't3': 95.22138, 'N_anc': 478.78884, 'N_yri': 359.74093, 'N_ooa': 897.45017, 'N_ceu': 299.36255, 'N_chb': 327.84291, 'gr_ceu': 1e-05, 'gr_chb': 1e-05, 'm_yri_ooa': 0.0, 'm_yri_ceu': 1e-05, 'm_yri_chb': 1e-05, 'm_ceu_chb': 1e-05} -67527.78800248665
x_down: {'t1': 1.73148, 't2': 2.35223, 't3': 95.22138, 'N_anc': 478.78884, 'N_yri': 359.74093, 'N_ooa': 897.45017, 'N_ceu': 299.36255, 'N_chb': 327.84291, 'gr_ceu': 1e-05, 'gr_chb': 1e-05, 'm_yri_ooa': 0.0, 'm_yri_ceu': 1e-05, 'm_yri_chb': 1e-05, 'm_ceu_chb': 1e-05} -67527.78800248665
 
