2026-09-23 06:40:32,206 - INFO - Beginning execution of simulate_and_fit_ARG.py in directory /home1/mahj/glike_optimize/opt_scripts

2026-09-23 06:40:32,206 - INFO - Progress is being logged to ../opt_results_glike_3G09_no_m1/ntree_10_rep_6_simulate_ARG.log

2026-09-23 06:40:32,206 - INFO - Parsed the following arguments:
	N_SAMPLES = 1000.0
	SEQUENCE_LENGTH = 30000000.0
	RECOMBINATION_RATE = 1e-08
	SEED = 1
	NUM_TREES = 10
	OPTIMIZER = glike
	MODEL = 3G09
	KAPPA = 10000
	outprefix = ../opt_results_glike_3G09_no_m1/ntree_10_rep_6

2026-09-23 06:40:32,233 - INFO - Sampling 1000 individuals with ploidy 1 in population 1 (name='ceu') at time 0
2026-09-23 06:40:32,236 - INFO - Starting replicate 0
2026-09-23 06:40:32,236 - INFO - model[0] {'name': 'hudson'} started at time=0 nodes=1000 edges=0
2026-09-23 06:40:32,236 - INFO - Running model {'name': 'hudson'} until max time: inf
2026-09-23 06:40:32,249 - INFO - Completed at time=825.393 nodes=4008 edges=12940
2026-09-23 06:40:32,315 - INFO - Finished simulating ARG.
[phase from 0.0 to 19.0]
        admix
ns   0.000006
grs  0.078000

[phase from 19.0 to 411.0]
       afr    eur   asia    pol
admix  0.0  0.198  0.334  0.468
        afr       eur     asia       pol
ns   0.0001  0.000075  0.00004  0.000064
grs  0.0000  0.000000  0.00000  0.000000

[phase from 411.0 to 1040.0]
      afr  eur  asia
afr     1    0     0
eur     0    1     0
asia    0    0     1
pol     0    0     1
        afr       eur     asia
ns   0.0001  0.000075  0.00037
grs  0.0000  0.000000  0.00000

[phase from 1040.0 to 2004.0]
      afr  eur
afr     1    0
eur     0    1
asia    0    1
        afr       eur
ns   0.0001  0.000405
grs  0.0000  0.000000

[phase from 2004.0 to inf]
     A
afr  1
eur  1
            A
ns   0.000375
grs  0.000000

2026-09-23 06:40:32,402 - INFO - Starting glike optimization.
{'t1': 10, 't2': 50, 't3': 100, 'N_anc': 10000, 'N_yri': 10000, 'N_ooa': 10000, 'N_ceu': 10000, 'N_chb': 10000, 'gr_ceu': 0.1, 'gr_chb': 0.1, 'm_yri_ooa': 0.0, 'm_yri_ceu': 0.0, 'm_yri_chb': 0.0, 'm_ceu_chb': 0.0} -96342.56541258545
 
x_up: {'t1': 10.9, 't2': 50, 't3': 100, 'N_anc': 10000, 'N_yri': 10000, 'N_ooa': 10000, 'N_ceu': 10000, 'N_chb': 10000, 'gr_ceu': 0.1, 'gr_chb': 0.1, 'm_yri_ooa': 0.0, 'm_yri_ceu': 0.0, 'm_yri_chb': 0.0, 'm_ceu_chb': 0.0} -96875.70824219253
x: {'t1': 10, 't2': 50, 't3': 100, 'N_anc': 10000, 'N_yri': 10000, 'N_ooa': 10000, 'N_ceu': 10000, 'N_chb': 10000, 'gr_ceu': 0.1, 'gr_chb': 0.1, 'm_yri_ooa': 0.0, 'm_yri_ceu': 0.0, 'm_yri_chb': 0.0, 'm_ceu_chb': 0.0} -96342.56541258545
x_down: {'t1': 9.1, 't2': 50, 't3': 100, 'N_anc': 10000, 'N_yri': 10000, 'N_ooa': 10000, 'N_ceu': 10000, 'N_chb': 10000, 'gr_ceu': 0.1, 'gr_chb': 0.1, 'm_yri_ooa': 0.0, 'm_yri_ceu': 0.0, 'm_yri_chb': 0.0, 'm_ceu_chb': 0.0} -95774.12232052982
 
 
x_up: {'t1': 9.1, 't2': 54.09, 't3': 100, 'N_anc': 10000, 'N_yri': 10000, 'N_ooa': 10000, 'N_ceu': 10000, 'N_chb': 10000, 'gr_ceu': 0.1, 'gr_chb': 0.1, 'm_yri_ooa': 0.0, 'm_yri_ceu': 0.0, 'm_yri_chb': 0.0, 'm_ceu_chb': 0.0} -95780.5176196614
x: {'t1': 9.1, 't2': 50, 't3': 100, 'N_anc': 10000, 'N_yri': 10000, 'N_ooa': 10000, 'N_ceu': 10000, 'N_chb': 10000, 'gr_ceu': 0.1, 'gr_chb': 0.1, 'm_yri_ooa': 0.0, 'm_yri_ceu': 0.0, 'm_yri_chb': 0.0, 'm_ceu_chb': 0.0} -95774.12232052982
x_down: {'t1': 9.1, 't2': 45.91, 't3': 100, 'N_anc': 10000, 'N_yri': 10000, 'N_ooa': 10000, 'N_ceu': 10000, 'N_chb': 10000, 'gr_ceu': 0.1, 'gr_chb': 0.1, 'm_yri_ooa': 0.0, 'm_yri_ceu': 0.0, 'm_yri_chb': 0.0, 'm_ceu_chb': 0.0} -95701.6666323519
 
 
x_up: {'t1': 9.1, 't2': 45.91, 't3': 105.409, 'N_anc': 10000, 'N_yri': 10000, 'N_ooa': 10000, 'N_ceu': 10000, 'N_chb': 10000, 'gr_ceu': 0.1, 'gr_chb': 0.1, 'm_yri_ooa': 0.0, 'm_yri_ceu': 0.0, 'm_yri_chb': 0.0, 'm_ceu_chb': 0.0} -95701.6666323519
x: {'t1': 9.1, 't2': 45.91, 't3': 100, 'N_anc': 10000, 'N_yri': 10000, 'N_ooa': 10000, 'N_ceu': 10000, 'N_chb': 10000, 'gr_ceu': 0.1, 'gr_chb': 0.1, 'm_yri_ooa': 0.0, 'm_yri_ceu': 0.0, 'm_yri_chb': 0.0, 'm_ceu_chb': 0.0} -95701.6666323519
x_down: {'t1': 9.1, 't2': 45.91, 't3': 94.591, 'N_anc': 10000, 'N_yri': 10000, 'N_ooa': 10000, 'N_ceu': 10000, 'N_chb': 10000, 'gr_ceu': 0.1, 'gr_chb': 0.1, 'm_yri_ooa': 0.0, 'm_yri_ceu': 0.0, 'm_yri_chb': 0.0, 'm_ceu_chb': 0.0} -95701.6666323519
 
 
x_up: {'t1': 9.1, 't2': 45.91, 't3': 100, 'N_anc': 10990.0, 'N_yri': 10000, 'N_ooa': 10000, 'N_ceu': 10000, 'N_chb': 10000, 'gr_ceu': 0.1, 'gr_chb': 0.1, 'm_yri_ooa': 0.0, 'm_yri_ceu': 0.0, 'm_yri_chb': 0.0, 'm_ceu_chb': 0.0} -95716.97058588068
x: {'t1': 9.1, 't2': 45.91, 't3': 100, 'N_anc': 10000, 'N_yri': 10000, 'N_ooa': 10000, 'N_ceu': 10000, 'N_chb': 10000, 'gr_ceu': 0.1, 'gr_chb': 0.1, 'm_yri_ooa': 0.0, 'm_yri_ceu': 0.0, 'm_yri_chb': 0.0, 'm_ceu_chb': 0.0} -95701.6666323519
x_down: {'t1': 9.1, 't2': 45.91, 't3': 100, 'N_anc': 9010.0, 'N_yri': 10000, 'N_ooa': 10000, 'N_ceu': 10000, 'N_chb': 10000, 'gr_ceu': 0.1, 'gr_chb': 0.1, 'm_yri_ooa': 0.0, 'm_yri_ceu': 0.0, 'm_yri_chb': 0.0, 'm_ceu_chb': 0.0} -95684.85182379148
 
 
x_up: {'t1': 9.1, 't2': 45.91, 't3': 100, 'N_anc': 9010.0, 'N_yri': 10990.0, 'N_ooa': 10000, 'N_ceu': 10000, 'N_chb': 10000, 'gr_ceu': 0.1, 'gr_chb': 0.1, 'm_yri_ooa': 0.0, 'm_yri_ceu': 0.0, 'm_yri_chb': 0.0, 'm_ceu_chb': 0.0} -95851.17093006732
x: {'t1': 9.1, 't2': 45.91, 't3': 100, 'N_anc': 9010.0, 'N_yri': 10000, 'N_ooa': 10000, 'N_ceu': 10000, 'N_chb': 10000, 'gr_ceu': 0.1, 'gr_chb': 0.1, 'm_yri_ooa': 0.0, 'm_yri_ceu': 0.0, 'm_yri_chb': 0.0, 'm_ceu_chb': 0.0} -95684.85182379148
x_down: {'t1': 9.1, 't2': 45.91, 't3': 100, 'N_anc': 9010.0, 'N_yri': 9010.0, 'N_ooa': 10000, 'N_ceu': 10000, 'N_chb': 10000, 'gr_ceu': 0.1, 'gr_chb': 0.1, 'm_yri_ooa': 0.0, 'm_yri_ceu': 0.0, 'm_yri_chb': 0.0, 'm_ceu_chb': 0.0} -95510.28672088384
 
 
x_up: {'t1': 9.1, 't2': 45.91, 't3': 100, 'N_anc': 9010.0, 'N_yri': 9010.0, 'N_ooa': 10990.0, 'N_ceu': 10000, 'N_chb': 10000, 'gr_ceu': 0.1, 'gr_chb': 0.1, 'm_yri_ooa': 0.0, 'm_yri_ceu': 0.0, 'm_yri_chb': 0.0, 'm_ceu_chb': 0.0} -95623.63803512725
x: {'t1': 9.1, 't2': 45.91, 't3': 100, 'N_anc': 9010.0, 'N_yri': 9010.0, 'N_ooa': 10000, 'N_ceu': 10000, 'N_chb': 10000, 'gr_ceu': 0.1, 'gr_chb': 0.1, 'm_yri_ooa': 0.0, 'm_yri_ceu': 0.0, 'm_yri_chb': 0.0, 'm_ceu_chb': 0.0} -95510.28672088384
x_down: {'t1': 9.1, 't2': 45.91, 't3': 100, 'N_anc': 9010.0, 'N_yri': 9010.0, 'N_ooa': 9010.0, 'N_ceu': 10000, 'N_chb': 10000, 'gr_ceu': 0.1, 'gr_chb': 0.1, 'm_yri_ooa': 0.0, 'm_yri_ceu': 0.0, 'm_yri_chb': 0.0, 'm_ceu_chb': 0.0} -95360.34519746377
 
 
x_up: {'t1': 9.1, 't2': 45.91, 't3': 100, 'N_anc': 9010.0, 'N_yri': 9010.0, 'N_ooa': 9010.0, 'N_ceu': 10990.0, 'N_chb': 10000, 'gr_ceu': 0.1, 'gr_chb': 0.1, 'm_yri_ooa': 0.0, 'm_yri_ceu': 0.0, 'm_yri_chb': 0.0, 'm_ceu_chb': 0.0} -95619.97710134424
x: {'t1': 9.1, 't2': 45.91, 't3': 100, 'N_anc': 9010.0, 'N_yri': 9010.0, 'N_ooa': 9010.0, 'N_ceu': 10000, 'N_chb': 10000, 'gr_ceu': 0.1, 'gr_chb': 0.1, 'm_yri_ooa': 0.0, 'm_yri_ceu': 0.0, 'm_yri_chb': 0.0, 'm_ceu_chb': 0.0} -95360.34519746377
x_down: {'t1': 9.1, 't2': 45.91, 't3': 100, 'N_anc': 9010.0, 'N_yri': 9010.0, 'N_ooa': 9010.0, 'N_ceu': 9010.0, 'N_chb': 10000, 'gr_ceu': 0.1, 'gr_chb': 0.1, 'm_yri_ooa': 0.0, 'm_yri_ceu': 0.0, 'm_yri_chb': 0.0, 'm_ceu_chb': 0.0} -94968.44722186499
 
 
x_up: {'t1': 9.1, 't2': 45.91, 't3': 100, 'N_anc': 9010.0, 'N_yri': 9010.0, 'N_ooa': 9010.0, 'N_ceu': 9010.0, 'N_chb': 10990.0, 'gr_ceu': 0.1, 'gr_chb': 0.1, 'm_yri_ooa': 0.0, 'm_yri_ceu': 0.0, 'm_yri_chb': 0.0, 'm_ceu_chb': 0.0} -95177.62586232211
x: {'t1': 9.1, 't2': 45.91, 't3': 100, 'N_anc': 9010.0, 'N_yri': 9010.0, 'N_ooa': 9010.0, 'N_ceu': 9010.0, 'N_chb': 10000, 'gr_ceu': 0.1, 'gr_chb': 0.1, 'm_yri_ooa': 0.0, 'm_yri_ceu': 0.0, 'm_yri_chb': 0.0, 'm_ceu_chb': 0.0} -94968.44722186499
x_down: {'t1': 9.1, 't2': 45.91, 't3': 100, 'N_anc': 9010.0, 'N_yri': 9010.0, 'N_ooa': 9010.0, 'N_ceu': 9010.0, 'N_chb': 9010.0, 'gr_ceu': 0.1, 'gr_chb': 0.1, 'm_yri_ooa': 0.0, 'm_yri_ceu': 0.0, 'm_yri_chb': 0.0, 'm_ceu_chb': 0.0} -94681.6215174522
 
 
x_up: {'t1': 9.1, 't2': 45.91, 't3': 100, 'N_anc': 9010.0, 'N_yri': 9010.0, 'N_ooa': 9010.0, 'N_ceu': 9010.0, 'N_chb': 9010.0, 'gr_ceu': 0.11, 'gr_chb': 0.1, 'm_yri_ooa': 0.0, 'm_yri_ceu': 0.0, 'm_yri_chb': 0.0, 'm_ceu_chb': 0.0} -94876.96919463192
x: {'t1': 9.1, 't2': 45.91, 't3': 100, 'N_anc': 9010.0, 'N_yri': 9010.0, 'N_ooa': 9010.0, 'N_ceu': 9010.0, 'N_chb': 9010.0, 'gr_ceu': 0.1, 'gr_chb': 0.1, 'm_yri_ooa': 0.0, 'm_yri_ceu': 0.0, 'm_yri_chb': 0.0, 'm_ceu_chb': 0.0} -94681.6215174522
x_down: {'t1': 9.1, 't2': 45.91, 't3': 100, 'N_anc': 9010.0, 'N_yri': 9010.0, 'N_ooa': 9010.0, 'N_ceu': 9010.0, 'N_chb': 9010.0, 'gr_ceu': 0.09, 'gr_chb': 0.1, 'm_yri_ooa': 0.0, 'm_yri_ceu': 0.0, 'm_yri_chb': 0.0, 'm_ceu_chb': 0.0} -94434.03838036394
 
 
x_up: {'t1': 9.1, 't2': 45.91, 't3': 100, 'N_anc': 9010.0, 'N_yri': 9010.0, 'N_ooa': 9010.0, 'N_ceu': 9010.0, 'N_chb': 9010.0, 'gr_ceu': 0.09, 'gr_chb': 0.11, 'm_yri_ooa': 0.0, 'm_yri_ceu': 0.0, 'm_yri_chb': 0.0, 'm_ceu_chb': 0.0} -94596.44200844428
x: {'t1': 9.1, 't2': 45.91, 't3': 100, 'N_anc': 9010.0, 'N_yri': 9010.0, 'N_ooa': 9010.0, 'N_ceu': 9010.0, 'N_chb': 9010.0, 'gr_ceu': 0.09, 'gr_chb': 0.1, 'm_yri_ooa': 0.0, 'm_yri_ceu': 0.0, 'm_yri_chb': 0.0, 'm_ceu_chb': 0.0} -94434.03838036394
x_down: {'t1': 9.1, 't2': 45.91, 't3': 100, 'N_anc': 9010.0, 'N_yri': 9010.0, 'N_ooa': 9010.0, 'N_ceu': 9010.0, 'N_chb': 9010.0, 'gr_ceu': 0.09, 'gr_chb': 0.09, 'm_yri_ooa': 0.0, 'm_yri_ceu': 0.0, 'm_yri_chb': 0.0, 'm_ceu_chb': 0.0} -94236.01897344828
 
 
x_up: {'t1': 9.1, 't2': 45.91, 't3': 100, 'N_anc': 9010.0, 'N_yri': 9010.0, 'N_ooa': 9010.0, 'N_ceu': 9010.0, 'N_chb': 9010.0, 'gr_ceu': 0.09, 'gr_chb': 0.09, 'm_yri_ooa': 0.0, 'm_yri_ceu': 0.0, 'm_yri_chb': 0.0, 'm_ceu_chb': 0.0} -94236.01897344828
x: {'t1': 9.1, 't2': 45.91, 't3': 100, 'N_anc': 9010.0, 'N_yri': 9010.0, 'N_ooa': 9010.0, 'N_ceu': 9010.0, 'N_chb': 9010.0, 'gr_ceu': 0.09, 'gr_chb': 0.09, 'm_yri_ooa': 0.0, 'm_yri_ceu': 0.0, 'm_yri_chb': 0.0, 'm_ceu_chb': 0.0} -94236.01897344828
x_down: {'t1': 9.1, 't2': 45.91, 't3': 100, 'N_anc': 9010.0, 'N_yri': 9010.0, 'N_ooa': 9010.0, 'N_ceu': 9010.0, 'N_chb': 9010.0, 'gr_ceu': 0.09, 'gr_chb': 0.09, 'm_yri_ooa': 1e-05, 'm_yri_ceu': 0.0, 'm_yri_chb': 0.0, 'm_ceu_chb': 0.0} -94178.45118127242
 
 
x_up: {'t1': 9.1, 't2': 45.91, 't3': 100, 'N_anc': 9010.0, 'N_yri': 9010.0, 'N_ooa': 9010.0, 'N_ceu': 9010.0, 'N_chb': 9010.0, 'gr_ceu': 0.09, 'gr_chb': 0.09, 'm_yri_ooa': 1e-05, 'm_yri_ceu': 0.0, 'm_yri_chb': 0.0, 'm_ceu_chb': 0.0} -94178.45118127242
x: {'t1': 9.1, 't2': 45.91, 't3': 100, 'N_anc': 9010.0, 'N_yri': 9010.0, 'N_ooa': 9010.0, 'N_ceu': 9010.0, 'N_chb': 9010.0, 'gr_ceu': 0.09, 'gr_chb': 0.09, 'm_yri_ooa': 1e-05, 'm_yri_ceu': 0.0, 'm_yri_chb': 0.0, 'm_ceu_chb': 0.0} -94178.45118127242
x_down: {'t1': 9.1, 't2': 45.91, 't3': 100, 'N_anc': 9010.0, 'N_yri': 9010.0, 'N_ooa': 9010.0, 'N_ceu': 9010.0, 'N_chb': 9010.0, 'gr_ceu': 0.09, 'gr_chb': 0.09, 'm_yri_ooa': 1e-05, 'm_yri_ceu': 1e-05, 'm_yri_chb': 0.0, 'm_ceu_chb': 0.0} -94178.45118127382
 
 
x_up: {'t1': 9.1, 't2': 45.91, 't3': 100, 'N_anc': 9010.0, 'N_yri': 9010.0, 'N_ooa': 9010.0, 'N_ceu': 9010.0, 'N_chb': 9010.0, 'gr_ceu': 0.09, 'gr_chb': 0.09, 'm_yri_ooa': 1e-05, 'm_yri_ceu': 0.0, 'm_yri_chb': 0.0, 'm_ceu_chb': 0.0} -94178.45118127242
x: {'t1': 9.1, 't2': 45.91, 't3': 100, 'N_anc': 9010.0, 'N_yri': 9010.0, 'N_ooa': 9010.0, 'N_ceu': 9010.0, 'N_chb': 9010.0, 'gr_ceu': 0.09, 'gr_chb': 0.09, 'm_yri_ooa': 1e-05, 'm_yri_ceu': 0.0, 'm_yri_chb': 0.0, 'm_ceu_chb': 0.0} -94178.45118127242
x_down: {'t1': 9.1, 't2': 45.91, 't3': 100, 'N_anc': 9010.0, 'N_yri': 9010.0, 'N_ooa': 9010.0, 'N_ceu': 9010.0, 'N_chb': 9010.0, 'gr_ceu': 0.09, 'gr_chb': 0.09, 'm_yri_ooa': 1e-05, 'm_yri_ceu': 0.0, 'm_yri_chb': 1e-05, 'm_ceu_chb': 0.0} -94178.45118127394
 
 
x_up: {'t1': 9.1, 't2': 45.91, 't3': 100, 'N_anc': 9010.0, 'N_yri': 9010.0, 'N_ooa': 9010.0, 'N_ceu': 9010.0, 'N_chb': 9010.0, 'gr_ceu': 0.09, 'gr_chb': 0.09, 'm_yri_ooa': 1e-05, 'm_yri_ceu': 0.0, 'm_yri_chb': 0.0, 'm_ceu_chb': 0.0} -94178.45118127242
x: {'t1': 9.1, 't2': 45.91, 't3': 100, 'N_anc': 9010.0, 'N_yri': 9010.0, 'N_ooa': 9010.0, 'N_ceu': 9010.0, 'N_chb': 9010.0, 'gr_ceu': 0.09, 'gr_chb': 0.09, 'm_yri_ooa': 1e-05, 'm_yri_ceu': 0.0, 'm_yri_chb': 0.0, 'm_ceu_chb': 0.0} -94178.45118127242
x_down: {'t1': 9.1, 't2': 45.91, 't3': 100, 'N_anc': 9010.0, 'N_yri': 9010.0, 'N_ooa': 9010.0, 'N_ceu': 9010.0, 'N_chb': 9010.0, 'gr_ceu': 0.09, 'gr_chb': 0.09, 'm_yri_ooa': 1e-05, 'm_yri_ceu': 0.0, 'm_yri_chb': 0.0, 'm_ceu_chb': 1e-05} -94178.45118127322
 
{'t1': 9.1, 't2': 45.91, 't3': 100, 'N_anc': 9010.0, 'N_yri': 9010.0, 'N_ooa': 9010.0, 'N_ceu': 9010.0, 'N_chb': 9010.0, 'gr_ceu': 0.09, 'gr_chb': 0.09, 'm_yri_ooa': 1e-05, 'm_yri_ceu': 0.0, 'm_yri_chb': 0.0, 'm_ceu_chb': 0.0} -94178.45118127242
 
x_up: {'t1': 10.315, 't2': 45.91, 't3': 100, 'N_anc': 9010.0, 'N_yri': 9010.0, 'N_ooa': 9010.0, 'N_ceu': 9010.0, 'N_chb': 9010.0, 'gr_ceu': 0.09, 'gr_chb': 0.09, 'm_yri_ooa': 1e-05, 'm_yri_ceu': 0.0, 'm_yri_chb': 0.0, 'm_ceu_chb': 0.0} -94763.81471810551
x: {'t1': 9.1, 't2': 45.91, 't3': 100, 'N_anc': 9010.0, 'N_yri': 9010.0, 'N_ooa': 9010.0, 'N_ceu': 9010.0, 'N_chb': 9010.0, 'gr_ceu': 0.09, 'gr_chb': 0.09, 'm_yri_ooa': 1e-05, 'm_yri_ceu': 0.0, 'm_yri_chb': 0.0, 'm_ceu_chb': 0.0} -94178.45118127242
x_down: {'t1': 7.885, 't2': 45.91, 't3': 100, 'N_anc': 9010.0, 'N_yri': 9010.0, 'N_ooa': 9010.0, 'N_ceu': 9010.0, 'N_chb': 9010.0, 'gr_ceu': 0.09, 'gr_chb': 0.09, 'm_yri_ooa': 1e-05, 'm_yri_ceu': 0.0, 'm_yri_chb': 0.0, 'm_ceu_chb': 0.0} -93431.70128063724
 
 
x_up: {'t1': 7.885, 't2': 51.61375, 't3': 100, 'N_anc': 9010.0, 'N_yri': 9010.0, 'N_ooa': 9010.0, 'N_ceu': 9010.0, 'N_chb': 9010.0, 'gr_ceu': 0.09, 'gr_chb': 0.09, 'm_yri_ooa': 1e-05, 'm_yri_ceu': 0.0, 'm_yri_chb': 0.0, 'm_ceu_chb': 0.0} -93498.16938915597
x: {'t1': 7.885, 't2': 45.91, 't3': 100, 'N_anc': 9010.0, 'N_yri': 9010.0, 'N_ooa': 9010.0, 'N_ceu': 9010.0, 'N_chb': 9010.0, 'gr_ceu': 0.09, 'gr_chb': 0.09, 'm_yri_ooa': 1e-05, 'm_yri_ceu': 0.0, 'm_yri_chb': 0.0, 'm_ceu_chb': 0.0} -93431.70128063724
x_down: {'t1': 7.885, 't2': 40.20625, 't3': 100, 'N_anc': 9010.0, 'N_yri': 9010.0, 'N_ooa': 9010.0, 'N_ceu': 9010.0, 'N_chb': 9010.0, 'gr_ceu': 0.09, 'gr_chb': 0.09, 'm_yri_ooa': 1e-05, 'm_yri_ceu': 0.0, 'm_yri_chb': 0.0, 'm_ceu_chb': 0.0} -93286.01893275791
 
 
x_up: {'t1': 7.885, 't2': 40.20625, 't3': 102.98969, 'N_anc': 9010.0, 'N_yri': 9010.0, 'N_ooa': 9010.0, 'N_ceu': 9010.0, 'N_chb': 9010.0, 'gr_ceu': 0.09, 'gr_chb': 0.09, 'm_yri_ooa': 1e-05, 'm_yri_ceu': 0.0, 'm_yri_chb': 0.0, 'm_ceu_chb': 0.0} -93286.01893275791
x: {'t1': 7.885, 't2': 40.20625, 't3': 100, 'N_anc': 9010.0, 'N_yri': 9010.0, 'N_ooa': 9010.0, 'N_ceu': 9010.0, 'N_chb': 9010.0, 'gr_ceu': 0.09, 'gr_chb': 0.09, 'm_yri_ooa': 1e-05, 'm_yri_ceu': 0.0, 'm_yri_chb': 0.0, 'm_ceu_chb': 0.0} -93286.01893275791
x_down: {'t1': 7.885, 't2': 40.20625, 't3': 97.01031, 'N_anc': 9010.0, 'N_yri': 9010.0, 'N_ooa': 9010.0, 'N_ceu': 9010.0, 'N_chb': 9010.0, 'gr_ceu': 0.09, 'gr_chb': 0.09, 'm_yri_ooa': 1e-05, 'm_yri_ceu': 0.0, 'm_yri_chb': 0.0, 'm_ceu_chb': 0.0} -93286.01893275791
 
 
x_up: {'t1': 7.885, 't2': 40.20625, 't3': 100, 'N_anc': 10346.5, 'N_yri': 9010.0, 'N_ooa': 9010.0, 'N_ceu': 9010.0, 'N_chb': 9010.0, 'gr_ceu': 0.09, 'gr_chb': 0.09, 'm_yri_ooa': 1e-05, 'm_yri_ceu': 0.0, 'm_yri_chb': 0.0, 'm_ceu_chb': 0.0} -93308.34783068794
x: {'t1': 7.885, 't2': 40.20625, 't3': 100, 'N_anc': 9010.0, 'N_yri': 9010.0, 'N_ooa': 9010.0, 'N_ceu': 9010.0, 'N_chb': 9010.0, 'gr_ceu': 0.09, 'gr_chb': 0.09, 'm_yri_ooa': 1e-05, 'm_yri_ceu': 0.0, 'm_yri_chb': 0.0, 'm_ceu_chb': 0.0} -93286.01893275791
x_down: {'t1': 7.885, 't2': 40.20625, 't3': 100, 'N_anc': 7673.5, 'N_yri': 9010.0, 'N_ooa': 9010.0, 'N_ceu': 9010.0, 'N_chb': 9010.0, 'gr_ceu': 0.09, 'gr_chb': 0.09, 'm_yri_ooa': 1e-05, 'm_yri_ceu': 0.0, 'm_yri_chb': 0.0, 'm_ceu_chb': 0.0} -93260.32026176664
 
 
x_up: {'t1': 7.885, 't2': 40.20625, 't3': 100, 'N_anc': 7673.5, 'N_yri': 10346.5, 'N_ooa': 9010.0, 'N_ceu': 9010.0, 'N_chb': 9010.0, 'gr_ceu': 0.09, 'gr_chb': 0.09, 'm_yri_ooa': 1e-05, 'm_yri_ceu': 0.0, 'm_yri_chb': 0.0, 'm_ceu_chb': 0.0} -93537.48408610057
x: {'t1': 7.885, 't2': 40.20625, 't3': 100, 'N_anc': 7673.5, 'N_yri': 9010.0, 'N_ooa': 9010.0, 'N_ceu': 9010.0, 'N_chb': 9010.0, 'gr_ceu': 0.09, 'gr_chb': 0.09, 'm_yri_ooa': 1e-05, 'm_yri_ceu': 0.0, 'm_yri_chb': 0.0, 'm_ceu_chb': 0.0} -93260.32026176664
x_down: {'t1': 7.885, 't2': 40.20625, 't3': 100, 'N_anc': 7673.5, 'N_yri': 7673.5, 'N_ooa': 9010.0, 'N_ceu': 9010.0, 'N_chb': 9010.0, 'gr_ceu': 0.09, 'gr_chb': 0.09, 'm_yri_ooa': 1e-05, 'm_yri_ceu': 0.0, 'm_yri_chb': 0.0, 'm_ceu_chb': 0.0} -92924.3779509416
 
 
x_up: {'t1': 7.885, 't2': 40.20625, 't3': 100, 'N_anc': 7673.5, 'N_yri': 7673.5, 'N_ooa': 10346.5, 'N_ceu': 9010.0, 'N_chb': 9010.0, 'gr_ceu': 0.09, 'gr_chb': 0.09, 'm_yri_ooa': 1e-05, 'm_yri_ceu': 0.0, 'm_yri_chb': 0.0, 'm_ceu_chb': 0.0} -93126.4815608883
x: {'t1': 7.885, 't2': 40.20625, 't3': 100, 'N_anc': 7673.5, 'N_yri': 7673.5, 'N_ooa': 9010.0, 'N_ceu': 9010.0, 'N_chb': 9010.0, 'gr_ceu': 0.09, 'gr_chb': 0.09, 'm_yri_ooa': 1e-05, 'm_yri_ceu': 0.0, 'm_yri_chb': 0.0, 'm_ceu_chb': 0.0} -92924.3779509416
x_down: {'t1': 7.885, 't2': 40.20625, 't3': 100, 'N_anc': 7673.5, 'N_yri': 7673.5, 'N_ooa': 7673.5, 'N_ceu': 9010.0, 'N_chb': 9010.0, 'gr_ceu': 0.09, 'gr_chb': 0.09, 'm_yri_ooa': 1e-05, 'm_yri_ceu': 0.0, 'm_yri_chb': 0.0, 'm_ceu_chb': 0.0} -92690.94421271903
 
 
x_up: {'t1': 7.885, 't2': 40.20625, 't3': 100, 'N_anc': 7673.5, 'N_yri': 7673.5, 'N_ooa': 7673.5, 'N_ceu': 10346.5, 'N_chb': 9010.0, 'gr_ceu': 0.09, 'gr_chb': 0.09, 'm_yri_ooa': 1e-05, 'm_yri_ceu': 0.0, 'm_yri_chb': 0.0, 'm_ceu_chb': 0.0} -93064.19796752046
x: {'t1': 7.885, 't2': 40.20625, 't3': 100, 'N_anc': 7673.5, 'N_yri': 7673.5, 'N_ooa': 7673.5, 'N_ceu': 9010.0, 'N_chb': 9010.0, 'gr_ceu': 0.09, 'gr_chb': 0.09, 'm_yri_ooa': 1e-05, 'm_yri_ceu': 0.0, 'm_yri_chb': 0.0, 'm_ceu_chb': 0.0} -92690.94421271903
x_down: {'t1': 7.885, 't2': 40.20625, 't3': 100, 'N_anc': 7673.5, 'N_yri': 7673.5, 'N_ooa': 7673.5, 'N_ceu': 7673.5, 'N_chb': 9010.0, 'gr_ceu': 0.09, 'gr_chb': 0.09, 'm_yri_ooa': 1e-05, 'm_yri_ceu': 0.0, 'm_yri_chb': 0.0, 'm_ceu_chb': 0.0} -92175.50944462926
 
 
x_up: {'t1': 7.885, 't2': 40.20625, 't3': 100, 'N_anc': 7673.5, 'N_yri': 7673.5, 'N_ooa': 7673.5, 'N_ceu': 7673.5, 'N_chb': 10346.5, 'gr_ceu': 0.09, 'gr_chb': 0.09, 'm_yri_ooa': 1e-05, 'm_yri_ceu': 0.0, 'm_yri_chb': 0.0, 'm_ceu_chb': 0.0} -92466.636953471
x: {'t1': 7.885, 't2': 40.20625, 't3': 100, 'N_anc': 7673.5, 'N_yri': 7673.5, 'N_ooa': 7673.5, 'N_ceu': 7673.5, 'N_chb': 9010.0, 'gr_ceu': 0.09, 'gr_chb': 0.09, 'm_yri_ooa': 1e-05, 'm_yri_ceu': 0.0, 'm_yri_chb': 0.0, 'm_ceu_chb': 0.0} -92175.50944462926
x_down: {'t1': 7.885, 't2': 40.20625, 't3': 100, 'N_anc': 7673.5, 'N_yri': 7673.5, 'N_ooa': 7673.5, 'N_ceu': 7673.5, 'N_chb': 7673.5, 'gr_ceu': 0.09, 'gr_chb': 0.09, 'm_yri_ooa': 1e-05, 'm_yri_ceu': 0.0, 'm_yri_chb': 0.0, 'm_ceu_chb': 0.0} -91730.87967841882
 
 
x_up: {'t1': 7.885, 't2': 40.20625, 't3': 100, 'N_anc': 7673.5, 'N_yri': 7673.5, 'N_ooa': 7673.5, 'N_ceu': 7673.5, 'N_chb': 7673.5, 'gr_ceu': 0.1035, 'gr_chb': 0.09, 'm_yri_ooa': 1e-05, 'm_yri_ceu': 0.0, 'm_yri_chb': 0.0, 'm_ceu_chb': 0.0} -91945.87010019898
x: {'t1': 7.885, 't2': 40.20625, 't3': 100, 'N_anc': 7673.5, 'N_yri': 7673.5, 'N_ooa': 7673.5, 'N_ceu': 7673.5, 'N_chb': 7673.5, 'gr_ceu': 0.09, 'gr_chb': 0.09, 'm_yri_ooa': 1e-05, 'm_yri_ceu': 0.0, 'm_yri_chb': 0.0, 'm_ceu_chb': 0.0} -91730.87967841882
x_down: {'t1': 7.885, 't2': 40.20625, 't3': 100, 'N_anc': 7673.5, 'N_yri': 7673.5, 'N_ooa': 7673.5, 'N_ceu': 7673.5, 'N_chb': 7673.5, 'gr_ceu': 0.0765, 'gr_chb': 0.09, 'm_yri_ooa': 1e-05, 'm_yri_ceu': 0.0, 'm_yri_chb': 0.0, 'm_ceu_chb': 0.0} -91488.68698197078
 
 
x_up: {'t1': 7.885, 't2': 40.20625, 't3': 100, 'N_anc': 7673.5, 'N_yri': 7673.5, 'N_ooa': 7673.5, 'N_ceu': 7673.5, 'N_chb': 7673.5, 'gr_ceu': 0.0765, 'gr_chb': 0.1035, 'm_yri_ooa': 1e-05, 'm_yri_ceu': 0.0, 'm_yri_chb': 0.0, 'm_ceu_chb': 0.0} -91687.6329975778
x: {'t1': 7.885, 't2': 40.20625, 't3': 100, 'N_anc': 7673.5, 'N_yri': 7673.5, 'N_ooa': 7673.5, 'N_ceu': 7673.5, 'N_chb': 7673.5, 'gr_ceu': 0.0765, 'gr_chb': 0.09, 'm_yri_ooa': 1e-05, 'm_yri_ceu': 0.0, 'm_yri_chb': 0.0, 'm_ceu_chb': 0.0} -91488.68698197078
x_down: {'t1': 7.885, 't2': 40.20625, 't3': 100, 'N_anc': 7673.5, 'N_yri': 7673.5, 'N_ooa': 7673.5, 'N_ceu': 7673.5, 'N_chb': 7673.5, 'gr_ceu': 0.0765, 'gr_chb': 0.0765, 'm_yri_ooa': 1e-05, 'm_yri_ceu': 0.0, 'm_yri_chb': 0.0, 'm_ceu_chb': 0.0} -91262.22531582574
 
 
x_up: {'t1': 7.885, 't2': 40.20625, 't3': 100, 'N_anc': 7673.5, 'N_yri': 7673.5, 'N_ooa': 7673.5, 'N_ceu': 7673.5, 'N_chb': 7673.5, 'gr_ceu': 0.0765, 'gr_chb': 0.0765, 'm_yri_ooa': 0.0, 'm_yri_ceu': 0.0, 'm_yri_chb': 0.0, 'm_ceu_chb': 0.0} -91309.27043060996
x: {'t1': 7.885, 't2': 40.20625, 't3': 100, 'N_anc': 7673.5, 'N_yri': 7673.5, 'N_ooa': 7673.5, 'N_ceu': 7673.5, 'N_chb': 7673.5, 'gr_ceu': 0.0765, 'gr_chb': 0.0765, 'm_yri_ooa': 1e-05, 'm_yri_ceu': 0.0, 'm_yri_chb': 0.0, 'm_ceu_chb': 0.0} -91262.22531582574
x_down: {'t1': 7.885, 't2': 40.20625, 't3': 100, 'N_anc': 7673.5, 'N_yri': 7673.5, 'N_ooa': 7673.5, 'N_ceu': 7673.5, 'N_chb': 7673.5, 'gr_ceu': 0.0765, 'gr_chb': 0.0765, 'm_yri_ooa': 1e-05, 'm_yri_ceu': 0.0, 'm_yri_chb': 0.0, 'm_ceu_chb': 0.0} -91262.22531582574
 
 
x_up: {'t1': 7.885, 't2': 40.20625, 't3': 100, 'N_anc': 7673.5, 'N_yri': 7673.5, 'N_ooa': 7673.5, 'N_ceu': 7673.5, 'N_chb': 7673.5, 'gr_ceu': 0.0765, 'gr_chb': 0.0765, 'm_yri_ooa': 1e-05, 'm_yri_ceu': 0.0, 'm_yri_chb': 0.0, 'm_ceu_chb': 0.0} -91262.22531582574
x: {'t1': 7.885, 't2': 40.20625, 't3': 100, 'N_anc': 7673.5, 'N_yri': 7673.5, 'N_ooa': 7673.5, 'N_ceu': 7673.5, 'N_chb': 7673.5, 'gr_ceu': 0.0765, 'gr_chb': 0.0765, 'm_yri_ooa': 1e-05, 'm_yri_ceu': 0.0, 'm_yri_chb': 0.0, 'm_ceu_chb': 0.0} -91262.22531582574
x_down: {'t1': 7.885, 't2': 40.20625, 't3': 100, 'N_anc': 7673.5, 'N_yri': 7673.5, 'N_ooa': 7673.5, 'N_ceu': 7673.5, 'N_chb': 7673.5, 'gr_ceu': 0.0765, 'gr_chb': 0.0765, 'm_yri_ooa': 1e-05, 'm_yri_ceu': 1e-05, 'm_yri_chb': 0.0, 'm_ceu_chb': 0.0} -91262.22531582472
 
 
x_up: {'t1': 7.885, 't2': 40.20625, 't3': 100, 'N_anc': 7673.5, 'N_yri': 7673.5, 'N_ooa': 7673.5, 'N_ceu': 7673.5, 'N_chb': 7673.5, 'gr_ceu': 0.0765, 'gr_chb': 0.0765, 'm_yri_ooa': 1e-05, 'm_yri_ceu': 1e-05, 'm_yri_chb': 0.0, 'm_ceu_chb': 0.0} -91262.22531582472
x: {'t1': 7.885, 't2': 40.20625, 't3': 100, 'N_anc': 7673.5, 'N_yri': 7673.5, 'N_ooa': 7673.5, 'N_ceu': 7673.5, 'N_chb': 7673.5, 'gr_ceu': 0.0765, 'gr_chb': 0.0765, 'm_yri_ooa': 1e-05, 'm_yri_ceu': 1e-05, 'm_yri_chb': 0.0, 'm_ceu_chb': 0.0} -91262.22531582472
x_down: {'t1': 7.885, 't2': 40.20625, 't3': 100, 'N_anc': 7673.5, 'N_yri': 7673.5, 'N_ooa': 7673.5, 'N_ceu': 7673.5, 'N_chb': 7673.5, 'gr_ceu': 0.0765, 'gr_chb': 0.0765, 'm_yri_ooa': 1e-05, 'm_yri_ceu': 1e-05, 'm_yri_chb': 1e-05, 'm_ceu_chb': 0.0} -91262.22531582469
 
 
x_up: {'t1': 7.885, 't2': 40.20625, 't3': 100, 'N_anc': 7673.5, 'N_yri': 7673.5, 'N_ooa': 7673.5, 'N_ceu': 7673.5, 'N_chb': 7673.5, 'gr_ceu': 0.0765, 'gr_chb': 0.0765, 'm_yri_ooa': 1e-05, 'm_yri_ceu': 1e-05, 'm_yri_chb': 1e-05, 'm_ceu_chb': 0.0} -91262.22531582469
x: {'t1': 7.885, 't2': 40.20625, 't3': 100, 'N_anc': 7673.5, 'N_yri': 7673.5, 'N_ooa': 7673.5, 'N_ceu': 7673.5, 'N_chb': 7673.5, 'gr_ceu': 0.0765, 'gr_chb': 0.0765, 'm_yri_ooa': 1e-05, 'm_yri_ceu': 1e-05, 'm_yri_chb': 1e-05, 'm_ceu_chb': 0.0} -91262.22531582469
x_down: {'t1': 7.885, 't2': 40.20625, 't3': 100, 'N_anc': 7673.5, 'N_yri': 7673.5, 'N_ooa': 7673.5, 'N_ceu': 7673.5, 'N_chb': 7673.5, 'gr_ceu': 0.0765, 'gr_chb': 0.0765, 'm_yri_ooa': 1e-05, 'm_yri_ceu': 1e-05, 'm_yri_chb': 1e-05, 'm_ceu_chb': 1e-05} -91262.22531582417
 
{'t1': 7.885, 't2': 40.20625, 't3': 100, 'N_anc': 7673.5, 'N_yri': 7673.5, 'N_ooa': 7673.5, 'N_ceu': 7673.5, 'N_chb': 7673.5, 'gr_ceu': 0.0765, 'gr_chb': 0.0765, 'm_yri_ooa': 1e-05, 'm_yri_ceu': 1e-05, 'm_yri_chb': 1e-05, 'm_ceu_chb': 1e-05} -91262.22531582417
 
x_up: {'t1': 9.43412, 't2': 40.20625, 't3': 100, 'N_anc': 7673.5, 'N_yri': 7673.5, 'N_ooa': 7673.5, 'N_ceu': 7673.5, 'N_chb': 7673.5, 'gr_ceu': 0.0765, 'gr_chb': 0.0765, 'm_yri_ooa': 1e-05, 'm_yri_ceu': 1e-05, 'm_yri_chb': 1e-05, 'm_ceu_chb': 1e-05} -91931.12060859264
x: {'t1': 7.885, 't2': 40.20625, 't3': 100, 'N_anc': 7673.5, 'N_yri': 7673.5, 'N_ooa': 7673.5, 'N_ceu': 7673.5, 'N_chb': 7673.5, 'gr_ceu': 0.0765, 'gr_chb': 0.0765, 'm_yri_ooa': 1e-05, 'm_yri_ceu': 1e-05, 'm_yri_chb': 1e-05, 'm_ceu_chb': 1e-05} -91262.22531582417
x_down: {'t1': 6.33587, 't2': 40.20625, 't3': 100, 'N_anc': 7673.5, 'N_yri': 7673.5, 'N_ooa': 7673.5, 'N_ceu': 7673.5, 'N_chb': 7673.5, 'gr_ceu': 0.0765, 'gr_chb': 0.0765, 'm_yri_ooa': 1e-05, 'm_yri_ceu': 1e-05, 'm_yri_chb': 1e-05, 'm_ceu_chb': 1e-05} -90428.14047436621
 
 
x_up: {'t1': 6.33587, 't2': 47.82709, 't3': 100, 'N_anc': 7673.5, 'N_yri': 7673.5, 'N_ooa': 7673.5, 'N_ceu': 7673.5, 'N_chb': 7673.5, 'gr_ceu': 0.0765, 'gr_chb': 0.0765, 'm_yri_ooa': 1e-05, 'm_yri_ceu': 1e-05, 'm_yri_chb': 1e-05, 'm_ceu_chb': 1e-05} -90526.27045921421
x: {'t1': 6.33587, 't2': 40.20625, 't3': 100, 'N_anc': 7673.5, 'N_yri': 7673.5, 'N_ooa': 7673.5, 'N_ceu': 7673.5, 'N_chb': 7673.5, 'gr_ceu': 0.0765, 'gr_chb': 0.0765, 'm_yri_ooa': 1e-05, 'm_yri_ceu': 1e-05, 'm_yri_chb': 1e-05, 'm_ceu_chb': 1e-05} -90428.14047436621
x_down: {'t1': 6.33587, 't2': 32.58541, 't3': 100, 'N_anc': 7673.5, 'N_yri': 7673.5, 'N_ooa': 7673.5, 'N_ceu': 7673.5, 'N_chb': 7673.5, 'gr_ceu': 0.0765, 'gr_chb': 0.0765, 'm_yri_ooa': 1e-05, 'm_yri_ceu': 1e-05, 'm_yri_chb': 1e-05, 'm_ceu_chb': 1e-05} -90310.75767532436
 
 
x_up: {'t1': 6.33587, 't2': 32.58541, 't3': 103.37073, 'N_anc': 7673.5, 'N_yri': 7673.5, 'N_ooa': 7673.5, 'N_ceu': 7673.5, 'N_chb': 7673.5, 'gr_ceu': 0.0765, 'gr_chb': 0.0765, 'm_yri_ooa': 1e-05, 'm_yri_ceu': 1e-05, 'm_yri_chb': 1e-05, 'm_ceu_chb': 1e-05} -90310.75767532436
x: {'t1': 6.33587, 't2': 32.58541, 't3': 100, 'N_anc': 7673.5, 'N_yri': 7673.5, 'N_ooa': 7673.5, 'N_ceu': 7673.5, 'N_chb': 7673.5, 'gr_ceu': 0.0765, 'gr_chb': 0.0765, 'm_yri_ooa': 1e-05, 'm_yri_ceu': 1e-05, 'm_yri_chb': 1e-05, 'm_ceu_chb': 1e-05} -90310.75767532436
x_down: {'t1': 6.33587, 't2': 32.58541, 't3': 96.62927, 'N_anc': 7673.5, 'N_yri': 7673.5, 'N_ooa': 7673.5, 'N_ceu': 7673.5, 'N_chb': 7673.5, 'gr_ceu': 0.0765, 'gr_chb': 0.0765, 'm_yri_ooa': 1e-05, 'm_yri_ceu': 1e-05, 'm_yri_chb': 1e-05, 'm_ceu_chb': 1e-05} -90310.75767532436
 
 
x_up: {'t1': 6.33587, 't2': 32.58541, 't3': 100, 'N_anc': 9377.5375, 'N_yri': 7673.5, 'N_ooa': 7673.5, 'N_ceu': 7673.5, 'N_chb': 7673.5, 'gr_ceu': 0.0765, 'gr_chb': 0.0765, 'm_yri_ooa': 1e-05, 'm_yri_ceu': 1e-05, 'm_yri_chb': 1e-05, 'm_ceu_chb': 1e-05} -90342.89395847825
x: {'t1': 6.33587, 't2': 32.58541, 't3': 100, 'N_anc': 7673.5, 'N_yri': 7673.5, 'N_ooa': 7673.5, 'N_ceu': 7673.5, 'N_chb': 7673.5, 'gr_ceu': 0.0765, 'gr_chb': 0.0765, 'm_yri_ooa': 1e-05, 'm_yri_ceu': 1e-05, 'm_yri_chb': 1e-05, 'm_ceu_chb': 1e-05} -90310.75767532436
x_down: {'t1': 6.33587, 't2': 32.58541, 't3': 100, 'N_anc': 5969.4625, 'N_yri': 7673.5, 'N_ooa': 7673.5, 'N_ceu': 7673.5, 'N_chb': 7673.5, 'gr_ceu': 0.0765, 'gr_chb': 0.0765, 'm_yri_ooa': 1e-05, 'm_yri_ceu': 1e-05, 'm_yri_chb': 1e-05, 'm_ceu_chb': 1e-05} -90271.14108809074
 
 
x_up: {'t1': 6.33587, 't2': 32.58541, 't3': 100, 'N_anc': 5969.4625, 'N_yri': 9377.5375, 'N_ooa': 7673.5, 'N_ceu': 7673.5, 'N_chb': 7673.5, 'gr_ceu': 0.0765, 'gr_chb': 0.0765, 'm_yri_ooa': 1e-05, 'm_yri_ceu': 1e-05, 'm_yri_chb': 1e-05, 'm_ceu_chb': 1e-05} -90615.68157680542
x: {'t1': 6.33587, 't2': 32.58541, 't3': 100, 'N_anc': 5969.4625, 'N_yri': 7673.5, 'N_ooa': 7673.5, 'N_ceu': 7673.5, 'N_chb': 7673.5, 'gr_ceu': 0.0765, 'gr_chb': 0.0765, 'm_yri_ooa': 1e-05, 'm_yri_ceu': 1e-05, 'm_yri_chb': 1e-05, 'm_ceu_chb': 1e-05} -90271.14108809074
x_down: {'t1': 6.33587, 't2': 32.58541, 't3': 100, 'N_anc': 5969.4625, 'N_yri': 5969.4625, 'N_ooa': 7673.5, 'N_ceu': 7673.5, 'N_chb': 7673.5, 'gr_ceu': 0.0765, 'gr_chb': 0.0765, 'm_yri_ooa': 1e-05, 'm_yri_ceu': 1e-05, 'm_yri_chb': 1e-05, 'm_ceu_chb': 1e-05} -89834.57604515395
 
 
x_up: {'t1': 6.33587, 't2': 32.58541, 't3': 100, 'N_anc': 5969.4625, 'N_yri': 5969.4625, 'N_ooa': 9377.5375, 'N_ceu': 7673.5, 'N_chb': 7673.5, 'gr_ceu': 0.0765, 'gr_chb': 0.0765, 'm_yri_ooa': 1e-05, 'm_yri_ceu': 1e-05, 'm_yri_chb': 1e-05, 'm_ceu_chb': 1e-05} -90190.12208243532
x: {'t1': 6.33587, 't2': 32.58541, 't3': 100, 'N_anc': 5969.4625, 'N_yri': 5969.4625, 'N_ooa': 7673.5, 'N_ceu': 7673.5, 'N_chb': 7673.5, 'gr_ceu': 0.0765, 'gr_chb': 0.0765, 'm_yri_ooa': 1e-05, 'm_yri_ceu': 1e-05, 'm_yri_chb': 1e-05, 'm_ceu_chb': 1e-05} -89834.57604515395
x_down: {'t1': 6.33587, 't2': 32.58541, 't3': 100, 'N_anc': 5969.4625, 'N_yri': 5969.4625, 'N_ooa': 5969.4625, 'N_ceu': 7673.5, 'N_chb': 7673.5, 'gr_ceu': 0.0765, 'gr_chb': 0.0765, 'm_yri_ooa': 1e-05, 'm_yri_ceu': 1e-05, 'm_yri_chb': 1e-05, 'm_ceu_chb': 1e-05} -89372.2183213519
 
 
x_up: {'t1': 6.33587, 't2': 32.58541, 't3': 100, 'N_anc': 5969.4625, 'N_yri': 5969.4625, 'N_ooa': 5969.4625, 'N_ceu': 9377.5375, 'N_chb': 7673.5, 'gr_ceu': 0.0765, 'gr_chb': 0.0765, 'm_yri_ooa': 1e-05, 'm_yri_ceu': 1e-05, 'm_yri_chb': 1e-05, 'm_ceu_chb': 1e-05} -89887.76630425717
x: {'t1': 6.33587, 't2': 32.58541, 't3': 100, 'N_anc': 5969.4625, 'N_yri': 5969.4625, 'N_ooa': 5969.4625, 'N_ceu': 7673.5, 'N_chb': 7673.5, 'gr_ceu': 0.0765, 'gr_chb': 0.0765, 'm_yri_ooa': 1e-05, 'm_yri_ceu': 1e-05, 'm_yri_chb': 1e-05, 'm_ceu_chb': 1e-05} -89372.2183213519
x_down: {'t1': 6.33587, 't2': 32.58541, 't3': 100, 'N_anc': 5969.4625, 'N_yri': 5969.4625, 'N_ooa': 5969.4625, 'N_ceu': 5969.4625, 'N_chb': 7673.5, 'gr_ceu': 0.0765, 'gr_chb': 0.0765, 'm_yri_ooa': 1e-05, 'm_yri_ceu': 1e-05, 'm_yri_chb': 1e-05, 'm_ceu_chb': 1e-05} -88506.3450395652
 
 
x_up: {'t1': 6.33587, 't2': 32.58541, 't3': 100, 'N_anc': 5969.4625, 'N_yri': 5969.4625, 'N_ooa': 5969.4625, 'N_ceu': 5969.4625, 'N_chb': 9377.5375, 'gr_ceu': 0.0765, 'gr_chb': 0.0765, 'm_yri_ooa': 1e-05, 'm_yri_ceu': 1e-05, 'm_yri_chb': 1e-05, 'm_ceu_chb': 1e-05} -88883.31351650364
x: {'t1': 6.33587, 't2': 32.58541, 't3': 100, 'N_anc': 5969.4625, 'N_yri': 5969.4625, 'N_ooa': 5969.4625, 'N_ceu': 5969.4625, 'N_chb': 7673.5, 'gr_ceu': 0.0765, 'gr_chb': 0.0765, 'm_yri_ooa': 1e-05, 'm_yri_ceu': 1e-05, 'm_yri_chb': 1e-05, 'm_ceu_chb': 1e-05} -88506.3450395652
x_down: {'t1': 6.33587, 't2': 32.58541, 't3': 100, 'N_anc': 5969.4625, 'N_yri': 5969.4625, 'N_ooa': 5969.4625, 'N_ceu': 5969.4625, 'N_chb': 5969.4625, 'gr_ceu': 0.0765, 'gr_chb': 0.0765, 'm_yri_ooa': 1e-05, 'm_yri_ceu': 1e-05, 'm_yri_chb': 1e-05, 'm_ceu_chb': 1e-05} -87935.17527069122
 
 
x_up: {'t1': 6.33587, 't2': 32.58541, 't3': 100, 'N_anc': 5969.4625, 'N_yri': 5969.4625, 'N_ooa': 5969.4625, 'N_ceu': 5969.4625, 'N_chb': 5969.4625, 'gr_ceu': 0.09371, 'gr_chb': 0.0765, 'm_yri_ooa': 1e-05, 'm_yri_ceu': 1e-05, 'm_yri_chb': 1e-05, 'm_ceu_chb': 1e-05} -88148.18714337362
x: {'t1': 6.33587, 't2': 32.58541, 't3': 100, 'N_anc': 5969.4625, 'N_yri': 5969.4625, 'N_ooa': 5969.4625, 'N_ceu': 5969.4625, 'N_chb': 5969.4625, 'gr_ceu': 0.0765, 'gr_chb': 0.0765, 'm_yri_ooa': 1e-05, 'm_yri_ceu': 1e-05, 'm_yri_chb': 1e-05, 'm_ceu_chb': 1e-05} -87935.17527069122
x_down: {'t1': 6.33587, 't2': 32.58541, 't3': 100, 'N_anc': 5969.4625, 'N_yri': 5969.4625, 'N_ooa': 5969.4625, 'N_ceu': 5969.4625, 'N_chb': 5969.4625, 'gr_ceu': 0.05929, 'gr_chb': 0.0765, 'm_yri_ooa': 1e-05, 'm_yri_ceu': 1e-05, 'm_yri_chb': 1e-05, 'm_ceu_chb': 1e-05} -87690.48812771722
 
 
x_up: {'t1': 6.33587, 't2': 32.58541, 't3': 100, 'N_anc': 5969.4625, 'N_yri': 5969.4625, 'N_ooa': 5969.4625, 'N_ceu': 5969.4625, 'N_chb': 5969.4625, 'gr_ceu': 0.05929, 'gr_chb': 0.09371, 'm_yri_ooa': 1e-05, 'm_yri_ceu': 1e-05, 'm_yri_chb': 1e-05, 'm_ceu_chb': 1e-05} -87864.19605112648
x: {'t1': 6.33587, 't2': 32.58541, 't3': 100, 'N_anc': 5969.4625, 'N_yri': 5969.4625, 'N_ooa': 5969.4625, 'N_ceu': 5969.4625, 'N_chb': 5969.4625, 'gr_ceu': 0.05929, 'gr_chb': 0.0765, 'm_yri_ooa': 1e-05, 'm_yri_ceu': 1e-05, 'm_yri_chb': 1e-05, 'm_ceu_chb': 1e-05} -87690.48812771722
x_down: {'t1': 6.33587, 't2': 32.58541, 't3': 100, 'N_anc': 5969.4625, 'N_yri': 5969.4625, 'N_ooa': 5969.4625, 'N_ceu': 5969.4625, 'N_chb': 5969.4625, 'gr_ceu': 0.05929, 'gr_chb': 0.05929, 'm_yri_ooa': 1e-05, 'm_yri_ceu': 1e-05, 'm_yri_chb': 1e-05, 'm_ceu_chb': 1e-05} -87485.68255242951
 
 
x_up: {'t1': 6.33587, 't2': 32.58541, 't3': 100, 'N_anc': 5969.4625, 'N_yri': 5969.4625, 'N_ooa': 5969.4625, 'N_ceu': 5969.4625, 'N_chb': 5969.4625, 'gr_ceu': 0.05929, 'gr_chb': 0.05929, 'm_yri_ooa': 0.0, 'm_yri_ceu': 1e-05, 'm_yri_chb': 1e-05, 'm_ceu_chb': 1e-05} -87491.5870379753
x: {'t1': 6.33587, 't2': 32.58541, 't3': 100, 'N_anc': 5969.4625, 'N_yri': 5969.4625, 'N_ooa': 5969.4625, 'N_ceu': 5969.4625, 'N_chb': 5969.4625, 'gr_ceu': 0.05929, 'gr_chb': 0.05929, 'm_yri_ooa': 1e-05, 'm_yri_ceu': 1e-05, 'm_yri_chb': 1e-05, 'm_ceu_chb': 1e-05} -87485.68255242951
x_down: {'t1': 6.33587, 't2': 32.58541, 't3': 100, 'N_anc': 5969.4625, 'N_yri': 5969.4625, 'N_ooa': 5969.4625, 'N_ceu': 5969.4625, 'N_chb': 5969.4625, 'gr_ceu': 0.05929, 'gr_chb': 0.05929, 'm_yri_ooa': 1e-05, 'm_yri_ceu': 1e-05, 'm_yri_chb': 1e-05, 'm_ceu_chb': 1e-05} -87485.68255242951
 
 
x_up: {'t1': 6.33587, 't2': 32.58541, 't3': 100, 'N_anc': 5969.4625, 'N_yri': 5969.4625, 'N_ooa': 5969.4625, 'N_ceu': 5969.4625, 'N_chb': 5969.4625, 'gr_ceu': 0.05929, 'gr_chb': 0.05929, 'm_yri_ooa': 1e-05, 'm_yri_ceu': 0.0, 'm_yri_chb': 1e-05, 'm_ceu_chb': 1e-05} -87485.68255243171
x: {'t1': 6.33587, 't2': 32.58541, 't3': 100, 'N_anc': 5969.4625, 'N_yri': 5969.4625, 'N_ooa': 5969.4625, 'N_ceu': 5969.4625, 'N_chb': 5969.4625, 'gr_ceu': 0.05929, 'gr_chb': 0.05929, 'm_yri_ooa': 1e-05, 'm_yri_ceu': 1e-05, 'm_yri_chb': 1e-05, 'm_ceu_chb': 1e-05} -87485.68255242951
x_down: {'t1': 6.33587, 't2': 32.58541, 't3': 100, 'N_anc': 5969.4625, 'N_yri': 5969.4625, 'N_ooa': 5969.4625, 'N_ceu': 5969.4625, 'N_chb': 5969.4625, 'gr_ceu': 0.05929, 'gr_chb': 0.05929, 'm_yri_ooa': 1e-05, 'm_yri_ceu': 1e-05, 'm_yri_chb': 1e-05, 'm_ceu_chb': 1e-05} -87485.68255242951
 
 
x_up: {'t1': 6.33587, 't2': 32.58541, 't3': 100, 'N_anc': 5969.4625, 'N_yri': 5969.4625, 'N_ooa': 5969.4625, 'N_ceu': 5969.4625, 'N_chb': 5969.4625, 'gr_ceu': 0.05929, 'gr_chb': 0.05929, 'm_yri_ooa': 1e-05, 'm_yri_ceu': 1e-05, 'm_yri_chb': 0.0, 'm_ceu_chb': 1e-05} -87485.68255243154
x: {'t1': 6.33587, 't2': 32.58541, 't3': 100, 'N_anc': 5969.4625, 'N_yri': 5969.4625, 'N_ooa': 5969.4625, 'N_ceu': 5969.4625, 'N_chb': 5969.4625, 'gr_ceu': 0.05929, 'gr_chb': 0.05929, 'm_yri_ooa': 1e-05, 'm_yri_ceu': 1e-05, 'm_yri_chb': 1e-05, 'm_ceu_chb': 1e-05} -87485.68255242951
x_down: {'t1': 6.33587, 't2': 32.58541, 't3': 100, 'N_anc': 5969.4625, 'N_yri': 5969.4625, 'N_ooa': 5969.4625, 'N_ceu': 5969.4625, 'N_chb': 5969.4625, 'gr_ceu': 0.05929, 'gr_chb': 0.05929, 'm_yri_ooa': 1e-05, 'm_yri_ceu': 1e-05, 'm_yri_chb': 1e-05, 'm_ceu_chb': 1e-05} -87485.68255242951
 
 
x_up: {'t1': 6.33587, 't2': 32.58541, 't3': 100, 'N_anc': 5969.4625, 'N_yri': 5969.4625, 'N_ooa': 5969.4625, 'N_ceu': 5969.4625, 'N_chb': 5969.4625, 'gr_ceu': 0.05929, 'gr_chb': 0.05929, 'm_yri_ooa': 1e-05, 'm_yri_ceu': 1e-05, 'm_yri_chb': 1e-05, 'm_ceu_chb': 0.0} -87485.68255242975
x: {'t1': 6.33587, 't2': 32.58541, 't3': 100, 'N_anc': 5969.4625, 'N_yri': 5969.4625, 'N_ooa': 5969.4625, 'N_ceu': 5969.4625, 'N_chb': 5969.4625, 'gr_ceu': 0.05929, 'gr_chb': 0.05929, 'm_yri_ooa': 1e-05, 'm_yri_ceu': 1e-05, 'm_yri_chb': 1e-05, 'm_ceu_chb': 1e-05} -87485.68255242951
x_down: {'t1': 6.33587, 't2': 32.58541, 't3': 100, 'N_anc': 5969.4625, 'N_yri': 5969.4625, 'N_ooa': 5969.4625, 'N_ceu': 5969.4625, 'N_chb': 5969.4625, 'gr_ceu': 0.05929, 'gr_chb': 0.05929, 'm_yri_ooa': 1e-05, 'm_yri_ceu': 1e-05, 'm_yri_chb': 1e-05, 'm_ceu_chb': 1e-05} -87485.68255242951
 
{'t1': 6.33587, 't2': 32.58541, 't3': 100, 'N_anc': 5969.4625, 'N_yri': 5969.4625, 'N_ooa': 5969.4625, 'N_ceu': 5969.4625, 'N_chb': 5969.4625, 'gr_ceu': 0.05929, 'gr_chb': 0.05929, 'm_yri_ooa': 1e-05, 'm_yri_ceu': 1e-05, 'm_yri_chb': 1e-05, 'm_ceu_chb': 1e-05} -87485.68255242951
 
x_up: {'t1': 8.13673, 't2': 32.58541, 't3': 100, 'N_anc': 5969.4625, 'N_yri': 5969.4625, 'N_ooa': 5969.4625, 'N_ceu': 5969.4625, 'N_chb': 5969.4625, 'gr_ceu': 0.05929, 'gr_chb': 0.05929, 'm_yri_ooa': 1e-05, 'm_yri_ceu': 1e-05, 'm_yri_chb': 1e-05, 'm_ceu_chb': 1e-05} -88270.70652302998
x: {'t1': 6.33587, 't2': 32.58541, 't3': 100, 'N_anc': 5969.4625, 'N_yri': 5969.4625, 'N_ooa': 5969.4625, 'N_ceu': 5969.4625, 'N_chb': 5969.4625, 'gr_ceu': 0.05929, 'gr_chb': 0.05929, 'm_yri_ooa': 1e-05, 'm_yri_ceu': 1e-05, 'm_yri_chb': 1e-05, 'm_ceu_chb': 1e-05} -87485.68255242951
x_down: {'t1': 4.53501, 't2': 32.58541, 't3': 100, 'N_anc': 5969.4625, 'N_yri': 5969.4625, 'N_ooa': 5969.4625, 'N_ceu': 5969.4625, 'N_chb': 5969.4625, 'gr_ceu': 0.05929, 'gr_chb': 0.05929, 'm_yri_ooa': 1e-05, 'm_yri_ceu': 1e-05, 'm_yri_chb': 1e-05, 'm_ceu_chb': 1e-05} -86602.15563382658
 
 
x_up: {'t1': 4.53501, 't2': 42.05242, 't3': 100, 'N_anc': 5969.4625, 'N_yri': 5969.4625, 'N_ooa': 5969.4625, 'N_ceu': 5969.4625, 'N_chb': 5969.4625, 'gr_ceu': 0.05929, 'gr_chb': 0.05929, 'm_yri_ooa': 1e-05, 'm_yri_ceu': 1e-05, 'm_yri_chb': 1e-05, 'm_ceu_chb': 1e-05} -86712.51951804223
x: {'t1': 4.53501, 't2': 32.58541, 't3': 100, 'N_anc': 5969.4625, 'N_yri': 5969.4625, 'N_ooa': 5969.4625, 'N_ceu': 5969.4625, 'N_chb': 5969.4625, 'gr_ceu': 0.05929, 'gr_chb': 0.05929, 'm_yri_ooa': 1e-05, 'm_yri_ceu': 1e-05, 'm_yri_chb': 1e-05, 'm_ceu_chb': 1e-05} -86602.15563382658
x_down: {'t1': 4.53501, 't2': 23.1184, 't3': 100, 'N_anc': 5969.4625, 'N_yri': 5969.4625, 'N_ooa': 5969.4625, 'N_ceu': 5969.4625, 'N_chb': 5969.4625, 'gr_ceu': 0.05929, 'gr_chb': 0.05929, 'm_yri_ooa': 1e-05, 'm_yri_ceu': 1e-05, 'm_yri_chb': 1e-05, 'm_ceu_chb': 1e-05} -86494.79467924278
 
 
x_up: {'t1': 4.53501, 't2': 23.1184, 't3': 103.84408, 'N_anc': 5969.4625, 'N_yri': 5969.4625, 'N_ooa': 5969.4625, 'N_ceu': 5969.4625, 'N_chb': 5969.4625, 'gr_ceu': 0.05929, 'gr_chb': 0.05929, 'm_yri_ooa': 1e-05, 'm_yri_ceu': 1e-05, 'm_yri_chb': 1e-05, 'm_ceu_chb': 1e-05} -86494.79467924278
x: {'t1': 4.53501, 't2': 23.1184, 't3': 100, 'N_anc': 5969.4625, 'N_yri': 5969.4625, 'N_ooa': 5969.4625, 'N_ceu': 5969.4625, 'N_chb': 5969.4625, 'gr_ceu': 0.05929, 'gr_chb': 0.05929, 'm_yri_ooa': 1e-05, 'm_yri_ceu': 1e-05, 'm_yri_chb': 1e-05, 'm_ceu_chb': 1e-05} -86494.79467924278
x_down: {'t1': 4.53501, 't2': 23.1184, 't3': 96.15592, 'N_anc': 5969.4625, 'N_yri': 5969.4625, 'N_ooa': 5969.4625, 'N_ceu': 5969.4625, 'N_chb': 5969.4625, 'gr_ceu': 0.05929, 'gr_chb': 0.05929, 'm_yri_ooa': 1e-05, 'm_yri_ceu': 1e-05, 'm_yri_chb': 1e-05, 'm_ceu_chb': 1e-05} -86494.79467924278
 
 
x_up: {'t1': 4.53501, 't2': 23.1184, 't3': 100, 'N_anc': 7950.40609, 'N_yri': 5969.4625, 'N_ooa': 5969.4625, 'N_ceu': 5969.4625, 'N_chb': 5969.4625, 'gr_ceu': 0.05929, 'gr_chb': 0.05929, 'm_yri_ooa': 1e-05, 'm_yri_ceu': 1e-05, 'm_yri_chb': 1e-05, 'm_ceu_chb': 1e-05} -86540.06284081958
x: {'t1': 4.53501, 't2': 23.1184, 't3': 100, 'N_anc': 5969.4625, 'N_yri': 5969.4625, 'N_ooa': 5969.4625, 'N_ceu': 5969.4625, 'N_chb': 5969.4625, 'gr_ceu': 0.05929, 'gr_chb': 0.05929, 'm_yri_ooa': 1e-05, 'm_yri_ceu': 1e-05, 'm_yri_chb': 1e-05, 'm_ceu_chb': 1e-05} -86494.79467924278
x_down: {'t1': 4.53501, 't2': 23.1184, 't3': 100, 'N_anc': 3988.51891, 'N_yri': 5969.4625, 'N_ooa': 5969.4625, 'N_ceu': 5969.4625, 'N_chb': 5969.4625, 'gr_ceu': 0.05929, 'gr_chb': 0.05929, 'm_yri_ooa': 1e-05, 'm_yri_ceu': 1e-05, 'm_yri_chb': 1e-05, 'm_ceu_chb': 1e-05} -86433.11753523597
 
 
x_up: {'t1': 4.53501, 't2': 23.1184, 't3': 100, 'N_anc': 3988.51891, 'N_yri': 7950.40609, 'N_ooa': 5969.4625, 'N_ceu': 5969.4625, 'N_chb': 5969.4625, 'gr_ceu': 0.05929, 'gr_chb': 0.05929, 'm_yri_ooa': 1e-05, 'm_yri_ceu': 1e-05, 'm_yri_chb': 1e-05, 'm_ceu_chb': 1e-05} -86756.48813602216
x: {'t1': 4.53501, 't2': 23.1184, 't3': 100, 'N_anc': 3988.51891, 'N_yri': 5969.4625, 'N_ooa': 5969.4625, 'N_ceu': 5969.4625, 'N_chb': 5969.4625, 'gr_ceu': 0.05929, 'gr_chb': 0.05929, 'm_yri_ooa': 1e-05, 'm_yri_ceu': 1e-05, 'm_yri_chb': 1e-05, 'm_ceu_chb': 1e-05} -86433.11753523597
x_down: {'t1': 4.53501, 't2': 23.1184, 't3': 100, 'N_anc': 3988.51891, 'N_yri': 3988.51891, 'N_ooa': 5969.4625, 'N_ceu': 5969.4625, 'N_chb': 5969.4625, 'gr_ceu': 0.05929, 'gr_chb': 0.05929, 'm_yri_ooa': 1e-05, 'm_yri_ceu': 1e-05, 'm_yri_chb': 1e-05, 'm_ceu_chb': 1e-05} -85843.15241561238
 
 
x_up: {'t1': 4.53501, 't2': 23.1184, 't3': 100, 'N_anc': 3988.51891, 'N_yri': 3988.51891, 'N_ooa': 7950.40609, 'N_ceu': 5969.4625, 'N_chb': 5969.4625, 'gr_ceu': 0.05929, 'gr_chb': 0.05929, 'm_yri_ooa': 1e-05, 'm_yri_ceu': 1e-05, 'm_yri_chb': 1e-05, 'm_ceu_chb': 1e-05} -86498.95612960964
x: {'t1': 4.53501, 't2': 23.1184, 't3': 100, 'N_anc': 3988.51891, 'N_yri': 3988.51891, 'N_ooa': 5969.4625, 'N_ceu': 5969.4625, 'N_chb': 5969.4625, 'gr_ceu': 0.05929, 'gr_chb': 0.05929, 'm_yri_ooa': 1e-05, 'm_yri_ceu': 1e-05, 'm_yri_chb': 1e-05, 'm_ceu_chb': 1e-05} -85843.15241561238
x_down: {'t1': 4.53501, 't2': 23.1184, 't3': 100, 'N_anc': 3988.51891, 'N_yri': 3988.51891, 'N_ooa': 3988.51891, 'N_ceu': 5969.4625, 'N_chb': 5969.4625, 'gr_ceu': 0.05929, 'gr_chb': 0.05929, 'm_yri_ooa': 1e-05, 'm_yri_ceu': 1e-05, 'm_yri_chb': 1e-05, 'm_ceu_chb': 1e-05} -84947.33536132057
 
 
x_up: {'t1': 4.53501, 't2': 23.1184, 't3': 100, 'N_anc': 3988.51891, 'N_yri': 3988.51891, 'N_ooa': 3988.51891, 'N_ceu': 7950.40609, 'N_chb': 5969.4625, 'gr_ceu': 0.05929, 'gr_chb': 0.05929, 'm_yri_ooa': 1e-05, 'm_yri_ceu': 1e-05, 'm_yri_chb': 1e-05, 'm_ceu_chb': 1e-05} -85566.55087207325
x: {'t1': 4.53501, 't2': 23.1184, 't3': 100, 'N_anc': 3988.51891, 'N_yri': 3988.51891, 'N_ooa': 3988.51891, 'N_ceu': 5969.4625, 'N_chb': 5969.4625, 'gr_ceu': 0.05929, 'gr_chb': 0.05929, 'm_yri_ooa': 1e-05, 'm_yri_ceu': 1e-05, 'm_yri_chb': 1e-05, 'm_ceu_chb': 1e-05} -84947.33536132057
x_down: {'t1': 4.53501, 't2': 23.1184, 't3': 100, 'N_anc': 3988.51891, 'N_yri': 3988.51891, 'N_ooa': 3988.51891, 'N_ceu': 3988.51891, 'N_chb': 5969.4625, 'gr_ceu': 0.05929, 'gr_chb': 0.05929, 'm_yri_ooa': 1e-05, 'm_yri_ceu': 1e-05, 'm_yri_chb': 1e-05, 'm_ceu_chb': 1e-05} -83643.16416733805
 
 
x_up: {'t1': 4.53501, 't2': 23.1184, 't3': 100, 'N_anc': 3988.51891, 'N_yri': 3988.51891, 'N_ooa': 3988.51891, 'N_ceu': 3988.51891, 'N_chb': 7950.40609, 'gr_ceu': 0.05929, 'gr_chb': 0.05929, 'm_yri_ooa': 1e-05, 'm_yri_ceu': 1e-05, 'm_yri_chb': 1e-05, 'm_ceu_chb': 1e-05} -84173.29409971659
x: {'t1': 4.53501, 't2': 23.1184, 't3': 100, 'N_anc': 3988.51891, 'N_yri': 3988.51891, 'N_ooa': 3988.51891, 'N_ceu': 3988.51891, 'N_chb': 5969.4625, 'gr_ceu': 0.05929, 'gr_chb': 0.05929, 'm_yri_ooa': 1e-05, 'm_yri_ceu': 1e-05, 'm_yri_chb': 1e-05, 'm_ceu_chb': 1e-05} -83643.16416733805
x_down: {'t1': 4.53501, 't2': 23.1184, 't3': 100, 'N_anc': 3988.51891, 'N_yri': 3988.51891, 'N_ooa': 3988.51891, 'N_ceu': 3988.51891, 'N_chb': 3988.51891, 'gr_ceu': 0.05929, 'gr_chb': 0.05929, 'm_yri_ooa': 1e-05, 'm_yri_ceu': 1e-05, 'm_yri_chb': 1e-05, 'm_ceu_chb': 1e-05} -82819.82541966159
 
 
x_up: {'t1': 4.53501, 't2': 23.1184, 't3': 100, 'N_anc': 3988.51891, 'N_yri': 3988.51891, 'N_ooa': 3988.51891, 'N_ceu': 3988.51891, 'N_chb': 3988.51891, 'gr_ceu': 0.0793, 'gr_chb': 0.05929, 'm_yri_ooa': 1e-05, 'm_yri_ceu': 1e-05, 'm_yri_chb': 1e-05, 'm_ceu_chb': 1e-05} -82974.88692630365
x: {'t1': 4.53501, 't2': 23.1184, 't3': 100, 'N_anc': 3988.51891, 'N_yri': 3988.51891, 'N_ooa': 3988.51891, 'N_ceu': 3988.51891, 'N_chb': 3988.51891, 'gr_ceu': 0.05929, 'gr_chb': 0.05929, 'm_yri_ooa': 1e-05, 'm_yri_ceu': 1e-05, 'm_yri_chb': 1e-05, 'm_ceu_chb': 1e-05} -82819.82541966159
x_down: {'t1': 4.53501, 't2': 23.1184, 't3': 100, 'N_anc': 3988.51891, 'N_yri': 3988.51891, 'N_ooa': 3988.51891, 'N_ceu': 3988.51891, 'N_chb': 3988.51891, 'gr_ceu': 0.03928, 'gr_chb': 0.05929, 'm_yri_ooa': 1e-05, 'm_yri_ceu': 1e-05, 'm_yri_chb': 1e-05, 'm_ceu_chb': 1e-05} -82649.10500757226
 
 
x_up: {'t1': 4.53501, 't2': 23.1184, 't3': 100, 'N_anc': 3988.51891, 'N_yri': 3988.51891, 'N_ooa': 3988.51891, 'N_ceu': 3988.51891, 'N_chb': 3988.51891, 'gr_ceu': 0.03928, 'gr_chb': 0.0793, 'm_yri_ooa': 1e-05, 'm_yri_ceu': 1e-05, 'm_yri_chb': 1e-05, 'm_ceu_chb': 1e-05} -82784.7250036505
x: {'t1': 4.53501, 't2': 23.1184, 't3': 100, 'N_anc': 3988.51891, 'N_yri': 3988.51891, 'N_ooa': 3988.51891, 'N_ceu': 3988.51891, 'N_chb': 3988.51891, 'gr_ceu': 0.03928, 'gr_chb': 0.05929, 'm_yri_ooa': 1e-05, 'm_yri_ceu': 1e-05, 'm_yri_chb': 1e-05, 'm_ceu_chb': 1e-05} -82649.10500757226
x_down: {'t1': 4.53501, 't2': 23.1184, 't3': 100, 'N_anc': 3988.51891, 'N_yri': 3988.51891, 'N_ooa': 3988.51891, 'N_ceu': 3988.51891, 'N_chb': 3988.51891, 'gr_ceu': 0.03928, 'gr_chb': 0.03928, 'm_yri_ooa': 1e-05, 'm_yri_ceu': 1e-05, 'm_yri_chb': 1e-05, 'm_ceu_chb': 1e-05} -82497.806165512
 
 
x_up: {'t1': 4.53501, 't2': 23.1184, 't3': 100, 'N_anc': 3988.51891, 'N_yri': 3988.51891, 'N_ooa': 3988.51891, 'N_ceu': 3988.51891, 'N_chb': 3988.51891, 'gr_ceu': 0.03928, 'gr_chb': 0.03928, 'm_yri_ooa': 0.0, 'm_yri_ceu': 1e-05, 'm_yri_chb': 1e-05, 'm_ceu_chb': 1e-05} -82497.67226690182
x: {'t1': 4.53501, 't2': 23.1184, 't3': 100, 'N_anc': 3988.51891, 'N_yri': 3988.51891, 'N_ooa': 3988.51891, 'N_ceu': 3988.51891, 'N_chb': 3988.51891, 'gr_ceu': 0.03928, 'gr_chb': 0.03928, 'm_yri_ooa': 1e-05, 'm_yri_ceu': 1e-05, 'm_yri_chb': 1e-05, 'm_ceu_chb': 1e-05} -82497.806165512
x_down: {'t1': 4.53501, 't2': 23.1184, 't3': 100, 'N_anc': 3988.51891, 'N_yri': 3988.51891, 'N_ooa': 3988.51891, 'N_ceu': 3988.51891, 'N_chb': 3988.51891, 'gr_ceu': 0.03928, 'gr_chb': 0.03928, 'm_yri_ooa': 1e-05, 'm_yri_ceu': 1e-05, 'm_yri_chb': 1e-05, 'm_ceu_chb': 1e-05} -82497.806165512
 
 
x_up: {'t1': 4.53501, 't2': 23.1184, 't3': 100, 'N_anc': 3988.51891, 'N_yri': 3988.51891, 'N_ooa': 3988.51891, 'N_ceu': 3988.51891, 'N_chb': 3988.51891, 'gr_ceu': 0.03928, 'gr_chb': 0.03928, 'm_yri_ooa': 0.0, 'm_yri_ceu': 0.0, 'm_yri_chb': 1e-05, 'm_ceu_chb': 1e-05} -82497.67226690761
x: {'t1': 4.53501, 't2': 23.1184, 't3': 100, 'N_anc': 3988.51891, 'N_yri': 3988.51891, 'N_ooa': 3988.51891, 'N_ceu': 3988.51891, 'N_chb': 3988.51891, 'gr_ceu': 0.03928, 'gr_chb': 0.03928, 'm_yri_ooa': 0.0, 'm_yri_ceu': 1e-05, 'm_yri_chb': 1e-05, 'm_ceu_chb': 1e-05} -82497.67226690182
x_down: {'t1': 4.53501, 't2': 23.1184, 't3': 100, 'N_anc': 3988.51891, 'N_yri': 3988.51891, 'N_ooa': 3988.51891, 'N_ceu': 3988.51891, 'N_chb': 3988.51891, 'gr_ceu': 0.03928, 'gr_chb': 0.03928, 'm_yri_ooa': 0.0, 'm_yri_ceu': 1e-05, 'm_yri_chb': 1e-05, 'm_ceu_chb': 1e-05} -82497.67226690182
 
 
x_up: {'t1': 4.53501, 't2': 23.1184, 't3': 100, 'N_anc': 3988.51891, 'N_yri': 3988.51891, 'N_ooa': 3988.51891, 'N_ceu': 3988.51891, 'N_chb': 3988.51891, 'gr_ceu': 0.03928, 'gr_chb': 0.03928, 'm_yri_ooa': 0.0, 'm_yri_ceu': 1e-05, 'm_yri_chb': 0.0, 'm_ceu_chb': 1e-05} -82497.67226690715
x: {'t1': 4.53501, 't2': 23.1184, 't3': 100, 'N_anc': 3988.51891, 'N_yri': 3988.51891, 'N_ooa': 3988.51891, 'N_ceu': 3988.51891, 'N_chb': 3988.51891, 'gr_ceu': 0.03928, 'gr_chb': 0.03928, 'm_yri_ooa': 0.0, 'm_yri_ceu': 1e-05, 'm_yri_chb': 1e-05, 'm_ceu_chb': 1e-05} -82497.67226690182
x_down: {'t1': 4.53501, 't2': 23.1184, 't3': 100, 'N_anc': 3988.51891, 'N_yri': 3988.51891, 'N_ooa': 3988.51891, 'N_ceu': 3988.51891, 'N_chb': 3988.51891, 'gr_ceu': 0.03928, 'gr_chb': 0.03928, 'm_yri_ooa': 0.0, 'm_yri_ceu': 1e-05, 'm_yri_chb': 1e-05, 'm_ceu_chb': 1e-05} -82497.67226690182
 
 
x_up: {'t1': 4.53501, 't2': 23.1184, 't3': 100, 'N_anc': 3988.51891, 'N_yri': 3988.51891, 'N_ooa': 3988.51891, 'N_ceu': 3988.51891, 'N_chb': 3988.51891, 'gr_ceu': 0.03928, 'gr_chb': 0.03928, 'm_yri_ooa': 0.0, 'm_yri_ceu': 1e-05, 'm_yri_chb': 1e-05, 'm_ceu_chb': 0.0} -82497.6722669021
x: {'t1': 4.53501, 't2': 23.1184, 't3': 100, 'N_anc': 3988.51891, 'N_yri': 3988.51891, 'N_ooa': 3988.51891, 'N_ceu': 3988.51891, 'N_chb': 3988.51891, 'gr_ceu': 0.03928, 'gr_chb': 0.03928, 'm_yri_ooa': 0.0, 'm_yri_ceu': 1e-05, 'm_yri_chb': 1e-05, 'm_ceu_chb': 1e-05} -82497.67226690182
x_down: {'t1': 4.53501, 't2': 23.1184, 't3': 100, 'N_anc': 3988.51891, 'N_yri': 3988.51891, 'N_ooa': 3988.51891, 'N_ceu': 3988.51891, 'N_chb': 3988.51891, 'gr_ceu': 0.03928, 'gr_chb': 0.03928, 'm_yri_ooa': 0.0, 'm_yri_ceu': 1e-05, 'm_yri_chb': 1e-05, 'm_ceu_chb': 1e-05} -82497.67226690182
 
{'t1': 4.53501, 't2': 23.1184, 't3': 100, 'N_anc': 3988.51891, 'N_yri': 3988.51891, 'N_ooa': 3988.51891, 'N_ceu': 3988.51891, 'N_chb': 3988.51891, 'gr_ceu': 0.03928, 'gr_chb': 0.03928, 'm_yri_ooa': 0.0, 'm_yri_ceu': 1e-05, 'm_yri_chb': 1e-05, 'm_ceu_chb': 1e-05} -82497.67226690182
 
x_up: {'t1': 6.30251, 't2': 23.1184, 't3': 100, 'N_anc': 3988.51891, 'N_yri': 3988.51891, 'N_ooa': 3988.51891, 'N_ceu': 3988.51891, 'N_chb': 3988.51891, 'gr_ceu': 0.03928, 'gr_chb': 0.03928, 'm_yri_ooa': 0.0, 'm_yri_ceu': 1e-05, 'm_yri_chb': 1e-05, 'm_ceu_chb': 1e-05} -83126.93622769375
x: {'t1': 4.53501, 't2': 23.1184, 't3': 100, 'N_anc': 3988.51891, 'N_yri': 3988.51891, 'N_ooa': 3988.51891, 'N_ceu': 3988.51891, 'N_chb': 3988.51891, 'gr_ceu': 0.03928, 'gr_chb': 0.03928, 'm_yri_ooa': 0.0, 'm_yri_ceu': 1e-05, 'm_yri_chb': 1e-05, 'm_ceu_chb': 1e-05} -82497.67226690182
x_down: {'t1': 2.7675, 't2': 23.1184, 't3': 100, 'N_anc': 3988.51891, 'N_yri': 3988.51891, 'N_ooa': 3988.51891, 'N_ceu': 3988.51891, 'N_chb': 3988.51891, 'gr_ceu': 0.03928, 'gr_chb': 0.03928, 'm_yri_ooa': 0.0, 'm_yri_ceu': 1e-05, 'm_yri_chb': 1e-05, 'm_ceu_chb': 1e-05} -81550.01599291383
 
 
x_up: {'t1': 2.7675, 't2': 33.29385, 't3': 100, 'N_anc': 3988.51891, 'N_yri': 3988.51891, 'N_ooa': 3988.51891, 'N_ceu': 3988.51891, 'N_chb': 3988.51891, 'gr_ceu': 0.03928, 'gr_chb': 0.03928, 'm_yri_ooa': 0.0, 'm_yri_ceu': 1e-05, 'm_yri_chb': 1e-05, 'm_ceu_chb': 1e-05} -81645.59857640469
x: {'t1': 2.7675, 't2': 23.1184, 't3': 100, 'N_anc': 3988.51891, 'N_yri': 3988.51891, 'N_ooa': 3988.51891, 'N_ceu': 3988.51891, 'N_chb': 3988.51891, 'gr_ceu': 0.03928, 'gr_chb': 0.03928, 'm_yri_ooa': 0.0, 'm_yri_ceu': 1e-05, 'm_yri_chb': 1e-05, 'm_ceu_chb': 1e-05} -81550.01599291383
x_down: {'t1': 2.7675, 't2': 12.94295, 't3': 100, 'N_anc': 3988.51891, 'N_yri': 3988.51891, 'N_ooa': 3988.51891, 'N_ceu': 3988.51891, 'N_chb': 3988.51891, 'gr_ceu': 0.03928, 'gr_chb': 0.03928, 'm_yri_ooa': 0.0, 'm_yri_ceu': 1e-05, 'm_yri_chb': 1e-05, 'm_ceu_chb': 1e-05} -81263.36209491374
 
 
x_up: {'t1': 2.7675, 't2': 12.94295, 't3': 104.35285, 'N_anc': 3988.51891, 'N_yri': 3988.51891, 'N_ooa': 3988.51891, 'N_ceu': 3988.51891, 'N_chb': 3988.51891, 'gr_ceu': 0.03928, 'gr_chb': 0.03928, 'm_yri_ooa': 0.0, 'm_yri_ceu': 1e-05, 'm_yri_chb': 1e-05, 'm_ceu_chb': 1e-05} -81263.36209491374
x: {'t1': 2.7675, 't2': 12.94295, 't3': 100, 'N_anc': 3988.51891, 'N_yri': 3988.51891, 'N_ooa': 3988.51891, 'N_ceu': 3988.51891, 'N_chb': 3988.51891, 'gr_ceu': 0.03928, 'gr_chb': 0.03928, 'm_yri_ooa': 0.0, 'm_yri_ceu': 1e-05, 'm_yri_chb': 1e-05, 'm_ceu_chb': 1e-05} -81263.36209491374
x_down: {'t1': 2.7675, 't2': 12.94295, 't3': 95.64715, 'N_anc': 3988.51891, 'N_yri': 3988.51891, 'N_ooa': 3988.51891, 'N_ceu': 3988.51891, 'N_chb': 3988.51891, 'gr_ceu': 0.03928, 'gr_chb': 0.03928, 'm_yri_ooa': 0.0, 'm_yri_ceu': 1e-05, 'm_yri_chb': 1e-05, 'm_ceu_chb': 1e-05} -81263.36209491374
 
 
x_up: {'t1': 2.7675, 't2': 12.94295, 't3': 100, 'N_anc': 5932.77837, 'N_yri': 3988.51891, 'N_ooa': 3988.51891, 'N_ceu': 3988.51891, 'N_chb': 3988.51891, 'gr_ceu': 0.03928, 'gr_chb': 0.03928, 'm_yri_ooa': 0.0, 'm_yri_ceu': 1e-05, 'm_yri_chb': 1e-05, 'm_ceu_chb': 1e-05} -81324.07688353828
x: {'t1': 2.7675, 't2': 12.94295, 't3': 100, 'N_anc': 3988.51891, 'N_yri': 3988.51891, 'N_ooa': 3988.51891, 'N_ceu': 3988.51891, 'N_chb': 3988.51891, 'gr_ceu': 0.03928, 'gr_chb': 0.03928, 'm_yri_ooa': 0.0, 'm_yri_ceu': 1e-05, 'm_yri_chb': 1e-05, 'm_ceu_chb': 1e-05} -81263.36209491374
x_down: {'t1': 2.7675, 't2': 12.94295, 't3': 100, 'N_anc': 2044.25945, 'N_yri': 3988.51891, 'N_ooa': 3988.51891, 'N_ceu': 3988.51891, 'N_chb': 3988.51891, 'gr_ceu': 0.03928, 'gr_chb': 0.03928, 'm_yri_ooa': 0.0, 'm_yri_ceu': 1e-05, 'm_yri_chb': 1e-05, 'm_ceu_chb': 1e-05} -81169.43538757827
 
 
x_up: {'t1': 2.7675, 't2': 12.94295, 't3': 100, 'N_anc': 2044.25945, 'N_yri': 5932.77837, 'N_ooa': 3988.51891, 'N_ceu': 3988.51891, 'N_chb': 3988.51891, 'gr_ceu': 0.03928, 'gr_chb': 0.03928, 'm_yri_ooa': 0.0, 'm_yri_ceu': 1e-05, 'm_yri_chb': 1e-05, 'm_ceu_chb': 1e-05} -81584.70645327962
x: {'t1': 2.7675, 't2': 12.94295, 't3': 100, 'N_anc': 2044.25945, 'N_yri': 3988.51891, 'N_ooa': 3988.51891, 'N_ceu': 3988.51891, 'N_chb': 3988.51891, 'gr_ceu': 0.03928, 'gr_chb': 0.03928, 'm_yri_ooa': 0.0, 'm_yri_ceu': 1e-05, 'm_yri_chb': 1e-05, 'm_ceu_chb': 1e-05} -81169.43538757827
x_down: {'t1': 2.7675, 't2': 12.94295, 't3': 100, 'N_anc': 2044.25945, 'N_yri': 2044.25945, 'N_ooa': 3988.51891, 'N_ceu': 3988.51891, 'N_chb': 3988.51891, 'gr_ceu': 0.03928, 'gr_chb': 0.03928, 'm_yri_ooa': 0.0, 'm_yri_ceu': 1e-05, 'm_yri_chb': 1e-05, 'm_ceu_chb': 1e-05} -80234.26740611173
 
 
x_up: {'t1': 2.7675, 't2': 12.94295, 't3': 100, 'N_anc': 2044.25945, 'N_yri': 2044.25945, 'N_ooa': 5932.77837, 'N_ceu': 3988.51891, 'N_chb': 3988.51891, 'gr_ceu': 0.03928, 'gr_chb': 0.03928, 'm_yri_ooa': 0.0, 'm_yri_ceu': 1e-05, 'm_yri_chb': 1e-05, 'm_ceu_chb': 1e-05} -81464.07997356275
x: {'t1': 2.7675, 't2': 12.94295, 't3': 100, 'N_anc': 2044.25945, 'N_yri': 2044.25945, 'N_ooa': 3988.51891, 'N_ceu': 3988.51891, 'N_chb': 3988.51891, 'gr_ceu': 0.03928, 'gr_chb': 0.03928, 'm_yri_ooa': 0.0, 'm_yri_ceu': 1e-05, 'm_yri_chb': 1e-05, 'm_ceu_chb': 1e-05} -80234.26740611173
x_down: {'t1': 2.7675, 't2': 12.94295, 't3': 100, 'N_anc': 2044.25945, 'N_yri': 2044.25945, 'N_ooa': 2044.25945, 'N_ceu': 3988.51891, 'N_chb': 3988.51891, 'gr_ceu': 0.03928, 'gr_chb': 0.03928, 'm_yri_ooa': 0.0, 'm_yri_ceu': 1e-05, 'm_yri_chb': 1e-05, 'm_ceu_chb': 1e-05} -78424.32982188492
 
 
x_up: {'t1': 2.7675, 't2': 12.94295, 't3': 100, 'N_anc': 2044.25945, 'N_yri': 2044.25945, 'N_ooa': 2044.25945, 'N_ceu': 5932.77837, 'N_chb': 3988.51891, 'gr_ceu': 0.03928, 'gr_chb': 0.03928, 'm_yri_ooa': 0.0, 'm_yri_ceu': 1e-05, 'm_yri_chb': 1e-05, 'm_ceu_chb': 1e-05} -79114.4395009212
x: {'t1': 2.7675, 't2': 12.94295, 't3': 100, 'N_anc': 2044.25945, 'N_yri': 2044.25945, 'N_ooa': 2044.25945, 'N_ceu': 3988.51891, 'N_chb': 3988.51891, 'gr_ceu': 0.03928, 'gr_chb': 0.03928, 'm_yri_ooa': 0.0, 'm_yri_ceu': 1e-05, 'm_yri_chb': 1e-05, 'm_ceu_chb': 1e-05} -78424.32982188492
x_down: {'t1': 2.7675, 't2': 12.94295, 't3': 100, 'N_anc': 2044.25945, 'N_yri': 2044.25945, 'N_ooa': 2044.25945, 'N_ceu': 2044.25945, 'N_chb': 3988.51891, 'gr_ceu': 0.03928, 'gr_chb': 0.03928, 'm_yri_ooa': 0.0, 'm_yri_ceu': 1e-05, 'm_yri_chb': 1e-05, 'm_ceu_chb': 1e-05} -76756.62589484436
 
 
x_up: {'t1': 2.7675, 't2': 12.94295, 't3': 100, 'N_anc': 2044.25945, 'N_yri': 2044.25945, 'N_ooa': 2044.25945, 'N_ceu': 2044.25945, 'N_chb': 5932.77837, 'gr_ceu': 0.03928, 'gr_chb': 0.03928, 'm_yri_ooa': 0.0, 'm_yri_ceu': 1e-05, 'm_yri_chb': 1e-05, 'm_ceu_chb': 1e-05} -77314.63546234595
x: {'t1': 2.7675, 't2': 12.94295, 't3': 100, 'N_anc': 2044.25945, 'N_yri': 2044.25945, 'N_ooa': 2044.25945, 'N_ceu': 2044.25945, 'N_chb': 3988.51891, 'gr_ceu': 0.03928, 'gr_chb': 0.03928, 'm_yri_ooa': 0.0, 'm_yri_ceu': 1e-05, 'm_yri_chb': 1e-05, 'm_ceu_chb': 1e-05} -76756.62589484436
x_down: {'t1': 2.7675, 't2': 12.94295, 't3': 100, 'N_anc': 2044.25945, 'N_yri': 2044.25945, 'N_ooa': 2044.25945, 'N_ceu': 2044.25945, 'N_chb': 2044.25945, 'gr_ceu': 0.03928, 'gr_chb': 0.03928, 'm_yri_ooa': 0.0, 'm_yri_ceu': 1e-05, 'm_yri_chb': 1e-05, 'm_ceu_chb': 1e-05} -75753.76442672445
 
 
x_up: {'t1': 2.7675, 't2': 12.94295, 't3': 100, 'N_anc': 2044.25945, 'N_yri': 2044.25945, 'N_ooa': 2044.25945, 'N_ceu': 2044.25945, 'N_chb': 2044.25945, 'gr_ceu': 0.05892, 'gr_chb': 0.03928, 'm_yri_ooa': 0.0, 'm_yri_ceu': 1e-05, 'm_yri_chb': 1e-05, 'm_ceu_chb': 1e-05} -75819.68790717606
x: {'t1': 2.7675, 't2': 12.94295, 't3': 100, 'N_anc': 2044.25945, 'N_yri': 2044.25945, 'N_ooa': 2044.25945, 'N_ceu': 2044.25945, 'N_chb': 2044.25945, 'gr_ceu': 0.03928, 'gr_chb': 0.03928, 'm_yri_ooa': 0.0, 'm_yri_ceu': 1e-05, 'm_yri_chb': 1e-05, 'm_ceu_chb': 1e-05} -75753.76442672445
x_down: {'t1': 2.7675, 't2': 12.94295, 't3': 100, 'N_anc': 2044.25945, 'N_yri': 2044.25945, 'N_ooa': 2044.25945, 'N_ceu': 2044.25945, 'N_chb': 2044.25945, 'gr_ceu': 0.01964, 'gr_chb': 0.03928, 'm_yri_ooa': 0.0, 'm_yri_ceu': 1e-05, 'm_yri_chb': 1e-05, 'm_ceu_chb': 1e-05} -75685.36784474236
 
 
x_up: {'t1': 2.7675, 't2': 12.94295, 't3': 100, 'N_anc': 2044.25945, 'N_yri': 2044.25945, 'N_ooa': 2044.25945, 'N_ceu': 2044.25945, 'N_chb': 2044.25945, 'gr_ceu': 0.01964, 'gr_chb': 0.05892, 'm_yri_ooa': 0.0, 'm_yri_ceu': 1e-05, 'm_yri_chb': 1e-05, 'm_ceu_chb': 1e-05} -75748.40750737367
x: {'t1': 2.7675, 't2': 12.94295, 't3': 100, 'N_anc': 2044.25945, 'N_yri': 2044.25945, 'N_ooa': 2044.25945, 'N_ceu': 2044.25945, 'N_chb': 2044.25945, 'gr_ceu': 0.01964, 'gr_chb': 0.03928, 'm_yri_ooa': 0.0, 'm_yri_ceu': 1e-05, 'm_yri_chb': 1e-05, 'm_ceu_chb': 1e-05} -75685.36784474236
x_down: {'t1': 2.7675, 't2': 12.94295, 't3': 100, 'N_anc': 2044.25945, 'N_yri': 2044.25945, 'N_ooa': 2044.25945, 'N_ceu': 2044.25945, 'N_chb': 2044.25945, 'gr_ceu': 0.01964, 'gr_chb': 0.01964, 'm_yri_ooa': 0.0, 'm_yri_ceu': 1e-05, 'm_yri_chb': 1e-05, 'm_ceu_chb': 1e-05} -75619.83810537154
 
 
x_up: {'t1': 2.7675, 't2': 12.94295, 't3': 100, 'N_anc': 2044.25945, 'N_yri': 2044.25945, 'N_ooa': 2044.25945, 'N_ceu': 2044.25945, 'N_chb': 2044.25945, 'gr_ceu': 0.01964, 'gr_chb': 0.01964, 'm_yri_ooa': 0.0, 'm_yri_ceu': 1e-05, 'm_yri_chb': 1e-05, 'm_ceu_chb': 1e-05} -75619.83810537154
x: {'t1': 2.7675, 't2': 12.94295, 't3': 100, 'N_anc': 2044.25945, 'N_yri': 2044.25945, 'N_ooa': 2044.25945, 'N_ceu': 2044.25945, 'N_chb': 2044.25945, 'gr_ceu': 0.01964, 'gr_chb': 0.01964, 'm_yri_ooa': 0.0, 'm_yri_ceu': 1e-05, 'm_yri_chb': 1e-05, 'm_ceu_chb': 1e-05} -75619.83810537154
x_down: {'t1': 2.7675, 't2': 12.94295, 't3': 100, 'N_anc': 2044.25945, 'N_yri': 2044.25945, 'N_ooa': 2044.25945, 'N_ceu': 2044.25945, 'N_chb': 2044.25945, 'gr_ceu': 0.01964, 'gr_chb': 0.01964, 'm_yri_ooa': 1e-05, 'm_yri_ceu': 1e-05, 'm_yri_chb': 1e-05, 'm_ceu_chb': 1e-05} -75619.90915733286
 
 
x_up: {'t1': 2.7675, 't2': 12.94295, 't3': 100, 'N_anc': 2044.25945, 'N_yri': 2044.25945, 'N_ooa': 2044.25945, 'N_ceu': 2044.25945, 'N_chb': 2044.25945, 'gr_ceu': 0.01964, 'gr_chb': 0.01964, 'm_yri_ooa': 0.0, 'm_yri_ceu': 0.0, 'm_yri_chb': 1e-05, 'm_ceu_chb': 1e-05} -75619.83810537797
x: {'t1': 2.7675, 't2': 12.94295, 't3': 100, 'N_anc': 2044.25945, 'N_yri': 2044.25945, 'N_ooa': 2044.25945, 'N_ceu': 2044.25945, 'N_chb': 2044.25945, 'gr_ceu': 0.01964, 'gr_chb': 0.01964, 'm_yri_ooa': 0.0, 'm_yri_ceu': 1e-05, 'm_yri_chb': 1e-05, 'm_ceu_chb': 1e-05} -75619.83810537154
x_down: {'t1': 2.7675, 't2': 12.94295, 't3': 100, 'N_anc': 2044.25945, 'N_yri': 2044.25945, 'N_ooa': 2044.25945, 'N_ceu': 2044.25945, 'N_chb': 2044.25945, 'gr_ceu': 0.01964, 'gr_chb': 0.01964, 'm_yri_ooa': 0.0, 'm_yri_ceu': 1e-05, 'm_yri_chb': 1e-05, 'm_ceu_chb': 1e-05} -75619.83810537154
 
 
x_up: {'t1': 2.7675, 't2': 12.94295, 't3': 100, 'N_anc': 2044.25945, 'N_yri': 2044.25945, 'N_ooa': 2044.25945, 'N_ceu': 2044.25945, 'N_chb': 2044.25945, 'gr_ceu': 0.01964, 'gr_chb': 0.01964, 'm_yri_ooa': 0.0, 'm_yri_ceu': 1e-05, 'm_yri_chb': 0.0, 'm_ceu_chb': 1e-05} -75619.83810537808
x: {'t1': 2.7675, 't2': 12.94295, 't3': 100, 'N_anc': 2044.25945, 'N_yri': 2044.25945, 'N_ooa': 2044.25945, 'N_ceu': 2044.25945, 'N_chb': 2044.25945, 'gr_ceu': 0.01964, 'gr_chb': 0.01964, 'm_yri_ooa': 0.0, 'm_yri_ceu': 1e-05, 'm_yri_chb': 1e-05, 'm_ceu_chb': 1e-05} -75619.83810537154
x_down: {'t1': 2.7675, 't2': 12.94295, 't3': 100, 'N_anc': 2044.25945, 'N_yri': 2044.25945, 'N_ooa': 2044.25945, 'N_ceu': 2044.25945, 'N_chb': 2044.25945, 'gr_ceu': 0.01964, 'gr_chb': 0.01964, 'm_yri_ooa': 0.0, 'm_yri_ceu': 1e-05, 'm_yri_chb': 1e-05, 'm_ceu_chb': 1e-05} -75619.83810537154
 
 
x_up: {'t1': 2.7675, 't2': 12.94295, 't3': 100, 'N_anc': 2044.25945, 'N_yri': 2044.25945, 'N_ooa': 2044.25945, 'N_ceu': 2044.25945, 'N_chb': 2044.25945, 'gr_ceu': 0.01964, 'gr_chb': 0.01964, 'm_yri_ooa': 0.0, 'm_yri_ceu': 1e-05, 'm_yri_chb': 1e-05, 'm_ceu_chb': 0.0} -75619.83810537169
x: {'t1': 2.7675, 't2': 12.94295, 't3': 100, 'N_anc': 2044.25945, 'N_yri': 2044.25945, 'N_ooa': 2044.25945, 'N_ceu': 2044.25945, 'N_chb': 2044.25945, 'gr_ceu': 0.01964, 'gr_chb': 0.01964, 'm_yri_ooa': 0.0, 'm_yri_ceu': 1e-05, 'm_yri_chb': 1e-05, 'm_ceu_chb': 1e-05} -75619.83810537154
x_down: {'t1': 2.7675, 't2': 12.94295, 't3': 100, 'N_anc': 2044.25945, 'N_yri': 2044.25945, 'N_ooa': 2044.25945, 'N_ceu': 2044.25945, 'N_chb': 2044.25945, 'gr_ceu': 0.01964, 'gr_chb': 0.01964, 'm_yri_ooa': 0.0, 'm_yri_ceu': 1e-05, 'm_yri_chb': 1e-05, 'm_ceu_chb': 1e-05} -75619.83810537154
 
{'t1': 2.7675, 't2': 12.94295, 't3': 100, 'N_anc': 2044.25945, 'N_yri': 2044.25945, 'N_ooa': 2044.25945, 'N_ceu': 2044.25945, 'N_chb': 2044.25945, 'gr_ceu': 0.01964, 'gr_chb': 0.01964, 'm_yri_ooa': 0.0, 'm_yri_ceu': 1e-05, 'm_yri_chb': 1e-05, 'm_ceu_chb': 1e-05} -75619.83810537154
 
x_up: {'t1': 3.65125, 't2': 12.94295, 't3': 100, 'N_anc': 2044.25945, 'N_yri': 2044.25945, 'N_ooa': 2044.25945, 'N_ceu': 2044.25945, 'N_chb': 2044.25945, 'gr_ceu': 0.01964, 'gr_chb': 0.01964, 'm_yri_ooa': 0.0, 'm_yri_ceu': 1e-05, 'm_yri_chb': 1e-05, 'm_ceu_chb': 1e-05} -75986.61817670506
x: {'t1': 2.7675, 't2': 12.94295, 't3': 100, 'N_anc': 2044.25945, 'N_yri': 2044.25945, 'N_ooa': 2044.25945, 'N_ceu': 2044.25945, 'N_chb': 2044.25945, 'gr_ceu': 0.01964, 'gr_chb': 0.01964, 'm_yri_ooa': 0.0, 'm_yri_ceu': 1e-05, 'm_yri_chb': 1e-05, 'm_ceu_chb': 1e-05} -75619.83810537154
x_down: {'t1': 1.88375, 't2': 12.94295, 't3': 100, 'N_anc': 2044.25945, 'N_yri': 2044.25945, 'N_ooa': 2044.25945, 'N_ceu': 2044.25945, 'N_chb': 2044.25945, 'gr_ceu': 0.01964, 'gr_chb': 0.01964, 'm_yri_ooa': 0.0, 'm_yri_ceu': 1e-05, 'm_yri_chb': 1e-05, 'm_ceu_chb': 1e-05} -75208.23898407012
 
 
x_up: {'t1': 1.88375, 't2': 18.47255, 't3': 100, 'N_anc': 2044.25945, 'N_yri': 2044.25945, 'N_ooa': 2044.25945, 'N_ceu': 2044.25945, 'N_chb': 2044.25945, 'gr_ceu': 0.01964, 'gr_chb': 0.01964, 'm_yri_ooa': 0.0, 'm_yri_ceu': 1e-05, 'm_yri_chb': 1e-05, 'm_ceu_chb': 1e-05} -75428.09377379161
x: {'t1': 1.88375, 't2': 12.94295, 't3': 100, 'N_anc': 2044.25945, 'N_yri': 2044.25945, 'N_ooa': 2044.25945, 'N_ceu': 2044.25945, 'N_chb': 2044.25945, 'gr_ceu': 0.01964, 'gr_chb': 0.01964, 'm_yri_ooa': 0.0, 'm_yri_ceu': 1e-05, 'm_yri_chb': 1e-05, 'm_ceu_chb': 1e-05} -75208.23898407012
x_down: {'t1': 1.88375, 't2': 7.41335, 't3': 100, 'N_anc': 2044.25945, 'N_yri': 2044.25945, 'N_ooa': 2044.25945, 'N_ceu': 2044.25945, 'N_chb': 2044.25945, 'gr_ceu': 0.01964, 'gr_chb': 0.01964, 'm_yri_ooa': 0.0, 'm_yri_ceu': 1e-05, 'm_yri_chb': 1e-05, 'm_ceu_chb': 1e-05} -74833.84176122567
 
 
x_up: {'t1': 1.88375, 't2': 7.41335, 't3': 104.62933, 'N_anc': 2044.25945, 'N_yri': 2044.25945, 'N_ooa': 2044.25945, 'N_ceu': 2044.25945, 'N_chb': 2044.25945, 'gr_ceu': 0.01964, 'gr_chb': 0.01964, 'm_yri_ooa': 0.0, 'm_yri_ceu': 1e-05, 'm_yri_chb': 1e-05, 'm_ceu_chb': 1e-05} -74833.84176122567
x: {'t1': 1.88375, 't2': 7.41335, 't3': 100, 'N_anc': 2044.25945, 'N_yri': 2044.25945, 'N_ooa': 2044.25945, 'N_ceu': 2044.25945, 'N_chb': 2044.25945, 'gr_ceu': 0.01964, 'gr_chb': 0.01964, 'm_yri_ooa': 0.0, 'm_yri_ceu': 1e-05, 'm_yri_chb': 1e-05, 'm_ceu_chb': 1e-05} -74833.84176122567
x_down: {'t1': 1.88375, 't2': 7.41335, 't3': 95.37067, 'N_anc': 2044.25945, 'N_yri': 2044.25945, 'N_ooa': 2044.25945, 'N_ceu': 2044.25945, 'N_chb': 2044.25945, 'gr_ceu': 0.01964, 'gr_chb': 0.01964, 'm_yri_ooa': 0.0, 'm_yri_ceu': 1e-05, 'm_yri_chb': 1e-05, 'm_ceu_chb': 1e-05} -74833.84176122567
 
 
x_up: {'t1': 1.88375, 't2': 7.41335, 't3': 100, 'N_anc': 3016.38918, 'N_yri': 2044.25945, 'N_ooa': 2044.25945, 'N_ceu': 2044.25945, 'N_chb': 2044.25945, 'gr_ceu': 0.01964, 'gr_chb': 0.01964, 'm_yri_ooa': 0.0, 'm_yri_ceu': 1e-05, 'm_yri_chb': 1e-05, 'm_ceu_chb': 1e-05} -74886.95241054824
x: {'t1': 1.88375, 't2': 7.41335, 't3': 100, 'N_anc': 2044.25945, 'N_yri': 2044.25945, 'N_ooa': 2044.25945, 'N_ceu': 2044.25945, 'N_chb': 2044.25945, 'gr_ceu': 0.01964, 'gr_chb': 0.01964, 'm_yri_ooa': 0.0, 'm_yri_ceu': 1e-05, 'm_yri_chb': 1e-05, 'm_ceu_chb': 1e-05} -74833.84176122567
x_down: {'t1': 1.88375, 't2': 7.41335, 't3': 100, 'N_anc': 1072.12973, 'N_yri': 2044.25945, 'N_ooa': 2044.25945, 'N_ceu': 2044.25945, 'N_chb': 2044.25945, 'gr_ceu': 0.01964, 'gr_chb': 0.01964, 'm_yri_ooa': 0.0, 'm_yri_ceu': 1e-05, 'm_yri_chb': 1e-05, 'm_ceu_chb': 1e-05} -74760.76697561557
 
 
x_up: {'t1': 1.88375, 't2': 7.41335, 't3': 100, 'N_anc': 1072.12973, 'N_yri': 3016.38918, 'N_ooa': 2044.25945, 'N_ceu': 2044.25945, 'N_chb': 2044.25945, 'gr_ceu': 0.01964, 'gr_chb': 0.01964, 'm_yri_ooa': 0.0, 'm_yri_ceu': 1e-05, 'm_yri_chb': 1e-05, 'm_ceu_chb': 1e-05} -75185.34977011693
x: {'t1': 1.88375, 't2': 7.41335, 't3': 100, 'N_anc': 1072.12973, 'N_yri': 2044.25945, 'N_ooa': 2044.25945, 'N_ceu': 2044.25945, 'N_chb': 2044.25945, 'gr_ceu': 0.01964, 'gr_chb': 0.01964, 'm_yri_ooa': 0.0, 'm_yri_ceu': 1e-05, 'm_yri_chb': 1e-05, 'm_ceu_chb': 1e-05} -74760.76697561557
x_down: {'t1': 1.88375, 't2': 7.41335, 't3': 100, 'N_anc': 1072.12973, 'N_yri': 1072.12973, 'N_ooa': 2044.25945, 'N_ceu': 2044.25945, 'N_chb': 2044.25945, 'gr_ceu': 0.01964, 'gr_chb': 0.01964, 'm_yri_ooa': 0.0, 'm_yri_ceu': 1e-05, 'm_yri_chb': 1e-05, 'm_ceu_chb': 1e-05} -73940.21085544358
 
 
x_up: {'t1': 1.88375, 't2': 7.41335, 't3': 100, 'N_anc': 1072.12973, 'N_yri': 1072.12973, 'N_ooa': 3016.38918, 'N_ceu': 2044.25945, 'N_chb': 2044.25945, 'gr_ceu': 0.01964, 'gr_chb': 0.01964, 'm_yri_ooa': 0.0, 'm_yri_ceu': 1e-05, 'm_yri_chb': 1e-05, 'm_ceu_chb': 1e-05} -75164.43839059684
x: {'t1': 1.88375, 't2': 7.41335, 't3': 100, 'N_anc': 1072.12973, 'N_yri': 1072.12973, 'N_ooa': 2044.25945, 'N_ceu': 2044.25945, 'N_chb': 2044.25945, 'gr_ceu': 0.01964, 'gr_chb': 0.01964, 'm_yri_ooa': 0.0, 'm_yri_ceu': 1e-05, 'm_yri_chb': 1e-05, 'm_ceu_chb': 1e-05} -73940.21085544358
x_down: {'t1': 1.88375, 't2': 7.41335, 't3': 100, 'N_anc': 1072.12973, 'N_yri': 1072.12973, 'N_ooa': 1072.12973, 'N_ceu': 2044.25945, 'N_chb': 2044.25945, 'gr_ceu': 0.01964, 'gr_chb': 0.01964, 'm_yri_ooa': 0.0, 'm_yri_ceu': 1e-05, 'm_yri_chb': 1e-05, 'm_ceu_chb': 1e-05} -72506.82894521198
 
 
x_up: {'t1': 1.88375, 't2': 7.41335, 't3': 100, 'N_anc': 1072.12973, 'N_yri': 1072.12973, 'N_ooa': 1072.12973, 'N_ceu': 3016.38918, 'N_chb': 2044.25945, 'gr_ceu': 0.01964, 'gr_chb': 0.01964, 'm_yri_ooa': 0.0, 'm_yri_ceu': 1e-05, 'm_yri_chb': 1e-05, 'm_ceu_chb': 1e-05} -73009.3229547495
x: {'t1': 1.88375, 't2': 7.41335, 't3': 100, 'N_anc': 1072.12973, 'N_yri': 1072.12973, 'N_ooa': 1072.12973, 'N_ceu': 2044.25945, 'N_chb': 2044.25945, 'gr_ceu': 0.01964, 'gr_chb': 0.01964, 'm_yri_ooa': 0.0, 'm_yri_ceu': 1e-05, 'm_yri_chb': 1e-05, 'm_ceu_chb': 1e-05} -72506.82894521198
x_down: {'t1': 1.88375, 't2': 7.41335, 't3': 100, 'N_anc': 1072.12973, 'N_yri': 1072.12973, 'N_ooa': 1072.12973, 'N_ceu': 1072.12973, 'N_chb': 2044.25945, 'gr_ceu': 0.01964, 'gr_chb': 0.01964, 'm_yri_ooa': 0.0, 'm_yri_ceu': 1e-05, 'm_yri_chb': 1e-05, 'm_ceu_chb': 1e-05} -71442.18325777356
 
 
x_up: {'t1': 1.88375, 't2': 7.41335, 't3': 100, 'N_anc': 1072.12973, 'N_yri': 1072.12973, 'N_ooa': 1072.12973, 'N_ceu': 1072.12973, 'N_chb': 3016.38918, 'gr_ceu': 0.01964, 'gr_chb': 0.01964, 'm_yri_ooa': 0.0, 'm_yri_ceu': 1e-05, 'm_yri_chb': 1e-05, 'm_ceu_chb': 1e-05} -71859.88233100496
x: {'t1': 1.88375, 't2': 7.41335, 't3': 100, 'N_anc': 1072.12973, 'N_yri': 1072.12973, 'N_ooa': 1072.12973, 'N_ceu': 1072.12973, 'N_chb': 2044.25945, 'gr_ceu': 0.01964, 'gr_chb': 0.01964, 'm_yri_ooa': 0.0, 'm_yri_ceu': 1e-05, 'm_yri_chb': 1e-05, 'm_ceu_chb': 1e-05} -71442.18325777356
x_down: {'t1': 1.88375, 't2': 7.41335, 't3': 100, 'N_anc': 1072.12973, 'N_yri': 1072.12973, 'N_ooa': 1072.12973, 'N_ceu': 1072.12973, 'N_chb': 1072.12973, 'gr_ceu': 0.01964, 'gr_chb': 0.01964, 'm_yri_ooa': 0.0, 'm_yri_ceu': 1e-05, 'm_yri_chb': 1e-05, 'm_ceu_chb': 1e-05} -70765.33849160965
 
 
x_up: {'t1': 1.88375, 't2': 7.41335, 't3': 100, 'N_anc': 1072.12973, 'N_yri': 1072.12973, 'N_ooa': 1072.12973, 'N_ceu': 1072.12973, 'N_chb': 1072.12973, 'gr_ceu': 0.02946, 'gr_chb': 0.01964, 'm_yri_ooa': 0.0, 'm_yri_ceu': 1e-05, 'm_yri_chb': 1e-05, 'm_ceu_chb': 1e-05} -70779.38642044207
x: {'t1': 1.88375, 't2': 7.41335, 't3': 100, 'N_anc': 1072.12973, 'N_yri': 1072.12973, 'N_ooa': 1072.12973, 'N_ceu': 1072.12973, 'N_chb': 1072.12973, 'gr_ceu': 0.01964, 'gr_chb': 0.01964, 'm_yri_ooa': 0.0, 'm_yri_ceu': 1e-05, 'm_yri_chb': 1e-05, 'm_ceu_chb': 1e-05} -70765.33849160965
x_down: {'t1': 1.88375, 't2': 7.41335, 't3': 100, 'N_anc': 1072.12973, 'N_yri': 1072.12973, 'N_ooa': 1072.12973, 'N_ceu': 1072.12973, 'N_chb': 1072.12973, 'gr_ceu': 0.00982, 'gr_chb': 0.01964, 'm_yri_ooa': 0.0, 'm_yri_ceu': 1e-05, 'm_yri_chb': 1e-05, 'm_ceu_chb': 1e-05} -70751.20520798177
 
 
x_up: {'t1': 1.88375, 't2': 7.41335, 't3': 100, 'N_anc': 1072.12973, 'N_yri': 1072.12973, 'N_ooa': 1072.12973, 'N_ceu': 1072.12973, 'N_chb': 1072.12973, 'gr_ceu': 0.00982, 'gr_chb': 0.02946, 'm_yri_ooa': 0.0, 'm_yri_ceu': 1e-05, 'm_yri_chb': 1e-05, 'm_ceu_chb': 1e-05} -70765.09202686831
x: {'t1': 1.88375, 't2': 7.41335, 't3': 100, 'N_anc': 1072.12973, 'N_yri': 1072.12973, 'N_ooa': 1072.12973, 'N_ceu': 1072.12973, 'N_chb': 1072.12973, 'gr_ceu': 0.00982, 'gr_chb': 0.01964, 'm_yri_ooa': 0.0, 'm_yri_ceu': 1e-05, 'm_yri_chb': 1e-05, 'm_ceu_chb': 1e-05} -70751.20520798177
x_down: {'t1': 1.88375, 't2': 7.41335, 't3': 100, 'N_anc': 1072.12973, 'N_yri': 1072.12973, 'N_ooa': 1072.12973, 'N_ceu': 1072.12973, 'N_chb': 1072.12973, 'gr_ceu': 0.00982, 'gr_chb': 0.00982, 'm_yri_ooa': 0.0, 'm_yri_ceu': 1e-05, 'm_yri_chb': 1e-05, 'm_ceu_chb': 1e-05} -70737.23223951868
 
 
x_up: {'t1': 1.88375, 't2': 7.41335, 't3': 100, 'N_anc': 1072.12973, 'N_yri': 1072.12973, 'N_ooa': 1072.12973, 'N_ceu': 1072.12973, 'N_chb': 1072.12973, 'gr_ceu': 0.00982, 'gr_chb': 0.00982, 'm_yri_ooa': 0.0, 'm_yri_ceu': 1e-05, 'm_yri_chb': 1e-05, 'm_ceu_chb': 1e-05} -70737.23223951868
x: {'t1': 1.88375, 't2': 7.41335, 't3': 100, 'N_anc': 1072.12973, 'N_yri': 1072.12973, 'N_ooa': 1072.12973, 'N_ceu': 1072.12973, 'N_chb': 1072.12973, 'gr_ceu': 0.00982, 'gr_chb': 0.00982, 'm_yri_ooa': 0.0, 'm_yri_ceu': 1e-05, 'm_yri_chb': 1e-05, 'm_ceu_chb': 1e-05} -70737.23223951868
x_down: {'t1': 1.88375, 't2': 7.41335, 't3': 100, 'N_anc': 1072.12973, 'N_yri': 1072.12973, 'N_ooa': 1072.12973, 'N_ceu': 1072.12973, 'N_chb': 1072.12973, 'gr_ceu': 0.00982, 'gr_chb': 0.00982, 'm_yri_ooa': 1e-05, 'm_yri_ceu': 1e-05, 'm_yri_chb': 1e-05, 'm_ceu_chb': 1e-05} -70737.27587815972
 
 
x_up: {'t1': 1.88375, 't2': 7.41335, 't3': 100, 'N_anc': 1072.12973, 'N_yri': 1072.12973, 'N_ooa': 1072.12973, 'N_ceu': 1072.12973, 'N_chb': 1072.12973, 'gr_ceu': 0.00982, 'gr_chb': 0.00982, 'm_yri_ooa': 0.0, 'm_yri_ceu': 0.0, 'm_yri_chb': 1e-05, 'm_ceu_chb': 1e-05} -70737.23223952553
x: {'t1': 1.88375, 't2': 7.41335, 't3': 100, 'N_anc': 1072.12973, 'N_yri': 1072.12973, 'N_ooa': 1072.12973, 'N_ceu': 1072.12973, 'N_chb': 1072.12973, 'gr_ceu': 0.00982, 'gr_chb': 0.00982, 'm_yri_ooa': 0.0, 'm_yri_ceu': 1e-05, 'm_yri_chb': 1e-05, 'm_ceu_chb': 1e-05} -70737.23223951868
x_down: {'t1': 1.88375, 't2': 7.41335, 't3': 100, 'N_anc': 1072.12973, 'N_yri': 1072.12973, 'N_ooa': 1072.12973, 'N_ceu': 1072.12973, 'N_chb': 1072.12973, 'gr_ceu': 0.00982, 'gr_chb': 0.00982, 'm_yri_ooa': 0.0, 'm_yri_ceu': 1e-05, 'm_yri_chb': 1e-05, 'm_ceu_chb': 1e-05} -70737.23223951868
 
 
x_up: {'t1': 1.88375, 't2': 7.41335, 't3': 100, 'N_anc': 1072.12973, 'N_yri': 1072.12973, 'N_ooa': 1072.12973, 'N_ceu': 1072.12973, 'N_chb': 1072.12973, 'gr_ceu': 0.00982, 'gr_chb': 0.00982, 'm_yri_ooa': 0.0, 'm_yri_ceu': 1e-05, 'm_yri_chb': 0.0, 'm_ceu_chb': 1e-05} -70737.2322395253
x: {'t1': 1.88375, 't2': 7.41335, 't3': 100, 'N_anc': 1072.12973, 'N_yri': 1072.12973, 'N_ooa': 1072.12973, 'N_ceu': 1072.12973, 'N_chb': 1072.12973, 'gr_ceu': 0.00982, 'gr_chb': 0.00982, 'm_yri_ooa': 0.0, 'm_yri_ceu': 1e-05, 'm_yri_chb': 1e-05, 'm_ceu_chb': 1e-05} -70737.23223951868
x_down: {'t1': 1.88375, 't2': 7.41335, 't3': 100, 'N_anc': 1072.12973, 'N_yri': 1072.12973, 'N_ooa': 1072.12973, 'N_ceu': 1072.12973, 'N_chb': 1072.12973, 'gr_ceu': 0.00982, 'gr_chb': 0.00982, 'm_yri_ooa': 0.0, 'm_yri_ceu': 1e-05, 'm_yri_chb': 1e-05, 'm_ceu_chb': 1e-05} -70737.23223951868
 
 
x_up: {'t1': 1.88375, 't2': 7.41335, 't3': 100, 'N_anc': 1072.12973, 'N_yri': 1072.12973, 'N_ooa': 1072.12973, 'N_ceu': 1072.12973, 'N_chb': 1072.12973, 'gr_ceu': 0.00982, 'gr_chb': 0.00982, 'm_yri_ooa': 0.0, 'm_yri_ceu': 1e-05, 'm_yri_chb': 1e-05, 'm_ceu_chb': 0.0} -70737.23223951887
x: {'t1': 1.88375, 't2': 7.41335, 't3': 100, 'N_anc': 1072.12973, 'N_yri': 1072.12973, 'N_ooa': 1072.12973, 'N_ceu': 1072.12973, 'N_chb': 1072.12973, 'gr_ceu': 0.00982, 'gr_chb': 0.00982, 'm_yri_ooa': 0.0, 'm_yri_ceu': 1e-05, 'm_yri_chb': 1e-05, 'm_ceu_chb': 1e-05} -70737.23223951868
x_down: {'t1': 1.88375, 't2': 7.41335, 't3': 100, 'N_anc': 1072.12973, 'N_yri': 1072.12973, 'N_ooa': 1072.12973, 'N_ceu': 1072.12973, 'N_chb': 1072.12973, 'gr_ceu': 0.00982, 'gr_chb': 0.00982, 'm_yri_ooa': 0.0, 'm_yri_ceu': 1e-05, 'm_yri_chb': 1e-05, 'm_ceu_chb': 1e-05} -70737.23223951868
 
{'t1': 1.88375, 't2': 7.41335, 't3': 100, 'N_anc': 1072.12973, 'N_yri': 1072.12973, 'N_ooa': 1072.12973, 'N_ceu': 1072.12973, 'N_chb': 1072.12973, 'gr_ceu': 0.00982, 'gr_chb': 0.00982, 'm_yri_ooa': 0.0, 'm_yri_ceu': 1e-05, 'm_yri_chb': 1e-05, 'm_ceu_chb': 1e-05} -70737.23223951868
 
x_up: {'t1': 2.32563, 't2': 7.41335, 't3': 100, 'N_anc': 1072.12973, 'N_yri': 1072.12973, 'N_ooa': 1072.12973, 'N_ceu': 1072.12973, 'N_chb': 1072.12973, 'gr_ceu': 0.00982, 'gr_chb': 0.00982, 'm_yri_ooa': 0.0, 'm_yri_ceu': 1e-05, 'm_yri_chb': 1e-05, 'm_ceu_chb': 1e-05} -70814.79520168371
x: {'t1': 1.88375, 't2': 7.41335, 't3': 100, 'N_anc': 1072.12973, 'N_yri': 1072.12973, 'N_ooa': 1072.12973, 'N_ceu': 1072.12973, 'N_chb': 1072.12973, 'gr_ceu': 0.00982, 'gr_chb': 0.00982, 'm_yri_ooa': 0.0, 'm_yri_ceu': 1e-05, 'm_yri_chb': 1e-05, 'm_ceu_chb': 1e-05} -70737.23223951868
x_down: {'t1': 1.44188, 't2': 7.41335, 't3': 100, 'N_anc': 1072.12973, 'N_yri': 1072.12973, 'N_ooa': 1072.12973, 'N_ceu': 1072.12973, 'N_chb': 1072.12973, 'gr_ceu': 0.00982, 'gr_chb': 0.00982, 'm_yri_ooa': 0.0, 'm_yri_ceu': 1e-05, 'm_yri_chb': 1e-05, 'm_ceu_chb': 1e-05} -70657.67902430016
 
 
x_up: {'t1': 1.44188, 't2': 10.39908, 't3': 100, 'N_anc': 1072.12973, 'N_yri': 1072.12973, 'N_ooa': 1072.12973, 'N_ceu': 1072.12973, 'N_chb': 1072.12973, 'gr_ceu': 0.00982, 'gr_chb': 0.00982, 'm_yri_ooa': 0.0, 'm_yri_ceu': 1e-05, 'm_yri_chb': 1e-05, 'm_ceu_chb': 1e-05} -71013.28823288492
x: {'t1': 1.44188, 't2': 7.41335, 't3': 100, 'N_anc': 1072.12973, 'N_yri': 1072.12973, 'N_ooa': 1072.12973, 'N_ceu': 1072.12973, 'N_chb': 1072.12973, 'gr_ceu': 0.00982, 'gr_chb': 0.00982, 'm_yri_ooa': 0.0, 'm_yri_ceu': 1e-05, 'm_yri_chb': 1e-05, 'm_ceu_chb': 1e-05} -70657.67902430016
x_down: {'t1': 1.44188, 't2': 4.42762, 't3': 100, 'N_anc': 1072.12973, 'N_yri': 1072.12973, 'N_ooa': 1072.12973, 'N_ceu': 1072.12973, 'N_chb': 1072.12973, 'gr_ceu': 0.00982, 'gr_chb': 0.00982, 'm_yri_ooa': 0.0, 'm_yri_ceu': 1e-05, 'm_yri_chb': 1e-05, 'm_ceu_chb': 1e-05} -70260.23562432236
 
 
x_up: {'t1': 1.44188, 't2': 4.42762, 't3': 104.77862, 'N_anc': 1072.12973, 'N_yri': 1072.12973, 'N_ooa': 1072.12973, 'N_ceu': 1072.12973, 'N_chb': 1072.12973, 'gr_ceu': 0.00982, 'gr_chb': 0.00982, 'm_yri_ooa': 0.0, 'm_yri_ceu': 1e-05, 'm_yri_chb': 1e-05, 'm_ceu_chb': 1e-05} -70260.23562432236
x: {'t1': 1.44188, 't2': 4.42762, 't3': 100, 'N_anc': 1072.12973, 'N_yri': 1072.12973, 'N_ooa': 1072.12973, 'N_ceu': 1072.12973, 'N_chb': 1072.12973, 'gr_ceu': 0.00982, 'gr_chb': 0.00982, 'm_yri_ooa': 0.0, 'm_yri_ceu': 1e-05, 'm_yri_chb': 1e-05, 'm_ceu_chb': 1e-05} -70260.23562432236
x_down: {'t1': 1.44188, 't2': 4.42762, 't3': 95.22138, 'N_anc': 1072.12973, 'N_yri': 1072.12973, 'N_ooa': 1072.12973, 'N_ceu': 1072.12973, 'N_chb': 1072.12973, 'gr_ceu': 0.00982, 'gr_chb': 0.00982, 'm_yri_ooa': 0.0, 'm_yri_ceu': 1e-05, 'm_yri_chb': 1e-05, 'm_ceu_chb': 1e-05} -70260.23562432235
 
 
x_up: {'t1': 1.44188, 't2': 4.42762, 't3': 95.22138, 'N_anc': 1558.1946, 'N_yri': 1072.12973, 'N_ooa': 1072.12973, 'N_ceu': 1072.12973, 'N_chb': 1072.12973, 'gr_ceu': 0.00982, 'gr_chb': 0.00982, 'm_yri_ooa': 0.0, 'm_yri_ceu': 1e-05, 'm_yri_chb': 1e-05, 'm_ceu_chb': 1e-05} -70303.7295494353
x: {'t1': 1.44188, 't2': 4.42762, 't3': 95.22138, 'N_anc': 1072.12973, 'N_yri': 1072.12973, 'N_ooa': 1072.12973, 'N_ceu': 1072.12973, 'N_chb': 1072.12973, 'gr_ceu': 0.00982, 'gr_chb': 0.00982, 'm_yri_ooa': 0.0, 'm_yri_ceu': 1e-05, 'm_yri_chb': 1e-05, 'm_ceu_chb': 1e-05} -70260.23562432235
x_down: {'t1': 1.44188, 't2': 4.42762, 't3': 95.22138, 'N_anc': 586.06487, 'N_yri': 1072.12973, 'N_ooa': 1072.12973, 'N_ceu': 1072.12973, 'N_chb': 1072.12973, 'gr_ceu': 0.00982, 'gr_chb': 0.00982, 'm_yri_ooa': 0.0, 'm_yri_ceu': 1e-05, 'm_yri_chb': 1e-05, 'm_ceu_chb': 1e-05} -70217.5415465375
 
 
x_up: {'t1': 1.44188, 't2': 4.42762, 't3': 95.22138, 'N_anc': 586.06487, 'N_yri': 1558.1946, 'N_ooa': 1072.12973, 'N_ceu': 1072.12973, 'N_chb': 1072.12973, 'gr_ceu': 0.00982, 'gr_chb': 0.00982, 'm_yri_ooa': 0.0, 'm_yri_ceu': 1e-05, 'm_yri_chb': 1e-05, 'm_ceu_chb': 1e-05} -70601.23961062683
x: {'t1': 1.44188, 't2': 4.42762, 't3': 95.22138, 'N_anc': 586.06487, 'N_yri': 1072.12973, 'N_ooa': 1072.12973, 'N_ceu': 1072.12973, 'N_chb': 1072.12973, 'gr_ceu': 0.00982, 'gr_chb': 0.00982, 'm_yri_ooa': 0.0, 'm_yri_ceu': 1e-05, 'm_yri_chb': 1e-05, 'm_ceu_chb': 1e-05} -70217.5415465375
x_down: {'t1': 1.44188, 't2': 4.42762, 't3': 95.22138, 'N_anc': 586.06487, 'N_yri': 586.06487, 'N_ooa': 1072.12973, 'N_ceu': 1072.12973, 'N_chb': 1072.12973, 'gr_ceu': 0.00982, 'gr_chb': 0.00982, 'm_yri_ooa': 0.0, 'm_yri_ceu': 1e-05, 'm_yri_chb': 1e-05, 'm_ceu_chb': 1e-05} -69584.5102574664
 
 
x_up: {'t1': 1.44188, 't2': 4.42762, 't3': 95.22138, 'N_anc': 586.06487, 'N_yri': 586.06487, 'N_ooa': 1558.1946, 'N_ceu': 1072.12973, 'N_chb': 1072.12973, 'gr_ceu': 0.00982, 'gr_chb': 0.00982, 'm_yri_ooa': 0.0, 'm_yri_ceu': 1e-05, 'm_yri_chb': 1e-05, 'm_ceu_chb': 1e-05} -70318.82418245712
x: {'t1': 1.44188, 't2': 4.42762, 't3': 95.22138, 'N_anc': 586.06487, 'N_yri': 586.06487, 'N_ooa': 1072.12973, 'N_ceu': 1072.12973, 'N_chb': 1072.12973, 'gr_ceu': 0.00982, 'gr_chb': 0.00982, 'm_yri_ooa': 0.0, 'm_yri_ceu': 1e-05, 'm_yri_chb': 1e-05, 'm_ceu_chb': 1e-05} -69584.5102574664
x_down: {'t1': 1.44188, 't2': 4.42762, 't3': 95.22138, 'N_anc': 586.06487, 'N_yri': 586.06487, 'N_ooa': 586.06487, 'N_ceu': 1072.12973, 'N_chb': 1072.12973, 'gr_ceu': 0.00982, 'gr_chb': 0.00982, 'm_yri_ooa': 0.0, 'm_yri_ceu': 1e-05, 'm_yri_chb': 1e-05, 'm_ceu_chb': 1e-05} -69621.4593743106
 
 
x_up: {'t1': 1.44188, 't2': 4.42762, 't3': 95.22138, 'N_anc': 586.06487, 'N_yri': 586.06487, 'N_ooa': 1072.12973, 'N_ceu': 1558.1946, 'N_chb': 1072.12973, 'gr_ceu': 0.00982, 'gr_chb': 0.00982, 'm_yri_ooa': 0.0, 'm_yri_ceu': 1e-05, 'm_yri_chb': 1e-05, 'm_ceu_chb': 1e-05} -69910.81134640536
x: {'t1': 1.44188, 't2': 4.42762, 't3': 95.22138, 'N_anc': 586.06487, 'N_yri': 586.06487, 'N_ooa': 1072.12973, 'N_ceu': 1072.12973, 'N_chb': 1072.12973, 'gr_ceu': 0.00982, 'gr_chb': 0.00982, 'm_yri_ooa': 0.0, 'm_yri_ceu': 1e-05, 'm_yri_chb': 1e-05, 'm_ceu_chb': 1e-05} -69584.5102574664
x_down: {'t1': 1.44188, 't2': 4.42762, 't3': 95.22138, 'N_anc': 586.06487, 'N_yri': 586.06487, 'N_ooa': 1072.12973, 'N_ceu': 586.06487, 'N_chb': 1072.12973, 'gr_ceu': 0.00982, 'gr_chb': 0.00982, 'm_yri_ooa': 0.0, 'm_yri_ceu': 1e-05, 'm_yri_chb': 1e-05, 'm_ceu_chb': 1e-05} -69010.40827259187
 
 
x_up: {'t1': 1.44188, 't2': 4.42762, 't3': 95.22138, 'N_anc': 586.06487, 'N_yri': 586.06487, 'N_ooa': 1072.12973, 'N_ceu': 586.06487, 'N_chb': 1558.1946, 'gr_ceu': 0.00982, 'gr_chb': 0.00982, 'm_yri_ooa': 0.0, 'm_yri_ceu': 1e-05, 'm_yri_chb': 1e-05, 'm_ceu_chb': 1e-05} -69263.48991070241
x: {'t1': 1.44188, 't2': 4.42762, 't3': 95.22138, 'N_anc': 586.06487, 'N_yri': 586.06487, 'N_ooa': 1072.12973, 'N_ceu': 586.06487, 'N_chb': 1072.12973, 'gr_ceu': 0.00982, 'gr_chb': 0.00982, 'm_yri_ooa': 0.0, 'm_yri_ceu': 1e-05, 'm_yri_chb': 1e-05, 'm_ceu_chb': 1e-05} -69010.40827259187
x_down: {'t1': 1.44188, 't2': 4.42762, 't3': 95.22138, 'N_anc': 586.06487, 'N_yri': 586.06487, 'N_ooa': 1072.12973, 'N_ceu': 586.06487, 'N_chb': 586.06487, 'gr_ceu': 0.00982, 'gr_chb': 0.00982, 'm_yri_ooa': 0.0, 'm_yri_ceu': 1e-05, 'm_yri_chb': 1e-05, 'm_ceu_chb': 1e-05} -68664.97908071625
 
 
x_up: {'t1': 1.44188, 't2': 4.42762, 't3': 95.22138, 'N_anc': 586.06487, 'N_yri': 586.06487, 'N_ooa': 1072.12973, 'N_ceu': 586.06487, 'N_chb': 586.06487, 'gr_ceu': 0.01473, 'gr_chb': 0.00982, 'm_yri_ooa': 0.0, 'm_yri_ceu': 1e-05, 'm_yri_chb': 1e-05, 'm_ceu_chb': 1e-05} -68667.41235690043
x: {'t1': 1.44188, 't2': 4.42762, 't3': 95.22138, 'N_anc': 586.06487, 'N_yri': 586.06487, 'N_ooa': 1072.12973, 'N_ceu': 586.06487, 'N_chb': 586.06487, 'gr_ceu': 0.00982, 'gr_chb': 0.00982, 'm_yri_ooa': 0.0, 'm_yri_ceu': 1e-05, 'm_yri_chb': 1e-05, 'm_ceu_chb': 1e-05} -68664.97908071625
x_down: {'t1': 1.44188, 't2': 4.42762, 't3': 95.22138, 'N_anc': 586.06487, 'N_yri': 586.06487, 'N_ooa': 1072.12973, 'N_ceu': 586.06487, 'N_chb': 586.06487, 'gr_ceu': 0.00491, 'gr_chb': 0.00982, 'm_yri_ooa': 0.0, 'm_yri_ceu': 1e-05, 'm_yri_chb': 1e-05, 'm_ceu_chb': 1e-05} -68662.5466698668
 
 
x_up: {'t1': 1.44188, 't2': 4.42762, 't3': 95.22138, 'N_anc': 586.06487, 'N_yri': 586.06487, 'N_ooa': 1072.12973, 'N_ceu': 586.06487, 'N_chb': 586.06487, 'gr_ceu': 0.00491, 'gr_chb': 0.01473, 'm_yri_ooa': 0.0, 'm_yri_ceu': 1e-05, 'm_yri_chb': 1e-05, 'm_ceu_chb': 1e-05} -68664.96722500377
x: {'t1': 1.44188, 't2': 4.42762, 't3': 95.22138, 'N_anc': 586.06487, 'N_yri': 586.06487, 'N_ooa': 1072.12973, 'N_ceu': 586.06487, 'N_chb': 586.06487, 'gr_ceu': 0.00491, 'gr_chb': 0.00982, 'm_yri_ooa': 0.0, 'm_yri_ceu': 1e-05, 'm_yri_chb': 1e-05, 'm_ceu_chb': 1e-05} -68662.5466698668
x_down: {'t1': 1.44188, 't2': 4.42762, 't3': 95.22138, 'N_anc': 586.06487, 'N_yri': 586.06487, 'N_ooa': 1072.12973, 'N_ceu': 586.06487, 'N_chb': 586.06487, 'gr_ceu': 0.00491, 'gr_chb': 0.00491, 'm_yri_ooa': 0.0, 'm_yri_ceu': 1e-05, 'm_yri_chb': 1e-05, 'm_ceu_chb': 1e-05} -68660.1274243262
 
 
x_up: {'t1': 1.44188, 't2': 4.42762, 't3': 95.22138, 'N_anc': 586.06487, 'N_yri': 586.06487, 'N_ooa': 1072.12973, 'N_ceu': 586.06487, 'N_chb': 586.06487, 'gr_ceu': 0.00491, 'gr_chb': 0.00491, 'm_yri_ooa': 0.0, 'm_yri_ceu': 1e-05, 'm_yri_chb': 1e-05, 'm_ceu_chb': 1e-05} -68660.1274243262
x: {'t1': 1.44188, 't2': 4.42762, 't3': 95.22138, 'N_anc': 586.06487, 'N_yri': 586.06487, 'N_ooa': 1072.12973, 'N_ceu': 586.06487, 'N_chb': 586.06487, 'gr_ceu': 0.00491, 'gr_chb': 0.00491, 'm_yri_ooa': 0.0, 'm_yri_ceu': 1e-05, 'm_yri_chb': 1e-05, 'm_ceu_chb': 1e-05} -68660.1274243262
x_down: {'t1': 1.44188, 't2': 4.42762, 't3': 95.22138, 'N_anc': 586.06487, 'N_yri': 586.06487, 'N_ooa': 1072.12973, 'N_ceu': 586.06487, 'N_chb': 586.06487, 'gr_ceu': 0.00491, 'gr_chb': 0.00491, 'm_yri_ooa': 1e-05, 'm_yri_ceu': 1e-05, 'm_yri_chb': 1e-05, 'm_ceu_chb': 1e-05} -68660.16833313249
 
 
x_up: {'t1': 1.44188, 't2': 4.42762, 't3': 95.22138, 'N_anc': 586.06487, 'N_yri': 586.06487, 'N_ooa': 1072.12973, 'N_ceu': 586.06487, 'N_chb': 586.06487, 'gr_ceu': 0.00491, 'gr_chb': 0.00491, 'm_yri_ooa': 0.0, 'm_yri_ceu': 0.0, 'm_yri_chb': 1e-05, 'm_ceu_chb': 1e-05} -68660.12742433071
x: {'t1': 1.44188, 't2': 4.42762, 't3': 95.22138, 'N_anc': 586.06487, 'N_yri': 586.06487, 'N_ooa': 1072.12973, 'N_ceu': 586.06487, 'N_chb': 586.06487, 'gr_ceu': 0.00491, 'gr_chb': 0.00491, 'm_yri_ooa': 0.0, 'm_yri_ceu': 1e-05, 'm_yri_chb': 1e-05, 'm_ceu_chb': 1e-05} -68660.1274243262
x_down: {'t1': 1.44188, 't2': 4.42762, 't3': 95.22138, 'N_anc': 586.06487, 'N_yri': 586.06487, 'N_ooa': 1072.12973, 'N_ceu': 586.06487, 'N_chb': 586.06487, 'gr_ceu': 0.00491, 'gr_chb': 0.00491, 'm_yri_ooa': 0.0, 'm_yri_ceu': 1e-05, 'm_yri_chb': 1e-05, 'm_ceu_chb': 1e-05} -68660.1274243262
 
 
x_up: {'t1': 1.44188, 't2': 4.42762, 't3': 95.22138, 'N_anc': 586.06487, 'N_yri': 586.06487, 'N_ooa': 1072.12973, 'N_ceu': 586.06487, 'N_chb': 586.06487, 'gr_ceu': 0.00491, 'gr_chb': 0.00491, 'm_yri_ooa': 0.0, 'm_yri_ceu': 1e-05, 'm_yri_chb': 0.0, 'm_ceu_chb': 1e-05} -68660.12742433099
x: {'t1': 1.44188, 't2': 4.42762, 't3': 95.22138, 'N_anc': 586.06487, 'N_yri': 586.06487, 'N_ooa': 1072.12973, 'N_ceu': 586.06487, 'N_chb': 586.06487, 'gr_ceu': 0.00491, 'gr_chb': 0.00491, 'm_yri_ooa': 0.0, 'm_yri_ceu': 1e-05, 'm_yri_chb': 1e-05, 'm_ceu_chb': 1e-05} -68660.1274243262
x_down: {'t1': 1.44188, 't2': 4.42762, 't3': 95.22138, 'N_anc': 586.06487, 'N_yri': 586.06487, 'N_ooa': 1072.12973, 'N_ceu': 586.06487, 'N_chb': 586.06487, 'gr_ceu': 0.00491, 'gr_chb': 0.00491, 'm_yri_ooa': 0.0, 'm_yri_ceu': 1e-05, 'm_yri_chb': 1e-05, 'm_ceu_chb': 1e-05} -68660.1274243262
 
 
x_up: {'t1': 1.44188, 't2': 4.42762, 't3': 95.22138, 'N_anc': 586.06487, 'N_yri': 586.06487, 'N_ooa': 1072.12973, 'N_ceu': 586.06487, 'N_chb': 586.06487, 'gr_ceu': 0.00491, 'gr_chb': 0.00491, 'm_yri_ooa': 0.0, 'm_yri_ceu': 1e-05, 'm_yri_chb': 1e-05, 'm_ceu_chb': 0.0} -68660.12742432609
x: {'t1': 1.44188, 't2': 4.42762, 't3': 95.22138, 'N_anc': 586.06487, 'N_yri': 586.06487, 'N_ooa': 1072.12973, 'N_ceu': 586.06487, 'N_chb': 586.06487, 'gr_ceu': 0.00491, 'gr_chb': 0.00491, 'm_yri_ooa': 0.0, 'm_yri_ceu': 1e-05, 'm_yri_chb': 1e-05, 'm_ceu_chb': 1e-05} -68660.1274243262
x_down: {'t1': 1.44188, 't2': 4.42762, 't3': 95.22138, 'N_anc': 586.06487, 'N_yri': 586.06487, 'N_ooa': 1072.12973, 'N_ceu': 586.06487, 'N_chb': 586.06487, 'gr_ceu': 0.00491, 'gr_chb': 0.00491, 'm_yri_ooa': 0.0, 'm_yri_ceu': 1e-05, 'm_yri_chb': 1e-05, 'm_ceu_chb': 1e-05} -68660.1274243262
 
{'t1': 1.44188, 't2': 4.42762, 't3': 95.22138, 'N_anc': 586.06487, 'N_yri': 586.06487, 'N_ooa': 1072.12973, 'N_ceu': 586.06487, 'N_chb': 586.06487, 'gr_ceu': 0.00491, 'gr_chb': 0.00491, 'm_yri_ooa': 0.0, 'm_yri_ceu': 1e-05, 'm_yri_chb': 1e-05, 'm_ceu_chb': 0.0} -68660.12742432609
 
x_up: {'t1': 1.66282, 't2': 4.42762, 't3': 95.22138, 'N_anc': 586.06487, 'N_yri': 586.06487, 'N_ooa': 1072.12973, 'N_ceu': 586.06487, 'N_chb': 586.06487, 'gr_ceu': 0.00491, 'gr_chb': 0.00491, 'm_yri_ooa': 0.0, 'm_yri_ceu': 1e-05, 'm_yri_chb': 1e-05, 'm_ceu_chb': 0.0} -68615.67916564217
x: {'t1': 1.44188, 't2': 4.42762, 't3': 95.22138, 'N_anc': 586.06487, 'N_yri': 586.06487, 'N_ooa': 1072.12973, 'N_ceu': 586.06487, 'N_chb': 586.06487, 'gr_ceu': 0.00491, 'gr_chb': 0.00491, 'm_yri_ooa': 0.0, 'm_yri_ceu': 1e-05, 'm_yri_chb': 1e-05, 'm_ceu_chb': 0.0} -68660.12742432609
x_down: {'t1': 1.22094, 't2': 4.42762, 't3': 95.22138, 'N_anc': 586.06487, 'N_yri': 586.06487, 'N_ooa': 1072.12973, 'N_ceu': 586.06487, 'N_chb': 586.06487, 'gr_ceu': 0.00491, 'gr_chb': 0.00491, 'm_yri_ooa': 0.0, 'm_yri_ceu': 1e-05, 'm_yri_chb': 1e-05, 'm_ceu_chb': 0.0} -68691.50619527334
 
 
x_up: {'t1': 1.66282, 't2': 5.81002, 't3': 95.22138, 'N_anc': 586.06487, 'N_yri': 586.06487, 'N_ooa': 1072.12973, 'N_ceu': 586.06487, 'N_chb': 586.06487, 'gr_ceu': 0.00491, 'gr_chb': 0.00491, 'm_yri_ooa': 0.0, 'm_yri_ceu': 1e-05, 'm_yri_chb': 1e-05, 'm_ceu_chb': 0.0} -68747.70031983481
x: {'t1': 1.66282, 't2': 4.42762, 't3': 95.22138, 'N_anc': 586.06487, 'N_yri': 586.06487, 'N_ooa': 1072.12973, 'N_ceu': 586.06487, 'N_chb': 586.06487, 'gr_ceu': 0.00491, 'gr_chb': 0.00491, 'm_yri_ooa': 0.0, 'm_yri_ceu': 1e-05, 'm_yri_chb': 1e-05, 'm_ceu_chb': 0.0} -68615.67916564217
x_down: {'t1': 1.66282, 't2': 3.04522, 't3': 95.22138, 'N_anc': 586.06487, 'N_yri': 586.06487, 'N_ooa': 1072.12973, 'N_ceu': 586.06487, 'N_chb': 586.06487, 'gr_ceu': 0.00491, 'gr_chb': 0.00491, 'm_yri_ooa': 0.0, 'm_yri_ceu': 1e-05, 'm_yri_chb': 1e-05, 'm_ceu_chb': 0.0} -68399.73156716902
 
 
x_up: {'t1': 1.66282, 't2': 3.04522, 't3': 102.13459, 'N_anc': 586.06487, 'N_yri': 586.06487, 'N_ooa': 1072.12973, 'N_ceu': 586.06487, 'N_chb': 586.06487, 'gr_ceu': 0.00491, 'gr_chb': 0.00491, 'm_yri_ooa': 0.0, 'm_yri_ceu': 1e-05, 'm_yri_chb': 1e-05, 'm_ceu_chb': 0.0} -68407.23751496713
x: {'t1': 1.66282, 't2': 3.04522, 't3': 95.22138, 'N_anc': 586.06487, 'N_yri': 586.06487, 'N_ooa': 1072.12973, 'N_ceu': 586.06487, 'N_chb': 586.06487, 'gr_ceu': 0.00491, 'gr_chb': 0.00491, 'm_yri_ooa': 0.0, 'm_yri_ceu': 1e-05, 'm_yri_chb': 1e-05, 'm_ceu_chb': 0.0} -68399.73156716902
x_down: {'t1': 1.66282, 't2': 3.04522, 't3': 88.30817, 'N_anc': 586.06487, 'N_yri': 586.06487, 'N_ooa': 1072.12973, 'N_ceu': 586.06487, 'N_chb': 586.06487, 'gr_ceu': 0.00491, 'gr_chb': 0.00491, 'm_yri_ooa': 0.0, 'm_yri_ceu': 1e-05, 'm_yri_chb': 1e-05, 'm_ceu_chb': 0.0} -68404.67235418256
 
 
x_up: {'t1': 1.66282, 't2': 3.04522, 't3': 95.22138, 'N_anc': 829.09731, 'N_yri': 586.06487, 'N_ooa': 1072.12973, 'N_ceu': 586.06487, 'N_chb': 586.06487, 'gr_ceu': 0.00491, 'gr_chb': 0.00491, 'm_yri_ooa': 0.0, 'm_yri_ceu': 1e-05, 'm_yri_chb': 1e-05, 'm_ceu_chb': 0.0} -68419.18289439265
x: {'t1': 1.66282, 't2': 3.04522, 't3': 95.22138, 'N_anc': 586.06487, 'N_yri': 586.06487, 'N_ooa': 1072.12973, 'N_ceu': 586.06487, 'N_chb': 586.06487, 'gr_ceu': 0.00491, 'gr_chb': 0.00491, 'm_yri_ooa': 0.0, 'm_yri_ceu': 1e-05, 'm_yri_chb': 1e-05, 'm_ceu_chb': 0.0} -68399.73156716902
x_down: {'t1': 1.66282, 't2': 3.04522, 't3': 95.22138, 'N_anc': 343.03244, 'N_yri': 586.06487, 'N_ooa': 1072.12973, 'N_ceu': 586.06487, 'N_chb': 586.06487, 'gr_ceu': 0.00491, 'gr_chb': 0.00491, 'm_yri_ooa': 0.0, 'm_yri_ceu': 1e-05, 'm_yri_chb': 1e-05, 'm_ceu_chb': 0.0} -68409.35258177109
 
 
x_up: {'t1': 1.66282, 't2': 3.04522, 't3': 95.22138, 'N_anc': 586.06487, 'N_yri': 829.09731, 'N_ooa': 1072.12973, 'N_ceu': 586.06487, 'N_chb': 586.06487, 'gr_ceu': 0.00491, 'gr_chb': 0.00491, 'm_yri_ooa': 0.0, 'm_yri_ceu': 1e-05, 'm_yri_chb': 1e-05, 'm_ceu_chb': 0.0} -68686.90705834626
x: {'t1': 1.66282, 't2': 3.04522, 't3': 95.22138, 'N_anc': 586.06487, 'N_yri': 586.06487, 'N_ooa': 1072.12973, 'N_ceu': 586.06487, 'N_chb': 586.06487, 'gr_ceu': 0.00491, 'gr_chb': 0.00491, 'm_yri_ooa': 0.0, 'm_yri_ceu': 1e-05, 'm_yri_chb': 1e-05, 'm_ceu_chb': 0.0} -68399.73156716902
x_down: {'t1': 1.66282, 't2': 3.04522, 't3': 95.22138, 'N_anc': 586.06487, 'N_yri': 343.03244, 'N_ooa': 1072.12973, 'N_ceu': 586.06487, 'N_chb': 586.06487, 'gr_ceu': 0.00491, 'gr_chb': 0.00491, 'm_yri_ooa': 0.0, 'm_yri_ceu': 1e-05, 'm_yri_chb': 1e-05, 'm_ceu_chb': 0.0} -68116.50240507882
 
 
x_up: {'t1': 1.66282, 't2': 3.04522, 't3': 95.22138, 'N_anc': 586.06487, 'N_yri': 343.03244, 'N_ooa': 1315.16216, 'N_ceu': 586.06487, 'N_chb': 586.06487, 'gr_ceu': 0.00491, 'gr_chb': 0.00491, 'm_yri_ooa': 0.0, 'm_yri_ceu': 1e-05, 'm_yri_chb': 1e-05, 'm_ceu_chb': 0.0} -68384.70174344526
x: {'t1': 1.66282, 't2': 3.04522, 't3': 95.22138, 'N_anc': 586.06487, 'N_yri': 343.03244, 'N_ooa': 1072.12973, 'N_ceu': 586.06487, 'N_chb': 586.06487, 'gr_ceu': 0.00491, 'gr_chb': 0.00491, 'm_yri_ooa': 0.0, 'm_yri_ceu': 1e-05, 'm_yri_chb': 1e-05, 'm_ceu_chb': 0.0} -68116.50240507882
x_down: {'t1': 1.66282, 't2': 3.04522, 't3': 95.22138, 'N_anc': 586.06487, 'N_yri': 343.03244, 'N_ooa': 829.0973, 'N_ceu': 586.06487, 'N_chb': 586.06487, 'gr_ceu': 0.00491, 'gr_chb': 0.00491, 'm_yri_ooa': 0.0, 'm_yri_ceu': 1e-05, 'm_yri_chb': 1e-05, 'm_ceu_chb': 0.0} -68007.88165333797
 
 
x_up: {'t1': 1.66282, 't2': 3.04522, 't3': 95.22138, 'N_anc': 586.06487, 'N_yri': 343.03244, 'N_ooa': 829.0973, 'N_ceu': 829.09731, 'N_chb': 586.06487, 'gr_ceu': 0.00491, 'gr_chb': 0.00491, 'm_yri_ooa': 0.0, 'm_yri_ceu': 1e-05, 'm_yri_chb': 1e-05, 'm_ceu_chb': 0.0} -68223.99826824926
x: {'t1': 1.66282, 't2': 3.04522, 't3': 95.22138, 'N_anc': 586.06487, 'N_yri': 343.03244, 'N_ooa': 829.0973, 'N_ceu': 586.06487, 'N_chb': 586.06487, 'gr_ceu': 0.00491, 'gr_chb': 0.00491, 'm_yri_ooa': 0.0, 'm_yri_ceu': 1e-05, 'm_yri_chb': 1e-05, 'm_ceu_chb': 0.0} -68007.88165333797
x_down: {'t1': 1.66282, 't2': 3.04522, 't3': 95.22138, 'N_anc': 586.06487, 'N_yri': 343.03244, 'N_ooa': 829.0973, 'N_ceu': 343.03244, 'N_chb': 586.06487, 'gr_ceu': 0.00491, 'gr_chb': 0.00491, 'm_yri_ooa': 0.0, 'm_yri_ceu': 1e-05, 'm_yri_chb': 1e-05, 'm_ceu_chb': 0.0} -67756.56634113102
 
 
x_up: {'t1': 1.66282, 't2': 3.04522, 't3': 95.22138, 'N_anc': 586.06487, 'N_yri': 343.03244, 'N_ooa': 829.0973, 'N_ceu': 343.03244, 'N_chb': 829.09731, 'gr_ceu': 0.00491, 'gr_chb': 0.00491, 'm_yri_ooa': 0.0, 'm_yri_ceu': 1e-05, 'm_yri_chb': 1e-05, 'm_ceu_chb': 0.0} -67924.2272562866
x: {'t1': 1.66282, 't2': 3.04522, 't3': 95.22138, 'N_anc': 586.06487, 'N_yri': 343.03244, 'N_ooa': 829.0973, 'N_ceu': 343.03244, 'N_chb': 586.06487, 'gr_ceu': 0.00491, 'gr_chb': 0.00491, 'm_yri_ooa': 0.0, 'm_yri_ceu': 1e-05, 'm_yri_chb': 1e-05, 'm_ceu_chb': 0.0} -67756.56634113102
x_down: {'t1': 1.66282, 't2': 3.04522, 't3': 95.22138, 'N_anc': 586.06487, 'N_yri': 343.03244, 'N_ooa': 829.0973, 'N_ceu': 343.03244, 'N_chb': 343.03244, 'gr_ceu': 0.00491, 'gr_chb': 0.00491, 'm_yri_ooa': 0.0, 'm_yri_ceu': 1e-05, 'm_yri_chb': 1e-05, 'm_ceu_chb': 0.0} -67647.51363121632
 
 
x_up: {'t1': 1.66282, 't2': 3.04522, 't3': 95.22138, 'N_anc': 586.06487, 'N_yri': 343.03244, 'N_ooa': 829.0973, 'N_ceu': 343.03244, 'N_chb': 343.03244, 'gr_ceu': 0.00737, 'gr_chb': 0.00491, 'm_yri_ooa': 0.0, 'm_yri_ceu': 1e-05, 'm_yri_chb': 1e-05, 'm_ceu_chb': 0.0} -67647.66028238455
x: {'t1': 1.66282, 't2': 3.04522, 't3': 95.22138, 'N_anc': 586.06487, 'N_yri': 343.03244, 'N_ooa': 829.0973, 'N_ceu': 343.03244, 'N_chb': 343.03244, 'gr_ceu': 0.00491, 'gr_chb': 0.00491, 'm_yri_ooa': 0.0, 'm_yri_ceu': 1e-05, 'm_yri_chb': 1e-05, 'm_ceu_chb': 0.0} -67647.51363121632
x_down: {'t1': 1.66282, 't2': 3.04522, 't3': 95.22138, 'N_anc': 586.06487, 'N_yri': 343.03244, 'N_ooa': 829.0973, 'N_ceu': 343.03244, 'N_chb': 343.03244, 'gr_ceu': 0.00246, 'gr_chb': 0.00491, 'm_yri_ooa': 0.0, 'm_yri_ceu': 1e-05, 'm_yri_chb': 1e-05, 'm_ceu_chb': 0.0} -67647.37219755109
 
 
x_up: {'t1': 1.66282, 't2': 3.04522, 't3': 95.22138, 'N_anc': 586.06487, 'N_yri': 343.03244, 'N_ooa': 829.0973, 'N_ceu': 343.03244, 'N_chb': 343.03244, 'gr_ceu': 0.00246, 'gr_chb': 0.00737, 'm_yri_ooa': 0.0, 'm_yri_ceu': 1e-05, 'm_yri_chb': 1e-05, 'm_ceu_chb': 0.0} -67647.56454976727
x: {'t1': 1.66282, 't2': 3.04522, 't3': 95.22138, 'N_anc': 586.06487, 'N_yri': 343.03244, 'N_ooa': 829.0973, 'N_ceu': 343.03244, 'N_chb': 343.03244, 'gr_ceu': 0.00246, 'gr_chb': 0.00491, 'm_yri_ooa': 0.0, 'm_yri_ceu': 1e-05, 'm_yri_chb': 1e-05, 'm_ceu_chb': 0.0} -67647.37219755109
x_down: {'t1': 1.66282, 't2': 3.04522, 't3': 95.22138, 'N_anc': 586.06487, 'N_yri': 343.03244, 'N_ooa': 829.0973, 'N_ceu': 343.03244, 'N_chb': 343.03244, 'gr_ceu': 0.00246, 'gr_chb': 0.00246, 'm_yri_ooa': 0.0, 'm_yri_ceu': 1e-05, 'm_yri_chb': 1e-05, 'm_ceu_chb': 0.0} -67647.18560760115
 
 
x_up: {'t1': 1.66282, 't2': 3.04522, 't3': 95.22138, 'N_anc': 586.06487, 'N_yri': 343.03244, 'N_ooa': 829.0973, 'N_ceu': 343.03244, 'N_chb': 343.03244, 'gr_ceu': 0.00246, 'gr_chb': 0.00246, 'm_yri_ooa': 0.0, 'm_yri_ceu': 1e-05, 'm_yri_chb': 1e-05, 'm_ceu_chb': 0.0} -67647.18560760115
x: {'t1': 1.66282, 't2': 3.04522, 't3': 95.22138, 'N_anc': 586.06487, 'N_yri': 343.03244, 'N_ooa': 829.0973, 'N_ceu': 343.03244, 'N_chb': 343.03244, 'gr_ceu': 0.00246, 'gr_chb': 0.00246, 'm_yri_ooa': 0.0, 'm_yri_ceu': 1e-05, 'm_yri_chb': 1e-05, 'm_ceu_chb': 0.0} -67647.18560760115
x_down: {'t1': 1.66282, 't2': 3.04522, 't3': 95.22138, 'N_anc': 586.06487, 'N_yri': 343.03244, 'N_ooa': 829.0973, 'N_ceu': 343.03244, 'N_chb': 343.03244, 'gr_ceu': 0.00246, 'gr_chb': 0.00246, 'm_yri_ooa': 1e-05, 'm_yri_ceu': 1e-05, 'm_yri_chb': 1e-05, 'm_ceu_chb': 0.0} -67647.19545583831
 
 
x_up: {'t1': 1.66282, 't2': 3.04522, 't3': 95.22138, 'N_anc': 586.06487, 'N_yri': 343.03244, 'N_ooa': 829.0973, 'N_ceu': 343.03244, 'N_chb': 343.03244, 'gr_ceu': 0.00246, 'gr_chb': 0.00246, 'm_yri_ooa': 0.0, 'm_yri_ceu': 0.0, 'm_yri_chb': 1e-05, 'm_ceu_chb': 0.0} -67647.18560760147
x: {'t1': 1.66282, 't2': 3.04522, 't3': 95.22138, 'N_anc': 586.06487, 'N_yri': 343.03244, 'N_ooa': 829.0973, 'N_ceu': 343.03244, 'N_chb': 343.03244, 'gr_ceu': 0.00246, 'gr_chb': 0.00246, 'm_yri_ooa': 0.0, 'm_yri_ceu': 1e-05, 'm_yri_chb': 1e-05, 'm_ceu_chb': 0.0} -67647.18560760115
x_down: {'t1': 1.66282, 't2': 3.04522, 't3': 95.22138, 'N_anc': 586.06487, 'N_yri': 343.03244, 'N_ooa': 829.0973, 'N_ceu': 343.03244, 'N_chb': 343.03244, 'gr_ceu': 0.00246, 'gr_chb': 0.00246, 'm_yri_ooa': 0.0, 'm_yri_ceu': 1e-05, 'm_yri_chb': 1e-05, 'm_ceu_chb': 0.0} -67647.18560760115
 
 
x_up: {'t1': 1.66282, 't2': 3.04522, 't3': 95.22138, 'N_anc': 586.06487, 'N_yri': 343.03244, 'N_ooa': 829.0973, 'N_ceu': 343.03244, 'N_chb': 343.03244, 'gr_ceu': 0.00246, 'gr_chb': 0.00246, 'm_yri_ooa': 0.0, 'm_yri_ceu': 1e-05, 'm_yri_chb': 0.0, 'm_ceu_chb': 0.0} -67647.18560760152
x: {'t1': 1.66282, 't2': 3.04522, 't3': 95.22138, 'N_anc': 586.06487, 'N_yri': 343.03244, 'N_ooa': 829.0973, 'N_ceu': 343.03244, 'N_chb': 343.03244, 'gr_ceu': 0.00246, 'gr_chb': 0.00246, 'm_yri_ooa': 0.0, 'm_yri_ceu': 1e-05, 'm_yri_chb': 1e-05, 'm_ceu_chb': 0.0} -67647.18560760115
x_down: {'t1': 1.66282, 't2': 3.04522, 't3': 95.22138, 'N_anc': 586.06487, 'N_yri': 343.03244, 'N_ooa': 829.0973, 'N_ceu': 343.03244, 'N_chb': 343.03244, 'gr_ceu': 0.00246, 'gr_chb': 0.00246, 'm_yri_ooa': 0.0, 'm_yri_ceu': 1e-05, 'm_yri_chb': 1e-05, 'm_ceu_chb': 0.0} -67647.18560760115
 
 
x_up: {'t1': 1.66282, 't2': 3.04522, 't3': 95.22138, 'N_anc': 586.06487, 'N_yri': 343.03244, 'N_ooa': 829.0973, 'N_ceu': 343.03244, 'N_chb': 343.03244, 'gr_ceu': 0.00246, 'gr_chb': 0.00246, 'm_yri_ooa': 0.0, 'm_yri_ceu': 1e-05, 'm_yri_chb': 1e-05, 'm_ceu_chb': 0.0} -67647.18560760115
x: {'t1': 1.66282, 't2': 3.04522, 't3': 95.22138, 'N_anc': 586.06487, 'N_yri': 343.03244, 'N_ooa': 829.0973, 'N_ceu': 343.03244, 'N_chb': 343.03244, 'gr_ceu': 0.00246, 'gr_chb': 0.00246, 'm_yri_ooa': 0.0, 'm_yri_ceu': 1e-05, 'm_yri_chb': 1e-05, 'm_ceu_chb': 0.0} -67647.18560760115
x_down: {'t1': 1.66282, 't2': 3.04522, 't3': 95.22138, 'N_anc': 586.06487, 'N_yri': 343.03244, 'N_ooa': 829.0973, 'N_ceu': 343.03244, 'N_chb': 343.03244, 'gr_ceu': 0.00246, 'gr_chb': 0.00246, 'm_yri_ooa': 0.0, 'm_yri_ceu': 1e-05, 'm_yri_chb': 1e-05, 'm_ceu_chb': 1e-05} -67647.1856076009
 
{'t1': 1.66282, 't2': 3.04522, 't3': 95.22138, 'N_anc': 586.06487, 'N_yri': 343.03244, 'N_ooa': 829.0973, 'N_ceu': 343.03244, 'N_chb': 343.03244, 'gr_ceu': 0.00246, 'gr_chb': 0.00246, 'm_yri_ooa': 0.0, 'm_yri_ceu': 1e-05, 'm_yri_chb': 1e-05, 'm_ceu_chb': 1e-05} -67647.1856076009
 
x_up: {'t1': 1.99423, 't2': 3.04522, 't3': 95.22138, 'N_anc': 586.06487, 'N_yri': 343.03244, 'N_ooa': 829.0973, 'N_ceu': 343.03244, 'N_chb': 343.03244, 'gr_ceu': 0.00246, 'gr_chb': 0.00246, 'm_yri_ooa': 0.0, 'm_yri_ceu': 1e-05, 'm_yri_chb': 1e-05, 'm_ceu_chb': 1e-05} -67627.3182117088
x: {'t1': 1.66282, 't2': 3.04522, 't3': 95.22138, 'N_anc': 586.06487, 'N_yri': 343.03244, 'N_ooa': 829.0973, 'N_ceu': 343.03244, 'N_chb': 343.03244, 'gr_ceu': 0.00246, 'gr_chb': 0.00246, 'm_yri_ooa': 0.0, 'm_yri_ceu': 1e-05, 'm_yri_chb': 1e-05, 'm_ceu_chb': 1e-05} -67647.1856076009
x_down: {'t1': 1.33141, 't2': 3.04522, 't3': 95.22138, 'N_anc': 586.06487, 'N_yri': 343.03244, 'N_ooa': 829.0973, 'N_ceu': 343.03244, 'N_chb': 343.03244, 'gr_ceu': 0.00246, 'gr_chb': 0.00246, 'm_yri_ooa': 0.0, 'm_yri_ceu': 1e-05, 'm_yri_chb': 1e-05, 'm_ceu_chb': 1e-05} -67698.5284396912
 
 
x_up: {'t1': 1.99423, 't2': 3.57071, 't3': 95.22138, 'N_anc': 586.06487, 'N_yri': 343.03244, 'N_ooa': 829.0973, 'N_ceu': 343.03244, 'N_chb': 343.03244, 'gr_ceu': 0.00246, 'gr_chb': 0.00246, 'm_yri_ooa': 0.0, 'm_yri_ceu': 1e-05, 'm_yri_chb': 1e-05, 'm_ceu_chb': 1e-05} -67640.04289919359
x: {'t1': 1.99423, 't2': 3.04522, 't3': 95.22138, 'N_anc': 586.06487, 'N_yri': 343.03244, 'N_ooa': 829.0973, 'N_ceu': 343.03244, 'N_chb': 343.03244, 'gr_ceu': 0.00246, 'gr_chb': 0.00246, 'm_yri_ooa': 0.0, 'm_yri_ceu': 1e-05, 'm_yri_chb': 1e-05, 'm_ceu_chb': 1e-05} -67627.3182117088
x_down: {'t1': 1.99423, 't2': 2.51973, 't3': 95.22138, 'N_anc': 586.06487, 'N_yri': 343.03244, 'N_ooa': 829.0973, 'N_ceu': 343.03244, 'N_chb': 343.03244, 'gr_ceu': 0.00246, 'gr_chb': 0.00246, 'm_yri_ooa': 0.0, 'm_yri_ceu': 1e-05, 'm_yri_chb': 1e-05, 'm_ceu_chb': 1e-05} -67595.7680570086
 
 
x_up: {'t1': 1.99423, 't2': 2.51973, 't3': 99.85646, 'N_anc': 586.06487, 'N_yri': 343.03244, 'N_ooa': 829.0973, 'N_ceu': 343.03244, 'N_chb': 343.03244, 'gr_ceu': 0.00246, 'gr_chb': 0.00246, 'm_yri_ooa': 0.0, 'm_yri_ceu': 1e-05, 'm_yri_chb': 1e-05, 'm_ceu_chb': 1e-05} -67597.32787721156
x: {'t1': 1.99423, 't2': 2.51973, 't3': 95.22138, 'N_anc': 586.06487, 'N_yri': 343.03244, 'N_ooa': 829.0973, 'N_ceu': 343.03244, 'N_chb': 343.03244, 'gr_ceu': 0.00246, 'gr_chb': 0.00246, 'm_yri_ooa': 0.0, 'm_yri_ceu': 1e-05, 'm_yri_chb': 1e-05, 'm_ceu_chb': 1e-05} -67595.7680570086
x_down: {'t1': 1.99423, 't2': 2.51973, 't3': 90.5863, 'N_anc': 586.06487, 'N_yri': 343.03244, 'N_ooa': 829.0973, 'N_ceu': 343.03244, 'N_chb': 343.03244, 'gr_ceu': 0.00246, 'gr_chb': 0.00246, 'm_yri_ooa': 0.0, 'm_yri_ceu': 1e-05, 'm_yri_chb': 1e-05, 'm_ceu_chb': 1e-05} -67598.83310824615
 
 
x_up: {'t1': 1.99423, 't2': 2.51973, 't3': 95.22138, 'N_anc': 707.58109, 'N_yri': 343.03244, 'N_ooa': 829.0973, 'N_ceu': 343.03244, 'N_chb': 343.03244, 'gr_ceu': 0.00246, 'gr_chb': 0.00246, 'm_yri_ooa': 0.0, 'm_yri_ceu': 1e-05, 'm_yri_chb': 1e-05, 'm_ceu_chb': 1e-05} -67604.39266000621
x: {'t1': 1.99423, 't2': 2.51973, 't3': 95.22138, 'N_anc': 586.06487, 'N_yri': 343.03244, 'N_ooa': 829.0973, 'N_ceu': 343.03244, 'N_chb': 343.03244, 'gr_ceu': 0.00246, 'gr_chb': 0.00246, 'm_yri_ooa': 0.0, 'm_yri_ceu': 1e-05, 'm_yri_chb': 1e-05, 'm_ceu_chb': 1e-05} -67595.7680570086
x_down: {'t1': 1.99423, 't2': 2.51973, 't3': 95.22138, 'N_anc': 464.54865, 'N_yri': 343.03244, 'N_ooa': 829.0973, 'N_ceu': 343.03244, 'N_chb': 343.03244, 'gr_ceu': 0.00246, 'gr_chb': 0.00246, 'm_yri_ooa': 0.0, 'm_yri_ceu': 1e-05, 'm_yri_chb': 1e-05, 'm_ceu_chb': 1e-05} -67592.8475965074
 
 
x_up: {'t1': 1.99423, 't2': 2.51973, 't3': 95.22138, 'N_anc': 464.54865, 'N_yri': 464.54866, 'N_ooa': 829.0973, 'N_ceu': 343.03244, 'N_chb': 343.03244, 'gr_ceu': 0.00246, 'gr_chb': 0.00246, 'm_yri_ooa': 0.0, 'm_yri_ceu': 1e-05, 'm_yri_chb': 1e-05, 'm_ceu_chb': 1e-05} -67619.92139713107
x: {'t1': 1.99423, 't2': 2.51973, 't3': 95.22138, 'N_anc': 464.54865, 'N_yri': 343.03244, 'N_ooa': 829.0973, 'N_ceu': 343.03244, 'N_chb': 343.03244, 'gr_ceu': 0.00246, 'gr_chb': 0.00246, 'm_yri_ooa': 0.0, 'm_yri_ceu': 1e-05, 'm_yri_chb': 1e-05, 'm_ceu_chb': 1e-05} -67592.8475965074
x_down: {'t1': 1.99423, 't2': 2.51973, 't3': 95.22138, 'N_anc': 464.54865, 'N_yri': 221.51622, 'N_ooa': 829.0973, 'N_ceu': 343.03244, 'N_chb': 343.03244, 'gr_ceu': 0.00246, 'gr_chb': 0.00246, 'm_yri_ooa': 0.0, 'm_yri_ceu': 1e-05, 'm_yri_chb': 1e-05, 'm_ceu_chb': 1e-05} -67809.84007653191
 
 
x_up: {'t1': 1.99423, 't2': 2.51973, 't3': 95.22138, 'N_anc': 464.54865, 'N_yri': 343.03244, 'N_ooa': 1102.50879, 'N_ceu': 343.03244, 'N_chb': 343.03244, 'gr_ceu': 0.00246, 'gr_chb': 0.00246, 'm_yri_ooa': 0.0, 'm_yri_ceu': 1e-05, 'm_yri_chb': 1e-05, 'm_ceu_chb': 1e-05} -67669.20048726274
x: {'t1': 1.99423, 't2': 2.51973, 't3': 95.22138, 'N_anc': 464.54865, 'N_yri': 343.03244, 'N_ooa': 829.0973, 'N_ceu': 343.03244, 'N_chb': 343.03244, 'gr_ceu': 0.00246, 'gr_chb': 0.00246, 'm_yri_ooa': 0.0, 'm_yri_ceu': 1e-05, 'm_yri_chb': 1e-05, 'm_ceu_chb': 1e-05} -67592.8475965074
x_down: {'t1': 1.99423, 't2': 2.51973, 't3': 95.22138, 'N_anc': 464.54865, 'N_yri': 343.03244, 'N_ooa': 555.68581, 'N_ceu': 343.03244, 'N_chb': 343.03244, 'gr_ceu': 0.00246, 'gr_chb': 0.00246, 'm_yri_ooa': 0.0, 'm_yri_ceu': 1e-05, 'm_yri_chb': 1e-05, 'm_ceu_chb': 1e-05} -68207.51805905538
 
 
x_up: {'t1': 1.99423, 't2': 2.51973, 't3': 95.22138, 'N_anc': 464.54865, 'N_yri': 343.03244, 'N_ooa': 829.0973, 'N_ceu': 464.54866, 'N_chb': 343.03244, 'gr_ceu': 0.00246, 'gr_chb': 0.00246, 'm_yri_ooa': 0.0, 'm_yri_ceu': 1e-05, 'm_yri_chb': 1e-05, 'm_ceu_chb': 1e-05} -67657.97388435445
x: {'t1': 1.99423, 't2': 2.51973, 't3': 95.22138, 'N_anc': 464.54865, 'N_yri': 343.03244, 'N_ooa': 829.0973, 'N_ceu': 343.03244, 'N_chb': 343.03244, 'gr_ceu': 0.00246, 'gr_chb': 0.00246, 'm_yri_ooa': 0.0, 'm_yri_ceu': 1e-05, 'm_yri_chb': 1e-05, 'm_ceu_chb': 1e-05} -67592.8475965074
x_down: {'t1': 1.99423, 't2': 2.51973, 't3': 95.22138, 'N_anc': 464.54865, 'N_yri': 343.03244, 'N_ooa': 829.0973, 'N_ceu': 221.51622, 'N_chb': 343.03244, 'gr_ceu': 0.00246, 'gr_chb': 0.00246, 'm_yri_ooa': 0.0, 'm_yri_ceu': 1e-05, 'm_yri_chb': 1e-05, 'm_ceu_chb': 1e-05} -67620.22435475171
 
 
x_up: {'t1': 1.99423, 't2': 2.51973, 't3': 95.22138, 'N_anc': 464.54865, 'N_yri': 343.03244, 'N_ooa': 829.0973, 'N_ceu': 343.03244, 'N_chb': 464.54866, 'gr_ceu': 0.00246, 'gr_chb': 0.00246, 'm_yri_ooa': 0.0, 'm_yri_ceu': 1e-05, 'm_yri_chb': 1e-05, 'm_ceu_chb': 1e-05} -67661.86339230608
x: {'t1': 1.99423, 't2': 2.51973, 't3': 95.22138, 'N_anc': 464.54865, 'N_yri': 343.03244, 'N_ooa': 829.0973, 'N_ceu': 343.03244, 'N_chb': 343.03244, 'gr_ceu': 0.00246, 'gr_chb': 0.00246, 'm_yri_ooa': 0.0, 'm_yri_ceu': 1e-05, 'm_yri_chb': 1e-05, 'm_ceu_chb': 1e-05} -67592.8475965074
x_down: {'t1': 1.99423, 't2': 2.51973, 't3': 95.22138, 'N_anc': 464.54865, 'N_yri': 343.03244, 'N_ooa': 829.0973, 'N_ceu': 343.03244, 'N_chb': 221.51622, 'gr_ceu': 0.00246, 'gr_chb': 0.00246, 'm_yri_ooa': 0.0, 'm_yri_ceu': 1e-05, 'm_yri_chb': 1e-05, 'm_ceu_chb': 1e-05} -67625.5595135116
 
 
x_up: {'t1': 1.99423, 't2': 2.51973, 't3': 95.22138, 'N_anc': 464.54865, 'N_yri': 343.03244, 'N_ooa': 829.0973, 'N_ceu': 343.03244, 'N_chb': 343.03244, 'gr_ceu': 0.00369, 'gr_chb': 0.00246, 'm_yri_ooa': 0.0, 'm_yri_ceu': 1e-05, 'm_yri_chb': 1e-05, 'm_ceu_chb': 1e-05} -67593.05512123293
x: {'t1': 1.99423, 't2': 2.51973, 't3': 95.22138, 'N_anc': 464.54865, 'N_yri': 343.03244, 'N_ooa': 829.0973, 'N_ceu': 343.03244, 'N_chb': 343.03244, 'gr_ceu': 0.00246, 'gr_chb': 0.00246, 'm_yri_ooa': 0.0, 'm_yri_ceu': 1e-05, 'm_yri_chb': 1e-05, 'm_ceu_chb': 1e-05} -67592.8475965074
x_down: {'t1': 1.99423, 't2': 2.51973, 't3': 95.22138, 'N_anc': 464.54865, 'N_yri': 343.03244, 'N_ooa': 829.0973, 'N_ceu': 343.03244, 'N_chb': 343.03244, 'gr_ceu': 0.00123, 'gr_chb': 0.00246, 'm_yri_ooa': 0.0, 'm_yri_ceu': 1e-05, 'm_yri_chb': 1e-05, 'm_ceu_chb': 1e-05} -67592.64205705456
 
 
x_up: {'t1': 1.99423, 't2': 2.51973, 't3': 95.22138, 'N_anc': 464.54865, 'N_yri': 343.03244, 'N_ooa': 829.0973, 'N_ceu': 343.03244, 'N_chb': 343.03244, 'gr_ceu': 0.00123, 'gr_chb': 0.00369, 'm_yri_ooa': 0.0, 'm_yri_ceu': 1e-05, 'm_yri_chb': 1e-05, 'm_ceu_chb': 1e-05} -67592.85158839407
x: {'t1': 1.99423, 't2': 2.51973, 't3': 95.22138, 'N_anc': 464.54865, 'N_yri': 343.03244, 'N_ooa': 829.0973, 'N_ceu': 343.03244, 'N_chb': 343.03244, 'gr_ceu': 0.00123, 'gr_chb': 0.00246, 'm_yri_ooa': 0.0, 'm_yri_ceu': 1e-05, 'm_yri_chb': 1e-05, 'm_ceu_chb': 1e-05} -67592.64205705456
x_down: {'t1': 1.99423, 't2': 2.51973, 't3': 95.22138, 'N_anc': 464.54865, 'N_yri': 343.03244, 'N_ooa': 829.0973, 'N_ceu': 343.03244, 'N_chb': 343.03244, 'gr_ceu': 0.00123, 'gr_chb': 0.00123, 'm_yri_ooa': 0.0, 'm_yri_ceu': 1e-05, 'm_yri_chb': 1e-05, 'm_ceu_chb': 1e-05} -67592.43399431475
 
 
x_up: {'t1': 1.99423, 't2': 2.51973, 't3': 95.22138, 'N_anc': 464.54865, 'N_yri': 343.03244, 'N_ooa': 829.0973, 'N_ceu': 343.03244, 'N_chb': 343.03244, 'gr_ceu': 0.00123, 'gr_chb': 0.00123, 'm_yri_ooa': 0.0, 'm_yri_ceu': 1e-05, 'm_yri_chb': 1e-05, 'm_ceu_chb': 1e-05} -67592.43399431475
x: {'t1': 1.99423, 't2': 2.51973, 't3': 95.22138, 'N_anc': 464.54865, 'N_yri': 343.03244, 'N_ooa': 829.0973, 'N_ceu': 343.03244, 'N_chb': 343.03244, 'gr_ceu': 0.00123, 'gr_chb': 0.00123, 'm_yri_ooa': 0.0, 'm_yri_ceu': 1e-05, 'm_yri_chb': 1e-05, 'm_ceu_chb': 1e-05} -67592.43399431475
x_down: {'t1': 1.99423, 't2': 2.51973, 't3': 95.22138, 'N_anc': 464.54865, 'N_yri': 343.03244, 'N_ooa': 829.0973, 'N_ceu': 343.03244, 'N_chb': 343.03244, 'gr_ceu': 0.00123, 'gr_chb': 0.00123, 'm_yri_ooa': 1e-05, 'm_yri_ceu': 1e-05, 'm_yri_chb': 1e-05, 'm_ceu_chb': 1e-05} -67592.44517391463
 
 
x_up: {'t1': 1.99423, 't2': 2.51973, 't3': 95.22138, 'N_anc': 464.54865, 'N_yri': 343.03244, 'N_ooa': 829.0973, 'N_ceu': 343.03244, 'N_chb': 343.03244, 'gr_ceu': 0.00123, 'gr_chb': 0.00123, 'm_yri_ooa': 0.0, 'm_yri_ceu': 0.0, 'm_yri_chb': 1e-05, 'm_ceu_chb': 1e-05} -67592.43399431514
x: {'t1': 1.99423, 't2': 2.51973, 't3': 95.22138, 'N_anc': 464.54865, 'N_yri': 343.03244, 'N_ooa': 829.0973, 'N_ceu': 343.03244, 'N_chb': 343.03244, 'gr_ceu': 0.00123, 'gr_chb': 0.00123, 'm_yri_ooa': 0.0, 'm_yri_ceu': 1e-05, 'm_yri_chb': 1e-05, 'm_ceu_chb': 1e-05} -67592.43399431475
x_down: {'t1': 1.99423, 't2': 2.51973, 't3': 95.22138, 'N_anc': 464.54865, 'N_yri': 343.03244, 'N_ooa': 829.0973, 'N_ceu': 343.03244, 'N_chb': 343.03244, 'gr_ceu': 0.00123, 'gr_chb': 0.00123, 'm_yri_ooa': 0.0, 'm_yri_ceu': 1e-05, 'm_yri_chb': 1e-05, 'm_ceu_chb': 1e-05} -67592.43399431475
 
 
x_up: {'t1': 1.99423, 't2': 2.51973, 't3': 95.22138, 'N_anc': 464.54865, 'N_yri': 343.03244, 'N_ooa': 829.0973, 'N_ceu': 343.03244, 'N_chb': 343.03244, 'gr_ceu': 0.00123, 'gr_chb': 0.00123, 'm_yri_ooa': 0.0, 'm_yri_ceu': 1e-05, 'm_yri_chb': 0.0, 'm_ceu_chb': 1e-05} -67592.43399431538
x: {'t1': 1.99423, 't2': 2.51973, 't3': 95.22138, 'N_anc': 464.54865, 'N_yri': 343.03244, 'N_ooa': 829.0973, 'N_ceu': 343.03244, 'N_chb': 343.03244, 'gr_ceu': 0.00123, 'gr_chb': 0.00123, 'm_yri_ooa': 0.0, 'm_yri_ceu': 1e-05, 'm_yri_chb': 1e-05, 'm_ceu_chb': 1e-05} -67592.43399431475
x_down: {'t1': 1.99423, 't2': 2.51973, 't3': 95.22138, 'N_anc': 464.54865, 'N_yri': 343.03244, 'N_ooa': 829.0973, 'N_ceu': 343.03244, 'N_chb': 343.03244, 'gr_ceu': 0.00123, 'gr_chb': 0.00123, 'm_yri_ooa': 0.0, 'm_yri_ceu': 1e-05, 'm_yri_chb': 1e-05, 'm_ceu_chb': 1e-05} -67592.43399431475
 
 
x_up: {'t1': 1.99423, 't2': 2.51973, 't3': 95.22138, 'N_anc': 464.54865, 'N_yri': 343.03244, 'N_ooa': 829.0973, 'N_ceu': 343.03244, 'N_chb': 343.03244, 'gr_ceu': 0.00123, 'gr_chb': 0.00123, 'm_yri_ooa': 0.0, 'm_yri_ceu': 1e-05, 'm_yri_chb': 1e-05, 'm_ceu_chb': 0.0} -67592.43399431455
x: {'t1': 1.99423, 't2': 2.51973, 't3': 95.22138, 'N_anc': 464.54865, 'N_yri': 343.03244, 'N_ooa': 829.0973, 'N_ceu': 343.03244, 'N_chb': 343.03244, 'gr_ceu': 0.00123, 'gr_chb': 0.00123, 'm_yri_ooa': 0.0, 'm_yri_ceu': 1e-05, 'm_yri_chb': 1e-05, 'm_ceu_chb': 1e-05} -67592.43399431475
x_down: {'t1': 1.99423, 't2': 2.51973, 't3': 95.22138, 'N_anc': 464.54865, 'N_yri': 343.03244, 'N_ooa': 829.0973, 'N_ceu': 343.03244, 'N_chb': 343.03244, 'gr_ceu': 0.00123, 'gr_chb': 0.00123, 'm_yri_ooa': 0.0, 'm_yri_ceu': 1e-05, 'm_yri_chb': 1e-05, 'm_ceu_chb': 1e-05} -67592.43399431475
 
{'t1': 1.99423, 't2': 2.51973, 't3': 95.22138, 'N_anc': 464.54865, 'N_yri': 343.03244, 'N_ooa': 829.0973, 'N_ceu': 343.03244, 'N_chb': 343.03244, 'gr_ceu': 0.00123, 'gr_chb': 0.00123, 'm_yri_ooa': 0.0, 'm_yri_ceu': 1e-05, 'm_yri_chb': 1e-05, 'm_ceu_chb': 0.0} -67592.43399431455
 
x_up: {'t1': 2.25698, 't2': 2.51973, 't3': 95.22138, 'N_anc': 464.54865, 'N_yri': 343.03244, 'N_ooa': 829.0973, 'N_ceu': 343.03244, 'N_chb': 343.03244, 'gr_ceu': 0.00123, 'gr_chb': 0.00123, 'm_yri_ooa': 0.0, 'm_yri_ceu': 1e-05, 'm_yri_chb': 1e-05, 'm_ceu_chb': 0.0} -67606.71502468882
x: {'t1': 1.99423, 't2': 2.51973, 't3': 95.22138, 'N_anc': 464.54865, 'N_yri': 343.03244, 'N_ooa': 829.0973, 'N_ceu': 343.03244, 'N_chb': 343.03244, 'gr_ceu': 0.00123, 'gr_chb': 0.00123, 'm_yri_ooa': 0.0, 'm_yri_ceu': 1e-05, 'm_yri_chb': 1e-05, 'm_ceu_chb': 0.0} -67592.43399431455
x_down: {'t1': 1.73148, 't2': 2.51973, 't3': 95.22138, 'N_anc': 464.54865, 'N_yri': 343.03244, 'N_ooa': 829.0973, 'N_ceu': 343.03244, 'N_chb': 343.03244, 'gr_ceu': 0.00123, 'gr_chb': 0.00123, 'm_yri_ooa': 0.0, 'm_yri_ceu': 1e-05, 'm_yri_chb': 1e-05, 'm_ceu_chb': 0.0} -67575.02536271195
 
 
x_up: {'t1': 1.73148, 't2': 2.91385, 't3': 95.22138, 'N_anc': 464.54865, 'N_yri': 343.03244, 'N_ooa': 829.0973, 'N_ceu': 343.03244, 'N_chb': 343.03244, 'gr_ceu': 0.00123, 'gr_chb': 0.00123, 'm_yri_ooa': 0.0, 'm_yri_ceu': 1e-05, 'm_yri_chb': 1e-05, 'm_ceu_chb': 0.0} -67633.97530183423
x: {'t1': 1.73148, 't2': 2.51973, 't3': 95.22138, 'N_anc': 464.54865, 'N_yri': 343.03244, 'N_ooa': 829.0973, 'N_ceu': 343.03244, 'N_chb': 343.03244, 'gr_ceu': 0.00123, 'gr_chb': 0.00123, 'm_yri_ooa': 0.0, 'm_yri_ceu': 1e-05, 'm_yri_chb': 1e-05, 'm_ceu_chb': 0.0} -67575.02536271195
x_down: {'t1': 1.73148, 't2': 2.12561, 't3': 95.22138, 'N_anc': 464.54865, 'N_yri': 343.03244, 'N_ooa': 829.0973, 'N_ceu': 343.03244, 'N_chb': 343.03244, 'gr_ceu': 0.00123, 'gr_chb': 0.00123, 'm_yri_ooa': 0.0, 'm_yri_ceu': 1e-05, 'm_yri_chb': 1e-05, 'm_ceu_chb': 0.0} -67613.63491954101
 
 
x_up: {'t1': 1.73148, 't2': 2.51973, 't3': 99.85646, 'N_anc': 464.54865, 'N_yri': 343.03244, 'N_ooa': 829.0973, 'N_ceu': 343.03244, 'N_chb': 343.03244, 'gr_ceu': 0.00123, 'gr_chb': 0.00123, 'm_yri_ooa': 0.0, 'm_yri_ceu': 1e-05, 'm_yri_chb': 1e-05, 'm_ceu_chb': 0.0} -67576.74184112983
x: {'t1': 1.73148, 't2': 2.51973, 't3': 95.22138, 'N_anc': 464.54865, 'N_yri': 343.03244, 'N_ooa': 829.0973, 'N_ceu': 343.03244, 'N_chb': 343.03244, 'gr_ceu': 0.00123, 'gr_chb': 0.00123, 'm_yri_ooa': 0.0, 'm_yri_ceu': 1e-05, 'm_yri_chb': 1e-05, 'm_ceu_chb': 0.0} -67575.02536271195
x_down: {'t1': 1.73148, 't2': 2.51973, 't3': 90.5863, 'N_anc': 464.54865, 'N_yri': 343.03244, 'N_ooa': 829.0973, 'N_ceu': 343.03244, 'N_chb': 343.03244, 'gr_ceu': 0.00123, 'gr_chb': 0.00123, 'm_yri_ooa': 0.0, 'm_yri_ceu': 1e-05, 'm_yri_chb': 1e-05, 'm_ceu_chb': 0.0} -67581.13438880754
 
 
x_up: {'t1': 1.73148, 't2': 2.51973, 't3': 95.22138, 'N_anc': 601.25439, 'N_yri': 343.03244, 'N_ooa': 829.0973, 'N_ceu': 343.03244, 'N_chb': 343.03244, 'gr_ceu': 0.00123, 'gr_chb': 0.00123, 'm_yri_ooa': 0.0, 'm_yri_ceu': 1e-05, 'm_yri_chb': 1e-05, 'm_ceu_chb': 0.0} -67578.8162058923
x: {'t1': 1.73148, 't2': 2.51973, 't3': 95.22138, 'N_anc': 464.54865, 'N_yri': 343.03244, 'N_ooa': 829.0973, 'N_ceu': 343.03244, 'N_chb': 343.03244, 'gr_ceu': 0.00123, 'gr_chb': 0.00123, 'm_yri_ooa': 0.0, 'm_yri_ceu': 1e-05, 'm_yri_chb': 1e-05, 'm_ceu_chb': 0.0} -67575.02536271195
x_down: {'t1': 1.73148, 't2': 2.51973, 't3': 95.22138, 'N_anc': 327.84291, 'N_yri': 343.03244, 'N_ooa': 829.0973, 'N_ceu': 343.03244, 'N_chb': 343.03244, 'gr_ceu': 0.00123, 'gr_chb': 0.00123, 'm_yri_ooa': 0.0, 'm_yri_ceu': 1e-05, 'm_yri_chb': 1e-05, 'm_ceu_chb': 0.0} -67591.36287927239
 
 
x_up: {'t1': 1.73148, 't2': 2.51973, 't3': 95.22138, 'N_anc': 464.54865, 'N_yri': 403.79055, 'N_ooa': 829.0973, 'N_ceu': 343.03244, 'N_chb': 343.03244, 'gr_ceu': 0.00123, 'gr_chb': 0.00123, 'm_yri_ooa': 0.0, 'm_yri_ceu': 1e-05, 'm_yri_chb': 1e-05, 'm_ceu_chb': 0.0} -67590.37386023287
x: {'t1': 1.73148, 't2': 2.51973, 't3': 95.22138, 'N_anc': 464.54865, 'N_yri': 343.03244, 'N_ooa': 829.0973, 'N_ceu': 343.03244, 'N_chb': 343.03244, 'gr_ceu': 0.00123, 'gr_chb': 0.00123, 'm_yri_ooa': 0.0, 'm_yri_ceu': 1e-05, 'm_yri_chb': 1e-05, 'm_ceu_chb': 0.0} -67575.02536271195
x_down: {'t1': 1.73148, 't2': 2.51973, 't3': 95.22138, 'N_anc': 464.54865, 'N_yri': 282.27433, 'N_ooa': 829.0973, 'N_ceu': 343.03244, 'N_chb': 343.03244, 'gr_ceu': 0.00123, 'gr_chb': 0.00123, 'm_yri_ooa': 0.0, 'm_yri_ceu': 1e-05, 'm_yri_chb': 1e-05, 'm_ceu_chb': 0.0} -67594.54131737674
 
 
x_up: {'t1': 1.73148, 't2': 2.51973, 't3': 95.22138, 'N_anc': 464.54865, 'N_yri': 343.03244, 'N_ooa': 965.80304, 'N_ceu': 343.03244, 'N_chb': 343.03244, 'gr_ceu': 0.00123, 'gr_chb': 0.00123, 'm_yri_ooa': 0.0, 'm_yri_ceu': 1e-05, 'm_yri_chb': 1e-05, 'm_ceu_chb': 0.0} -67569.67038351724
x: {'t1': 1.73148, 't2': 2.51973, 't3': 95.22138, 'N_anc': 464.54865, 'N_yri': 343.03244, 'N_ooa': 829.0973, 'N_ceu': 343.03244, 'N_chb': 343.03244, 'gr_ceu': 0.00123, 'gr_chb': 0.00123, 'm_yri_ooa': 0.0, 'm_yri_ceu': 1e-05, 'm_yri_chb': 1e-05, 'm_ceu_chb': 0.0} -67575.02536271195
x_down: {'t1': 1.73148, 't2': 2.51973, 't3': 95.22138, 'N_anc': 464.54865, 'N_yri': 343.03244, 'N_ooa': 692.39156, 'N_ceu': 343.03244, 'N_chb': 343.03244, 'gr_ceu': 0.00123, 'gr_chb': 0.00123, 'm_yri_ooa': 0.0, 'm_yri_ceu': 1e-05, 'm_yri_chb': 1e-05, 'm_ceu_chb': 0.0} -67733.2787634346
 
 
x_up: {'t1': 1.73148, 't2': 2.51973, 't3': 95.22138, 'N_anc': 464.54865, 'N_yri': 343.03244, 'N_ooa': 965.80304, 'N_ceu': 403.79055, 'N_chb': 343.03244, 'gr_ceu': 0.00123, 'gr_chb': 0.00123, 'm_yri_ooa': 0.0, 'm_yri_ceu': 1e-05, 'm_yri_chb': 1e-05, 'm_ceu_chb': 0.0} -67593.1056514296
x: {'t1': 1.73148, 't2': 2.51973, 't3': 95.22138, 'N_anc': 464.54865, 'N_yri': 343.03244, 'N_ooa': 965.80304, 'N_ceu': 343.03244, 'N_chb': 343.03244, 'gr_ceu': 0.00123, 'gr_chb': 0.00123, 'm_yri_ooa': 0.0, 'm_yri_ceu': 1e-05, 'm_yri_chb': 1e-05, 'm_ceu_chb': 0.0} -67569.67038351724
x_down: {'t1': 1.73148, 't2': 2.51973, 't3': 95.22138, 'N_anc': 464.54865, 'N_yri': 343.03244, 'N_ooa': 965.80304, 'N_ceu': 282.27433, 'N_chb': 343.03244, 'gr_ceu': 0.00123, 'gr_chb': 0.00123, 'm_yri_ooa': 0.0, 'm_yri_ceu': 1e-05, 'm_yri_chb': 1e-05, 'm_ceu_chb': 0.0} -67569.93146497876
 
 
x_up: {'t1': 1.73148, 't2': 2.51973, 't3': 95.22138, 'N_anc': 464.54865, 'N_yri': 343.03244, 'N_ooa': 965.80304, 'N_ceu': 343.03244, 'N_chb': 403.79055, 'gr_ceu': 0.00123, 'gr_chb': 0.00123, 'm_yri_ooa': 0.0, 'm_yri_ceu': 1e-05, 'm_yri_chb': 1e-05, 'm_ceu_chb': 0.0} -67589.63777180767
x: {'t1': 1.73148, 't2': 2.51973, 't3': 95.22138, 'N_anc': 464.54865, 'N_yri': 343.03244, 'N_ooa': 965.80304, 'N_ceu': 343.03244, 'N_chb': 343.03244, 'gr_ceu': 0.00123, 'gr_chb': 0.00123, 'm_yri_ooa': 0.0, 'm_yri_ceu': 1e-05, 'm_yri_chb': 1e-05, 'm_ceu_chb': 0.0} -67569.67038351724
x_down: {'t1': 1.73148, 't2': 2.51973, 't3': 95.22138, 'N_anc': 464.54865, 'N_yri': 343.03244, 'N_ooa': 965.80304, 'N_ceu': 343.03244, 'N_chb': 282.27433, 'gr_ceu': 0.00123, 'gr_chb': 0.00123, 'm_yri_ooa': 0.0, 'm_yri_ceu': 1e-05, 'm_yri_chb': 1e-05, 'm_ceu_chb': 0.0} -67571.43452439363
 
 
x_up: {'t1': 1.73148, 't2': 2.51973, 't3': 95.22138, 'N_anc': 464.54865, 'N_yri': 343.03244, 'N_ooa': 965.80304, 'N_ceu': 343.03244, 'N_chb': 343.03244, 'gr_ceu': 0.00184, 'gr_chb': 0.00123, 'm_yri_ooa': 0.0, 'm_yri_ceu': 1e-05, 'm_yri_chb': 1e-05, 'm_ceu_chb': 0.0} -67569.74473888821
x: {'t1': 1.73148, 't2': 2.51973, 't3': 95.22138, 'N_anc': 464.54865, 'N_yri': 343.03244, 'N_ooa': 965.80304, 'N_ceu': 343.03244, 'N_chb': 343.03244, 'gr_ceu': 0.00123, 'gr_chb': 0.00123, 'm_yri_ooa': 0.0, 'm_yri_ceu': 1e-05, 'm_yri_chb': 1e-05, 'm_ceu_chb': 0.0} -67569.67038351724
x_down: {'t1': 1.73148, 't2': 2.51973, 't3': 95.22138, 'N_anc': 464.54865, 'N_yri': 343.03244, 'N_ooa': 965.80304, 'N_ceu': 343.03244, 'N_chb': 343.03244, 'gr_ceu': 0.00061, 'gr_chb': 0.00123, 'm_yri_ooa': 0.0, 'm_yri_ceu': 1e-05, 'm_yri_chb': 1e-05, 'm_ceu_chb': 0.0} -67569.59517766087
 
 
x_up: {'t1': 1.73148, 't2': 2.51973, 't3': 95.22138, 'N_anc': 464.54865, 'N_yri': 343.03244, 'N_ooa': 965.80304, 'N_ceu': 343.03244, 'N_chb': 343.03244, 'gr_ceu': 0.00061, 'gr_chb': 0.00184, 'm_yri_ooa': 0.0, 'm_yri_ceu': 1e-05, 'm_yri_chb': 1e-05, 'm_ceu_chb': 0.0} -67569.65794524408
x: {'t1': 1.73148, 't2': 2.51973, 't3': 95.22138, 'N_anc': 464.54865, 'N_yri': 343.03244, 'N_ooa': 965.80304, 'N_ceu': 343.03244, 'N_chb': 343.03244, 'gr_ceu': 0.00061, 'gr_chb': 0.00123, 'm_yri_ooa': 0.0, 'm_yri_ceu': 1e-05, 'm_yri_chb': 1e-05, 'm_ceu_chb': 0.0} -67569.59517766087
x_down: {'t1': 1.73148, 't2': 2.51973, 't3': 95.22138, 'N_anc': 464.54865, 'N_yri': 343.03244, 'N_ooa': 965.80304, 'N_ceu': 343.03244, 'N_chb': 343.03244, 'gr_ceu': 0.00061, 'gr_chb': 0.00061, 'm_yri_ooa': 0.0, 'm_yri_ceu': 1e-05, 'm_yri_chb': 1e-05, 'm_ceu_chb': 0.0} -67569.53172227928
 
 
x_up: {'t1': 1.73148, 't2': 2.51973, 't3': 95.22138, 'N_anc': 464.54865, 'N_yri': 343.03244, 'N_ooa': 965.80304, 'N_ceu': 343.03244, 'N_chb': 343.03244, 'gr_ceu': 0.00061, 'gr_chb': 0.00061, 'm_yri_ooa': 0.0, 'm_yri_ceu': 1e-05, 'm_yri_chb': 1e-05, 'm_ceu_chb': 0.0} -67569.53172227928
x: {'t1': 1.73148, 't2': 2.51973, 't3': 95.22138, 'N_anc': 464.54865, 'N_yri': 343.03244, 'N_ooa': 965.80304, 'N_ceu': 343.03244, 'N_chb': 343.03244, 'gr_ceu': 0.00061, 'gr_chb': 0.00061, 'm_yri_ooa': 0.0, 'm_yri_ceu': 1e-05, 'm_yri_chb': 1e-05, 'm_ceu_chb': 0.0} -67569.53172227928
x_down: {'t1': 1.73148, 't2': 2.51973, 't3': 95.22138, 'N_anc': 464.54865, 'N_yri': 343.03244, 'N_ooa': 965.80304, 'N_ceu': 343.03244, 'N_chb': 343.03244, 'gr_ceu': 0.00061, 'gr_chb': 0.00061, 'm_yri_ooa': 1e-05, 'm_yri_ceu': 1e-05, 'm_yri_chb': 1e-05, 'm_ceu_chb': 0.0} -67569.59608041844
 
 
x_up: {'t1': 1.73148, 't2': 2.51973, 't3': 95.22138, 'N_anc': 464.54865, 'N_yri': 343.03244, 'N_ooa': 965.80304, 'N_ceu': 343.03244, 'N_chb': 343.03244, 'gr_ceu': 0.00061, 'gr_chb': 0.00061, 'm_yri_ooa': 0.0, 'm_yri_ceu': 0.0, 'm_yri_chb': 1e-05, 'm_ceu_chb': 0.0} -67569.53172227951
x: {'t1': 1.73148, 't2': 2.51973, 't3': 95.22138, 'N_anc': 464.54865, 'N_yri': 343.03244, 'N_ooa': 965.80304, 'N_ceu': 343.03244, 'N_chb': 343.03244, 'gr_ceu': 0.00061, 'gr_chb': 0.00061, 'm_yri_ooa': 0.0, 'm_yri_ceu': 1e-05, 'm_yri_chb': 1e-05, 'm_ceu_chb': 0.0} -67569.53172227928
x_down: {'t1': 1.73148, 't2': 2.51973, 't3': 95.22138, 'N_anc': 464.54865, 'N_yri': 343.03244, 'N_ooa': 965.80304, 'N_ceu': 343.03244, 'N_chb': 343.03244, 'gr_ceu': 0.00061, 'gr_chb': 0.00061, 'm_yri_ooa': 0.0, 'm_yri_ceu': 1e-05, 'm_yri_chb': 1e-05, 'm_ceu_chb': 0.0} -67569.53172227928
 
 
x_up: {'t1': 1.73148, 't2': 2.51973, 't3': 95.22138, 'N_anc': 464.54865, 'N_yri': 343.03244, 'N_ooa': 965.80304, 'N_ceu': 343.03244, 'N_chb': 343.03244, 'gr_ceu': 0.00061, 'gr_chb': 0.00061, 'm_yri_ooa': 0.0, 'm_yri_ceu': 1e-05, 'm_yri_chb': 0.0, 'm_ceu_chb': 0.0} -67569.53172227913
x: {'t1': 1.73148, 't2': 2.51973, 't3': 95.22138, 'N_anc': 464.54865, 'N_yri': 343.03244, 'N_ooa': 965.80304, 'N_ceu': 343.03244, 'N_chb': 343.03244, 'gr_ceu': 0.00061, 'gr_chb': 0.00061, 'm_yri_ooa': 0.0, 'm_yri_ceu': 1e-05, 'm_yri_chb': 1e-05, 'm_ceu_chb': 0.0} -67569.53172227928
x_down: {'t1': 1.73148, 't2': 2.51973, 't3': 95.22138, 'N_anc': 464.54865, 'N_yri': 343.03244, 'N_ooa': 965.80304, 'N_ceu': 343.03244, 'N_chb': 343.03244, 'gr_ceu': 0.00061, 'gr_chb': 0.00061, 'm_yri_ooa': 0.0, 'm_yri_ceu': 1e-05, 'm_yri_chb': 1e-05, 'm_ceu_chb': 0.0} -67569.53172227928
 
 
x_up: {'t1': 1.73148, 't2': 2.51973, 't3': 95.22138, 'N_anc': 464.54865, 'N_yri': 343.03244, 'N_ooa': 965.80304, 'N_ceu': 343.03244, 'N_chb': 343.03244, 'gr_ceu': 0.00061, 'gr_chb': 0.00061, 'm_yri_ooa': 0.0, 'm_yri_ceu': 1e-05, 'm_yri_chb': 0.0, 'm_ceu_chb': 0.0} -67569.53172227913
x: {'t1': 1.73148, 't2': 2.51973, 't3': 95.22138, 'N_anc': 464.54865, 'N_yri': 343.03244, 'N_ooa': 965.80304, 'N_ceu': 343.03244, 'N_chb': 343.03244, 'gr_ceu': 0.00061, 'gr_chb': 0.00061, 'm_yri_ooa': 0.0, 'm_yri_ceu': 1e-05, 'm_yri_chb': 0.0, 'm_ceu_chb': 0.0} -67569.53172227913
x_down: {'t1': 1.73148, 't2': 2.51973, 't3': 95.22138, 'N_anc': 464.54865, 'N_yri': 343.03244, 'N_ooa': 965.80304, 'N_ceu': 343.03244, 'N_chb': 343.03244, 'gr_ceu': 0.00061, 'gr_chb': 0.00061, 'm_yri_ooa': 0.0, 'm_yri_ceu': 1e-05, 'm_yri_chb': 0.0, 'm_ceu_chb': 1e-05} -67569.53172227854
 
{'t1': 1.73148, 't2': 2.51973, 't3': 95.22138, 'N_anc': 464.54865, 'N_yri': 343.03244, 'N_ooa': 965.80304, 'N_ceu': 343.03244, 'N_chb': 343.03244, 'gr_ceu': 0.00061, 'gr_chb': 0.00061, 'm_yri_ooa': 0.0, 'm_yri_ceu': 1e-05, 'm_yri_chb': 0.0, 'm_ceu_chb': 1e-05} -67569.53172227854
 
x_up: {'t1': 2.09722, 't2': 2.51973, 't3': 95.22138, 'N_anc': 464.54865, 'N_yri': 343.03244, 'N_ooa': 965.80304, 'N_ceu': 343.03244, 'N_chb': 343.03244, 'gr_ceu': 0.00061, 'gr_chb': 0.00061, 'm_yri_ooa': 0.0, 'm_yri_ceu': 1e-05, 'm_yri_chb': 0.0, 'm_ceu_chb': 1e-05} -67577.15315663522
x: {'t1': 1.73148, 't2': 2.51973, 't3': 95.22138, 'N_anc': 464.54865, 'N_yri': 343.03244, 'N_ooa': 965.80304, 'N_ceu': 343.03244, 'N_chb': 343.03244, 'gr_ceu': 0.00061, 'gr_chb': 0.00061, 'm_yri_ooa': 0.0, 'm_yri_ceu': 1e-05, 'm_yri_chb': 0.0, 'm_ceu_chb': 1e-05} -67569.53172227854
x_down: {'t1': 1.36574, 't2': 2.51973, 't3': 95.22138, 'N_anc': 464.54865, 'N_yri': 343.03244, 'N_ooa': 965.80304, 'N_ceu': 343.03244, 'N_chb': 343.03244, 'gr_ceu': 0.00061, 'gr_chb': 0.00061, 'm_yri_ooa': 0.0, 'm_yri_ceu': 1e-05, 'm_yri_chb': 0.0, 'm_ceu_chb': 1e-05} -67626.91297916361
 
 
x_up: {'t1': 1.73148, 't2': 2.71679, 't3': 95.22138, 'N_anc': 464.54865, 'N_yri': 343.03244, 'N_ooa': 965.80304, 'N_ceu': 343.03244, 'N_chb': 343.03244, 'gr_ceu': 0.00061, 'gr_chb': 0.00061, 'm_yri_ooa': 0.0, 'm_yri_ceu': 1e-05, 'm_yri_chb': 0.0, 'm_ceu_chb': 1e-05} -67603.06193414505
x: {'t1': 1.73148, 't2': 2.51973, 't3': 95.22138, 'N_anc': 464.54865, 'N_yri': 343.03244, 'N_ooa': 965.80304, 'N_ceu': 343.03244, 'N_chb': 343.03244, 'gr_ceu': 0.00061, 'gr_chb': 0.00061, 'm_yri_ooa': 0.0, 'm_yri_ceu': 1e-05, 'm_yri_chb': 0.0, 'm_ceu_chb': 1e-05} -67569.53172227854
x_down: {'t1': 1.73148, 't2': 2.32267, 't3': 95.22138, 'N_anc': 464.54865, 'N_yri': 343.03244, 'N_ooa': 965.80304, 'N_ceu': 343.03244, 'N_chb': 343.03244, 'gr_ceu': 0.00061, 'gr_chb': 0.00061, 'm_yri_ooa': 0.0, 'm_yri_ceu': 1e-05, 'm_yri_chb': 0.0, 'm_ceu_chb': 1e-05} -67560.3420085591
 
 
x_up: {'t1': 1.73148, 't2': 2.32267, 't3': 99.86632, 'N_anc': 464.54865, 'N_yri': 343.03244, 'N_ooa': 965.80304, 'N_ceu': 343.03244, 'N_chb': 343.03244, 'gr_ceu': 0.00061, 'gr_chb': 0.00061, 'm_yri_ooa': 0.0, 'm_yri_ceu': 1e-05, 'm_yri_chb': 0.0, 'm_ceu_chb': 1e-05} -67563.12099136261
x: {'t1': 1.73148, 't2': 2.32267, 't3': 95.22138, 'N_anc': 464.54865, 'N_yri': 343.03244, 'N_ooa': 965.80304, 'N_ceu': 343.03244, 'N_chb': 343.03244, 'gr_ceu': 0.00061, 'gr_chb': 0.00061, 'm_yri_ooa': 0.0, 'm_yri_ceu': 1e-05, 'm_yri_chb': 0.0, 'm_ceu_chb': 1e-05} -67560.3420085591
x_down: {'t1': 1.73148, 't2': 2.32267, 't3': 90.57644, 'N_anc': 464.54865, 'N_yri': 343.03244, 'N_ooa': 965.80304, 'N_ceu': 343.03244, 'N_chb': 343.03244, 'gr_ceu': 0.00061, 'gr_chb': 0.00061, 'm_yri_ooa': 0.0, 'm_yri_ceu': 1e-05, 'm_yri_chb': 0.0, 'm_ceu_chb': 1e-05} -67567.38189903718
 
 
x_up: {'t1': 1.73148, 't2': 2.32267, 't3': 95.22138, 'N_anc': 532.90152, 'N_yri': 343.03244, 'N_ooa': 965.80304, 'N_ceu': 343.03244, 'N_chb': 343.03244, 'gr_ceu': 0.00061, 'gr_chb': 0.00061, 'm_yri_ooa': 0.0, 'm_yri_ceu': 1e-05, 'm_yri_chb': 0.0, 'm_ceu_chb': 1e-05} -67560.93803622307
x: {'t1': 1.73148, 't2': 2.32267, 't3': 95.22138, 'N_anc': 464.54865, 'N_yri': 343.03244, 'N_ooa': 965.80304, 'N_ceu': 343.03244, 'N_chb': 343.03244, 'gr_ceu': 0.00061, 'gr_chb': 0.00061, 'm_yri_ooa': 0.0, 'm_yri_ceu': 1e-05, 'm_yri_chb': 0.0, 'm_ceu_chb': 1e-05} -67560.3420085591
x_down: {'t1': 1.73148, 't2': 2.32267, 't3': 95.22138, 'N_anc': 396.19578, 'N_yri': 343.03244, 'N_ooa': 965.80304, 'N_ceu': 343.03244, 'N_chb': 343.03244, 'gr_ceu': 0.00061, 'gr_chb': 0.00061, 'm_yri_ooa': 0.0, 'm_yri_ceu': 1e-05, 'm_yri_chb': 0.0, 'm_ceu_chb': 1e-05} -67564.30454589194
 
 
x_up: {'t1': 1.73148, 't2': 2.32267, 't3': 95.22138, 'N_anc': 464.54865, 'N_yri': 373.4115, 'N_ooa': 965.80304, 'N_ceu': 343.03244, 'N_chb': 343.03244, 'gr_ceu': 0.00061, 'gr_chb': 0.00061, 'm_yri_ooa': 0.0, 'm_yri_ceu': 1e-05, 'm_yri_chb': 0.0, 'm_ceu_chb': 1e-05} -67562.97989934725
x: {'t1': 1.73148, 't2': 2.32267, 't3': 95.22138, 'N_anc': 464.54865, 'N_yri': 343.03244, 'N_ooa': 965.80304, 'N_ceu': 343.03244, 'N_chb': 343.03244, 'gr_ceu': 0.00061, 'gr_chb': 0.00061, 'm_yri_ooa': 0.0, 'm_yri_ceu': 1e-05, 'm_yri_chb': 0.0, 'm_ceu_chb': 1e-05} -67560.3420085591
x_down: {'t1': 1.73148, 't2': 2.32267, 't3': 95.22138, 'N_anc': 464.54865, 'N_yri': 312.65339, 'N_ooa': 965.80304, 'N_ceu': 343.03244, 'N_chb': 343.03244, 'gr_ceu': 0.00061, 'gr_chb': 0.00061, 'm_yri_ooa': 0.0, 'm_yri_ceu': 1e-05, 'm_yri_chb': 0.0, 'm_ceu_chb': 1e-05} -67570.2327387464
 
 
x_up: {'t1': 1.73148, 't2': 2.32267, 't3': 95.22138, 'N_anc': 464.54865, 'N_yri': 343.03244, 'N_ooa': 1209.31014, 'N_ceu': 343.03244, 'N_chb': 343.03244, 'gr_ceu': 0.00061, 'gr_chb': 0.00061, 'm_yri_ooa': 0.0, 'm_yri_ceu': 1e-05, 'm_yri_chb': 0.0, 'm_ceu_chb': 1e-05} -67734.41095020357
x: {'t1': 1.73148, 't2': 2.32267, 't3': 95.22138, 'N_anc': 464.54865, 'N_yri': 343.03244, 'N_ooa': 965.80304, 'N_ceu': 343.03244, 'N_chb': 343.03244, 'gr_ceu': 0.00061, 'gr_chb': 0.00061, 'm_yri_ooa': 0.0, 'm_yri_ceu': 1e-05, 'm_yri_chb': 0.0, 'm_ceu_chb': 1e-05} -67560.3420085591
x_down: {'t1': 1.73148, 't2': 2.32267, 't3': 95.22138, 'N_anc': 464.54865, 'N_yri': 343.03244, 'N_ooa': 722.29593, 'N_ceu': 343.03244, 'N_chb': 343.03244, 'gr_ceu': 0.00061, 'gr_chb': 0.00061, 'm_yri_ooa': 0.0, 'm_yri_ceu': 1e-05, 'm_yri_chb': 0.0, 'm_ceu_chb': 1e-05} -67682.2091957373
 
 
x_up: {'t1': 1.73148, 't2': 2.32267, 't3': 95.22138, 'N_anc': 464.54865, 'N_yri': 343.03244, 'N_ooa': 965.80304, 'N_ceu': 373.4115, 'N_chb': 343.03244, 'gr_ceu': 0.00061, 'gr_chb': 0.00061, 'm_yri_ooa': 0.0, 'm_yri_ceu': 1e-05, 'm_yri_chb': 0.0, 'm_ceu_chb': 1e-05} -67569.5731125067
x: {'t1': 1.73148, 't2': 2.32267, 't3': 95.22138, 'N_anc': 464.54865, 'N_yri': 343.03244, 'N_ooa': 965.80304, 'N_ceu': 343.03244, 'N_chb': 343.03244, 'gr_ceu': 0.00061, 'gr_chb': 0.00061, 'm_yri_ooa': 0.0, 'm_yri_ceu': 1e-05, 'm_yri_chb': 0.0, 'm_ceu_chb': 1e-05} -67560.3420085591
x_down: {'t1': 1.73148, 't2': 2.32267, 't3': 95.22138, 'N_anc': 464.54865, 'N_yri': 343.03244, 'N_ooa': 965.80304, 'N_ceu': 312.65339, 'N_chb': 343.03244, 'gr_ceu': 0.00061, 'gr_chb': 0.00061, 'm_yri_ooa': 0.0, 'm_yri_ceu': 1e-05, 'm_yri_chb': 0.0, 'm_ceu_chb': 1e-05} -67555.2906032791
 
 
x_up: {'t1': 1.73148, 't2': 2.32267, 't3': 95.22138, 'N_anc': 464.54865, 'N_yri': 343.03244, 'N_ooa': 965.80304, 'N_ceu': 312.65339, 'N_chb': 373.4115, 'gr_ceu': 0.00061, 'gr_chb': 0.00061, 'm_yri_ooa': 0.0, 'm_yri_ceu': 1e-05, 'm_yri_chb': 0.0, 'm_ceu_chb': 1e-05} -67561.7392436954
x: {'t1': 1.73148, 't2': 2.32267, 't3': 95.22138, 'N_anc': 464.54865, 'N_yri': 343.03244, 'N_ooa': 965.80304, 'N_ceu': 312.65339, 'N_chb': 343.03244, 'gr_ceu': 0.00061, 'gr_chb': 0.00061, 'm_yri_ooa': 0.0, 'm_yri_ceu': 1e-05, 'm_yri_chb': 0.0, 'm_ceu_chb': 1e-05} -67555.2906032791
x_down: {'t1': 1.73148, 't2': 2.32267, 't3': 95.22138, 'N_anc': 464.54865, 'N_yri': 343.03244, 'N_ooa': 965.80304, 'N_ceu': 312.65339, 'N_chb': 312.65339, 'gr_ceu': 0.00061, 'gr_chb': 0.00061, 'm_yri_ooa': 0.0, 'm_yri_ceu': 1e-05, 'm_yri_chb': 0.0, 'm_ceu_chb': 1e-05} -67554.50290381872
 
 
x_up: {'t1': 1.73148, 't2': 2.32267, 't3': 95.22138, 'N_anc': 464.54865, 'N_yri': 343.03244, 'N_ooa': 965.80304, 'N_ceu': 312.65339, 'N_chb': 312.65339, 'gr_ceu': 0.00092, 'gr_chb': 0.00061, 'm_yri_ooa': 0.0, 'm_yri_ceu': 1e-05, 'm_yri_chb': 0.0, 'm_ceu_chb': 1e-05} -67554.50712574065
x: {'t1': 1.73148, 't2': 2.32267, 't3': 95.22138, 'N_anc': 464.54865, 'N_yri': 343.03244, 'N_ooa': 965.80304, 'N_ceu': 312.65339, 'N_chb': 312.65339, 'gr_ceu': 0.00061, 'gr_chb': 0.00061, 'm_yri_ooa': 0.0, 'm_yri_ceu': 1e-05, 'm_yri_chb': 0.0, 'm_ceu_chb': 1e-05} -67554.50290381872
x_down: {'t1': 1.73148, 't2': 2.32267, 't3': 95.22138, 'N_anc': 464.54865, 'N_yri': 343.03244, 'N_ooa': 965.80304, 'N_ceu': 312.65339, 'N_chb': 312.65339, 'gr_ceu': 0.0003, 'gr_chb': 0.00061, 'm_yri_ooa': 0.0, 'm_yri_ceu': 1e-05, 'm_yri_chb': 0.0, 'm_ceu_chb': 1e-05} -67554.49876030385
 
 
x_up: {'t1': 1.73148, 't2': 2.32267, 't3': 95.22138, 'N_anc': 464.54865, 'N_yri': 343.03244, 'N_ooa': 965.80304, 'N_ceu': 312.65339, 'N_chb': 312.65339, 'gr_ceu': 0.0003, 'gr_chb': 0.00092, 'm_yri_ooa': 0.0, 'm_yri_ceu': 1e-05, 'm_yri_chb': 0.0, 'm_ceu_chb': 1e-05} -67554.50513876081
x: {'t1': 1.73148, 't2': 2.32267, 't3': 95.22138, 'N_anc': 464.54865, 'N_yri': 343.03244, 'N_ooa': 965.80304, 'N_ceu': 312.65339, 'N_chb': 312.65339, 'gr_ceu': 0.0003, 'gr_chb': 0.00061, 'm_yri_ooa': 0.0, 'm_yri_ceu': 1e-05, 'm_yri_chb': 0.0, 'm_ceu_chb': 1e-05} -67554.49876030385
x_down: {'t1': 1.73148, 't2': 2.32267, 't3': 95.22138, 'N_anc': 464.54865, 'N_yri': 343.03244, 'N_ooa': 965.80304, 'N_ceu': 312.65339, 'N_chb': 312.65339, 'gr_ceu': 0.0003, 'gr_chb': 0.0003, 'm_yri_ooa': 0.0, 'm_yri_ceu': 1e-05, 'm_yri_chb': 0.0, 'm_ceu_chb': 1e-05} -67554.49247650674
 
 
x_up: {'t1': 1.73148, 't2': 2.32267, 't3': 95.22138, 'N_anc': 464.54865, 'N_yri': 343.03244, 'N_ooa': 965.80304, 'N_ceu': 312.65339, 'N_chb': 312.65339, 'gr_ceu': 0.0003, 'gr_chb': 0.0003, 'm_yri_ooa': 0.0, 'm_yri_ceu': 1e-05, 'm_yri_chb': 0.0, 'm_ceu_chb': 1e-05} -67554.49247650674
x: {'t1': 1.73148, 't2': 2.32267, 't3': 95.22138, 'N_anc': 464.54865, 'N_yri': 343.03244, 'N_ooa': 965.80304, 'N_ceu': 312.65339, 'N_chb': 312.65339, 'gr_ceu': 0.0003, 'gr_chb': 0.0003, 'm_yri_ooa': 0.0, 'm_yri_ceu': 1e-05, 'm_yri_chb': 0.0, 'm_ceu_chb': 1e-05} -67554.49247650674
x_down: {'t1': 1.73148, 't2': 2.32267, 't3': 95.22138, 'N_anc': 464.54865, 'N_yri': 343.03244, 'N_ooa': 965.80304, 'N_ceu': 312.65339, 'N_chb': 312.65339, 'gr_ceu': 0.0003, 'gr_chb': 0.0003, 'm_yri_ooa': 1e-05, 'm_yri_ceu': 1e-05, 'm_yri_chb': 0.0, 'm_ceu_chb': 1e-05} -67554.49435010034
 
 
x_up: {'t1': 1.73148, 't2': 2.32267, 't3': 95.22138, 'N_anc': 464.54865, 'N_yri': 343.03244, 'N_ooa': 965.80304, 'N_ceu': 312.65339, 'N_chb': 312.65339, 'gr_ceu': 0.0003, 'gr_chb': 0.0003, 'm_yri_ooa': 0.0, 'm_yri_ceu': 0.0, 'm_yri_chb': 0.0, 'm_ceu_chb': 1e-05} -67554.49247650622
x: {'t1': 1.73148, 't2': 2.32267, 't3': 95.22138, 'N_anc': 464.54865, 'N_yri': 343.03244, 'N_ooa': 965.80304, 'N_ceu': 312.65339, 'N_chb': 312.65339, 'gr_ceu': 0.0003, 'gr_chb': 0.0003, 'm_yri_ooa': 0.0, 'm_yri_ceu': 1e-05, 'm_yri_chb': 0.0, 'm_ceu_chb': 1e-05} -67554.49247650674
x_down: {'t1': 1.73148, 't2': 2.32267, 't3': 95.22138, 'N_anc': 464.54865, 'N_yri': 343.03244, 'N_ooa': 965.80304, 'N_ceu': 312.65339, 'N_chb': 312.65339, 'gr_ceu': 0.0003, 'gr_chb': 0.0003, 'm_yri_ooa': 0.0, 'm_yri_ceu': 1e-05, 'm_yri_chb': 0.0, 'm_ceu_chb': 1e-05} -67554.49247650674
 
 
x_up: {'t1': 1.73148, 't2': 2.32267, 't3': 95.22138, 'N_anc': 464.54865, 'N_yri': 343.03244, 'N_ooa': 965.80304, 'N_ceu': 312.65339, 'N_chb': 312.65339, 'gr_ceu': 0.0003, 'gr_chb': 0.0003, 'm_yri_ooa': 0.0, 'm_yri_ceu': 0.0, 'm_yri_chb': 0.0, 'm_ceu_chb': 1e-05} -67554.49247650622
x: {'t1': 1.73148, 't2': 2.32267, 't3': 95.22138, 'N_anc': 464.54865, 'N_yri': 343.03244, 'N_ooa': 965.80304, 'N_ceu': 312.65339, 'N_chb': 312.65339, 'gr_ceu': 0.0003, 'gr_chb': 0.0003, 'm_yri_ooa': 0.0, 'm_yri_ceu': 0.0, 'm_yri_chb': 0.0, 'm_ceu_chb': 1e-05} -67554.49247650622
x_down: {'t1': 1.73148, 't2': 2.32267, 't3': 95.22138, 'N_anc': 464.54865, 'N_yri': 343.03244, 'N_ooa': 965.80304, 'N_ceu': 312.65339, 'N_chb': 312.65339, 'gr_ceu': 0.0003, 'gr_chb': 0.0003, 'm_yri_ooa': 0.0, 'm_yri_ceu': 0.0, 'm_yri_chb': 1e-05, 'm_ceu_chb': 1e-05} -67554.49247650638
 
 
x_up: {'t1': 1.73148, 't2': 2.32267, 't3': 95.22138, 'N_anc': 464.54865, 'N_yri': 343.03244, 'N_ooa': 965.80304, 'N_ceu': 312.65339, 'N_chb': 312.65339, 'gr_ceu': 0.0003, 'gr_chb': 0.0003, 'm_yri_ooa': 0.0, 'm_yri_ceu': 0.0, 'm_yri_chb': 0.0, 'm_ceu_chb': 0.0} -67554.49247649418
x: {'t1': 1.73148, 't2': 2.32267, 't3': 95.22138, 'N_anc': 464.54865, 'N_yri': 343.03244, 'N_ooa': 965.80304, 'N_ceu': 312.65339, 'N_chb': 312.65339, 'gr_ceu': 0.0003, 'gr_chb': 0.0003, 'm_yri_ooa': 0.0, 'm_yri_ceu': 0.0, 'm_yri_chb': 0.0, 'm_ceu_chb': 1e-05} -67554.49247650622
x_down: {'t1': 1.73148, 't2': 2.32267, 't3': 95.22138, 'N_anc': 464.54865, 'N_yri': 343.03244, 'N_ooa': 965.80304, 'N_ceu': 312.65339, 'N_chb': 312.65339, 'gr_ceu': 0.0003, 'gr_chb': 0.0003, 'm_yri_ooa': 0.0, 'm_yri_ceu': 0.0, 'm_yri_chb': 0.0, 'm_ceu_chb': 1e-05} -67554.49247650622
 
{'t1': 1.73148, 't2': 2.32267, 't3': 95.22138, 'N_anc': 464.54865, 'N_yri': 343.03244, 'N_ooa': 965.80304, 'N_ceu': 312.65339, 'N_chb': 312.65339, 'gr_ceu': 0.0003, 'gr_chb': 0.0003, 'm_yri_ooa': 0.0, 'm_yri_ceu': 0.0, 'm_yri_chb': 0.0, 'm_ceu_chb': 0.0} -67554.49247649418
 
x_up: {'t1': 1.87928, 't2': 2.32267, 't3': 95.22138, 'N_anc': 464.54865, 'N_yri': 343.03244, 'N_ooa': 965.80304, 'N_ceu': 312.65339, 'N_chb': 312.65339, 'gr_ceu': 0.0003, 'gr_chb': 0.0003, 'm_yri_ooa': 0.0, 'm_yri_ceu': 0.0, 'm_yri_chb': 0.0, 'm_ceu_chb': 0.0} -67555.34161194607
x: {'t1': 1.73148, 't2': 2.32267, 't3': 95.22138, 'N_anc': 464.54865, 'N_yri': 343.03244, 'N_ooa': 965.80304, 'N_ceu': 312.65339, 'N_chb': 312.65339, 'gr_ceu': 0.0003, 'gr_chb': 0.0003, 'm_yri_ooa': 0.0, 'm_yri_ceu': 0.0, 'm_yri_chb': 0.0, 'm_ceu_chb': 0.0} -67554.49247649418
x_down: {'t1': 1.58368, 't2': 2.32267, 't3': 95.22138, 'N_anc': 464.54865, 'N_yri': 343.03244, 'N_ooa': 965.80304, 'N_ceu': 312.65339, 'N_chb': 312.65339, 'gr_ceu': 0.0003, 'gr_chb': 0.0003, 'm_yri_ooa': 0.0, 'm_yri_ceu': 0.0, 'm_yri_chb': 0.0, 'm_ceu_chb': 0.0} -67573.68418755369
 
 
x_up: {'t1': 1.73148, 't2': 2.54437, 't3': 95.22138, 'N_anc': 464.54865, 'N_yri': 343.03244, 'N_ooa': 965.80304, 'N_ceu': 312.65339, 'N_chb': 312.65339, 'gr_ceu': 0.0003, 'gr_chb': 0.0003, 'm_yri_ooa': 0.0, 'm_yri_ceu': 0.0, 'm_yri_chb': 0.0, 'm_ceu_chb': 0.0} -67570.12949726621
x: {'t1': 1.73148, 't2': 2.32267, 't3': 95.22138, 'N_anc': 464.54865, 'N_yri': 343.03244, 'N_ooa': 965.80304, 'N_ceu': 312.65339, 'N_chb': 312.65339, 'gr_ceu': 0.0003, 'gr_chb': 0.0003, 'm_yri_ooa': 0.0, 'm_yri_ceu': 0.0, 'm_yri_chb': 0.0, 'm_ceu_chb': 0.0} -67554.49247649418
x_down: {'t1': 1.73148, 't2': 2.10097, 't3': 95.22138, 'N_anc': 464.54865, 'N_yri': 343.03244, 'N_ooa': 965.80304, 'N_ceu': 312.65339, 'N_chb': 312.65339, 'gr_ceu': 0.0003, 'gr_chb': 0.0003, 'm_yri_ooa': 0.0, 'm_yri_ceu': 0.0, 'm_yri_chb': 0.0, 'm_ceu_chb': 0.0} -67578.47299644233
 
 
x_up: {'t1': 1.73148, 't2': 2.32267, 't3': 99.86632, 'N_anc': 464.54865, 'N_yri': 343.03244, 'N_ooa': 965.80304, 'N_ceu': 312.65339, 'N_chb': 312.65339, 'gr_ceu': 0.0003, 'gr_chb': 0.0003, 'm_yri_ooa': 0.0, 'm_yri_ceu': 0.0, 'm_yri_chb': 0.0, 'm_ceu_chb': 0.0} -67557.27145929768
x: {'t1': 1.73148, 't2': 2.32267, 't3': 95.22138, 'N_anc': 464.54865, 'N_yri': 343.03244, 'N_ooa': 965.80304, 'N_ceu': 312.65339, 'N_chb': 312.65339, 'gr_ceu': 0.0003, 'gr_chb': 0.0003, 'm_yri_ooa': 0.0, 'm_yri_ceu': 0.0, 'm_yri_chb': 0.0, 'm_ceu_chb': 0.0} -67554.49247649418
x_down: {'t1': 1.73148, 't2': 2.32267, 't3': 90.57644, 'N_anc': 464.54865, 'N_yri': 343.03244, 'N_ooa': 965.80304, 'N_ceu': 312.65339, 'N_chb': 312.65339, 'gr_ceu': 0.0003, 'gr_chb': 0.0003, 'm_yri_ooa': 0.0, 'm_yri_ceu': 0.0, 'm_yri_chb': 0.0, 'm_ceu_chb': 0.0} -67561.53236697224
 
 
x_up: {'t1': 1.73148, 't2': 2.32267, 't3': 95.22138, 'N_anc': 498.72509, 'N_yri': 343.03244, 'N_ooa': 965.80304, 'N_ceu': 312.65339, 'N_chb': 312.65339, 'gr_ceu': 0.0003, 'gr_chb': 0.0003, 'm_yri_ooa': 0.0, 'm_yri_ceu': 0.0, 'm_yri_chb': 0.0, 'm_ceu_chb': 0.0} -67554.37148921081
x: {'t1': 1.73148, 't2': 2.32267, 't3': 95.22138, 'N_anc': 464.54865, 'N_yri': 343.03244, 'N_ooa': 965.80304, 'N_ceu': 312.65339, 'N_chb': 312.65339, 'gr_ceu': 0.0003, 'gr_chb': 0.0003, 'm_yri_ooa': 0.0, 'm_yri_ceu': 0.0, 'm_yri_chb': 0.0, 'm_ceu_chb': 0.0} -67554.49247649418
x_down: {'t1': 1.73148, 't2': 2.32267, 't3': 95.22138, 'N_anc': 430.37221, 'N_yri': 343.03244, 'N_ooa': 965.80304, 'N_ceu': 312.65339, 'N_chb': 312.65339, 'gr_ceu': 0.0003, 'gr_chb': 0.0003, 'm_yri_ooa': 0.0, 'm_yri_ceu': 0.0, 'm_yri_chb': 0.0, 'm_ceu_chb': 0.0} -67555.72616288468
 
 
x_up: {'t1': 1.73148, 't2': 2.32267, 't3': 95.22138, 'N_anc': 498.72509, 'N_yri': 358.22197, 'N_ooa': 965.80304, 'N_ceu': 312.65339, 'N_chb': 312.65339, 'gr_ceu': 0.0003, 'gr_chb': 0.0003, 'm_yri_ooa': 0.0, 'm_yri_ceu': 0.0, 'm_yri_chb': 0.0, 'm_ceu_chb': 0.0} -67553.1855362536
x: {'t1': 1.73148, 't2': 2.32267, 't3': 95.22138, 'N_anc': 498.72509, 'N_yri': 343.03244, 'N_ooa': 965.80304, 'N_ceu': 312.65339, 'N_chb': 312.65339, 'gr_ceu': 0.0003, 'gr_chb': 0.0003, 'm_yri_ooa': 0.0, 'm_yri_ceu': 0.0, 'm_yri_chb': 0.0, 'm_ceu_chb': 0.0} -67554.37148921081
x_down: {'t1': 1.73148, 't2': 2.32267, 't3': 95.22138, 'N_anc': 498.72509, 'N_yri': 327.84291, 'N_ooa': 965.80304, 'N_ceu': 312.65339, 'N_chb': 312.65339, 'gr_ceu': 0.0003, 'gr_chb': 0.0003, 'm_yri_ooa': 0.0, 'm_yri_ceu': 0.0, 'm_yri_chb': 0.0, 'm_ceu_chb': 0.0} -67559.09277862798
 
 
x_up: {'t1': 1.73148, 't2': 2.32267, 't3': 95.22138, 'N_anc': 498.72509, 'N_yri': 358.22197, 'N_ooa': 1087.55659, 'N_ceu': 312.65339, 'N_chb': 312.65339, 'gr_ceu': 0.0003, 'gr_chb': 0.0003, 'm_yri_ooa': 0.0, 'm_yri_ceu': 0.0, 'm_yri_chb': 0.0, 'm_ceu_chb': 0.0} -67622.73459731613
x: {'t1': 1.73148, 't2': 2.32267, 't3': 95.22138, 'N_anc': 498.72509, 'N_yri': 358.22197, 'N_ooa': 965.80304, 'N_ceu': 312.65339, 'N_chb': 312.65339, 'gr_ceu': 0.0003, 'gr_chb': 0.0003, 'm_yri_ooa': 0.0, 'm_yri_ceu': 0.0, 'm_yri_chb': 0.0, 'm_ceu_chb': 0.0} -67553.1855362536
x_down: {'t1': 1.73148, 't2': 2.32267, 't3': 95.22138, 'N_anc': 498.72509, 'N_yri': 358.22197, 'N_ooa': 844.04949, 'N_ceu': 312.65339, 'N_chb': 312.65339, 'gr_ceu': 0.0003, 'gr_chb': 0.0003, 'm_yri_ooa': 0.0, 'm_yri_ceu': 0.0, 'm_yri_chb': 0.0, 'm_ceu_chb': 0.0} -67550.82769583163
 
 
x_up: {'t1': 1.73148, 't2': 2.32267, 't3': 95.22138, 'N_anc': 498.72509, 'N_yri': 358.22197, 'N_ooa': 844.04949, 'N_ceu': 352.5259, 'N_chb': 312.65339, 'gr_ceu': 0.0003, 'gr_chb': 0.0003, 'm_yri_ooa': 0.0, 'm_yri_ceu': 0.0, 'm_yri_chb': 0.0, 'm_ceu_chb': 0.0} -67555.9457547586
x: {'t1': 1.73148, 't2': 2.32267, 't3': 95.22138, 'N_anc': 498.72509, 'N_yri': 358.22197, 'N_ooa': 844.04949, 'N_ceu': 312.65339, 'N_chb': 312.65339, 'gr_ceu': 0.0003, 'gr_chb': 0.0003, 'm_yri_ooa': 0.0, 'm_yri_ceu': 0.0, 'm_yri_chb': 0.0, 'm_ceu_chb': 0.0} -67550.82769583163
x_down: {'t1': 1.73148, 't2': 2.32267, 't3': 95.22138, 'N_anc': 498.72509, 'N_yri': 358.22197, 'N_ooa': 844.04949, 'N_ceu': 272.78088, 'N_chb': 312.65339, 'gr_ceu': 0.0003, 'gr_chb': 0.0003, 'm_yri_ooa': 0.0, 'm_yri_ceu': 0.0, 'm_yri_chb': 0.0, 'm_ceu_chb': 0.0} -67560.45784459515
 
 
x_up: {'t1': 1.73148, 't2': 2.32267, 't3': 95.22138, 'N_anc': 498.72509, 'N_yri': 358.22197, 'N_ooa': 844.04949, 'N_ceu': 312.65339, 'N_chb': 352.5259, 'gr_ceu': 0.0003, 'gr_chb': 0.0003, 'm_yri_ooa': 0.0, 'm_yri_ceu': 0.0, 'm_yri_chb': 0.0, 'm_ceu_chb': 0.0} -67553.17434460901
x: {'t1': 1.73148, 't2': 2.32267, 't3': 95.22138, 'N_anc': 498.72509, 'N_yri': 358.22197, 'N_ooa': 844.04949, 'N_ceu': 312.65339, 'N_chb': 312.65339, 'gr_ceu': 0.0003, 'gr_chb': 0.0003, 'm_yri_ooa': 0.0, 'm_yri_ceu': 0.0, 'm_yri_chb': 0.0, 'm_ceu_chb': 0.0} -67550.82769583163
x_down: {'t1': 1.73148, 't2': 2.32267, 't3': 95.22138, 'N_anc': 498.72509, 'N_yri': 358.22197, 'N_ooa': 844.04949, 'N_ceu': 312.65339, 'N_chb': 272.78088, 'gr_ceu': 0.0003, 'gr_chb': 0.0003, 'm_yri_ooa': 0.0, 'm_yri_ceu': 0.0, 'm_yri_chb': 0.0, 'm_ceu_chb': 0.0} -67561.64027560152
 
 
x_up: {'t1': 1.73148, 't2': 2.32267, 't3': 95.22138, 'N_anc': 498.72509, 'N_yri': 358.22197, 'N_ooa': 844.04949, 'N_ceu': 312.65339, 'N_chb': 312.65339, 'gr_ceu': 0.00045, 'gr_chb': 0.0003, 'm_yri_ooa': 0.0, 'm_yri_ceu': 0.0, 'm_yri_chb': 0.0, 'm_ceu_chb': 0.0} -67550.83459523653
x: {'t1': 1.73148, 't2': 2.32267, 't3': 95.22138, 'N_anc': 498.72509, 'N_yri': 358.22197, 'N_ooa': 844.04949, 'N_ceu': 312.65339, 'N_chb': 312.65339, 'gr_ceu': 0.0003, 'gr_chb': 0.0003, 'm_yri_ooa': 0.0, 'm_yri_ceu': 0.0, 'm_yri_chb': 0.0, 'm_ceu_chb': 0.0} -67550.82769583163
x_down: {'t1': 1.73148, 't2': 2.32267, 't3': 95.22138, 'N_anc': 498.72509, 'N_yri': 358.22197, 'N_ooa': 844.04949, 'N_ceu': 312.65339, 'N_chb': 312.65339, 'gr_ceu': 0.00015, 'gr_chb': 0.0003, 'm_yri_ooa': 0.0, 'm_yri_ceu': 0.0, 'm_yri_chb': 0.0, 'm_ceu_chb': 0.0} -67550.82082410058
 
 
x_up: {'t1': 1.73148, 't2': 2.32267, 't3': 95.22138, 'N_anc': 498.72509, 'N_yri': 358.22197, 'N_ooa': 844.04949, 'N_ceu': 312.65339, 'N_chb': 312.65339, 'gr_ceu': 0.00015, 'gr_chb': 0.00045, 'm_yri_ooa': 0.0, 'm_yri_ceu': 0.0, 'm_yri_chb': 0.0, 'm_ceu_chb': 0.0} -67550.82085898619
x: {'t1': 1.73148, 't2': 2.32267, 't3': 95.22138, 'N_anc': 498.72509, 'N_yri': 358.22197, 'N_ooa': 844.04949, 'N_ceu': 312.65339, 'N_chb': 312.65339, 'gr_ceu': 0.00015, 'gr_chb': 0.0003, 'm_yri_ooa': 0.0, 'm_yri_ceu': 0.0, 'm_yri_chb': 0.0, 'm_ceu_chb': 0.0} -67550.82082410058
x_down: {'t1': 1.73148, 't2': 2.32267, 't3': 95.22138, 'N_anc': 498.72509, 'N_yri': 358.22197, 'N_ooa': 844.04949, 'N_ceu': 312.65339, 'N_chb': 312.65339, 'gr_ceu': 0.00015, 'gr_chb': 0.00015, 'm_yri_ooa': 0.0, 'm_yri_ceu': 0.0, 'm_yri_chb': 0.0, 'm_ceu_chb': 0.0} -67550.82081465442
 
 
x_up: {'t1': 1.73148, 't2': 2.32267, 't3': 95.22138, 'N_anc': 498.72509, 'N_yri': 358.22197, 'N_ooa': 844.04949, 'N_ceu': 312.65339, 'N_chb': 312.65339, 'gr_ceu': 0.00015, 'gr_chb': 0.00015, 'm_yri_ooa': 0.0, 'm_yri_ceu': 0.0, 'm_yri_chb': 0.0, 'm_ceu_chb': 0.0} -67550.82081465442
x: {'t1': 1.73148, 't2': 2.32267, 't3': 95.22138, 'N_anc': 498.72509, 'N_yri': 358.22197, 'N_ooa': 844.04949, 'N_ceu': 312.65339, 'N_chb': 312.65339, 'gr_ceu': 0.00015, 'gr_chb': 0.00015, 'm_yri_ooa': 0.0, 'm_yri_ceu': 0.0, 'm_yri_chb': 0.0, 'm_ceu_chb': 0.0} -67550.82081465442
x_down: {'t1': 1.73148, 't2': 2.32267, 't3': 95.22138, 'N_anc': 498.72509, 'N_yri': 358.22197, 'N_ooa': 844.04949, 'N_ceu': 312.65339, 'N_chb': 312.65339, 'gr_ceu': 0.00015, 'gr_chb': 0.00015, 'm_yri_ooa': 1e-05, 'm_yri_ceu': 0.0, 'm_yri_chb': 0.0, 'm_ceu_chb': 0.0} -67550.79702037823
 
 
x_up: {'t1': 1.73148, 't2': 2.32267, 't3': 95.22138, 'N_anc': 498.72509, 'N_yri': 358.22197, 'N_ooa': 844.04949, 'N_ceu': 312.65339, 'N_chb': 312.65339, 'gr_ceu': 0.00015, 'gr_chb': 0.00015, 'm_yri_ooa': 1e-05, 'm_yri_ceu': 0.0, 'm_yri_chb': 0.0, 'm_ceu_chb': 0.0} -67550.79702037823
x: {'t1': 1.73148, 't2': 2.32267, 't3': 95.22138, 'N_anc': 498.72509, 'N_yri': 358.22197, 'N_ooa': 844.04949, 'N_ceu': 312.65339, 'N_chb': 312.65339, 'gr_ceu': 0.00015, 'gr_chb': 0.00015, 'm_yri_ooa': 1e-05, 'm_yri_ceu': 0.0, 'm_yri_chb': 0.0, 'm_ceu_chb': 0.0} -67550.79702037823
x_down: {'t1': 1.73148, 't2': 2.32267, 't3': 95.22138, 'N_anc': 498.72509, 'N_yri': 358.22197, 'N_ooa': 844.04949, 'N_ceu': 312.65339, 'N_chb': 312.65339, 'gr_ceu': 0.00015, 'gr_chb': 0.00015, 'm_yri_ooa': 1e-05, 'm_yri_ceu': 1e-05, 'm_yri_chb': 0.0, 'm_ceu_chb': 0.0} -67550.79702044693
 
 
x_up: {'t1': 1.73148, 't2': 2.32267, 't3': 95.22138, 'N_anc': 498.72509, 'N_yri': 358.22197, 'N_ooa': 844.04949, 'N_ceu': 312.65339, 'N_chb': 312.65339, 'gr_ceu': 0.00015, 'gr_chb': 0.00015, 'm_yri_ooa': 1e-05, 'm_yri_ceu': 0.0, 'm_yri_chb': 0.0, 'm_ceu_chb': 0.0} -67550.79702037823
x: {'t1': 1.73148, 't2': 2.32267, 't3': 95.22138, 'N_anc': 498.72509, 'N_yri': 358.22197, 'N_ooa': 844.04949, 'N_ceu': 312.65339, 'N_chb': 312.65339, 'gr_ceu': 0.00015, 'gr_chb': 0.00015, 'm_yri_ooa': 1e-05, 'm_yri_ceu': 0.0, 'm_yri_chb': 0.0, 'm_ceu_chb': 0.0} -67550.79702037823
x_down: {'t1': 1.73148, 't2': 2.32267, 't3': 95.22138, 'N_anc': 498.72509, 'N_yri': 358.22197, 'N_ooa': 844.04949, 'N_ceu': 312.65339, 'N_chb': 312.65339, 'gr_ceu': 0.00015, 'gr_chb': 0.00015, 'm_yri_ooa': 1e-05, 'm_yri_ceu': 0.0, 'm_yri_chb': 1e-05, 'm_ceu_chb': 0.0} -67550.7970204474
 
 
x_up: {'t1': 1.73148, 't2': 2.32267, 't3': 95.22138, 'N_anc': 498.72509, 'N_yri': 358.22197, 'N_ooa': 844.04949, 'N_ceu': 312.65339, 'N_chb': 312.65339, 'gr_ceu': 0.00015, 'gr_chb': 0.00015, 'm_yri_ooa': 1e-05, 'm_yri_ceu': 0.0, 'm_yri_chb': 0.0, 'm_ceu_chb': 0.0} -67550.79702037823
x: {'t1': 1.73148, 't2': 2.32267, 't3': 95.22138, 'N_anc': 498.72509, 'N_yri': 358.22197, 'N_ooa': 844.04949, 'N_ceu': 312.65339, 'N_chb': 312.65339, 'gr_ceu': 0.00015, 'gr_chb': 0.00015, 'm_yri_ooa': 1e-05, 'm_yri_ceu': 0.0, 'm_yri_chb': 0.0, 'm_ceu_chb': 0.0} -67550.79702037823
x_down: {'t1': 1.73148, 't2': 2.32267, 't3': 95.22138, 'N_anc': 498.72509, 'N_yri': 358.22197, 'N_ooa': 844.04949, 'N_ceu': 312.65339, 'N_chb': 312.65339, 'gr_ceu': 0.00015, 'gr_chb': 0.00015, 'm_yri_ooa': 1e-05, 'm_yri_ceu': 0.0, 'm_yri_chb': 0.0, 'm_ceu_chb': 1e-05} -67550.79702044625
 
{'t1': 1.73148, 't2': 2.32267, 't3': 95.22138, 'N_anc': 498.72509, 'N_yri': 358.22197, 'N_ooa': 844.04949, 'N_ceu': 312.65339, 'N_chb': 312.65339, 'gr_ceu': 0.00015, 'gr_chb': 0.00015, 'm_yri_ooa': 1e-05, 'm_yri_ceu': 0.0, 'm_yri_chb': 0.0, 'm_ceu_chb': 0.0} -67550.79702037823
 
x_up: {'t1': 1.80538, 't2': 2.32267, 't3': 95.22138, 'N_anc': 498.72509, 'N_yri': 358.22197, 'N_ooa': 844.04949, 'N_ceu': 312.65339, 'N_chb': 312.65339, 'gr_ceu': 0.00015, 'gr_chb': 0.00015, 'm_yri_ooa': 1e-05, 'm_yri_ceu': 0.0, 'm_yri_chb': 0.0, 'm_ceu_chb': 0.0} -67554.9658787563
x: {'t1': 1.73148, 't2': 2.32267, 't3': 95.22138, 'N_anc': 498.72509, 'N_yri': 358.22197, 'N_ooa': 844.04949, 'N_ceu': 312.65339, 'N_chb': 312.65339, 'gr_ceu': 0.00015, 'gr_chb': 0.00015, 'm_yri_ooa': 1e-05, 'm_yri_ceu': 0.0, 'm_yri_chb': 0.0, 'm_ceu_chb': 0.0} -67550.79702037823
x_down: {'t1': 1.65758, 't2': 2.32267, 't3': 95.22138, 'N_anc': 498.72509, 'N_yri': 358.22197, 'N_ooa': 844.04949, 'N_ceu': 312.65339, 'N_chb': 312.65339, 'gr_ceu': 0.00015, 'gr_chb': 0.00015, 'm_yri_ooa': 1e-05, 'm_yri_ceu': 0.0, 'm_yri_chb': 0.0, 'm_ceu_chb': 0.0} -67558.99572531042
 
 
x_up: {'t1': 1.73148, 't2': 2.43352, 't3': 95.22138, 'N_anc': 498.72509, 'N_yri': 358.22197, 'N_ooa': 844.04949, 'N_ceu': 312.65339, 'N_chb': 312.65339, 'gr_ceu': 0.00015, 'gr_chb': 0.00015, 'm_yri_ooa': 1e-05, 'm_yri_ceu': 0.0, 'm_yri_chb': 0.0, 'm_ceu_chb': 0.0} -67560.35283961026
x: {'t1': 1.73148, 't2': 2.32267, 't3': 95.22138, 'N_anc': 498.72509, 'N_yri': 358.22197, 'N_ooa': 844.04949, 'N_ceu': 312.65339, 'N_chb': 312.65339, 'gr_ceu': 0.00015, 'gr_chb': 0.00015, 'm_yri_ooa': 1e-05, 'm_yri_ceu': 0.0, 'm_yri_chb': 0.0, 'm_ceu_chb': 0.0} -67550.79702037823
x_down: {'t1': 1.73148, 't2': 2.21182, 't3': 95.22138, 'N_anc': 498.72509, 'N_yri': 358.22197, 'N_ooa': 844.04949, 'N_ceu': 312.65339, 'N_chb': 312.65339, 'gr_ceu': 0.00015, 'gr_chb': 0.00015, 'm_yri_ooa': 1e-05, 'm_yri_ceu': 0.0, 'm_yri_chb': 0.0, 'm_ceu_chb': 0.0} -67575.04914066583
 
 
x_up: {'t1': 1.73148, 't2': 2.32267, 't3': 99.86632, 'N_anc': 498.72509, 'N_yri': 358.22197, 'N_ooa': 844.04949, 'N_ceu': 312.65339, 'N_chb': 312.65339, 'gr_ceu': 0.00015, 'gr_chb': 0.00015, 'm_yri_ooa': 1e-05, 'm_yri_ceu': 0.0, 'm_yri_chb': 0.0, 'm_ceu_chb': 0.0} -67552.65746182358
x: {'t1': 1.73148, 't2': 2.32267, 't3': 95.22138, 'N_anc': 498.72509, 'N_yri': 358.22197, 'N_ooa': 844.04949, 'N_ceu': 312.65339, 'N_chb': 312.65339, 'gr_ceu': 0.00015, 'gr_chb': 0.00015, 'm_yri_ooa': 1e-05, 'm_yri_ceu': 0.0, 'm_yri_chb': 0.0, 'm_ceu_chb': 0.0} -67550.79702037823
x_down: {'t1': 1.73148, 't2': 2.32267, 't3': 90.57644, 'N_anc': 498.72509, 'N_yri': 358.22197, 'N_ooa': 844.04949, 'N_ceu': 312.65339, 'N_chb': 312.65339, 'gr_ceu': 0.00015, 'gr_chb': 0.00015, 'm_yri_ooa': 1e-05, 'm_yri_ceu': 0.0, 'm_yri_chb': 0.0, 'm_ceu_chb': 0.0} -67556.01127276014
 
 
x_up: {'t1': 1.73148, 't2': 2.32267, 't3': 95.22138, 'N_anc': 554.79581, 'N_yri': 358.22197, 'N_ooa': 844.04949, 'N_ceu': 312.65339, 'N_chb': 312.65339, 'gr_ceu': 0.00015, 'gr_chb': 0.00015, 'm_yri_ooa': 1e-05, 'm_yri_ceu': 0.0, 'm_yri_chb': 0.0, 'm_ceu_chb': 0.0} -67552.31838152223
x: {'t1': 1.73148, 't2': 2.32267, 't3': 95.22138, 'N_anc': 498.72509, 'N_yri': 358.22197, 'N_ooa': 844.04949, 'N_ceu': 312.65339, 'N_chb': 312.65339, 'gr_ceu': 0.00015, 'gr_chb': 0.00015, 'm_yri_ooa': 1e-05, 'm_yri_ceu': 0.0, 'm_yri_chb': 0.0, 'm_ceu_chb': 0.0} -67550.79702037823
x_down: {'t1': 1.73148, 't2': 2.32267, 't3': 95.22138, 'N_anc': 442.65437, 'N_yri': 358.22197, 'N_ooa': 844.04949, 'N_ceu': 312.65339, 'N_chb': 312.65339, 'gr_ceu': 0.00015, 'gr_chb': 0.00015, 'm_yri_ooa': 1e-05, 'm_yri_ceu': 0.0, 'm_yri_chb': 0.0, 'm_ceu_chb': 0.0} -67551.55898119256
 
 
x_up: {'t1': 1.73148, 't2': 2.32267, 't3': 95.22138, 'N_anc': 498.72509, 'N_yri': 382.43028, 'N_ooa': 844.04949, 'N_ceu': 312.65339, 'N_chb': 312.65339, 'gr_ceu': 0.00015, 'gr_chb': 0.00015, 'm_yri_ooa': 1e-05, 'm_yri_ceu': 0.0, 'm_yri_chb': 0.0, 'm_ceu_chb': 0.0} -67552.85326058128
x: {'t1': 1.73148, 't2': 2.32267, 't3': 95.22138, 'N_anc': 498.72509, 'N_yri': 358.22197, 'N_ooa': 844.04949, 'N_ceu': 312.65339, 'N_chb': 312.65339, 'gr_ceu': 0.00015, 'gr_chb': 0.00015, 'm_yri_ooa': 1e-05, 'm_yri_ceu': 0.0, 'm_yri_chb': 0.0, 'm_ceu_chb': 0.0} -67550.79702037823
x_down: {'t1': 1.73148, 't2': 2.32267, 't3': 95.22138, 'N_anc': 498.72509, 'N_yri': 334.01366, 'N_ooa': 844.04949, 'N_ceu': 312.65339, 'N_chb': 312.65339, 'gr_ceu': 0.00015, 'gr_chb': 0.00015, 'm_yri_ooa': 1e-05, 'm_yri_ceu': 0.0, 'm_yri_chb': 0.0, 'm_ceu_chb': 0.0} -67557.61734687038
 
 
x_up: {'t1': 1.73148, 't2': 2.32267, 't3': 95.22138, 'N_anc': 498.72509, 'N_yri': 358.22197, 'N_ooa': 1000.99743, 'N_ceu': 312.65339, 'N_chb': 312.65339, 'gr_ceu': 0.00015, 'gr_chb': 0.00015, 'm_yri_ooa': 1e-05, 'm_yri_ceu': 0.0, 'm_yri_chb': 0.0, 'm_ceu_chb': 0.0} -67568.78269388064
x: {'t1': 1.73148, 't2': 2.32267, 't3': 95.22138, 'N_anc': 498.72509, 'N_yri': 358.22197, 'N_ooa': 844.04949, 'N_ceu': 312.65339, 'N_chb': 312.65339, 'gr_ceu': 0.00015, 'gr_chb': 0.00015, 'm_yri_ooa': 1e-05, 'm_yri_ceu': 0.0, 'm_yri_chb': 0.0, 'm_ceu_chb': 0.0} -67550.79702037823
x_down: {'t1': 1.73148, 't2': 2.32267, 't3': 95.22138, 'N_anc': 498.72509, 'N_yri': 358.22197, 'N_ooa': 687.10155, 'N_ceu': 312.65339, 'N_chb': 312.65339, 'gr_ceu': 0.00015, 'gr_chb': 0.00015, 'm_yri_ooa': 1e-05, 'm_yri_ceu': 0.0, 'm_yri_chb': 0.0, 'm_ceu_chb': 0.0} -67739.05260986458
 
 
x_up: {'t1': 1.73148, 't2': 2.32267, 't3': 95.22138, 'N_anc': 498.72509, 'N_yri': 358.22197, 'N_ooa': 844.04949, 'N_ceu': 332.58965, 'N_chb': 312.65339, 'gr_ceu': 0.00015, 'gr_chb': 0.00015, 'm_yri_ooa': 1e-05, 'm_yri_ceu': 0.0, 'm_yri_chb': 0.0, 'm_ceu_chb': 0.0} -67551.98939594692
x: {'t1': 1.73148, 't2': 2.32267, 't3': 95.22138, 'N_anc': 498.72509, 'N_yri': 358.22197, 'N_ooa': 844.04949, 'N_ceu': 312.65339, 'N_chb': 312.65339, 'gr_ceu': 0.00015, 'gr_chb': 0.00015, 'm_yri_ooa': 1e-05, 'm_yri_ceu': 0.0, 'm_yri_chb': 0.0, 'm_ceu_chb': 0.0} -67550.79702037823
x_down: {'t1': 1.73148, 't2': 2.32267, 't3': 95.22138, 'N_anc': 498.72509, 'N_yri': 358.22197, 'N_ooa': 844.04949, 'N_ceu': 292.71713, 'N_chb': 312.65339, 'gr_ceu': 0.00015, 'gr_chb': 0.00015, 'm_yri_ooa': 1e-05, 'm_yri_ceu': 0.0, 'm_yri_chb': 0.0, 'm_ceu_chb': 0.0} -67553.36365732273
 
 
x_up: {'t1': 1.73148, 't2': 2.32267, 't3': 95.22138, 'N_anc': 498.72509, 'N_yri': 358.22197, 'N_ooa': 844.04949, 'N_ceu': 312.65339, 'N_chb': 332.58965, 'gr_ceu': 0.00015, 'gr_chb': 0.00015, 'm_yri_ooa': 1e-05, 'm_yri_ceu': 0.0, 'm_yri_chb': 0.0, 'm_ceu_chb': 0.0} -67550.53961170785
x: {'t1': 1.73148, 't2': 2.32267, 't3': 95.22138, 'N_anc': 498.72509, 'N_yri': 358.22197, 'N_ooa': 844.04949, 'N_ceu': 312.65339, 'N_chb': 312.65339, 'gr_ceu': 0.00015, 'gr_chb': 0.00015, 'm_yri_ooa': 1e-05, 'm_yri_ceu': 0.0, 'm_yri_chb': 0.0, 'm_ceu_chb': 0.0} -67550.79702037823
x_down: {'t1': 1.73148, 't2': 2.32267, 't3': 95.22138, 'N_anc': 498.72509, 'N_yri': 358.22197, 'N_ooa': 844.04949, 'N_ceu': 312.65339, 'N_chb': 292.71713, 'gr_ceu': 0.00015, 'gr_chb': 0.00015, 'm_yri_ooa': 1e-05, 'm_yri_ceu': 0.0, 'm_yri_chb': 0.0, 'm_ceu_chb': 0.0} -67554.46990385241
 
 
x_up: {'t1': 1.73148, 't2': 2.32267, 't3': 95.22138, 'N_anc': 498.72509, 'N_yri': 358.22197, 'N_ooa': 844.04949, 'N_ceu': 312.65339, 'N_chb': 332.58965, 'gr_ceu': 0.00022, 'gr_chb': 0.00015, 'm_yri_ooa': 1e-05, 'm_yri_ceu': 0.0, 'm_yri_chb': 0.0, 'm_ceu_chb': 0.0} -67550.54474956947
x: {'t1': 1.73148, 't2': 2.32267, 't3': 95.22138, 'N_anc': 498.72509, 'N_yri': 358.22197, 'N_ooa': 844.04949, 'N_ceu': 312.65339, 'N_chb': 332.58965, 'gr_ceu': 0.00015, 'gr_chb': 0.00015, 'm_yri_ooa': 1e-05, 'm_yri_ceu': 0.0, 'm_yri_chb': 0.0, 'm_ceu_chb': 0.0} -67550.53961170785
x_down: {'t1': 1.73148, 't2': 2.32267, 't3': 95.22138, 'N_anc': 498.72509, 'N_yri': 358.22197, 'N_ooa': 844.04949, 'N_ceu': 312.65339, 'N_chb': 332.58965, 'gr_ceu': 7e-05, 'gr_chb': 0.00015, 'm_yri_ooa': 1e-05, 'm_yri_ceu': 0.0, 'm_yri_chb': 0.0, 'm_ceu_chb': 0.0} -67550.53374787502
 
 
x_up: {'t1': 1.73148, 't2': 2.32267, 't3': 95.22138, 'N_anc': 498.72509, 'N_yri': 358.22197, 'N_ooa': 844.04949, 'N_ceu': 312.65339, 'N_chb': 332.58965, 'gr_ceu': 7e-05, 'gr_chb': 0.00022, 'm_yri_ooa': 1e-05, 'm_yri_ceu': 0.0, 'm_yri_chb': 0.0, 'm_ceu_chb': 0.0} -67550.53768983328
x: {'t1': 1.73148, 't2': 2.32267, 't3': 95.22138, 'N_anc': 498.72509, 'N_yri': 358.22197, 'N_ooa': 844.04949, 'N_ceu': 312.65339, 'N_chb': 332.58965, 'gr_ceu': 7e-05, 'gr_chb': 0.00015, 'm_yri_ooa': 1e-05, 'm_yri_ceu': 0.0, 'm_yri_chb': 0.0, 'm_ceu_chb': 0.0} -67550.53374787502
x_down: {'t1': 1.73148, 't2': 2.32267, 't3': 95.22138, 'N_anc': 498.72509, 'N_yri': 358.22197, 'N_ooa': 844.04949, 'N_ceu': 312.65339, 'N_chb': 332.58965, 'gr_ceu': 7e-05, 'gr_chb': 7e-05, 'm_yri_ooa': 1e-05, 'm_yri_ceu': 0.0, 'm_yri_chb': 0.0, 'm_ceu_chb': 0.0} -67550.52924987771
 
 
x_up: {'t1': 1.73148, 't2': 2.32267, 't3': 95.22138, 'N_anc': 498.72509, 'N_yri': 358.22197, 'N_ooa': 844.04949, 'N_ceu': 312.65339, 'N_chb': 332.58965, 'gr_ceu': 7e-05, 'gr_chb': 7e-05, 'm_yri_ooa': 0.0, 'm_yri_ceu': 0.0, 'm_yri_chb': 0.0, 'm_ceu_chb': 0.0} -67550.54373589819
x: {'t1': 1.73148, 't2': 2.32267, 't3': 95.22138, 'N_anc': 498.72509, 'N_yri': 358.22197, 'N_ooa': 844.04949, 'N_ceu': 312.65339, 'N_chb': 332.58965, 'gr_ceu': 7e-05, 'gr_chb': 7e-05, 'm_yri_ooa': 1e-05, 'm_yri_ceu': 0.0, 'm_yri_chb': 0.0, 'm_ceu_chb': 0.0} -67550.52924987771
x_down: {'t1': 1.73148, 't2': 2.32267, 't3': 95.22138, 'N_anc': 498.72509, 'N_yri': 358.22197, 'N_ooa': 844.04949, 'N_ceu': 312.65339, 'N_chb': 332.58965, 'gr_ceu': 7e-05, 'gr_chb': 7e-05, 'm_yri_ooa': 1e-05, 'm_yri_ceu': 0.0, 'm_yri_chb': 0.0, 'm_ceu_chb': 0.0} -67550.52924987771
 
 
x_up: {'t1': 1.73148, 't2': 2.32267, 't3': 95.22138, 'N_anc': 498.72509, 'N_yri': 358.22197, 'N_ooa': 844.04949, 'N_ceu': 312.65339, 'N_chb': 332.58965, 'gr_ceu': 7e-05, 'gr_chb': 7e-05, 'm_yri_ooa': 1e-05, 'm_yri_ceu': 0.0, 'm_yri_chb': 0.0, 'm_ceu_chb': 0.0} -67550.52924987771
x: {'t1': 1.73148, 't2': 2.32267, 't3': 95.22138, 'N_anc': 498.72509, 'N_yri': 358.22197, 'N_ooa': 844.04949, 'N_ceu': 312.65339, 'N_chb': 332.58965, 'gr_ceu': 7e-05, 'gr_chb': 7e-05, 'm_yri_ooa': 1e-05, 'm_yri_ceu': 0.0, 'm_yri_chb': 0.0, 'm_ceu_chb': 0.0} -67550.52924987771
x_down: {'t1': 1.73148, 't2': 2.32267, 't3': 95.22138, 'N_anc': 498.72509, 'N_yri': 358.22197, 'N_ooa': 844.04949, 'N_ceu': 312.65339, 'N_chb': 332.58965, 'gr_ceu': 7e-05, 'gr_chb': 7e-05, 'm_yri_ooa': 1e-05, 'm_yri_ceu': 1e-05, 'm_yri_chb': 0.0, 'm_ceu_chb': 0.0} -67550.52924990213
 
 
x_up: {'t1': 1.73148, 't2': 2.32267, 't3': 95.22138, 'N_anc': 498.72509, 'N_yri': 358.22197, 'N_ooa': 844.04949, 'N_ceu': 312.65339, 'N_chb': 332.58965, 'gr_ceu': 7e-05, 'gr_chb': 7e-05, 'm_yri_ooa': 1e-05, 'm_yri_ceu': 0.0, 'm_yri_chb': 0.0, 'm_ceu_chb': 0.0} -67550.52924987771
x: {'t1': 1.73148, 't2': 2.32267, 't3': 95.22138, 'N_anc': 498.72509, 'N_yri': 358.22197, 'N_ooa': 844.04949, 'N_ceu': 312.65339, 'N_chb': 332.58965, 'gr_ceu': 7e-05, 'gr_chb': 7e-05, 'm_yri_ooa': 1e-05, 'm_yri_ceu': 0.0, 'm_yri_chb': 0.0, 'm_ceu_chb': 0.0} -67550.52924987771
x_down: {'t1': 1.73148, 't2': 2.32267, 't3': 95.22138, 'N_anc': 498.72509, 'N_yri': 358.22197, 'N_ooa': 844.04949, 'N_ceu': 312.65339, 'N_chb': 332.58965, 'gr_ceu': 7e-05, 'gr_chb': 7e-05, 'm_yri_ooa': 1e-05, 'm_yri_ceu': 0.0, 'm_yri_chb': 1e-05, 'm_ceu_chb': 0.0} -67550.52924990222
 
 
x_up: {'t1': 1.73148, 't2': 2.32267, 't3': 95.22138, 'N_anc': 498.72509, 'N_yri': 358.22197, 'N_ooa': 844.04949, 'N_ceu': 312.65339, 'N_chb': 332.58965, 'gr_ceu': 7e-05, 'gr_chb': 7e-05, 'm_yri_ooa': 1e-05, 'm_yri_ceu': 0.0, 'm_yri_chb': 0.0, 'm_ceu_chb': 0.0} -67550.52924987771
x: {'t1': 1.73148, 't2': 2.32267, 't3': 95.22138, 'N_anc': 498.72509, 'N_yri': 358.22197, 'N_ooa': 844.04949, 'N_ceu': 312.65339, 'N_chb': 332.58965, 'gr_ceu': 7e-05, 'gr_chb': 7e-05, 'm_yri_ooa': 1e-05, 'm_yri_ceu': 0.0, 'm_yri_chb': 0.0, 'm_ceu_chb': 0.0} -67550.52924987771
x_down: {'t1': 1.73148, 't2': 2.32267, 't3': 95.22138, 'N_anc': 498.72509, 'N_yri': 358.22197, 'N_ooa': 844.04949, 'N_ceu': 312.65339, 'N_chb': 332.58965, 'gr_ceu': 7e-05, 'gr_chb': 7e-05, 'm_yri_ooa': 1e-05, 'm_yri_ceu': 0.0, 'm_yri_chb': 0.0, 'm_ceu_chb': 1e-05} -67550.52924990184
 
{'t1': 1.73148, 't2': 2.32267, 't3': 95.22138, 'N_anc': 498.72509, 'N_yri': 358.22197, 'N_ooa': 844.04949, 'N_ceu': 312.65339, 'N_chb': 332.58965, 'gr_ceu': 7e-05, 'gr_chb': 7e-05, 'm_yri_ooa': 1e-05, 'm_yri_ceu': 0.0, 'm_yri_chb': 0.0, 'm_ceu_chb': 0.0} -67550.52924987771
 
x_up: {'t1': 1.76843, 't2': 2.32267, 't3': 95.22138, 'N_anc': 498.72509, 'N_yri': 358.22197, 'N_ooa': 844.04949, 'N_ceu': 312.65339, 'N_chb': 332.58965, 'gr_ceu': 7e-05, 'gr_chb': 7e-05, 'm_yri_ooa': 1e-05, 'm_yri_ceu': 0.0, 'm_yri_chb': 0.0, 'm_ceu_chb': 0.0} -67548.44000324965
x: {'t1': 1.73148, 't2': 2.32267, 't3': 95.22138, 'N_anc': 498.72509, 'N_yri': 358.22197, 'N_ooa': 844.04949, 'N_ceu': 312.65339, 'N_chb': 332.58965, 'gr_ceu': 7e-05, 'gr_chb': 7e-05, 'm_yri_ooa': 1e-05, 'm_yri_ceu': 0.0, 'm_yri_chb': 0.0, 'm_ceu_chb': 0.0} -67550.52924987771
x_down: {'t1': 1.69453, 't2': 2.32267, 't3': 95.22138, 'N_anc': 498.72509, 'N_yri': 358.22197, 'N_ooa': 844.04949, 'N_ceu': 312.65339, 'N_chb': 332.58965, 'gr_ceu': 7e-05, 'gr_chb': 7e-05, 'm_yri_ooa': 1e-05, 'm_yri_ceu': 0.0, 'm_yri_chb': 0.0, 'm_ceu_chb': 0.0} -67553.45480271614
 
 
x_up: {'t1': 1.76843, 't2': 2.37463, 't3': 95.22138, 'N_anc': 498.72509, 'N_yri': 358.22197, 'N_ooa': 844.04949, 'N_ceu': 312.65339, 'N_chb': 332.58965, 'gr_ceu': 7e-05, 'gr_chb': 7e-05, 'm_yri_ooa': 1e-05, 'm_yri_ceu': 0.0, 'm_yri_chb': 0.0, 'm_ceu_chb': 0.0} -67556.10543140657
x: {'t1': 1.76843, 't2': 2.32267, 't3': 95.22138, 'N_anc': 498.72509, 'N_yri': 358.22197, 'N_ooa': 844.04949, 'N_ceu': 312.65339, 'N_chb': 332.58965, 'gr_ceu': 7e-05, 'gr_chb': 7e-05, 'm_yri_ooa': 1e-05, 'm_yri_ceu': 0.0, 'm_yri_chb': 0.0, 'm_ceu_chb': 0.0} -67548.44000324965
x_down: {'t1': 1.76843, 't2': 2.27071, 't3': 95.22138, 'N_anc': 498.72509, 'N_yri': 358.22197, 'N_ooa': 844.04949, 'N_ceu': 312.65339, 'N_chb': 332.58965, 'gr_ceu': 7e-05, 'gr_chb': 7e-05, 'm_yri_ooa': 1e-05, 'm_yri_ceu': 0.0, 'm_yri_chb': 0.0, 'm_ceu_chb': 0.0} -67563.33386056044
 
 
x_up: {'t1': 1.76843, 't2': 2.32267, 't3': 99.86632, 'N_anc': 498.72509, 'N_yri': 358.22197, 'N_ooa': 844.04949, 'N_ceu': 312.65339, 'N_chb': 332.58965, 'gr_ceu': 7e-05, 'gr_chb': 7e-05, 'm_yri_ooa': 1e-05, 'm_yri_ceu': 0.0, 'm_yri_chb': 0.0, 'm_ceu_chb': 0.0} -67550.30044469499
x: {'t1': 1.76843, 't2': 2.32267, 't3': 95.22138, 'N_anc': 498.72509, 'N_yri': 358.22197, 'N_ooa': 844.04949, 'N_ceu': 312.65339, 'N_chb': 332.58965, 'gr_ceu': 7e-05, 'gr_chb': 7e-05, 'm_yri_ooa': 1e-05, 'm_yri_ceu': 0.0, 'm_yri_chb': 0.0, 'm_ceu_chb': 0.0} -67548.44000324965
x_down: {'t1': 1.76843, 't2': 2.32267, 't3': 90.57644, 'N_anc': 498.72509, 'N_yri': 358.22197, 'N_ooa': 844.04949, 'N_ceu': 312.65339, 'N_chb': 332.58965, 'gr_ceu': 7e-05, 'gr_chb': 7e-05, 'm_yri_ooa': 1e-05, 'm_yri_ceu': 0.0, 'm_yri_chb': 0.0, 'm_ceu_chb': 0.0} -67553.65425563157
 
 
x_up: {'t1': 1.76843, 't2': 2.32267, 't3': 95.22138, 'N_anc': 526.76045, 'N_yri': 358.22197, 'N_ooa': 844.04949, 'N_ceu': 312.65339, 'N_chb': 332.58965, 'gr_ceu': 7e-05, 'gr_chb': 7e-05, 'm_yri_ooa': 1e-05, 'm_yri_ceu': 0.0, 'm_yri_chb': 0.0, 'm_ceu_chb': 0.0} -67548.97619522344
x: {'t1': 1.76843, 't2': 2.32267, 't3': 95.22138, 'N_anc': 498.72509, 'N_yri': 358.22197, 'N_ooa': 844.04949, 'N_ceu': 312.65339, 'N_chb': 332.58965, 'gr_ceu': 7e-05, 'gr_chb': 7e-05, 'm_yri_ooa': 1e-05, 'm_yri_ceu': 0.0, 'm_yri_chb': 0.0, 'm_ceu_chb': 0.0} -67548.44000324965
x_down: {'t1': 1.76843, 't2': 2.32267, 't3': 95.22138, 'N_anc': 470.68973, 'N_yri': 358.22197, 'N_ooa': 844.04949, 'N_ceu': 312.65339, 'N_chb': 332.58965, 'gr_ceu': 7e-05, 'gr_chb': 7e-05, 'm_yri_ooa': 1e-05, 'm_yri_ceu': 0.0, 'm_yri_chb': 0.0, 'm_ceu_chb': 0.0} -67548.46638833001
 
 
x_up: {'t1': 1.76843, 't2': 2.32267, 't3': 95.22138, 'N_anc': 498.72509, 'N_yri': 371.13307, 'N_ooa': 844.04949, 'N_ceu': 312.65339, 'N_chb': 332.58965, 'gr_ceu': 7e-05, 'gr_chb': 7e-05, 'm_yri_ooa': 1e-05, 'm_yri_ceu': 0.0, 'm_yri_chb': 0.0, 'm_ceu_chb': 0.0} -67553.80269906051
x: {'t1': 1.76843, 't2': 2.32267, 't3': 95.22138, 'N_anc': 498.72509, 'N_yri': 358.22197, 'N_ooa': 844.04949, 'N_ceu': 312.65339, 'N_chb': 332.58965, 'gr_ceu': 7e-05, 'gr_chb': 7e-05, 'm_yri_ooa': 1e-05, 'm_yri_ceu': 0.0, 'm_yri_chb': 0.0, 'm_ceu_chb': 0.0} -67548.44000324965
x_down: {'t1': 1.76843, 't2': 2.32267, 't3': 95.22138, 'N_anc': 498.72509, 'N_yri': 345.31087, 'N_ooa': 844.04949, 'N_ceu': 312.65339, 'N_chb': 332.58965, 'gr_ceu': 7e-05, 'gr_chb': 7e-05, 'm_yri_ooa': 1e-05, 'm_yri_ceu': 0.0, 'm_yri_chb': 0.0, 'm_ceu_chb': 0.0} -67549.84004892912
 
 
x_up: {'t1': 1.76843, 't2': 2.32267, 't3': 95.22138, 'N_anc': 498.72509, 'N_yri': 358.22197, 'N_ooa': 922.52346, 'N_ceu': 312.65339, 'N_chb': 332.58965, 'gr_ceu': 7e-05, 'gr_chb': 7e-05, 'm_yri_ooa': 1e-05, 'm_yri_ceu': 0.0, 'm_yri_chb': 0.0, 'm_ceu_chb': 0.0} -67541.13828883291
x: {'t1': 1.76843, 't2': 2.32267, 't3': 95.22138, 'N_anc': 498.72509, 'N_yri': 358.22197, 'N_ooa': 844.04949, 'N_ceu': 312.65339, 'N_chb': 332.58965, 'gr_ceu': 7e-05, 'gr_chb': 7e-05, 'm_yri_ooa': 1e-05, 'm_yri_ceu': 0.0, 'm_yri_chb': 0.0, 'm_ceu_chb': 0.0} -67548.44000324965
x_down: {'t1': 1.76843, 't2': 2.32267, 't3': 95.22138, 'N_anc': 498.72509, 'N_yri': 358.22197, 'N_ooa': 765.57552, 'N_ceu': 312.65339, 'N_chb': 332.58965, 'gr_ceu': 7e-05, 'gr_chb': 7e-05, 'm_yri_ooa': 1e-05, 'm_yri_ceu': 0.0, 'm_yri_chb': 0.0, 'm_ceu_chb': 0.0} -67612.45897850532
 
 
x_up: {'t1': 1.76843, 't2': 2.32267, 't3': 95.22138, 'N_anc': 498.72509, 'N_yri': 358.22197, 'N_ooa': 922.52346, 'N_ceu': 323.28606, 'N_chb': 332.58965, 'gr_ceu': 7e-05, 'gr_chb': 7e-05, 'm_yri_ooa': 1e-05, 'm_yri_ceu': 0.0, 'm_yri_chb': 0.0, 'm_ceu_chb': 0.0} -67541.70529627996
x: {'t1': 1.76843, 't2': 2.32267, 't3': 95.22138, 'N_anc': 498.72509, 'N_yri': 358.22197, 'N_ooa': 922.52346, 'N_ceu': 312.65339, 'N_chb': 332.58965, 'gr_ceu': 7e-05, 'gr_chb': 7e-05, 'm_yri_ooa': 1e-05, 'm_yri_ceu': 0.0, 'm_yri_chb': 0.0, 'm_ceu_chb': 0.0} -67541.13828883291
x_down: {'t1': 1.76843, 't2': 2.32267, 't3': 95.22138, 'N_anc': 498.72509, 'N_yri': 358.22197, 'N_ooa': 922.52346, 'N_ceu': 302.02072, 'N_chb': 332.58965, 'gr_ceu': 7e-05, 'gr_chb': 7e-05, 'm_yri_ooa': 1e-05, 'm_yri_ceu': 0.0, 'm_yri_chb': 0.0, 'm_ceu_chb': 0.0} -67541.51458579306
 
 
x_up: {'t1': 1.76843, 't2': 2.32267, 't3': 95.22138, 'N_anc': 498.72509, 'N_yri': 358.22197, 'N_ooa': 922.52346, 'N_ceu': 312.65339, 'N_chb': 365.29757, 'gr_ceu': 7e-05, 'gr_chb': 7e-05, 'm_yri_ooa': 1e-05, 'm_yri_ceu': 0.0, 'm_yri_chb': 0.0, 'm_ceu_chb': 0.0} -67546.30040656969
x: {'t1': 1.76843, 't2': 2.32267, 't3': 95.22138, 'N_anc': 498.72509, 'N_yri': 358.22197, 'N_ooa': 922.52346, 'N_ceu': 312.65339, 'N_chb': 332.58965, 'gr_ceu': 7e-05, 'gr_chb': 7e-05, 'm_yri_ooa': 1e-05, 'm_yri_ceu': 0.0, 'm_yri_chb': 0.0, 'm_ceu_chb': 0.0} -67541.13828883291
x_down: {'t1': 1.76843, 't2': 2.32267, 't3': 95.22138, 'N_anc': 498.72509, 'N_yri': 358.22197, 'N_ooa': 922.52346, 'N_ceu': 312.65339, 'N_chb': 299.88173, 'gr_ceu': 7e-05, 'gr_chb': 7e-05, 'm_yri_ooa': 1e-05, 'm_yri_ceu': 0.0, 'm_yri_chb': 0.0, 'm_ceu_chb': 0.0} -67543.93345796155
 
 
x_up: {'t1': 1.76843, 't2': 2.32267, 't3': 95.22138, 'N_anc': 498.72509, 'N_yri': 358.22197, 'N_ooa': 922.52346, 'N_ceu': 312.65339, 'N_chb': 332.58965, 'gr_ceu': 0.0001, 'gr_chb': 7e-05, 'm_yri_ooa': 1e-05, 'm_yri_ceu': 0.0, 'm_yri_chb': 0.0, 'm_ceu_chb': 0.0} -67541.139708476
x: {'t1': 1.76843, 't2': 2.32267, 't3': 95.22138, 'N_anc': 498.72509, 'N_yri': 358.22197, 'N_ooa': 922.52346, 'N_ceu': 312.65339, 'N_chb': 332.58965, 'gr_ceu': 7e-05, 'gr_chb': 7e-05, 'm_yri_ooa': 1e-05, 'm_yri_ceu': 0.0, 'm_yri_chb': 0.0, 'm_ceu_chb': 0.0} -67541.13828883291
x_down: {'t1': 1.76843, 't2': 2.32267, 't3': 95.22138, 'N_anc': 498.72509, 'N_yri': 358.22197, 'N_ooa': 922.52346, 'N_ceu': 312.65339, 'N_chb': 332.58965, 'gr_ceu': 3e-05, 'gr_chb': 7e-05, 'm_yri_ooa': 1e-05, 'm_yri_ceu': 0.0, 'm_yri_chb': 0.0, 'm_ceu_chb': 0.0} -67541.13639743303
 
 
x_up: {'t1': 1.76843, 't2': 2.32267, 't3': 95.22138, 'N_anc': 498.72509, 'N_yri': 358.22197, 'N_ooa': 922.52346, 'N_ceu': 312.65339, 'N_chb': 332.58965, 'gr_ceu': 3e-05, 'gr_chb': 0.0001, 'm_yri_ooa': 1e-05, 'm_yri_ceu': 0.0, 'm_yri_chb': 0.0, 'm_ceu_chb': 0.0} -67541.13865016265
x: {'t1': 1.76843, 't2': 2.32267, 't3': 95.22138, 'N_anc': 498.72509, 'N_yri': 358.22197, 'N_ooa': 922.52346, 'N_ceu': 312.65339, 'N_chb': 332.58965, 'gr_ceu': 3e-05, 'gr_chb': 7e-05, 'm_yri_ooa': 1e-05, 'm_yri_ceu': 0.0, 'm_yri_chb': 0.0, 'm_ceu_chb': 0.0} -67541.13639743303
x_down: {'t1': 1.76843, 't2': 2.32267, 't3': 95.22138, 'N_anc': 498.72509, 'N_yri': 358.22197, 'N_ooa': 922.52346, 'N_ceu': 312.65339, 'N_chb': 332.58965, 'gr_ceu': 3e-05, 'gr_chb': 3e-05, 'm_yri_ooa': 1e-05, 'm_yri_ceu': 0.0, 'm_yri_chb': 0.0, 'm_ceu_chb': 0.0} -67541.13339532225
 
 
x_up: {'t1': 1.76843, 't2': 2.32267, 't3': 95.22138, 'N_anc': 498.72509, 'N_yri': 358.22197, 'N_ooa': 922.52346, 'N_ceu': 312.65339, 'N_chb': 332.58965, 'gr_ceu': 3e-05, 'gr_chb': 3e-05, 'm_yri_ooa': 0.0, 'm_yri_ceu': 0.0, 'm_yri_chb': 0.0, 'm_ceu_chb': 0.0} -67540.94335406576
x: {'t1': 1.76843, 't2': 2.32267, 't3': 95.22138, 'N_anc': 498.72509, 'N_yri': 358.22197, 'N_ooa': 922.52346, 'N_ceu': 312.65339, 'N_chb': 332.58965, 'gr_ceu': 3e-05, 'gr_chb': 3e-05, 'm_yri_ooa': 1e-05, 'm_yri_ceu': 0.0, 'm_yri_chb': 0.0, 'm_ceu_chb': 0.0} -67541.13339532225
x_down: {'t1': 1.76843, 't2': 2.32267, 't3': 95.22138, 'N_anc': 498.72509, 'N_yri': 358.22197, 'N_ooa': 922.52346, 'N_ceu': 312.65339, 'N_chb': 332.58965, 'gr_ceu': 3e-05, 'gr_chb': 3e-05, 'm_yri_ooa': 1e-05, 'm_yri_ceu': 0.0, 'm_yri_chb': 0.0, 'm_ceu_chb': 0.0} -67541.13339532225
 
 
x_up: {'t1': 1.76843, 't2': 2.32267, 't3': 95.22138, 'N_anc': 498.72509, 'N_yri': 358.22197, 'N_ooa': 922.52346, 'N_ceu': 312.65339, 'N_chb': 332.58965, 'gr_ceu': 3e-05, 'gr_chb': 3e-05, 'm_yri_ooa': 0.0, 'm_yri_ceu': 0.0, 'm_yri_chb': 0.0, 'm_ceu_chb': 0.0} -67540.94335406576
x: {'t1': 1.76843, 't2': 2.32267, 't3': 95.22138, 'N_anc': 498.72509, 'N_yri': 358.22197, 'N_ooa': 922.52346, 'N_ceu': 312.65339, 'N_chb': 332.58965, 'gr_ceu': 3e-05, 'gr_chb': 3e-05, 'm_yri_ooa': 0.0, 'm_yri_ceu': 0.0, 'm_yri_chb': 0.0, 'm_ceu_chb': 0.0} -67540.94335406576
x_down: {'t1': 1.76843, 't2': 2.32267, 't3': 95.22138, 'N_anc': 498.72509, 'N_yri': 358.22197, 'N_ooa': 922.52346, 'N_ceu': 312.65339, 'N_chb': 332.58965, 'gr_ceu': 3e-05, 'gr_chb': 3e-05, 'm_yri_ooa': 0.0, 'm_yri_ceu': 1e-05, 'm_yri_chb': 0.0, 'm_ceu_chb': 0.0} -67540.94335406416
 
 
x_up: {'t1': 1.76843, 't2': 2.32267, 't3': 95.22138, 'N_anc': 498.72509, 'N_yri': 358.22197, 'N_ooa': 922.52346, 'N_ceu': 312.65339, 'N_chb': 332.58965, 'gr_ceu': 3e-05, 'gr_chb': 3e-05, 'm_yri_ooa': 0.0, 'm_yri_ceu': 1e-05, 'm_yri_chb': 0.0, 'm_ceu_chb': 0.0} -67540.94335406416
x: {'t1': 1.76843, 't2': 2.32267, 't3': 95.22138, 'N_anc': 498.72509, 'N_yri': 358.22197, 'N_ooa': 922.52346, 'N_ceu': 312.65339, 'N_chb': 332.58965, 'gr_ceu': 3e-05, 'gr_chb': 3e-05, 'm_yri_ooa': 0.0, 'm_yri_ceu': 1e-05, 'm_yri_chb': 0.0, 'm_ceu_chb': 0.0} -67540.94335406416
x_down: {'t1': 1.76843, 't2': 2.32267, 't3': 95.22138, 'N_anc': 498.72509, 'N_yri': 358.22197, 'N_ooa': 922.52346, 'N_ceu': 312.65339, 'N_chb': 332.58965, 'gr_ceu': 3e-05, 'gr_chb': 3e-05, 'm_yri_ooa': 0.0, 'm_yri_ceu': 1e-05, 'm_yri_chb': 1e-05, 'm_ceu_chb': 0.0} -67540.94335406407
 
 
x_up: {'t1': 1.76843, 't2': 2.32267, 't3': 95.22138, 'N_anc': 498.72509, 'N_yri': 358.22197, 'N_ooa': 922.52346, 'N_ceu': 312.65339, 'N_chb': 332.58965, 'gr_ceu': 3e-05, 'gr_chb': 3e-05, 'm_yri_ooa': 0.0, 'm_yri_ceu': 1e-05, 'm_yri_chb': 1e-05, 'm_ceu_chb': 0.0} -67540.94335406407
x: {'t1': 1.76843, 't2': 2.32267, 't3': 95.22138, 'N_anc': 498.72509, 'N_yri': 358.22197, 'N_ooa': 922.52346, 'N_ceu': 312.65339, 'N_chb': 332.58965, 'gr_ceu': 3e-05, 'gr_chb': 3e-05, 'm_yri_ooa': 0.0, 'm_yri_ceu': 1e-05, 'm_yri_chb': 1e-05, 'm_ceu_chb': 0.0} -67540.94335406407
x_down: {'t1': 1.76843, 't2': 2.32267, 't3': 95.22138, 'N_anc': 498.72509, 'N_yri': 358.22197, 'N_ooa': 922.52346, 'N_ceu': 312.65339, 'N_chb': 332.58965, 'gr_ceu': 3e-05, 'gr_chb': 3e-05, 'm_yri_ooa': 0.0, 'm_yri_ceu': 1e-05, 'm_yri_chb': 1e-05, 'm_ceu_chb': 1e-05} -67540.9433540643
 
{'t1': 1.76843, 't2': 2.32267, 't3': 95.22138, 'N_anc': 498.72509, 'N_yri': 358.22197, 'N_ooa': 922.52346, 'N_ceu': 312.65339, 'N_chb': 332.58965, 'gr_ceu': 3e-05, 'gr_chb': 3e-05, 'm_yri_ooa': 0.0, 'm_yri_ceu': 1e-05, 'm_yri_chb': 1e-05, 'm_ceu_chb': 0.0} -67540.94335406407
 
x_up: {'t1': 1.82039, 't2': 2.32267, 't3': 95.22138, 'N_anc': 498.72509, 'N_yri': 358.22197, 'N_ooa': 922.52346, 'N_ceu': 312.65339, 'N_chb': 332.58965, 'gr_ceu': 3e-05, 'gr_chb': 3e-05, 'm_yri_ooa': 0.0, 'm_yri_ceu': 1e-05, 'm_yri_chb': 1e-05, 'm_ceu_chb': 0.0} -67546.05570160743
x: {'t1': 1.76843, 't2': 2.32267, 't3': 95.22138, 'N_anc': 498.72509, 'N_yri': 358.22197, 'N_ooa': 922.52346, 'N_ceu': 312.65339, 'N_chb': 332.58965, 'gr_ceu': 3e-05, 'gr_chb': 3e-05, 'm_yri_ooa': 0.0, 'm_yri_ceu': 1e-05, 'm_yri_chb': 1e-05, 'm_ceu_chb': 0.0} -67540.94335406407
x_down: {'t1': 1.71647, 't2': 2.32267, 't3': 95.22138, 'N_anc': 498.72509, 'N_yri': 358.22197, 'N_ooa': 922.52346, 'N_ceu': 312.65339, 'N_chb': 332.58965, 'gr_ceu': 3e-05, 'gr_chb': 3e-05, 'm_yri_ooa': 0.0, 'm_yri_ceu': 1e-05, 'm_yri_chb': 1e-05, 'm_ceu_chb': 0.0} -67545.5055842867
 
 
x_up: {'t1': 1.76843, 't2': 2.35038, 't3': 95.22138, 'N_anc': 498.72509, 'N_yri': 358.22197, 'N_ooa': 922.52346, 'N_ceu': 312.65339, 'N_chb': 332.58965, 'gr_ceu': 3e-05, 'gr_chb': 3e-05, 'm_yri_ooa': 0.0, 'm_yri_ceu': 1e-05, 'm_yri_chb': 1e-05, 'm_ceu_chb': 0.0} -67547.68128063991
x: {'t1': 1.76843, 't2': 2.32267, 't3': 95.22138, 'N_anc': 498.72509, 'N_yri': 358.22197, 'N_ooa': 922.52346, 'N_ceu': 312.65339, 'N_chb': 332.58965, 'gr_ceu': 3e-05, 'gr_chb': 3e-05, 'm_yri_ooa': 0.0, 'm_yri_ceu': 1e-05, 'm_yri_chb': 1e-05, 'm_ceu_chb': 0.0} -67540.94335406407
x_down: {'t1': 1.76843, 't2': 2.29496, 't3': 95.22138, 'N_anc': 498.72509, 'N_yri': 358.22197, 'N_ooa': 922.52346, 'N_ceu': 312.65339, 'N_chb': 332.58965, 'gr_ceu': 3e-05, 'gr_chb': 3e-05, 'm_yri_ooa': 0.0, 'm_yri_ceu': 1e-05, 'm_yri_chb': 1e-05, 'm_ceu_chb': 0.0} -67553.50828552716
 
 
x_up: {'t1': 1.76843, 't2': 2.32267, 't3': 99.86632, 'N_anc': 498.72509, 'N_yri': 358.22197, 'N_ooa': 922.52346, 'N_ceu': 312.65339, 'N_chb': 332.58965, 'gr_ceu': 3e-05, 'gr_chb': 3e-05, 'm_yri_ooa': 0.0, 'm_yri_ceu': 1e-05, 'm_yri_chb': 1e-05, 'm_ceu_chb': 0.0} -67543.42055213574
x: {'t1': 1.76843, 't2': 2.32267, 't3': 95.22138, 'N_anc': 498.72509, 'N_yri': 358.22197, 'N_ooa': 922.52346, 'N_ceu': 312.65339, 'N_chb': 332.58965, 'gr_ceu': 3e-05, 'gr_chb': 3e-05, 'm_yri_ooa': 0.0, 'm_yri_ceu': 1e-05, 'm_yri_chb': 1e-05, 'm_ceu_chb': 0.0} -67540.94335406407
x_down: {'t1': 1.76843, 't2': 2.32267, 't3': 90.57644, 'N_anc': 498.72509, 'N_yri': 358.22197, 'N_ooa': 922.52346, 'N_ceu': 312.65339, 'N_chb': 332.58965, 'gr_ceu': 3e-05, 'gr_chb': 3e-05, 'm_yri_ooa': 0.0, 'm_yri_ceu': 1e-05, 'm_yri_chb': 1e-05, 'm_ceu_chb': 0.0} -67546.70113824119
 
 
x_up: {'t1': 1.76843, 't2': 2.32267, 't3': 95.22138, 'N_anc': 518.66134, 'N_yri': 358.22197, 'N_ooa': 922.52346, 'N_ceu': 312.65339, 'N_chb': 332.58965, 'gr_ceu': 3e-05, 'gr_chb': 3e-05, 'm_yri_ooa': 0.0, 'm_yri_ceu': 1e-05, 'm_yri_chb': 1e-05, 'm_ceu_chb': 0.0} -67541.27404149856
x: {'t1': 1.76843, 't2': 2.32267, 't3': 95.22138, 'N_anc': 498.72509, 'N_yri': 358.22197, 'N_ooa': 922.52346, 'N_ceu': 312.65339, 'N_chb': 332.58965, 'gr_ceu': 3e-05, 'gr_chb': 3e-05, 'm_yri_ooa': 0.0, 'm_yri_ceu': 1e-05, 'm_yri_chb': 1e-05, 'm_ceu_chb': 0.0} -67540.94335406407
x_down: {'t1': 1.76843, 't2': 2.32267, 't3': 95.22138, 'N_anc': 478.78884, 'N_yri': 358.22197, 'N_ooa': 922.52346, 'N_ceu': 312.65339, 'N_chb': 332.58965, 'gr_ceu': 3e-05, 'gr_chb': 3e-05, 'm_yri_ooa': 0.0, 'm_yri_ceu': 1e-05, 'm_yri_chb': 1e-05, 'm_ceu_chb': 0.0} -67540.89647064364
 
 
x_up: {'t1': 1.76843, 't2': 2.32267, 't3': 95.22138, 'N_anc': 478.78884, 'N_yri': 371.13307, 'N_ooa': 922.52346, 'N_ceu': 312.65339, 'N_chb': 332.58965, 'gr_ceu': 3e-05, 'gr_chb': 3e-05, 'm_yri_ooa': 0.0, 'm_yri_ceu': 1e-05, 'm_yri_chb': 1e-05, 'm_ceu_chb': 0.0} -67541.95200092503
x: {'t1': 1.76843, 't2': 2.32267, 't3': 95.22138, 'N_anc': 478.78884, 'N_yri': 358.22197, 'N_ooa': 922.52346, 'N_ceu': 312.65339, 'N_chb': 332.58965, 'gr_ceu': 3e-05, 'gr_chb': 3e-05, 'm_yri_ooa': 0.0, 'm_yri_ceu': 1e-05, 'm_yri_chb': 1e-05, 'm_ceu_chb': 0.0} -67540.89647064364
x_down: {'t1': 1.76843, 't2': 2.32267, 't3': 95.22138, 'N_anc': 478.78884, 'N_yri': 345.31087, 'N_ooa': 922.52346, 'N_ceu': 312.65339, 'N_chb': 332.58965, 'gr_ceu': 3e-05, 'gr_chb': 3e-05, 'm_yri_ooa': 0.0, 'm_yri_ceu': 1e-05, 'm_yri_chb': 1e-05, 'm_ceu_chb': 0.0} -67542.17850383122
 
 
x_up: {'t1': 1.76843, 't2': 2.32267, 't3': 95.22138, 'N_anc': 478.78884, 'N_yri': 358.22197, 'N_ooa': 1052.64924, 'N_ceu': 312.65339, 'N_chb': 332.58965, 'gr_ceu': 3e-05, 'gr_chb': 3e-05, 'm_yri_ooa': 0.0, 'm_yri_ceu': 1e-05, 'm_yri_chb': 1e-05, 'm_ceu_chb': 0.0} -67594.61466512187
x: {'t1': 1.76843, 't2': 2.32267, 't3': 95.22138, 'N_anc': 478.78884, 'N_yri': 358.22197, 'N_ooa': 922.52346, 'N_ceu': 312.65339, 'N_chb': 332.58965, 'gr_ceu': 3e-05, 'gr_chb': 3e-05, 'm_yri_ooa': 0.0, 'm_yri_ceu': 1e-05, 'm_yri_chb': 1e-05, 'm_ceu_chb': 0.0} -67540.89647064364
x_down: {'t1': 1.76843, 't2': 2.32267, 't3': 95.22138, 'N_anc': 478.78884, 'N_yri': 358.22197, 'N_ooa': 792.39768, 'N_ceu': 312.65339, 'N_chb': 332.58965, 'gr_ceu': 3e-05, 'gr_chb': 3e-05, 'm_yri_ooa': 0.0, 'm_yri_ceu': 1e-05, 'm_yri_chb': 1e-05, 'm_ceu_chb': 0.0} -67585.66865511508
 
 
x_up: {'t1': 1.76843, 't2': 2.32267, 't3': 95.22138, 'N_anc': 478.78884, 'N_yri': 358.22197, 'N_ooa': 922.52346, 'N_ceu': 323.28606, 'N_chb': 332.58965, 'gr_ceu': 3e-05, 'gr_chb': 3e-05, 'm_yri_ooa': 0.0, 'm_yri_ceu': 1e-05, 'm_yri_chb': 1e-05, 'm_ceu_chb': 0.0} -67541.45024731924
x: {'t1': 1.76843, 't2': 2.32267, 't3': 95.22138, 'N_anc': 478.78884, 'N_yri': 358.22197, 'N_ooa': 922.52346, 'N_ceu': 312.65339, 'N_chb': 332.58965, 'gr_ceu': 3e-05, 'gr_chb': 3e-05, 'm_yri_ooa': 0.0, 'm_yri_ceu': 1e-05, 'm_yri_chb': 1e-05, 'm_ceu_chb': 0.0} -67540.89647064364
x_down: {'t1': 1.76843, 't2': 2.32267, 't3': 95.22138, 'N_anc': 478.78884, 'N_yri': 358.22197, 'N_ooa': 922.52346, 'N_ceu': 302.02072, 'N_chb': 332.58965, 'gr_ceu': 3e-05, 'gr_chb': 3e-05, 'm_yri_ooa': 0.0, 'm_yri_ceu': 1e-05, 'm_yri_chb': 1e-05, 'm_ceu_chb': 0.0} -67541.25591389163
 
 
x_up: {'t1': 1.76843, 't2': 2.32267, 't3': 95.22138, 'N_anc': 478.78884, 'N_yri': 358.22197, 'N_ooa': 922.52346, 'N_ceu': 312.65339, 'N_chb': 348.94361, 'gr_ceu': 3e-05, 'gr_chb': 3e-05, 'm_yri_ooa': 0.0, 'm_yri_ceu': 1e-05, 'm_yri_chb': 1e-05, 'm_ceu_chb': 0.0} -67542.58729571255
x: {'t1': 1.76843, 't2': 2.32267, 't3': 95.22138, 'N_anc': 478.78884, 'N_yri': 358.22197, 'N_ooa': 922.52346, 'N_ceu': 312.65339, 'N_chb': 332.58965, 'gr_ceu': 3e-05, 'gr_chb': 3e-05, 'm_yri_ooa': 0.0, 'm_yri_ceu': 1e-05, 'm_yri_chb': 1e-05, 'm_ceu_chb': 0.0} -67540.89647064364
x_down: {'t1': 1.76843, 't2': 2.32267, 't3': 95.22138, 'N_anc': 478.78884, 'N_yri': 358.22197, 'N_ooa': 922.52346, 'N_ceu': 312.65339, 'N_chb': 316.23569, 'gr_ceu': 3e-05, 'gr_chb': 3e-05, 'm_yri_ooa': 0.0, 'm_yri_ceu': 1e-05, 'm_yri_chb': 1e-05, 'm_ceu_chb': 0.0} -67541.1508638749
 
 
x_up: {'t1': 1.76843, 't2': 2.32267, 't3': 95.22138, 'N_anc': 478.78884, 'N_yri': 358.22197, 'N_ooa': 922.52346, 'N_ceu': 312.65339, 'N_chb': 332.58965, 'gr_ceu': 5e-05, 'gr_chb': 3e-05, 'm_yri_ooa': 0.0, 'm_yri_ceu': 1e-05, 'm_yri_chb': 1e-05, 'm_ceu_chb': 0.0} -67540.89744717581
x: {'t1': 1.76843, 't2': 2.32267, 't3': 95.22138, 'N_anc': 478.78884, 'N_yri': 358.22197, 'N_ooa': 922.52346, 'N_ceu': 312.65339, 'N_chb': 332.58965, 'gr_ceu': 3e-05, 'gr_chb': 3e-05, 'm_yri_ooa': 0.0, 'm_yri_ceu': 1e-05, 'm_yri_chb': 1e-05, 'm_ceu_chb': 0.0} -67540.89647064364
x_down: {'t1': 1.76843, 't2': 2.32267, 't3': 95.22138, 'N_anc': 478.78884, 'N_yri': 358.22197, 'N_ooa': 922.52346, 'N_ceu': 312.65339, 'N_chb': 332.58965, 'gr_ceu': 2e-05, 'gr_chb': 3e-05, 'm_yri_ooa': 0.0, 'm_yri_ceu': 1e-05, 'm_yri_chb': 1e-05, 'm_ceu_chb': 0.0} -67540.89598252575
 
 
x_up: {'t1': 1.76843, 't2': 2.32267, 't3': 95.22138, 'N_anc': 478.78884, 'N_yri': 358.22197, 'N_ooa': 922.52346, 'N_ceu': 312.65339, 'N_chb': 332.58965, 'gr_ceu': 2e-05, 'gr_chb': 5e-05, 'm_yri_ooa': 0.0, 'm_yri_ceu': 1e-05, 'm_yri_chb': 1e-05, 'm_ceu_chb': 0.0} -67540.89742711809
x: {'t1': 1.76843, 't2': 2.32267, 't3': 95.22138, 'N_anc': 478.78884, 'N_yri': 358.22197, 'N_ooa': 922.52346, 'N_ceu': 312.65339, 'N_chb': 332.58965, 'gr_ceu': 2e-05, 'gr_chb': 3e-05, 'm_yri_ooa': 0.0, 'm_yri_ceu': 1e-05, 'm_yri_chb': 1e-05, 'm_ceu_chb': 0.0} -67540.89598252575
x_down: {'t1': 1.76843, 't2': 2.32267, 't3': 95.22138, 'N_anc': 478.78884, 'N_yri': 358.22197, 'N_ooa': 922.52346, 'N_ceu': 312.65339, 'N_chb': 332.58965, 'gr_ceu': 2e-05, 'gr_chb': 2e-05, 'm_yri_ooa': 0.0, 'm_yri_ceu': 1e-05, 'm_yri_chb': 1e-05, 'm_ceu_chb': 0.0} -67540.89526036677
 
 
x_up: {'t1': 1.76843, 't2': 2.32267, 't3': 95.22138, 'N_anc': 478.78884, 'N_yri': 358.22197, 'N_ooa': 922.52346, 'N_ceu': 312.65339, 'N_chb': 332.58965, 'gr_ceu': 2e-05, 'gr_chb': 2e-05, 'm_yri_ooa': 0.0, 'm_yri_ceu': 1e-05, 'm_yri_chb': 1e-05, 'm_ceu_chb': 0.0} -67540.89526036677
x: {'t1': 1.76843, 't2': 2.32267, 't3': 95.22138, 'N_anc': 478.78884, 'N_yri': 358.22197, 'N_ooa': 922.52346, 'N_ceu': 312.65339, 'N_chb': 332.58965, 'gr_ceu': 2e-05, 'gr_chb': 2e-05, 'm_yri_ooa': 0.0, 'm_yri_ceu': 1e-05, 'm_yri_chb': 1e-05, 'm_ceu_chb': 0.0} -67540.89526036677
x_down: {'t1': 1.76843, 't2': 2.32267, 't3': 95.22138, 'N_anc': 478.78884, 'N_yri': 358.22197, 'N_ooa': 922.52346, 'N_ceu': 312.65339, 'N_chb': 332.58965, 'gr_ceu': 2e-05, 'gr_chb': 2e-05, 'm_yri_ooa': 1e-05, 'm_yri_ceu': 1e-05, 'm_yri_chb': 1e-05, 'm_ceu_chb': 0.0} -67541.08528943668
 
 
x_up: {'t1': 1.76843, 't2': 2.32267, 't3': 95.22138, 'N_anc': 478.78884, 'N_yri': 358.22197, 'N_ooa': 922.52346, 'N_ceu': 312.65339, 'N_chb': 332.58965, 'gr_ceu': 2e-05, 'gr_chb': 2e-05, 'm_yri_ooa': 0.0, 'm_yri_ceu': 0.0, 'm_yri_chb': 1e-05, 'm_ceu_chb': 0.0} -67540.89526036725
x: {'t1': 1.76843, 't2': 2.32267, 't3': 95.22138, 'N_anc': 478.78884, 'N_yri': 358.22197, 'N_ooa': 922.52346, 'N_ceu': 312.65339, 'N_chb': 332.58965, 'gr_ceu': 2e-05, 'gr_chb': 2e-05, 'm_yri_ooa': 0.0, 'm_yri_ceu': 1e-05, 'm_yri_chb': 1e-05, 'm_ceu_chb': 0.0} -67540.89526036677
x_down: {'t1': 1.76843, 't2': 2.32267, 't3': 95.22138, 'N_anc': 478.78884, 'N_yri': 358.22197, 'N_ooa': 922.52346, 'N_ceu': 312.65339, 'N_chb': 332.58965, 'gr_ceu': 2e-05, 'gr_chb': 2e-05, 'm_yri_ooa': 0.0, 'm_yri_ceu': 1e-05, 'm_yri_chb': 1e-05, 'm_ceu_chb': 0.0} -67540.89526036677
 
 
x_up: {'t1': 1.76843, 't2': 2.32267, 't3': 95.22138, 'N_anc': 478.78884, 'N_yri': 358.22197, 'N_ooa': 922.52346, 'N_ceu': 312.65339, 'N_chb': 332.58965, 'gr_ceu': 2e-05, 'gr_chb': 2e-05, 'm_yri_ooa': 0.0, 'm_yri_ceu': 1e-05, 'm_yri_chb': 0.0, 'm_ceu_chb': 0.0} -67540.895260367
x: {'t1': 1.76843, 't2': 2.32267, 't3': 95.22138, 'N_anc': 478.78884, 'N_yri': 358.22197, 'N_ooa': 922.52346, 'N_ceu': 312.65339, 'N_chb': 332.58965, 'gr_ceu': 2e-05, 'gr_chb': 2e-05, 'm_yri_ooa': 0.0, 'm_yri_ceu': 1e-05, 'm_yri_chb': 1e-05, 'm_ceu_chb': 0.0} -67540.89526036677
x_down: {'t1': 1.76843, 't2': 2.32267, 't3': 95.22138, 'N_anc': 478.78884, 'N_yri': 358.22197, 'N_ooa': 922.52346, 'N_ceu': 312.65339, 'N_chb': 332.58965, 'gr_ceu': 2e-05, 'gr_chb': 2e-05, 'm_yri_ooa': 0.0, 'm_yri_ceu': 1e-05, 'm_yri_chb': 1e-05, 'm_ceu_chb': 0.0} -67540.89526036677
 
 
x_up: {'t1': 1.76843, 't2': 2.32267, 't3': 95.22138, 'N_anc': 478.78884, 'N_yri': 358.22197, 'N_ooa': 922.52346, 'N_ceu': 312.65339, 'N_chb': 332.58965, 'gr_ceu': 2e-05, 'gr_chb': 2e-05, 'm_yri_ooa': 0.0, 'm_yri_ceu': 1e-05, 'm_yri_chb': 1e-05, 'm_ceu_chb': 0.0} -67540.89526036677
x: {'t1': 1.76843, 't2': 2.32267, 't3': 95.22138, 'N_anc': 478.78884, 'N_yri': 358.22197, 'N_ooa': 922.52346, 'N_ceu': 312.65339, 'N_chb': 332.58965, 'gr_ceu': 2e-05, 'gr_chb': 2e-05, 'm_yri_ooa': 0.0, 'm_yri_ceu': 1e-05, 'm_yri_chb': 1e-05, 'm_ceu_chb': 0.0} -67540.89526036677
x_down: {'t1': 1.76843, 't2': 2.32267, 't3': 95.22138, 'N_anc': 478.78884, 'N_yri': 358.22197, 'N_ooa': 922.52346, 'N_ceu': 312.65339, 'N_chb': 332.58965, 'gr_ceu': 2e-05, 'gr_chb': 2e-05, 'm_yri_ooa': 0.0, 'm_yri_ceu': 1e-05, 'm_yri_chb': 1e-05, 'm_ceu_chb': 1e-05} -67540.8952603669
 
{'t1': 1.76843, 't2': 2.32267, 't3': 95.22138, 'N_anc': 478.78884, 'N_yri': 358.22197, 'N_ooa': 922.52346, 'N_ceu': 312.65339, 'N_chb': 332.58965, 'gr_ceu': 2e-05, 'gr_chb': 2e-05, 'm_yri_ooa': 0.0, 'm_yri_ceu': 1e-05, 'm_yri_chb': 1e-05, 'm_ceu_chb': 0.0} -67540.89526036677
 
x_up: {'t1': 1.79614, 't2': 2.32267, 't3': 95.22138, 'N_anc': 478.78884, 'N_yri': 358.22197, 'N_ooa': 922.52346, 'N_ceu': 312.65339, 'N_chb': 332.58965, 'gr_ceu': 2e-05, 'gr_chb': 2e-05, 'm_yri_ooa': 0.0, 'm_yri_ceu': 1e-05, 'm_yri_chb': 1e-05, 'm_ceu_chb': 0.0} -67530.92666328797
x: {'t1': 1.76843, 't2': 2.32267, 't3': 95.22138, 'N_anc': 478.78884, 'N_yri': 358.22197, 'N_ooa': 922.52346, 'N_ceu': 312.65339, 'N_chb': 332.58965, 'gr_ceu': 2e-05, 'gr_chb': 2e-05, 'm_yri_ooa': 0.0, 'm_yri_ceu': 1e-05, 'm_yri_chb': 1e-05, 'm_ceu_chb': 0.0} -67540.89526036677
x_down: {'t1': 1.74072, 't2': 2.32267, 't3': 95.22138, 'N_anc': 478.78884, 'N_yri': 358.22197, 'N_ooa': 922.52346, 'N_ceu': 312.65339, 'N_chb': 332.58965, 'gr_ceu': 2e-05, 'gr_chb': 2e-05, 'm_yri_ooa': 0.0, 'm_yri_ceu': 1e-05, 'm_yri_chb': 1e-05, 'm_ceu_chb': 0.0} -67539.1036311797
 
 
x_up: {'t1': 1.79614, 't2': 2.349, 't3': 95.22138, 'N_anc': 478.78884, 'N_yri': 358.22197, 'N_ooa': 922.52346, 'N_ceu': 312.65339, 'N_chb': 332.58965, 'gr_ceu': 2e-05, 'gr_chb': 2e-05, 'm_yri_ooa': 0.0, 'm_yri_ceu': 1e-05, 'm_yri_chb': 1e-05, 'm_ceu_chb': 0.0} -67535.04304805353
x: {'t1': 1.79614, 't2': 2.32267, 't3': 95.22138, 'N_anc': 478.78884, 'N_yri': 358.22197, 'N_ooa': 922.52346, 'N_ceu': 312.65339, 'N_chb': 332.58965, 'gr_ceu': 2e-05, 'gr_chb': 2e-05, 'm_yri_ooa': 0.0, 'm_yri_ceu': 1e-05, 'm_yri_chb': 1e-05, 'm_ceu_chb': 0.0} -67530.92666328797
x_down: {'t1': 1.79614, 't2': 2.29634, 't3': 95.22138, 'N_anc': 478.78884, 'N_yri': 358.22197, 'N_ooa': 922.52346, 'N_ceu': 312.65339, 'N_chb': 332.58965, 'gr_ceu': 2e-05, 'gr_chb': 2e-05, 'm_yri_ooa': 0.0, 'm_yri_ceu': 1e-05, 'm_yri_chb': 1e-05, 'm_ceu_chb': 0.0} -67547.74176853099
 
 
x_up: {'t1': 1.79614, 't2': 2.32267, 't3': 99.86632, 'N_anc': 478.78884, 'N_yri': 358.22197, 'N_ooa': 922.52346, 'N_ceu': 312.65339, 'N_chb': 332.58965, 'gr_ceu': 2e-05, 'gr_chb': 2e-05, 'm_yri_ooa': 0.0, 'm_yri_ceu': 1e-05, 'm_yri_chb': 1e-05, 'm_ceu_chb': 0.0} -67533.38914244929
x: {'t1': 1.79614, 't2': 2.32267, 't3': 95.22138, 'N_anc': 478.78884, 'N_yri': 358.22197, 'N_ooa': 922.52346, 'N_ceu': 312.65339, 'N_chb': 332.58965, 'gr_ceu': 2e-05, 'gr_chb': 2e-05, 'm_yri_ooa': 0.0, 'm_yri_ceu': 1e-05, 'm_yri_chb': 1e-05, 'm_ceu_chb': 0.0} -67530.92666328797
x_down: {'t1': 1.79614, 't2': 2.32267, 't3': 90.57644, 'N_anc': 478.78884, 'N_yri': 358.22197, 'N_ooa': 922.52346, 'N_ceu': 312.65339, 'N_chb': 332.58965, 'gr_ceu': 2e-05, 'gr_chb': 2e-05, 'm_yri_ooa': 0.0, 'm_yri_ceu': 1e-05, 'm_yri_chb': 1e-05, 'm_ceu_chb': 0.0} -67537.26614298756
 
 
x_up: {'t1': 1.79614, 't2': 2.32267, 't3': 95.22138, 'N_anc': 507.198, 'N_yri': 358.22197, 'N_ooa': 922.52346, 'N_ceu': 312.65339, 'N_chb': 332.58965, 'gr_ceu': 2e-05, 'gr_chb': 2e-05, 'm_yri_ooa': 0.0, 'm_yri_ceu': 1e-05, 'm_yri_chb': 1e-05, 'm_ceu_chb': 0.0} -67531.08203025747
x: {'t1': 1.79614, 't2': 2.32267, 't3': 95.22138, 'N_anc': 478.78884, 'N_yri': 358.22197, 'N_ooa': 922.52346, 'N_ceu': 312.65339, 'N_chb': 332.58965, 'gr_ceu': 2e-05, 'gr_chb': 2e-05, 'm_yri_ooa': 0.0, 'm_yri_ceu': 1e-05, 'm_yri_chb': 1e-05, 'm_ceu_chb': 0.0} -67530.92666328797
x_down: {'t1': 1.79614, 't2': 2.32267, 't3': 95.22138, 'N_anc': 450.37968, 'N_yri': 358.22197, 'N_ooa': 922.52346, 'N_ceu': 312.65339, 'N_chb': 332.58965, 'gr_ceu': 2e-05, 'gr_chb': 2e-05, 'm_yri_ooa': 0.0, 'm_yri_ceu': 1e-05, 'm_yri_chb': 1e-05, 'm_ceu_chb': 0.0} -67531.45200637695
 
 
x_up: {'t1': 1.79614, 't2': 2.32267, 't3': 95.22138, 'N_anc': 478.78884, 'N_yri': 371.13307, 'N_ooa': 922.52346, 'N_ceu': 312.65339, 'N_chb': 332.58965, 'gr_ceu': 2e-05, 'gr_chb': 2e-05, 'm_yri_ooa': 0.0, 'm_yri_ceu': 1e-05, 'm_yri_chb': 1e-05, 'm_ceu_chb': 0.0} -67537.99490584151
x: {'t1': 1.79614, 't2': 2.32267, 't3': 95.22138, 'N_anc': 478.78884, 'N_yri': 358.22197, 'N_ooa': 922.52346, 'N_ceu': 312.65339, 'N_chb': 332.58965, 'gr_ceu': 2e-05, 'gr_chb': 2e-05, 'm_yri_ooa': 0.0, 'm_yri_ceu': 1e-05, 'm_yri_chb': 1e-05, 'm_ceu_chb': 0.0} -67530.92666328797
x_down: {'t1': 1.79614, 't2': 2.32267, 't3': 95.22138, 'N_anc': 478.78884, 'N_yri': 345.31087, 'N_ooa': 922.52346, 'N_ceu': 312.65339, 'N_chb': 332.58965, 'gr_ceu': 2e-05, 'gr_chb': 2e-05, 'm_yri_ooa': 0.0, 'm_yri_ceu': 1e-05, 'm_yri_chb': 1e-05, 'm_ceu_chb': 0.0} -67535.47095753934
 
 
x_up: {'t1': 1.79614, 't2': 2.32267, 't3': 95.22138, 'N_anc': 478.78884, 'N_yri': 358.22197, 'N_ooa': 987.58635, 'N_ceu': 312.65339, 'N_chb': 332.58965, 'gr_ceu': 2e-05, 'gr_chb': 2e-05, 'm_yri_ooa': 0.0, 'm_yri_ceu': 1e-05, 'm_yri_chb': 1e-05, 'm_ceu_chb': 0.0} -67547.70089383182
x: {'t1': 1.79614, 't2': 2.32267, 't3': 95.22138, 'N_anc': 478.78884, 'N_yri': 358.22197, 'N_ooa': 922.52346, 'N_ceu': 312.65339, 'N_chb': 332.58965, 'gr_ceu': 2e-05, 'gr_chb': 2e-05, 'm_yri_ooa': 0.0, 'm_yri_ceu': 1e-05, 'm_yri_chb': 1e-05, 'm_ceu_chb': 0.0} -67530.92666328797
x_down: {'t1': 1.79614, 't2': 2.32267, 't3': 95.22138, 'N_anc': 478.78884, 'N_yri': 358.22197, 'N_ooa': 857.46057, 'N_ceu': 312.65339, 'N_chb': 332.58965, 'gr_ceu': 2e-05, 'gr_chb': 2e-05, 'm_yri_ooa': 0.0, 'm_yri_ceu': 1e-05, 'm_yri_chb': 1e-05, 'm_ceu_chb': 0.0} -67545.5017779024
 
 
x_up: {'t1': 1.79614, 't2': 2.32267, 't3': 95.22138, 'N_anc': 478.78884, 'N_yri': 358.22197, 'N_ooa': 922.52346, 'N_ceu': 323.28606, 'N_chb': 332.58965, 'gr_ceu': 2e-05, 'gr_chb': 2e-05, 'm_yri_ooa': 0.0, 'm_yri_ceu': 1e-05, 'm_yri_chb': 1e-05, 'm_ceu_chb': 0.0} -67531.88955708747
x: {'t1': 1.79614, 't2': 2.32267, 't3': 95.22138, 'N_anc': 478.78884, 'N_yri': 358.22197, 'N_ooa': 922.52346, 'N_ceu': 312.65339, 'N_chb': 332.58965, 'gr_ceu': 2e-05, 'gr_chb': 2e-05, 'm_yri_ooa': 0.0, 'm_yri_ceu': 1e-05, 'm_yri_chb': 1e-05, 'm_ceu_chb': 0.0} -67530.92666328797
x_down: {'t1': 1.79614, 't2': 2.32267, 't3': 95.22138, 'N_anc': 478.78884, 'N_yri': 358.22197, 'N_ooa': 922.52346, 'N_ceu': 302.02072, 'N_chb': 332.58965, 'gr_ceu': 2e-05, 'gr_chb': 2e-05, 'm_yri_ooa': 0.0, 'm_yri_ceu': 1e-05, 'm_yri_chb': 1e-05, 'm_ceu_chb': 0.0} -67530.97731175425
 
 
x_up: {'t1': 1.79614, 't2': 2.32267, 't3': 95.22138, 'N_anc': 478.78884, 'N_yri': 358.22197, 'N_ooa': 922.52346, 'N_ceu': 312.65339, 'N_chb': 344.21913, 'gr_ceu': 2e-05, 'gr_chb': 2e-05, 'm_yri_ooa': 0.0, 'm_yri_ceu': 1e-05, 'm_yri_chb': 1e-05, 'm_ceu_chb': 0.0} -67532.43043347029
x: {'t1': 1.79614, 't2': 2.32267, 't3': 95.22138, 'N_anc': 478.78884, 'N_yri': 358.22197, 'N_ooa': 922.52346, 'N_ceu': 312.65339, 'N_chb': 332.58965, 'gr_ceu': 2e-05, 'gr_chb': 2e-05, 'm_yri_ooa': 0.0, 'm_yri_ceu': 1e-05, 'm_yri_chb': 1e-05, 'm_ceu_chb': 0.0} -67530.92666328797
x_down: {'t1': 1.79614, 't2': 2.32267, 't3': 95.22138, 'N_anc': 478.78884, 'N_yri': 358.22197, 'N_ooa': 922.52346, 'N_ceu': 312.65339, 'N_chb': 320.96017, 'gr_ceu': 2e-05, 'gr_chb': 2e-05, 'm_yri_ooa': 0.0, 'm_yri_ceu': 1e-05, 'm_yri_chb': 1e-05, 'm_ceu_chb': 0.0} -67530.57426797615
 
 
x_up: {'t1': 1.79614, 't2': 2.32267, 't3': 95.22138, 'N_anc': 478.78884, 'N_yri': 358.22197, 'N_ooa': 922.52346, 'N_ceu': 312.65339, 'N_chb': 320.96017, 'gr_ceu': 3e-05, 'gr_chb': 2e-05, 'm_yri_ooa': 0.0, 'm_yri_ceu': 1e-05, 'm_yri_chb': 1e-05, 'm_ceu_chb': 0.0} -67530.57485570083
x: {'t1': 1.79614, 't2': 2.32267, 't3': 95.22138, 'N_anc': 478.78884, 'N_yri': 358.22197, 'N_ooa': 922.52346, 'N_ceu': 312.65339, 'N_chb': 320.96017, 'gr_ceu': 2e-05, 'gr_chb': 2e-05, 'm_yri_ooa': 0.0, 'm_yri_ceu': 1e-05, 'm_yri_chb': 1e-05, 'm_ceu_chb': 0.0} -67530.57426797615
x_down: {'t1': 1.79614, 't2': 2.32267, 't3': 95.22138, 'N_anc': 478.78884, 'N_yri': 358.22197, 'N_ooa': 922.52346, 'N_ceu': 312.65339, 'N_chb': 320.96017, 'gr_ceu': 1e-05, 'gr_chb': 2e-05, 'm_yri_ooa': 0.0, 'm_yri_ceu': 1e-05, 'm_yri_chb': 1e-05, 'm_ceu_chb': 0.0} -67530.5736803513
 
 
x_up: {'t1': 1.79614, 't2': 2.32267, 't3': 95.22138, 'N_anc': 478.78884, 'N_yri': 358.22197, 'N_ooa': 922.52346, 'N_ceu': 312.65339, 'N_chb': 320.96017, 'gr_ceu': 1e-05, 'gr_chb': 3e-05, 'm_yri_ooa': 0.0, 'm_yri_ceu': 1e-05, 'm_yri_chb': 1e-05, 'm_ceu_chb': 0.0} -67530.57431537336
x: {'t1': 1.79614, 't2': 2.32267, 't3': 95.22138, 'N_anc': 478.78884, 'N_yri': 358.22197, 'N_ooa': 922.52346, 'N_ceu': 312.65339, 'N_chb': 320.96017, 'gr_ceu': 1e-05, 'gr_chb': 2e-05, 'm_yri_ooa': 0.0, 'm_yri_ceu': 1e-05, 'm_yri_chb': 1e-05, 'm_ceu_chb': 0.0} -67530.5736803513
x_down: {'t1': 1.79614, 't2': 2.32267, 't3': 95.22138, 'N_anc': 478.78884, 'N_yri': 358.22197, 'N_ooa': 922.52346, 'N_ceu': 312.65339, 'N_chb': 320.96017, 'gr_ceu': 1e-05, 'gr_chb': 1e-05, 'm_yri_ooa': 0.0, 'm_yri_ceu': 1e-05, 'm_yri_chb': 1e-05, 'm_ceu_chb': 0.0} -67530.5730454615
 
 
x_up: {'t1': 1.79614, 't2': 2.32267, 't3': 95.22138, 'N_anc': 478.78884, 'N_yri': 358.22197, 'N_ooa': 922.52346, 'N_ceu': 312.65339, 'N_chb': 320.96017, 'gr_ceu': 1e-05, 'gr_chb': 1e-05, 'm_yri_ooa': 0.0, 'm_yri_ceu': 1e-05, 'm_yri_chb': 1e-05, 'm_ceu_chb': 0.0} -67530.5730454615
x: {'t1': 1.79614, 't2': 2.32267, 't3': 95.22138, 'N_anc': 478.78884, 'N_yri': 358.22197, 'N_ooa': 922.52346, 'N_ceu': 312.65339, 'N_chb': 320.96017, 'gr_ceu': 1e-05, 'gr_chb': 1e-05, 'm_yri_ooa': 0.0, 'm_yri_ceu': 1e-05, 'm_yri_chb': 1e-05, 'm_ceu_chb': 0.0} -67530.5730454615
x_down: {'t1': 1.79614, 't2': 2.32267, 't3': 95.22138, 'N_anc': 478.78884, 'N_yri': 358.22197, 'N_ooa': 922.52346, 'N_ceu': 312.65339, 'N_chb': 320.96017, 'gr_ceu': 1e-05, 'gr_chb': 1e-05, 'm_yri_ooa': 1e-05, 'm_yri_ceu': 1e-05, 'm_yri_chb': 1e-05, 'm_ceu_chb': 0.0} -67530.57583023804
 
 
x_up: {'t1': 1.79614, 't2': 2.32267, 't3': 95.22138, 'N_anc': 478.78884, 'N_yri': 358.22197, 'N_ooa': 922.52346, 'N_ceu': 312.65339, 'N_chb': 320.96017, 'gr_ceu': 1e-05, 'gr_chb': 1e-05, 'm_yri_ooa': 0.0, 'm_yri_ceu': 0.0, 'm_yri_chb': 1e-05, 'm_ceu_chb': 0.0} -67530.57304546131
x: {'t1': 1.79614, 't2': 2.32267, 't3': 95.22138, 'N_anc': 478.78884, 'N_yri': 358.22197, 'N_ooa': 922.52346, 'N_ceu': 312.65339, 'N_chb': 320.96017, 'gr_ceu': 1e-05, 'gr_chb': 1e-05, 'm_yri_ooa': 0.0, 'm_yri_ceu': 1e-05, 'm_yri_chb': 1e-05, 'm_ceu_chb': 0.0} -67530.5730454615
x_down: {'t1': 1.79614, 't2': 2.32267, 't3': 95.22138, 'N_anc': 478.78884, 'N_yri': 358.22197, 'N_ooa': 922.52346, 'N_ceu': 312.65339, 'N_chb': 320.96017, 'gr_ceu': 1e-05, 'gr_chb': 1e-05, 'm_yri_ooa': 0.0, 'm_yri_ceu': 1e-05, 'm_yri_chb': 1e-05, 'm_ceu_chb': 0.0} -67530.5730454615
 
 
x_up: {'t1': 1.79614, 't2': 2.32267, 't3': 95.22138, 'N_anc': 478.78884, 'N_yri': 358.22197, 'N_ooa': 922.52346, 'N_ceu': 312.65339, 'N_chb': 320.96017, 'gr_ceu': 1e-05, 'gr_chb': 1e-05, 'm_yri_ooa': 0.0, 'm_yri_ceu': 0.0, 'm_yri_chb': 0.0, 'm_ceu_chb': 0.0} -67530.57304541959
x: {'t1': 1.79614, 't2': 2.32267, 't3': 95.22138, 'N_anc': 478.78884, 'N_yri': 358.22197, 'N_ooa': 922.52346, 'N_ceu': 312.65339, 'N_chb': 320.96017, 'gr_ceu': 1e-05, 'gr_chb': 1e-05, 'm_yri_ooa': 0.0, 'm_yri_ceu': 0.0, 'm_yri_chb': 1e-05, 'm_ceu_chb': 0.0} -67530.57304546131
x_down: {'t1': 1.79614, 't2': 2.32267, 't3': 95.22138, 'N_anc': 478.78884, 'N_yri': 358.22197, 'N_ooa': 922.52346, 'N_ceu': 312.65339, 'N_chb': 320.96017, 'gr_ceu': 1e-05, 'gr_chb': 1e-05, 'm_yri_ooa': 0.0, 'm_yri_ceu': 0.0, 'm_yri_chb': 1e-05, 'm_ceu_chb': 0.0} -67530.57304546131
 
 
x_up: {'t1': 1.79614, 't2': 2.32267, 't3': 95.22138, 'N_anc': 478.78884, 'N_yri': 358.22197, 'N_ooa': 922.52346, 'N_ceu': 312.65339, 'N_chb': 320.96017, 'gr_ceu': 1e-05, 'gr_chb': 1e-05, 'm_yri_ooa': 0.0, 'm_yri_ceu': 0.0, 'm_yri_chb': 0.0, 'm_ceu_chb': 0.0} -67530.57304541959
x: {'t1': 1.79614, 't2': 2.32267, 't3': 95.22138, 'N_anc': 478.78884, 'N_yri': 358.22197, 'N_ooa': 922.52346, 'N_ceu': 312.65339, 'N_chb': 320.96017, 'gr_ceu': 1e-05, 'gr_chb': 1e-05, 'm_yri_ooa': 0.0, 'm_yri_ceu': 0.0, 'm_yri_chb': 0.0, 'm_ceu_chb': 0.0} -67530.57304541959
x_down: {'t1': 1.79614, 't2': 2.32267, 't3': 95.22138, 'N_anc': 478.78884, 'N_yri': 358.22197, 'N_ooa': 922.52346, 'N_ceu': 312.65339, 'N_chb': 320.96017, 'gr_ceu': 1e-05, 'gr_chb': 1e-05, 'm_yri_ooa': 0.0, 'm_yri_ceu': 0.0, 'm_yri_chb': 0.0, 'm_ceu_chb': 1e-05} -67530.57304546183
 
{'t1': 1.79614, 't2': 2.32267, 't3': 95.22138, 'N_anc': 478.78884, 'N_yri': 358.22197, 'N_ooa': 922.52346, 'N_ceu': 312.65339, 'N_chb': 320.96017, 'gr_ceu': 1e-05, 'gr_chb': 1e-05, 'm_yri_ooa': 0.0, 'm_yri_ceu': 0.0, 'm_yri_chb': 0.0, 'm_ceu_chb': 0.0} -67530.57304541959
 
x_up: {'t1': 1.83563, 't2': 2.32267, 't3': 95.22138, 'N_anc': 478.78884, 'N_yri': 358.22197, 'N_ooa': 922.52346, 'N_ceu': 312.65339, 'N_chb': 320.96017, 'gr_ceu': 1e-05, 'gr_chb': 1e-05, 'm_yri_ooa': 0.0, 'm_yri_ceu': 0.0, 'm_yri_chb': 0.0, 'm_ceu_chb': 0.0} -67540.22070753721
x: {'t1': 1.79614, 't2': 2.32267, 't3': 95.22138, 'N_anc': 478.78884, 'N_yri': 358.22197, 'N_ooa': 922.52346, 'N_ceu': 312.65339, 'N_chb': 320.96017, 'gr_ceu': 1e-05, 'gr_chb': 1e-05, 'm_yri_ooa': 0.0, 'm_yri_ceu': 0.0, 'm_yri_chb': 0.0, 'm_ceu_chb': 0.0} -67530.57304541959
x_down: {'t1': 1.75665, 't2': 2.32267, 't3': 95.22138, 'N_anc': 478.78884, 'N_yri': 358.22197, 'N_ooa': 922.52346, 'N_ceu': 312.65339, 'N_chb': 320.96017, 'gr_ceu': 1e-05, 'gr_chb': 1e-05, 'm_yri_ooa': 0.0, 'm_yri_ceu': 0.0, 'm_yri_chb': 0.0, 'm_ceu_chb': 0.0} -67537.7153910009
 
 
x_up: {'t1': 1.79614, 't2': 2.349, 't3': 95.22138, 'N_anc': 478.78884, 'N_yri': 358.22197, 'N_ooa': 922.52346, 'N_ceu': 312.65339, 'N_chb': 320.96017, 'gr_ceu': 1e-05, 'gr_chb': 1e-05, 'm_yri_ooa': 0.0, 'm_yri_ceu': 0.0, 'm_yri_chb': 0.0, 'm_ceu_chb': 0.0} -67534.47823826736
x: {'t1': 1.79614, 't2': 2.32267, 't3': 95.22138, 'N_anc': 478.78884, 'N_yri': 358.22197, 'N_ooa': 922.52346, 'N_ceu': 312.65339, 'N_chb': 320.96017, 'gr_ceu': 1e-05, 'gr_chb': 1e-05, 'm_yri_ooa': 0.0, 'm_yri_ceu': 0.0, 'm_yri_chb': 0.0, 'm_ceu_chb': 0.0} -67530.57304541959
x_down: {'t1': 1.79614, 't2': 2.29634, 't3': 95.22138, 'N_anc': 478.78884, 'N_yri': 358.22197, 'N_ooa': 922.52346, 'N_ceu': 312.65339, 'N_chb': 320.96017, 'gr_ceu': 1e-05, 'gr_chb': 1e-05, 'm_yri_ooa': 0.0, 'm_yri_ceu': 0.0, 'm_yri_chb': 0.0, 'm_ceu_chb': 0.0} -67547.25704168588
 
 
x_up: {'t1': 1.79614, 't2': 2.32267, 't3': 99.86632, 'N_anc': 478.78884, 'N_yri': 358.22197, 'N_ooa': 922.52346, 'N_ceu': 312.65339, 'N_chb': 320.96017, 'gr_ceu': 1e-05, 'gr_chb': 1e-05, 'm_yri_ooa': 0.0, 'm_yri_ceu': 0.0, 'm_yri_chb': 0.0, 'm_ceu_chb': 0.0} -67533.03552458092
x: {'t1': 1.79614, 't2': 2.32267, 't3': 95.22138, 'N_anc': 478.78884, 'N_yri': 358.22197, 'N_ooa': 922.52346, 'N_ceu': 312.65339, 'N_chb': 320.96017, 'gr_ceu': 1e-05, 'gr_chb': 1e-05, 'm_yri_ooa': 0.0, 'm_yri_ceu': 0.0, 'm_yri_chb': 0.0, 'm_ceu_chb': 0.0} -67530.57304541959
x_down: {'t1': 1.79614, 't2': 2.32267, 't3': 90.57644, 'N_anc': 478.78884, 'N_yri': 358.22197, 'N_ooa': 922.52346, 'N_ceu': 312.65339, 'N_chb': 320.96017, 'gr_ceu': 1e-05, 'gr_chb': 1e-05, 'm_yri_ooa': 0.0, 'm_yri_ceu': 0.0, 'm_yri_chb': 0.0, 'm_ceu_chb': 0.0} -67536.91252511917
 
 
x_up: {'t1': 1.79614, 't2': 2.32267, 't3': 95.22138, 'N_anc': 497.72828, 'N_yri': 358.22197, 'N_ooa': 922.52346, 'N_ceu': 312.65339, 'N_chb': 320.96017, 'gr_ceu': 1e-05, 'gr_chb': 1e-05, 'm_yri_ooa': 0.0, 'm_yri_ceu': 0.0, 'm_yri_chb': 0.0, 'm_ceu_chb': 0.0} -67530.61046122688
x: {'t1': 1.79614, 't2': 2.32267, 't3': 95.22138, 'N_anc': 478.78884, 'N_yri': 358.22197, 'N_ooa': 922.52346, 'N_ceu': 312.65339, 'N_chb': 320.96017, 'gr_ceu': 1e-05, 'gr_chb': 1e-05, 'm_yri_ooa': 0.0, 'm_yri_ceu': 0.0, 'm_yri_chb': 0.0, 'm_ceu_chb': 0.0} -67530.57304541959
x_down: {'t1': 1.79614, 't2': 2.32267, 't3': 95.22138, 'N_anc': 459.8494, 'N_yri': 358.22197, 'N_ooa': 922.52346, 'N_ceu': 312.65339, 'N_chb': 320.96017, 'gr_ceu': 1e-05, 'gr_chb': 1e-05, 'm_yri_ooa': 0.0, 'm_yri_ceu': 0.0, 'm_yri_chb': 0.0, 'm_ceu_chb': 0.0} -67530.83728764321
 
 
x_up: {'t1': 1.79614, 't2': 2.32267, 't3': 95.22138, 'N_anc': 478.78884, 'N_yri': 371.13307, 'N_ooa': 922.52346, 'N_ceu': 312.65339, 'N_chb': 320.96017, 'gr_ceu': 1e-05, 'gr_chb': 1e-05, 'm_yri_ooa': 0.0, 'm_yri_ceu': 0.0, 'm_yri_chb': 0.0, 'm_ceu_chb': 0.0} -67537.24989564624
x: {'t1': 1.79614, 't2': 2.32267, 't3': 95.22138, 'N_anc': 478.78884, 'N_yri': 358.22197, 'N_ooa': 922.52346, 'N_ceu': 312.65339, 'N_chb': 320.96017, 'gr_ceu': 1e-05, 'gr_chb': 1e-05, 'm_yri_ooa': 0.0, 'm_yri_ceu': 0.0, 'm_yri_chb': 0.0, 'm_ceu_chb': 0.0} -67530.57304541959
x_down: {'t1': 1.79614, 't2': 2.32267, 't3': 95.22138, 'N_anc': 478.78884, 'N_yri': 345.31087, 'N_ooa': 922.52346, 'N_ceu': 312.65339, 'N_chb': 320.96017, 'gr_ceu': 1e-05, 'gr_chb': 1e-05, 'm_yri_ooa': 0.0, 'm_yri_ceu': 0.0, 'm_yri_chb': 0.0, 'm_ceu_chb': 0.0} -67536.16622782119
 
 
x_up: {'t1': 1.79614, 't2': 2.32267, 't3': 95.22138, 'N_anc': 478.78884, 'N_yri': 358.22197, 'N_ooa': 963.64963, 'N_ceu': 312.65339, 'N_chb': 320.96017, 'gr_ceu': 1e-05, 'gr_chb': 1e-05, 'm_yri_ooa': 0.0, 'm_yri_ceu': 0.0, 'm_yri_chb': 0.0, 'm_ceu_chb': 0.0} -67546.13288325947
x: {'t1': 1.79614, 't2': 2.32267, 't3': 95.22138, 'N_anc': 478.78884, 'N_yri': 358.22197, 'N_ooa': 922.52346, 'N_ceu': 312.65339, 'N_chb': 320.96017, 'gr_ceu': 1e-05, 'gr_chb': 1e-05, 'm_yri_ooa': 0.0, 'm_yri_ceu': 0.0, 'm_yri_chb': 0.0, 'm_ceu_chb': 0.0} -67530.57304541959
x_down: {'t1': 1.79614, 't2': 2.32267, 't3': 95.22138, 'N_anc': 478.78884, 'N_yri': 358.22197, 'N_ooa': 881.39729, 'N_ceu': 312.65339, 'N_chb': 320.96017, 'gr_ceu': 1e-05, 'gr_chb': 1e-05, 'm_yri_ooa': 0.0, 'm_yri_ceu': 0.0, 'm_yri_chb': 0.0, 'm_ceu_chb': 0.0} -67542.26352130965
 
 
x_up: {'t1': 1.79614, 't2': 2.32267, 't3': 95.22138, 'N_anc': 478.78884, 'N_yri': 358.22197, 'N_ooa': 922.52346, 'N_ceu': 323.28606, 'N_chb': 320.96017, 'gr_ceu': 1e-05, 'gr_chb': 1e-05, 'm_yri_ooa': 0.0, 'm_yri_ceu': 0.0, 'm_yri_chb': 0.0, 'm_ceu_chb': 0.0} -67531.02561679202
x: {'t1': 1.79614, 't2': 2.32267, 't3': 95.22138, 'N_anc': 478.78884, 'N_yri': 358.22197, 'N_ooa': 922.52346, 'N_ceu': 312.65339, 'N_chb': 320.96017, 'gr_ceu': 1e-05, 'gr_chb': 1e-05, 'm_yri_ooa': 0.0, 'm_yri_ceu': 0.0, 'm_yri_chb': 0.0, 'm_ceu_chb': 0.0} -67530.57304541959
x_down: {'t1': 1.79614, 't2': 2.32267, 't3': 95.22138, 'N_anc': 478.78884, 'N_yri': 358.22197, 'N_ooa': 922.52346, 'N_ceu': 302.02072, 'N_chb': 320.96017, 'gr_ceu': 1e-05, 'gr_chb': 1e-05, 'm_yri_ooa': 0.0, 'm_yri_ceu': 0.0, 'm_yri_chb': 0.0, 'm_ceu_chb': 0.0} -67531.10553519163
 
 
x_up: {'t1': 1.79614, 't2': 2.32267, 't3': 95.22138, 'N_anc': 478.78884, 'N_yri': 358.22197, 'N_ooa': 922.52346, 'N_ceu': 312.65339, 'N_chb': 337.53218, 'gr_ceu': 1e-05, 'gr_chb': 1e-05, 'm_yri_ooa': 0.0, 'm_yri_ceu': 0.0, 'm_yri_chb': 0.0, 'm_ceu_chb': 0.0} -67531.42923220235
x: {'t1': 1.79614, 't2': 2.32267, 't3': 95.22138, 'N_anc': 478.78884, 'N_yri': 358.22197, 'N_ooa': 922.52346, 'N_ceu': 312.65339, 'N_chb': 320.96017, 'gr_ceu': 1e-05, 'gr_chb': 1e-05, 'm_yri_ooa': 0.0, 'm_yri_ceu': 0.0, 'm_yri_chb': 0.0, 'm_ceu_chb': 0.0} -67530.57304541959
x_down: {'t1': 1.79614, 't2': 2.32267, 't3': 95.22138, 'N_anc': 478.78884, 'N_yri': 358.22197, 'N_ooa': 922.52346, 'N_ceu': 312.65339, 'N_chb': 304.38816, 'gr_ceu': 1e-05, 'gr_chb': 1e-05, 'm_yri_ooa': 0.0, 'm_yri_ceu': 0.0, 'm_yri_chb': 0.0, 'm_ceu_chb': 0.0} -67532.27846182474
 
 
x_up: {'t1': 1.79614, 't2': 2.32267, 't3': 95.22138, 'N_anc': 478.78884, 'N_yri': 358.22197, 'N_ooa': 922.52346, 'N_ceu': 312.65339, 'N_chb': 320.96017, 'gr_ceu': 2e-05, 'gr_chb': 1e-05, 'm_yri_ooa': 0.0, 'm_yri_ceu': 0.0, 'm_yri_chb': 0.0, 'm_ceu_chb': 0.0} -67530.57363297742
x: {'t1': 1.79614, 't2': 2.32267, 't3': 95.22138, 'N_anc': 478.78884, 'N_yri': 358.22197, 'N_ooa': 922.52346, 'N_ceu': 312.65339, 'N_chb': 320.96017, 'gr_ceu': 1e-05, 'gr_chb': 1e-05, 'm_yri_ooa': 0.0, 'm_yri_ceu': 0.0, 'm_yri_chb': 0.0, 'm_ceu_chb': 0.0} -67530.57304541959
x_down: {'t1': 1.79614, 't2': 2.32267, 't3': 95.22138, 'N_anc': 478.78884, 'N_yri': 358.22197, 'N_ooa': 922.52346, 'N_ceu': 312.65339, 'N_chb': 320.96017, 'gr_ceu': 1e-05, 'gr_chb': 1e-05, 'm_yri_ooa': 0.0, 'm_yri_ceu': 0.0, 'm_yri_chb': 0.0, 'm_ceu_chb': 0.0} -67530.57304541959
 
 
x_up: {'t1': 1.79614, 't2': 2.32267, 't3': 95.22138, 'N_anc': 478.78884, 'N_yri': 358.22197, 'N_ooa': 922.52346, 'N_ceu': 312.65339, 'N_chb': 320.96017, 'gr_ceu': 1e-05, 'gr_chb': 2e-05, 'm_yri_ooa': 0.0, 'm_yri_ceu': 0.0, 'm_yri_chb': 0.0, 'm_ceu_chb': 0.0} -67530.57368031422
x: {'t1': 1.79614, 't2': 2.32267, 't3': 95.22138, 'N_anc': 478.78884, 'N_yri': 358.22197, 'N_ooa': 922.52346, 'N_ceu': 312.65339, 'N_chb': 320.96017, 'gr_ceu': 1e-05, 'gr_chb': 1e-05, 'm_yri_ooa': 0.0, 'm_yri_ceu': 0.0, 'm_yri_chb': 0.0, 'm_ceu_chb': 0.0} -67530.57304541959
x_down: {'t1': 1.79614, 't2': 2.32267, 't3': 95.22138, 'N_anc': 478.78884, 'N_yri': 358.22197, 'N_ooa': 922.52346, 'N_ceu': 312.65339, 'N_chb': 320.96017, 'gr_ceu': 1e-05, 'gr_chb': 1e-05, 'm_yri_ooa': 0.0, 'm_yri_ceu': 0.0, 'm_yri_chb': 0.0, 'm_ceu_chb': 0.0} -67530.57304541959
 
 
x_up: {'t1': 1.79614, 't2': 2.32267, 't3': 95.22138, 'N_anc': 478.78884, 'N_yri': 358.22197, 'N_ooa': 922.52346, 'N_ceu': 312.65339, 'N_chb': 320.96017, 'gr_ceu': 1e-05, 'gr_chb': 1e-05, 'm_yri_ooa': 0.0, 'm_yri_ceu': 0.0, 'm_yri_chb': 0.0, 'm_ceu_chb': 0.0} -67530.57304541959
x: {'t1': 1.79614, 't2': 2.32267, 't3': 95.22138, 'N_anc': 478.78884, 'N_yri': 358.22197, 'N_ooa': 922.52346, 'N_ceu': 312.65339, 'N_chb': 320.96017, 'gr_ceu': 1e-05, 'gr_chb': 1e-05, 'm_yri_ooa': 0.0, 'm_yri_ceu': 0.0, 'm_yri_chb': 0.0, 'm_ceu_chb': 0.0} -67530.57304541959
x_down: {'t1': 1.79614, 't2': 2.32267, 't3': 95.22138, 'N_anc': 478.78884, 'N_yri': 358.22197, 'N_ooa': 922.52346, 'N_ceu': 312.65339, 'N_chb': 320.96017, 'gr_ceu': 1e-05, 'gr_chb': 1e-05, 'm_yri_ooa': 1e-05, 'm_yri_ceu': 0.0, 'm_yri_chb': 0.0, 'm_ceu_chb': 0.0} -67530.57583020044
 
 
x_up: {'t1': 1.79614, 't2': 2.32267, 't3': 95.22138, 'N_anc': 478.78884, 'N_yri': 358.22197, 'N_ooa': 922.52346, 'N_ceu': 312.65339, 'N_chb': 320.96017, 'gr_ceu': 1e-05, 'gr_chb': 1e-05, 'm_yri_ooa': 0.0, 'm_yri_ceu': 0.0, 'm_yri_chb': 0.0, 'm_ceu_chb': 0.0} -67530.57304541959
x: {'t1': 1.79614, 't2': 2.32267, 't3': 95.22138, 'N_anc': 478.78884, 'N_yri': 358.22197, 'N_ooa': 922.52346, 'N_ceu': 312.65339, 'N_chb': 320.96017, 'gr_ceu': 1e-05, 'gr_chb': 1e-05, 'm_yri_ooa': 0.0, 'm_yri_ceu': 0.0, 'm_yri_chb': 0.0, 'm_ceu_chb': 0.0} -67530.57304541959
x_down: {'t1': 1.79614, 't2': 2.32267, 't3': 95.22138, 'N_anc': 478.78884, 'N_yri': 358.22197, 'N_ooa': 922.52346, 'N_ceu': 312.65339, 'N_chb': 320.96017, 'gr_ceu': 1e-05, 'gr_chb': 1e-05, 'm_yri_ooa': 0.0, 'm_yri_ceu': 1e-05, 'm_yri_chb': 0.0, 'm_ceu_chb': 0.0} -67530.5730454616
 
 
x_up: {'t1': 1.79614, 't2': 2.32267, 't3': 95.22138, 'N_anc': 478.78884, 'N_yri': 358.22197, 'N_ooa': 922.52346, 'N_ceu': 312.65339, 'N_chb': 320.96017, 'gr_ceu': 1e-05, 'gr_chb': 1e-05, 'm_yri_ooa': 0.0, 'm_yri_ceu': 0.0, 'm_yri_chb': 0.0, 'm_ceu_chb': 0.0} -67530.57304541959
x: {'t1': 1.79614, 't2': 2.32267, 't3': 95.22138, 'N_anc': 478.78884, 'N_yri': 358.22197, 'N_ooa': 922.52346, 'N_ceu': 312.65339, 'N_chb': 320.96017, 'gr_ceu': 1e-05, 'gr_chb': 1e-05, 'm_yri_ooa': 0.0, 'm_yri_ceu': 0.0, 'm_yri_chb': 0.0, 'm_ceu_chb': 0.0} -67530.57304541959
x_down: {'t1': 1.79614, 't2': 2.32267, 't3': 95.22138, 'N_anc': 478.78884, 'N_yri': 358.22197, 'N_ooa': 922.52346, 'N_ceu': 312.65339, 'N_chb': 320.96017, 'gr_ceu': 1e-05, 'gr_chb': 1e-05, 'm_yri_ooa': 0.0, 'm_yri_ceu': 0.0, 'm_yri_chb': 1e-05, 'm_ceu_chb': 0.0} -67530.57304546131
 
 
x_up: {'t1': 1.79614, 't2': 2.32267, 't3': 95.22138, 'N_anc': 478.78884, 'N_yri': 358.22197, 'N_ooa': 922.52346, 'N_ceu': 312.65339, 'N_chb': 320.96017, 'gr_ceu': 1e-05, 'gr_chb': 1e-05, 'm_yri_ooa': 0.0, 'm_yri_ceu': 0.0, 'm_yri_chb': 0.0, 'm_ceu_chb': 0.0} -67530.57304541959
x: {'t1': 1.79614, 't2': 2.32267, 't3': 95.22138, 'N_anc': 478.78884, 'N_yri': 358.22197, 'N_ooa': 922.52346, 'N_ceu': 312.65339, 'N_chb': 320.96017, 'gr_ceu': 1e-05, 'gr_chb': 1e-05, 'm_yri_ooa': 0.0, 'm_yri_ceu': 0.0, 'm_yri_chb': 0.0, 'm_ceu_chb': 0.0} -67530.57304541959
x_down: {'t1': 1.79614, 't2': 2.32267, 't3': 95.22138, 'N_anc': 478.78884, 'N_yri': 358.22197, 'N_ooa': 922.52346, 'N_ceu': 312.65339, 'N_chb': 320.96017, 'gr_ceu': 1e-05, 'gr_chb': 1e-05, 'm_yri_ooa': 0.0, 'm_yri_ceu': 0.0, 'm_yri_chb': 0.0, 'm_ceu_chb': 1e-05} -67530.57304546183
 
{'t1': 1.79614, 't2': 2.32267, 't3': 95.22138, 'N_anc': 478.78884, 'N_yri': 358.22197, 'N_ooa': 922.52346, 'N_ceu': 312.65339, 'N_chb': 320.96017, 'gr_ceu': 1e-05, 'gr_chb': 1e-05, 'm_yri_ooa': 0.0, 'm_yri_ceu': 0.0, 'm_yri_chb': 0.0, 'm_ceu_chb': 0.0} -67530.57304541959
 
x_up: {'t1': 1.82247, 't2': 2.32267, 't3': 95.22138, 'N_anc': 478.78884, 'N_yri': 358.22197, 'N_ooa': 922.52346, 'N_ceu': 312.65339, 'N_chb': 320.96017, 'gr_ceu': 1e-05, 'gr_chb': 1e-05, 'm_yri_ooa': 0.0, 'm_yri_ceu': 0.0, 'm_yri_chb': 0.0, 'm_ceu_chb': 0.0} -67546.9907062506
x: {'t1': 1.79614, 't2': 2.32267, 't3': 95.22138, 'N_anc': 478.78884, 'N_yri': 358.22197, 'N_ooa': 922.52346, 'N_ceu': 312.65339, 'N_chb': 320.96017, 'gr_ceu': 1e-05, 'gr_chb': 1e-05, 'm_yri_ooa': 0.0, 'm_yri_ceu': 0.0, 'm_yri_chb': 0.0, 'm_ceu_chb': 0.0} -67530.57304541959
x_down: {'t1': 1.76981, 't2': 2.32267, 't3': 95.22138, 'N_anc': 478.78884, 'N_yri': 358.22197, 'N_ooa': 922.52346, 'N_ceu': 312.65339, 'N_chb': 320.96017, 'gr_ceu': 1e-05, 'gr_chb': 1e-05, 'm_yri_ooa': 0.0, 'm_yri_ceu': 0.0, 'm_yri_chb': 0.0, 'm_ceu_chb': 0.0} -67539.37370483614
 
 
x_up: {'t1': 1.79614, 't2': 2.349, 't3': 95.22138, 'N_anc': 478.78884, 'N_yri': 358.22197, 'N_ooa': 922.52346, 'N_ceu': 312.65339, 'N_chb': 320.96017, 'gr_ceu': 1e-05, 'gr_chb': 1e-05, 'm_yri_ooa': 0.0, 'm_yri_ceu': 0.0, 'm_yri_chb': 0.0, 'm_ceu_chb': 0.0} -67534.47823826736
x: {'t1': 1.79614, 't2': 2.32267, 't3': 95.22138, 'N_anc': 478.78884, 'N_yri': 358.22197, 'N_ooa': 922.52346, 'N_ceu': 312.65339, 'N_chb': 320.96017, 'gr_ceu': 1e-05, 'gr_chb': 1e-05, 'm_yri_ooa': 0.0, 'm_yri_ceu': 0.0, 'm_yri_chb': 0.0, 'm_ceu_chb': 0.0} -67530.57304541959
x_down: {'t1': 1.79614, 't2': 2.29634, 't3': 95.22138, 'N_anc': 478.78884, 'N_yri': 358.22197, 'N_ooa': 922.52346, 'N_ceu': 312.65339, 'N_chb': 320.96017, 'gr_ceu': 1e-05, 'gr_chb': 1e-05, 'm_yri_ooa': 0.0, 'm_yri_ceu': 0.0, 'm_yri_chb': 0.0, 'm_ceu_chb': 0.0} -67547.25704168588
 
 
x_up: {'t1': 1.79614, 't2': 2.32267, 't3': 99.86632, 'N_anc': 478.78884, 'N_yri': 358.22197, 'N_ooa': 922.52346, 'N_ceu': 312.65339, 'N_chb': 320.96017, 'gr_ceu': 1e-05, 'gr_chb': 1e-05, 'm_yri_ooa': 0.0, 'm_yri_ceu': 0.0, 'm_yri_chb': 0.0, 'm_ceu_chb': 0.0} -67533.03552458092
x: {'t1': 1.79614, 't2': 2.32267, 't3': 95.22138, 'N_anc': 478.78884, 'N_yri': 358.22197, 'N_ooa': 922.52346, 'N_ceu': 312.65339, 'N_chb': 320.96017, 'gr_ceu': 1e-05, 'gr_chb': 1e-05, 'm_yri_ooa': 0.0, 'm_yri_ceu': 0.0, 'm_yri_chb': 0.0, 'm_ceu_chb': 0.0} -67530.57304541959
x_down: {'t1': 1.79614, 't2': 2.32267, 't3': 90.57644, 'N_anc': 478.78884, 'N_yri': 358.22197, 'N_ooa': 922.52346, 'N_ceu': 312.65339, 'N_chb': 320.96017, 'gr_ceu': 1e-05, 'gr_chb': 1e-05, 'm_yri_ooa': 0.0, 'm_yri_ceu': 0.0, 'm_yri_chb': 0.0, 'm_ceu_chb': 0.0} -67536.91252511917
 
 
x_up: {'t1': 1.79614, 't2': 2.32267, 't3': 95.22138, 'N_anc': 497.72828, 'N_yri': 358.22197, 'N_ooa': 922.52346, 'N_ceu': 312.65339, 'N_chb': 320.96017, 'gr_ceu': 1e-05, 'gr_chb': 1e-05, 'm_yri_ooa': 0.0, 'm_yri_ceu': 0.0, 'm_yri_chb': 0.0, 'm_ceu_chb': 0.0} -67530.61046122688
x: {'t1': 1.79614, 't2': 2.32267, 't3': 95.22138, 'N_anc': 478.78884, 'N_yri': 358.22197, 'N_ooa': 922.52346, 'N_ceu': 312.65339, 'N_chb': 320.96017, 'gr_ceu': 1e-05, 'gr_chb': 1e-05, 'm_yri_ooa': 0.0, 'm_yri_ceu': 0.0, 'm_yri_chb': 0.0, 'm_ceu_chb': 0.0} -67530.57304541959
x_down: {'t1': 1.79614, 't2': 2.32267, 't3': 95.22138, 'N_anc': 459.8494, 'N_yri': 358.22197, 'N_ooa': 922.52346, 'N_ceu': 312.65339, 'N_chb': 320.96017, 'gr_ceu': 1e-05, 'gr_chb': 1e-05, 'm_yri_ooa': 0.0, 'm_yri_ceu': 0.0, 'm_yri_chb': 0.0, 'm_ceu_chb': 0.0} -67530.83728764321
 
 
x_up: {'t1': 1.79614, 't2': 2.32267, 't3': 95.22138, 'N_anc': 478.78884, 'N_yri': 371.13307, 'N_ooa': 922.52346, 'N_ceu': 312.65339, 'N_chb': 320.96017, 'gr_ceu': 1e-05, 'gr_chb': 1e-05, 'm_yri_ooa': 0.0, 'm_yri_ceu': 0.0, 'm_yri_chb': 0.0, 'm_ceu_chb': 0.0} -67537.24989564624
x: {'t1': 1.79614, 't2': 2.32267, 't3': 95.22138, 'N_anc': 478.78884, 'N_yri': 358.22197, 'N_ooa': 922.52346, 'N_ceu': 312.65339, 'N_chb': 320.96017, 'gr_ceu': 1e-05, 'gr_chb': 1e-05, 'm_yri_ooa': 0.0, 'm_yri_ceu': 0.0, 'm_yri_chb': 0.0, 'm_ceu_chb': 0.0} -67530.57304541959
x_down: {'t1': 1.79614, 't2': 2.32267, 't3': 95.22138, 'N_anc': 478.78884, 'N_yri': 345.31087, 'N_ooa': 922.52346, 'N_ceu': 312.65339, 'N_chb': 320.96017, 'gr_ceu': 1e-05, 'gr_chb': 1e-05, 'm_yri_ooa': 0.0, 'm_yri_ceu': 0.0, 'm_yri_chb': 0.0, 'm_ceu_chb': 0.0} -67536.16622782119
 
 
x_up: {'t1': 1.79614, 't2': 2.32267, 't3': 95.22138, 'N_anc': 478.78884, 'N_yri': 358.22197, 'N_ooa': 963.64963, 'N_ceu': 312.65339, 'N_chb': 320.96017, 'gr_ceu': 1e-05, 'gr_chb': 1e-05, 'm_yri_ooa': 0.0, 'm_yri_ceu': 0.0, 'm_yri_chb': 0.0, 'm_ceu_chb': 0.0} -67546.13288325947
x: {'t1': 1.79614, 't2': 2.32267, 't3': 95.22138, 'N_anc': 478.78884, 'N_yri': 358.22197, 'N_ooa': 922.52346, 'N_ceu': 312.65339, 'N_chb': 320.96017, 'gr_ceu': 1e-05, 'gr_chb': 1e-05, 'm_yri_ooa': 0.0, 'm_yri_ceu': 0.0, 'm_yri_chb': 0.0, 'm_ceu_chb': 0.0} -67530.57304541959
x_down: {'t1': 1.79614, 't2': 2.32267, 't3': 95.22138, 'N_anc': 478.78884, 'N_yri': 358.22197, 'N_ooa': 881.39729, 'N_ceu': 312.65339, 'N_chb': 320.96017, 'gr_ceu': 1e-05, 'gr_chb': 1e-05, 'm_yri_ooa': 0.0, 'm_yri_ceu': 0.0, 'm_yri_chb': 0.0, 'm_ceu_chb': 0.0} -67542.26352130965
 
 
x_up: {'t1': 1.79614, 't2': 2.32267, 't3': 95.22138, 'N_anc': 478.78884, 'N_yri': 358.22197, 'N_ooa': 922.52346, 'N_ceu': 323.28606, 'N_chb': 320.96017, 'gr_ceu': 1e-05, 'gr_chb': 1e-05, 'm_yri_ooa': 0.0, 'm_yri_ceu': 0.0, 'm_yri_chb': 0.0, 'm_ceu_chb': 0.0} -67531.02561679202
x: {'t1': 1.79614, 't2': 2.32267, 't3': 95.22138, 'N_anc': 478.78884, 'N_yri': 358.22197, 'N_ooa': 922.52346, 'N_ceu': 312.65339, 'N_chb': 320.96017, 'gr_ceu': 1e-05, 'gr_chb': 1e-05, 'm_yri_ooa': 0.0, 'm_yri_ceu': 0.0, 'm_yri_chb': 0.0, 'm_ceu_chb': 0.0} -67530.57304541959
x_down: {'t1': 1.79614, 't2': 2.32267, 't3': 95.22138, 'N_anc': 478.78884, 'N_yri': 358.22197, 'N_ooa': 922.52346, 'N_ceu': 302.02072, 'N_chb': 320.96017, 'gr_ceu': 1e-05, 'gr_chb': 1e-05, 'm_yri_ooa': 0.0, 'm_yri_ceu': 0.0, 'm_yri_chb': 0.0, 'm_ceu_chb': 0.0} -67531.10553519163
 
 
x_up: {'t1': 1.79614, 't2': 2.32267, 't3': 95.22138, 'N_anc': 478.78884, 'N_yri': 358.22197, 'N_ooa': 922.52346, 'N_ceu': 312.65339, 'N_chb': 332.00818, 'gr_ceu': 1e-05, 'gr_chb': 1e-05, 'm_yri_ooa': 0.0, 'm_yri_ceu': 0.0, 'm_yri_chb': 0.0, 'm_ceu_chb': 0.0} -67530.87910535758
x: {'t1': 1.79614, 't2': 2.32267, 't3': 95.22138, 'N_anc': 478.78884, 'N_yri': 358.22197, 'N_ooa': 922.52346, 'N_ceu': 312.65339, 'N_chb': 320.96017, 'gr_ceu': 1e-05, 'gr_chb': 1e-05, 'm_yri_ooa': 0.0, 'm_yri_ceu': 0.0, 'm_yri_chb': 0.0, 'm_ceu_chb': 0.0} -67530.57304541959
x_down: {'t1': 1.79614, 't2': 2.32267, 't3': 95.22138, 'N_anc': 478.78884, 'N_yri': 358.22197, 'N_ooa': 922.52346, 'N_ceu': 312.65339, 'N_chb': 309.91216, 'gr_ceu': 1e-05, 'gr_chb': 1e-05, 'm_yri_ooa': 0.0, 'm_yri_ceu': 0.0, 'm_yri_chb': 0.0, 'm_ceu_chb': 0.0} -67531.4031258044
 
 
x_up: {'t1': 1.79614, 't2': 2.32267, 't3': 95.22138, 'N_anc': 478.78884, 'N_yri': 358.22197, 'N_ooa': 922.52346, 'N_ceu': 312.65339, 'N_chb': 320.96017, 'gr_ceu': 2e-05, 'gr_chb': 1e-05, 'm_yri_ooa': 0.0, 'm_yri_ceu': 0.0, 'm_yri_chb': 0.0, 'm_ceu_chb': 0.0} -67530.57363297742
x: {'t1': 1.79614, 't2': 2.32267, 't3': 95.22138, 'N_anc': 478.78884, 'N_yri': 358.22197, 'N_ooa': 922.52346, 'N_ceu': 312.65339, 'N_chb': 320.96017, 'gr_ceu': 1e-05, 'gr_chb': 1e-05, 'm_yri_ooa': 0.0, 'm_yri_ceu': 0.0, 'm_yri_chb': 0.0, 'm_ceu_chb': 0.0} -67530.57304541959
x_down: {'t1': 1.79614, 't2': 2.32267, 't3': 95.22138, 'N_anc': 478.78884, 'N_yri': 358.22197, 'N_ooa': 922.52346, 'N_ceu': 312.65339, 'N_chb': 320.96017, 'gr_ceu': 1e-05, 'gr_chb': 1e-05, 'm_yri_ooa': 0.0, 'm_yri_ceu': 0.0, 'm_yri_chb': 0.0, 'm_ceu_chb': 0.0} -67530.57304541959
 
 
x_up: {'t1': 1.79614, 't2': 2.32267, 't3': 95.22138, 'N_anc': 478.78884, 'N_yri': 358.22197, 'N_ooa': 922.52346, 'N_ceu': 312.65339, 'N_chb': 320.96017, 'gr_ceu': 1e-05, 'gr_chb': 2e-05, 'm_yri_ooa': 0.0, 'm_yri_ceu': 0.0, 'm_yri_chb': 0.0, 'm_ceu_chb': 0.0} -67530.57368031422
x: {'t1': 1.79614, 't2': 2.32267, 't3': 95.22138, 'N_anc': 478.78884, 'N_yri': 358.22197, 'N_ooa': 922.52346, 'N_ceu': 312.65339, 'N_chb': 320.96017, 'gr_ceu': 1e-05, 'gr_chb': 1e-05, 'm_yri_ooa': 0.0, 'm_yri_ceu': 0.0, 'm_yri_chb': 0.0, 'm_ceu_chb': 0.0} -67530.57304541959
x_down: {'t1': 1.79614, 't2': 2.32267, 't3': 95.22138, 'N_anc': 478.78884, 'N_yri': 358.22197, 'N_ooa': 922.52346, 'N_ceu': 312.65339, 'N_chb': 320.96017, 'gr_ceu': 1e-05, 'gr_chb': 1e-05, 'm_yri_ooa': 0.0, 'm_yri_ceu': 0.0, 'm_yri_chb': 0.0, 'm_ceu_chb': 0.0} -67530.57304541959
 
 
x_up: {'t1': 1.79614, 't2': 2.32267, 't3': 95.22138, 'N_anc': 478.78884, 'N_yri': 358.22197, 'N_ooa': 922.52346, 'N_ceu': 312.65339, 'N_chb': 320.96017, 'gr_ceu': 1e-05, 'gr_chb': 1e-05, 'm_yri_ooa': 0.0, 'm_yri_ceu': 0.0, 'm_yri_chb': 0.0, 'm_ceu_chb': 0.0} -67530.57304541959
x: {'t1': 1.79614, 't2': 2.32267, 't3': 95.22138, 'N_anc': 478.78884, 'N_yri': 358.22197, 'N_ooa': 922.52346, 'N_ceu': 312.65339, 'N_chb': 320.96017, 'gr_ceu': 1e-05, 'gr_chb': 1e-05, 'm_yri_ooa': 0.0, 'm_yri_ceu': 0.0, 'm_yri_chb': 0.0, 'm_ceu_chb': 0.0} -67530.57304541959
x_down: {'t1': 1.79614, 't2': 2.32267, 't3': 95.22138, 'N_anc': 478.78884, 'N_yri': 358.22197, 'N_ooa': 922.52346, 'N_ceu': 312.65339, 'N_chb': 320.96017, 'gr_ceu': 1e-05, 'gr_chb': 1e-05, 'm_yri_ooa': 1e-05, 'm_yri_ceu': 0.0, 'm_yri_chb': 0.0, 'm_ceu_chb': 0.0} -67530.57583020044
 
 
x_up: {'t1': 1.79614, 't2': 2.32267, 't3': 95.22138, 'N_anc': 478.78884, 'N_yri': 358.22197, 'N_ooa': 922.52346, 'N_ceu': 312.65339, 'N_chb': 320.96017, 'gr_ceu': 1e-05, 'gr_chb': 1e-05, 'm_yri_ooa': 0.0, 'm_yri_ceu': 0.0, 'm_yri_chb': 0.0, 'm_ceu_chb': 0.0} -67530.57304541959
x: {'t1': 1.79614, 't2': 2.32267, 't3': 95.22138, 'N_anc': 478.78884, 'N_yri': 358.22197, 'N_ooa': 922.52346, 'N_ceu': 312.65339, 'N_chb': 320.96017, 'gr_ceu': 1e-05, 'gr_chb': 1e-05, 'm_yri_ooa': 0.0, 'm_yri_ceu': 0.0, 'm_yri_chb': 0.0, 'm_ceu_chb': 0.0} -67530.57304541959
x_down: {'t1': 1.79614, 't2': 2.32267, 't3': 95.22138, 'N_anc': 478.78884, 'N_yri': 358.22197, 'N_ooa': 922.52346, 'N_ceu': 312.65339, 'N_chb': 320.96017, 'gr_ceu': 1e-05, 'gr_chb': 1e-05, 'm_yri_ooa': 0.0, 'm_yri_ceu': 1e-05, 'm_yri_chb': 0.0, 'm_ceu_chb': 0.0} -67530.5730454616
 
 
x_up: {'t1': 1.79614, 't2': 2.32267, 't3': 95.22138, 'N_anc': 478.78884, 'N_yri': 358.22197, 'N_ooa': 922.52346, 'N_ceu': 312.65339, 'N_chb': 320.96017, 'gr_ceu': 1e-05, 'gr_chb': 1e-05, 'm_yri_ooa': 0.0, 'm_yri_ceu': 0.0, 'm_yri_chb': 0.0, 'm_ceu_chb': 0.0} -67530.57304541959
x: {'t1': 1.79614, 't2': 2.32267, 't3': 95.22138, 'N_anc': 478.78884, 'N_yri': 358.22197, 'N_ooa': 922.52346, 'N_ceu': 312.65339, 'N_chb': 320.96017, 'gr_ceu': 1e-05, 'gr_chb': 1e-05, 'm_yri_ooa': 0.0, 'm_yri_ceu': 0.0, 'm_yri_chb': 0.0, 'm_ceu_chb': 0.0} -67530.57304541959
x_down: {'t1': 1.79614, 't2': 2.32267, 't3': 95.22138, 'N_anc': 478.78884, 'N_yri': 358.22197, 'N_ooa': 922.52346, 'N_ceu': 312.65339, 'N_chb': 320.96017, 'gr_ceu': 1e-05, 'gr_chb': 1e-05, 'm_yri_ooa': 0.0, 'm_yri_ceu': 0.0, 'm_yri_chb': 1e-05, 'm_ceu_chb': 0.0} -67530.57304546131
 
 
x_up: {'t1': 1.79614, 't2': 2.32267, 't3': 95.22138, 'N_anc': 478.78884, 'N_yri': 358.22197, 'N_ooa': 922.52346, 'N_ceu': 312.65339, 'N_chb': 320.96017, 'gr_ceu': 1e-05, 'gr_chb': 1e-05, 'm_yri_ooa': 0.0, 'm_yri_ceu': 0.0, 'm_yri_chb': 0.0, 'm_ceu_chb': 0.0} -67530.57304541959
x: {'t1': 1.79614, 't2': 2.32267, 't3': 95.22138, 'N_anc': 478.78884, 'N_yri': 358.22197, 'N_ooa': 922.52346, 'N_ceu': 312.65339, 'N_chb': 320.96017, 'gr_ceu': 1e-05, 'gr_chb': 1e-05, 'm_yri_ooa': 0.0, 'm_yri_ceu': 0.0, 'm_yri_chb': 0.0, 'm_ceu_chb': 0.0} -67530.57304541959
x_down: {'t1': 1.79614, 't2': 2.32267, 't3': 95.22138, 'N_anc': 478.78884, 'N_yri': 358.22197, 'N_ooa': 922.52346, 'N_ceu': 312.65339, 'N_chb': 320.96017, 'gr_ceu': 1e-05, 'gr_chb': 1e-05, 'm_yri_ooa': 0.0, 'm_yri_ceu': 0.0, 'm_yri_chb': 0.0, 'm_ceu_chb': 1e-05} -67530.57304546183
 
{'t1': 1.79614, 't2': 2.32267, 't3': 95.22138, 'N_anc': 478.78884, 'N_yri': 358.22197, 'N_ooa': 922.52346, 'N_ceu': 312.65339, 'N_chb': 320.96017, 'gr_ceu': 1e-05, 'gr_chb': 1e-05, 'm_yri_ooa': 0.0, 'm_yri_ceu': 0.0, 'm_yri_chb': 0.0, 'm_ceu_chb': 0.0} -67530.57304541959
 
x_up: {'t1': 1.82247, 't2': 2.32267, 't3': 95.22138, 'N_anc': 478.78884, 'N_yri': 358.22197, 'N_ooa': 922.52346, 'N_ceu': 312.65339, 'N_chb': 320.96017, 'gr_ceu': 1e-05, 'gr_chb': 1e-05, 'm_yri_ooa': 0.0, 'm_yri_ceu': 0.0, 'm_yri_chb': 0.0, 'm_ceu_chb': 0.0} -67546.9907062506
x: {'t1': 1.79614, 't2': 2.32267, 't3': 95.22138, 'N_anc': 478.78884, 'N_yri': 358.22197, 'N_ooa': 922.52346, 'N_ceu': 312.65339, 'N_chb': 320.96017, 'gr_ceu': 1e-05, 'gr_chb': 1e-05, 'm_yri_ooa': 0.0, 'm_yri_ceu': 0.0, 'm_yri_chb': 0.0, 'm_ceu_chb': 0.0} -67530.57304541959
x_down: {'t1': 1.76981, 't2': 2.32267, 't3': 95.22138, 'N_anc': 478.78884, 'N_yri': 358.22197, 'N_ooa': 922.52346, 'N_ceu': 312.65339, 'N_chb': 320.96017, 'gr_ceu': 1e-05, 'gr_chb': 1e-05, 'm_yri_ooa': 0.0, 'm_yri_ceu': 0.0, 'm_yri_chb': 0.0, 'm_ceu_chb': 0.0} -67539.37370483614
 
 
x_up: {'t1': 1.79614, 't2': 2.349, 't3': 95.22138, 'N_anc': 478.78884, 'N_yri': 358.22197, 'N_ooa': 922.52346, 'N_ceu': 312.65339, 'N_chb': 320.96017, 'gr_ceu': 1e-05, 'gr_chb': 1e-05, 'm_yri_ooa': 0.0, 'm_yri_ceu': 0.0, 'm_yri_chb': 0.0, 'm_ceu_chb': 0.0} -67534.47823826736
x: {'t1': 1.79614, 't2': 2.32267, 't3': 95.22138, 'N_anc': 478.78884, 'N_yri': 358.22197, 'N_ooa': 922.52346, 'N_ceu': 312.65339, 'N_chb': 320.96017, 'gr_ceu': 1e-05, 'gr_chb': 1e-05, 'm_yri_ooa': 0.0, 'm_yri_ceu': 0.0, 'm_yri_chb': 0.0, 'm_ceu_chb': 0.0} -67530.57304541959
x_down: {'t1': 1.79614, 't2': 2.29634, 't3': 95.22138, 'N_anc': 478.78884, 'N_yri': 358.22197, 'N_ooa': 922.52346, 'N_ceu': 312.65339, 'N_chb': 320.96017, 'gr_ceu': 1e-05, 'gr_chb': 1e-05, 'm_yri_ooa': 0.0, 'm_yri_ceu': 0.0, 'm_yri_chb': 0.0, 'm_ceu_chb': 0.0} -67547.25704168588
 
 
x_up: {'t1': 1.79614, 't2': 2.32267, 't3': 99.86632, 'N_anc': 478.78884, 'N_yri': 358.22197, 'N_ooa': 922.52346, 'N_ceu': 312.65339, 'N_chb': 320.96017, 'gr_ceu': 1e-05, 'gr_chb': 1e-05, 'm_yri_ooa': 0.0, 'm_yri_ceu': 0.0, 'm_yri_chb': 0.0, 'm_ceu_chb': 0.0} -67533.03552458092
x: {'t1': 1.79614, 't2': 2.32267, 't3': 95.22138, 'N_anc': 478.78884, 'N_yri': 358.22197, 'N_ooa': 922.52346, 'N_ceu': 312.65339, 'N_chb': 320.96017, 'gr_ceu': 1e-05, 'gr_chb': 1e-05, 'm_yri_ooa': 0.0, 'm_yri_ceu': 0.0, 'm_yri_chb': 0.0, 'm_ceu_chb': 0.0} -67530.57304541959
x_down: {'t1': 1.79614, 't2': 2.32267, 't3': 90.57644, 'N_anc': 478.78884, 'N_yri': 358.22197, 'N_ooa': 922.52346, 'N_ceu': 312.65339, 'N_chb': 320.96017, 'gr_ceu': 1e-05, 'gr_chb': 1e-05, 'm_yri_ooa': 0.0, 'm_yri_ceu': 0.0, 'm_yri_chb': 0.0, 'm_ceu_chb': 0.0} -67536.91252511917
 
 
x_up: {'t1': 1.79614, 't2': 2.32267, 't3': 95.22138, 'N_anc': 497.72828, 'N_yri': 358.22197, 'N_ooa': 922.52346, 'N_ceu': 312.65339, 'N_chb': 320.96017, 'gr_ceu': 1e-05, 'gr_chb': 1e-05, 'm_yri_ooa': 0.0, 'm_yri_ceu': 0.0, 'm_yri_chb': 0.0, 'm_ceu_chb': 0.0} -67530.61046122688
x: {'t1': 1.79614, 't2': 2.32267, 't3': 95.22138, 'N_anc': 478.78884, 'N_yri': 358.22197, 'N_ooa': 922.52346, 'N_ceu': 312.65339, 'N_chb': 320.96017, 'gr_ceu': 1e-05, 'gr_chb': 1e-05, 'm_yri_ooa': 0.0, 'm_yri_ceu': 0.0, 'm_yri_chb': 0.0, 'm_ceu_chb': 0.0} -67530.57304541959
x_down: {'t1': 1.79614, 't2': 2.32267, 't3': 95.22138, 'N_anc': 459.8494, 'N_yri': 358.22197, 'N_ooa': 922.52346, 'N_ceu': 312.65339, 'N_chb': 320.96017, 'gr_ceu': 1e-05, 'gr_chb': 1e-05, 'm_yri_ooa': 0.0, 'm_yri_ceu': 0.0, 'm_yri_chb': 0.0, 'm_ceu_chb': 0.0} -67530.83728764321
 
 
x_up: {'t1': 1.79614, 't2': 2.32267, 't3': 95.22138, 'N_anc': 478.78884, 'N_yri': 371.13307, 'N_ooa': 922.52346, 'N_ceu': 312.65339, 'N_chb': 320.96017, 'gr_ceu': 1e-05, 'gr_chb': 1e-05, 'm_yri_ooa': 0.0, 'm_yri_ceu': 0.0, 'm_yri_chb': 0.0, 'm_ceu_chb': 0.0} -67537.24989564624
x: {'t1': 1.79614, 't2': 2.32267, 't3': 95.22138, 'N_anc': 478.78884, 'N_yri': 358.22197, 'N_ooa': 922.52346, 'N_ceu': 312.65339, 'N_chb': 320.96017, 'gr_ceu': 1e-05, 'gr_chb': 1e-05, 'm_yri_ooa': 0.0, 'm_yri_ceu': 0.0, 'm_yri_chb': 0.0, 'm_ceu_chb': 0.0} -67530.57304541959
x_down: {'t1': 1.79614, 't2': 2.32267, 't3': 95.22138, 'N_anc': 478.78884, 'N_yri': 345.31087, 'N_ooa': 922.52346, 'N_ceu': 312.65339, 'N_chb': 320.96017, 'gr_ceu': 1e-05, 'gr_chb': 1e-05, 'm_yri_ooa': 0.0, 'm_yri_ceu': 0.0, 'm_yri_chb': 0.0, 'm_ceu_chb': 0.0} -67536.16622782119
 
 
x_up: {'t1': 1.79614, 't2': 2.32267, 't3': 95.22138, 'N_anc': 478.78884, 'N_yri': 358.22197, 'N_ooa': 963.64963, 'N_ceu': 312.65339, 'N_chb': 320.96017, 'gr_ceu': 1e-05, 'gr_chb': 1e-05, 'm_yri_ooa': 0.0, 'm_yri_ceu': 0.0, 'm_yri_chb': 0.0, 'm_ceu_chb': 0.0} -67546.13288325947
x: {'t1': 1.79614, 't2': 2.32267, 't3': 95.22138, 'N_anc': 478.78884, 'N_yri': 358.22197, 'N_ooa': 922.52346, 'N_ceu': 312.65339, 'N_chb': 320.96017, 'gr_ceu': 1e-05, 'gr_chb': 1e-05, 'm_yri_ooa': 0.0, 'm_yri_ceu': 0.0, 'm_yri_chb': 0.0, 'm_ceu_chb': 0.0} -67530.57304541959
x_down: {'t1': 1.79614, 't2': 2.32267, 't3': 95.22138, 'N_anc': 478.78884, 'N_yri': 358.22197, 'N_ooa': 881.39729, 'N_ceu': 312.65339, 'N_chb': 320.96017, 'gr_ceu': 1e-05, 'gr_chb': 1e-05, 'm_yri_ooa': 0.0, 'm_yri_ceu': 0.0, 'm_yri_chb': 0.0, 'm_ceu_chb': 0.0} -67542.26352130965
 
 
x_up: {'t1': 1.79614, 't2': 2.32267, 't3': 95.22138, 'N_anc': 478.78884, 'N_yri': 358.22197, 'N_ooa': 922.52346, 'N_ceu': 323.28606, 'N_chb': 320.96017, 'gr_ceu': 1e-05, 'gr_chb': 1e-05, 'm_yri_ooa': 0.0, 'm_yri_ceu': 0.0, 'm_yri_chb': 0.0, 'm_ceu_chb': 0.0} -67531.02561679202
x: {'t1': 1.79614, 't2': 2.32267, 't3': 95.22138, 'N_anc': 478.78884, 'N_yri': 358.22197, 'N_ooa': 922.52346, 'N_ceu': 312.65339, 'N_chb': 320.96017, 'gr_ceu': 1e-05, 'gr_chb': 1e-05, 'm_yri_ooa': 0.0, 'm_yri_ceu': 0.0, 'm_yri_chb': 0.0, 'm_ceu_chb': 0.0} -67530.57304541959
x_down: {'t1': 1.79614, 't2': 2.32267, 't3': 95.22138, 'N_anc': 478.78884, 'N_yri': 358.22197, 'N_ooa': 922.52346, 'N_ceu': 302.02072, 'N_chb': 320.96017, 'gr_ceu': 1e-05, 'gr_chb': 1e-05, 'm_yri_ooa': 0.0, 'm_yri_ceu': 0.0, 'm_yri_chb': 0.0, 'm_ceu_chb': 0.0} -67531.10553519163
 
 
x_up: {'t1': 1.79614, 't2': 2.32267, 't3': 95.22138, 'N_anc': 478.78884, 'N_yri': 358.22197, 'N_ooa': 922.52346, 'N_ceu': 312.65339, 'N_chb': 332.00818, 'gr_ceu': 1e-05, 'gr_chb': 1e-05, 'm_yri_ooa': 0.0, 'm_yri_ceu': 0.0, 'm_yri_chb': 0.0, 'm_ceu_chb': 0.0} -67530.87910535758
x: {'t1': 1.79614, 't2': 2.32267, 't3': 95.22138, 'N_anc': 478.78884, 'N_yri': 358.22197, 'N_ooa': 922.52346, 'N_ceu': 312.65339, 'N_chb': 320.96017, 'gr_ceu': 1e-05, 'gr_chb': 1e-05, 'm_yri_ooa': 0.0, 'm_yri_ceu': 0.0, 'm_yri_chb': 0.0, 'm_ceu_chb': 0.0} -67530.57304541959
x_down: {'t1': 1.79614, 't2': 2.32267, 't3': 95.22138, 'N_anc': 478.78884, 'N_yri': 358.22197, 'N_ooa': 922.52346, 'N_ceu': 312.65339, 'N_chb': 309.91216, 'gr_ceu': 1e-05, 'gr_chb': 1e-05, 'm_yri_ooa': 0.0, 'm_yri_ceu': 0.0, 'm_yri_chb': 0.0, 'm_ceu_chb': 0.0} -67531.4031258044
 
 
x_up: {'t1': 1.79614, 't2': 2.32267, 't3': 95.22138, 'N_anc': 478.78884, 'N_yri': 358.22197, 'N_ooa': 922.52346, 'N_ceu': 312.65339, 'N_chb': 320.96017, 'gr_ceu': 2e-05, 'gr_chb': 1e-05, 'm_yri_ooa': 0.0, 'm_yri_ceu': 0.0, 'm_yri_chb': 0.0, 'm_ceu_chb': 0.0} -67530.57363297742
x: {'t1': 1.79614, 't2': 2.32267, 't3': 95.22138, 'N_anc': 478.78884, 'N_yri': 358.22197, 'N_ooa': 922.52346, 'N_ceu': 312.65339, 'N_chb': 320.96017, 'gr_ceu': 1e-05, 'gr_chb': 1e-05, 'm_yri_ooa': 0.0, 'm_yri_ceu': 0.0, 'm_yri_chb': 0.0, 'm_ceu_chb': 0.0} -67530.57304541959
x_down: {'t1': 1.79614, 't2': 2.32267, 't3': 95.22138, 'N_anc': 478.78884, 'N_yri': 358.22197, 'N_ooa': 922.52346, 'N_ceu': 312.65339, 'N_chb': 320.96017, 'gr_ceu': 1e-05, 'gr_chb': 1e-05, 'm_yri_ooa': 0.0, 'm_yri_ceu': 0.0, 'm_yri_chb': 0.0, 'm_ceu_chb': 0.0} -67530.57304541959
 
 
x_up: {'t1': 1.79614, 't2': 2.32267, 't3': 95.22138, 'N_anc': 478.78884, 'N_yri': 358.22197, 'N_ooa': 922.52346, 'N_ceu': 312.65339, 'N_chb': 320.96017, 'gr_ceu': 1e-05, 'gr_chb': 2e-05, 'm_yri_ooa': 0.0, 'm_yri_ceu': 0.0, 'm_yri_chb': 0.0, 'm_ceu_chb': 0.0} -67530.57368031422
x: {'t1': 1.79614, 't2': 2.32267, 't3': 95.22138, 'N_anc': 478.78884, 'N_yri': 358.22197, 'N_ooa': 922.52346, 'N_ceu': 312.65339, 'N_chb': 320.96017, 'gr_ceu': 1e-05, 'gr_chb': 1e-05, 'm_yri_ooa': 0.0, 'm_yri_ceu': 0.0, 'm_yri_chb': 0.0, 'm_ceu_chb': 0.0} -67530.57304541959
x_down: {'t1': 1.79614, 't2': 2.32267, 't3': 95.22138, 'N_anc': 478.78884, 'N_yri': 358.22197, 'N_ooa': 922.52346, 'N_ceu': 312.65339, 'N_chb': 320.96017, 'gr_ceu': 1e-05, 'gr_chb': 1e-05, 'm_yri_ooa': 0.0, 'm_yri_ceu': 0.0, 'm_yri_chb': 0.0, 'm_ceu_chb': 0.0} -67530.57304541959
 
 
x_up: {'t1': 1.79614, 't2': 2.32267, 't3': 95.22138, 'N_anc': 478.78884, 'N_yri': 358.22197, 'N_ooa': 922.52346, 'N_ceu': 312.65339, 'N_chb': 320.96017, 'gr_ceu': 1e-05, 'gr_chb': 1e-05, 'm_yri_ooa': 0.0, 'm_yri_ceu': 0.0, 'm_yri_chb': 0.0, 'm_ceu_chb': 0.0} -67530.57304541959
x: {'t1': 1.79614, 't2': 2.32267, 't3': 95.22138, 'N_anc': 478.78884, 'N_yri': 358.22197, 'N_ooa': 922.52346, 'N_ceu': 312.65339, 'N_chb': 320.96017, 'gr_ceu': 1e-05, 'gr_chb': 1e-05, 'm_yri_ooa': 0.0, 'm_yri_ceu': 0.0, 'm_yri_chb': 0.0, 'm_ceu_chb': 0.0} -67530.57304541959
x_down: {'t1': 1.79614, 't2': 2.32267, 't3': 95.22138, 'N_anc': 478.78884, 'N_yri': 358.22197, 'N_ooa': 922.52346, 'N_ceu': 312.65339, 'N_chb': 320.96017, 'gr_ceu': 1e-05, 'gr_chb': 1e-05, 'm_yri_ooa': 1e-05, 'm_yri_ceu': 0.0, 'm_yri_chb': 0.0, 'm_ceu_chb': 0.0} -67530.57583020044
 
 
x_up: {'t1': 1.79614, 't2': 2.32267, 't3': 95.22138, 'N_anc': 478.78884, 'N_yri': 358.22197, 'N_ooa': 922.52346, 'N_ceu': 312.65339, 'N_chb': 320.96017, 'gr_ceu': 1e-05, 'gr_chb': 1e-05, 'm_yri_ooa': 0.0, 'm_yri_ceu': 0.0, 'm_yri_chb': 0.0, 'm_ceu_chb': 0.0} -67530.57304541959
x: {'t1': 1.79614, 't2': 2.32267, 't3': 95.22138, 'N_anc': 478.78884, 'N_yri': 358.22197, 'N_ooa': 922.52346, 'N_ceu': 312.65339, 'N_chb': 320.96017, 'gr_ceu': 1e-05, 'gr_chb': 1e-05, 'm_yri_ooa': 0.0, 'm_yri_ceu': 0.0, 'm_yri_chb': 0.0, 'm_ceu_chb': 0.0} -67530.57304541959
x_down: {'t1': 1.79614, 't2': 2.32267, 't3': 95.22138, 'N_anc': 478.78884, 'N_yri': 358.22197, 'N_ooa': 922.52346, 'N_ceu': 312.65339, 'N_chb': 320.96017, 'gr_ceu': 1e-05, 'gr_chb': 1e-05, 'm_yri_ooa': 0.0, 'm_yri_ceu': 1e-05, 'm_yri_chb': 0.0, 'm_ceu_chb': 0.0} -67530.5730454616
 
 
x_up: {'t1': 1.79614, 't2': 2.32267, 't3': 95.22138, 'N_anc': 478.78884, 'N_yri': 358.22197, 'N_ooa': 922.52346, 'N_ceu': 312.65339, 'N_chb': 320.96017, 'gr_ceu': 1e-05, 'gr_chb': 1e-05, 'm_yri_ooa': 0.0, 'm_yri_ceu': 0.0, 'm_yri_chb': 0.0, 'm_ceu_chb': 0.0} -67530.57304541959
x: {'t1': 1.79614, 't2': 2.32267, 't3': 95.22138, 'N_anc': 478.78884, 'N_yri': 358.22197, 'N_ooa': 922.52346, 'N_ceu': 312.65339, 'N_chb': 320.96017, 'gr_ceu': 1e-05, 'gr_chb': 1e-05, 'm_yri_ooa': 0.0, 'm_yri_ceu': 0.0, 'm_yri_chb': 0.0, 'm_ceu_chb': 0.0} -67530.57304541959
x_down: {'t1': 1.79614, 't2': 2.32267, 't3': 95.22138, 'N_anc': 478.78884, 'N_yri': 358.22197, 'N_ooa': 922.52346, 'N_ceu': 312.65339, 'N_chb': 320.96017, 'gr_ceu': 1e-05, 'gr_chb': 1e-05, 'm_yri_ooa': 0.0, 'm_yri_ceu': 0.0, 'm_yri_chb': 1e-05, 'm_ceu_chb': 0.0} -67530.57304546131
 
 
x_up: {'t1': 1.79614, 't2': 2.32267, 't3': 95.22138, 'N_anc': 478.78884, 'N_yri': 358.22197, 'N_ooa': 922.52346, 'N_ceu': 312.65339, 'N_chb': 320.96017, 'gr_ceu': 1e-05, 'gr_chb': 1e-05, 'm_yri_ooa': 0.0, 'm_yri_ceu': 0.0, 'm_yri_chb': 0.0, 'm_ceu_chb': 0.0} -67530.57304541959
x: {'t1': 1.79614, 't2': 2.32267, 't3': 95.22138, 'N_anc': 478.78884, 'N_yri': 358.22197, 'N_ooa': 922.52346, 'N_ceu': 312.65339, 'N_chb': 320.96017, 'gr_ceu': 1e-05, 'gr_chb': 1e-05, 'm_yri_ooa': 0.0, 'm_yri_ceu': 0.0, 'm_yri_chb': 0.0, 'm_ceu_chb': 0.0} -67530.57304541959
x_down: {'t1': 1.79614, 't2': 2.32267, 't3': 95.22138, 'N_anc': 478.78884, 'N_yri': 358.22197, 'N_ooa': 922.52346, 'N_ceu': 312.65339, 'N_chb': 320.96017, 'gr_ceu': 1e-05, 'gr_chb': 1e-05, 'm_yri_ooa': 0.0, 'm_yri_ceu': 0.0, 'm_yri_chb': 0.0, 'm_ceu_chb': 1e-05} -67530.57304546183
 
{'t1': 1.79614, 't2': 2.32267, 't3': 95.22138, 'N_anc': 478.78884, 'N_yri': 358.22197, 'N_ooa': 922.52346, 'N_ceu': 312.65339, 'N_chb': 320.96017, 'gr_ceu': 1e-05, 'gr_chb': 1e-05, 'm_yri_ooa': 0.0, 'm_yri_ceu': 0.0, 'm_yri_chb': 0.0, 'm_ceu_chb': 0.0} -67530.57304541959
 
x_up: {'t1': 1.82247, 't2': 2.32267, 't3': 95.22138, 'N_anc': 478.78884, 'N_yri': 358.22197, 'N_ooa': 922.52346, 'N_ceu': 312.65339, 'N_chb': 320.96017, 'gr_ceu': 1e-05, 'gr_chb': 1e-05, 'm_yri_ooa': 0.0, 'm_yri_ceu': 0.0, 'm_yri_chb': 0.0, 'm_ceu_chb': 0.0} -67546.9907062506
x: {'t1': 1.79614, 't2': 2.32267, 't3': 95.22138, 'N_anc': 478.78884, 'N_yri': 358.22197, 'N_ooa': 922.52346, 'N_ceu': 312.65339, 'N_chb': 320.96017, 'gr_ceu': 1e-05, 'gr_chb': 1e-05, 'm_yri_ooa': 0.0, 'm_yri_ceu': 0.0, 'm_yri_chb': 0.0, 'm_ceu_chb': 0.0} -67530.57304541959
x_down: {'t1': 1.76981, 't2': 2.32267, 't3': 95.22138, 'N_anc': 478.78884, 'N_yri': 358.22197, 'N_ooa': 922.52346, 'N_ceu': 312.65339, 'N_chb': 320.96017, 'gr_ceu': 1e-05, 'gr_chb': 1e-05, 'm_yri_ooa': 0.0, 'm_yri_ceu': 0.0, 'm_yri_chb': 0.0, 'm_ceu_chb': 0.0} -67539.37370483614
 
 
x_up: {'t1': 1.79614, 't2': 2.349, 't3': 95.22138, 'N_anc': 478.78884, 'N_yri': 358.22197, 'N_ooa': 922.52346, 'N_ceu': 312.65339, 'N_chb': 320.96017, 'gr_ceu': 1e-05, 'gr_chb': 1e-05, 'm_yri_ooa': 0.0, 'm_yri_ceu': 0.0, 'm_yri_chb': 0.0, 'm_ceu_chb': 0.0} -67534.47823826736
x: {'t1': 1.79614, 't2': 2.32267, 't3': 95.22138, 'N_anc': 478.78884, 'N_yri': 358.22197, 'N_ooa': 922.52346, 'N_ceu': 312.65339, 'N_chb': 320.96017, 'gr_ceu': 1e-05, 'gr_chb': 1e-05, 'm_yri_ooa': 0.0, 'm_yri_ceu': 0.0, 'm_yri_chb': 0.0, 'm_ceu_chb': 0.0} -67530.57304541959
x_down: {'t1': 1.79614, 't2': 2.29634, 't3': 95.22138, 'N_anc': 478.78884, 'N_yri': 358.22197, 'N_ooa': 922.52346, 'N_ceu': 312.65339, 'N_chb': 320.96017, 'gr_ceu': 1e-05, 'gr_chb': 1e-05, 'm_yri_ooa': 0.0, 'm_yri_ceu': 0.0, 'm_yri_chb': 0.0, 'm_ceu_chb': 0.0} -67547.25704168588
 
 
x_up: {'t1': 1.79614, 't2': 2.32267, 't3': 99.86632, 'N_anc': 478.78884, 'N_yri': 358.22197, 'N_ooa': 922.52346, 'N_ceu': 312.65339, 'N_chb': 320.96017, 'gr_ceu': 1e-05, 'gr_chb': 1e-05, 'm_yri_ooa': 0.0, 'm_yri_ceu': 0.0, 'm_yri_chb': 0.0, 'm_ceu_chb': 0.0} -67533.03552458092
x: {'t1': 1.79614, 't2': 2.32267, 't3': 95.22138, 'N_anc': 478.78884, 'N_yri': 358.22197, 'N_ooa': 922.52346, 'N_ceu': 312.65339, 'N_chb': 320.96017, 'gr_ceu': 1e-05, 'gr_chb': 1e-05, 'm_yri_ooa': 0.0, 'm_yri_ceu': 0.0, 'm_yri_chb': 0.0, 'm_ceu_chb': 0.0} -67530.57304541959
x_down: {'t1': 1.79614, 't2': 2.32267, 't3': 90.57644, 'N_anc': 478.78884, 'N_yri': 358.22197, 'N_ooa': 922.52346, 'N_ceu': 312.65339, 'N_chb': 320.96017, 'gr_ceu': 1e-05, 'gr_chb': 1e-05, 'm_yri_ooa': 0.0, 'm_yri_ceu': 0.0, 'm_yri_chb': 0.0, 'm_ceu_chb': 0.0} -67536.91252511917
 
 
x_up: {'t1': 1.79614, 't2': 2.32267, 't3': 95.22138, 'N_anc': 497.72828, 'N_yri': 358.22197, 'N_ooa': 922.52346, 'N_ceu': 312.65339, 'N_chb': 320.96017, 'gr_ceu': 1e-05, 'gr_chb': 1e-05, 'm_yri_ooa': 0.0, 'm_yri_ceu': 0.0, 'm_yri_chb': 0.0, 'm_ceu_chb': 0.0} -67530.61046122688
x: {'t1': 1.79614, 't2': 2.32267, 't3': 95.22138, 'N_anc': 478.78884, 'N_yri': 358.22197, 'N_ooa': 922.52346, 'N_ceu': 312.65339, 'N_chb': 320.96017, 'gr_ceu': 1e-05, 'gr_chb': 1e-05, 'm_yri_ooa': 0.0, 'm_yri_ceu': 0.0, 'm_yri_chb': 0.0, 'm_ceu_chb': 0.0} -67530.57304541959
x_down: {'t1': 1.79614, 't2': 2.32267, 't3': 95.22138, 'N_anc': 459.8494, 'N_yri': 358.22197, 'N_ooa': 922.52346, 'N_ceu': 312.65339, 'N_chb': 320.96017, 'gr_ceu': 1e-05, 'gr_chb': 1e-05, 'm_yri_ooa': 0.0, 'm_yri_ceu': 0.0, 'm_yri_chb': 0.0, 'm_ceu_chb': 0.0} -67530.83728764321
 
 
x_up: {'t1': 1.79614, 't2': 2.32267, 't3': 95.22138, 'N_anc': 478.78884, 'N_yri': 371.13307, 'N_ooa': 922.52346, 'N_ceu': 312.65339, 'N_chb': 320.96017, 'gr_ceu': 1e-05, 'gr_chb': 1e-05, 'm_yri_ooa': 0.0, 'm_yri_ceu': 0.0, 'm_yri_chb': 0.0, 'm_ceu_chb': 0.0} -67537.24989564624
x: {'t1': 1.79614, 't2': 2.32267, 't3': 95.22138, 'N_anc': 478.78884, 'N_yri': 358.22197, 'N_ooa': 922.52346, 'N_ceu': 312.65339, 'N_chb': 320.96017, 'gr_ceu': 1e-05, 'gr_chb': 1e-05, 'm_yri_ooa': 0.0, 'm_yri_ceu': 0.0, 'm_yri_chb': 0.0, 'm_ceu_chb': 0.0} -67530.57304541959
x_down: {'t1': 1.79614, 't2': 2.32267, 't3': 95.22138, 'N_anc': 478.78884, 'N_yri': 345.31087, 'N_ooa': 922.52346, 'N_ceu': 312.65339, 'N_chb': 320.96017, 'gr_ceu': 1e-05, 'gr_chb': 1e-05, 'm_yri_ooa': 0.0, 'm_yri_ceu': 0.0, 'm_yri_chb': 0.0, 'm_ceu_chb': 0.0} -67536.16622782119
 
 
x_up: {'t1': 1.79614, 't2': 2.32267, 't3': 95.22138, 'N_anc': 478.78884, 'N_yri': 358.22197, 'N_ooa': 963.64963, 'N_ceu': 312.65339, 'N_chb': 320.96017, 'gr_ceu': 1e-05, 'gr_chb': 1e-05, 'm_yri_ooa': 0.0, 'm_yri_ceu': 0.0, 'm_yri_chb': 0.0, 'm_ceu_chb': 0.0} -67546.13288325947
x: {'t1': 1.79614, 't2': 2.32267, 't3': 95.22138, 'N_anc': 478.78884, 'N_yri': 358.22197, 'N_ooa': 922.52346, 'N_ceu': 312.65339, 'N_chb': 320.96017, 'gr_ceu': 1e-05, 'gr_chb': 1e-05, 'm_yri_ooa': 0.0, 'm_yri_ceu': 0.0, 'm_yri_chb': 0.0, 'm_ceu_chb': 0.0} -67530.57304541959
x_down: {'t1': 1.79614, 't2': 2.32267, 't3': 95.22138, 'N_anc': 478.78884, 'N_yri': 358.22197, 'N_ooa': 881.39729, 'N_ceu': 312.65339, 'N_chb': 320.96017, 'gr_ceu': 1e-05, 'gr_chb': 1e-05, 'm_yri_ooa': 0.0, 'm_yri_ceu': 0.0, 'm_yri_chb': 0.0, 'm_ceu_chb': 0.0} -67542.26352130965
 
 
x_up: {'t1': 1.79614, 't2': 2.32267, 't3': 95.22138, 'N_anc': 478.78884, 'N_yri': 358.22197, 'N_ooa': 922.52346, 'N_ceu': 323.28606, 'N_chb': 320.96017, 'gr_ceu': 1e-05, 'gr_chb': 1e-05, 'm_yri_ooa': 0.0, 'm_yri_ceu': 0.0, 'm_yri_chb': 0.0, 'm_ceu_chb': 0.0} -67531.02561679202
x: {'t1': 1.79614, 't2': 2.32267, 't3': 95.22138, 'N_anc': 478.78884, 'N_yri': 358.22197, 'N_ooa': 922.52346, 'N_ceu': 312.65339, 'N_chb': 320.96017, 'gr_ceu': 1e-05, 'gr_chb': 1e-05, 'm_yri_ooa': 0.0, 'm_yri_ceu': 0.0, 'm_yri_chb': 0.0, 'm_ceu_chb': 0.0} -67530.57304541959
x_down: {'t1': 1.79614, 't2': 2.32267, 't3': 95.22138, 'N_anc': 478.78884, 'N_yri': 358.22197, 'N_ooa': 922.52346, 'N_ceu': 302.02072, 'N_chb': 320.96017, 'gr_ceu': 1e-05, 'gr_chb': 1e-05, 'm_yri_ooa': 0.0, 'm_yri_ceu': 0.0, 'm_yri_chb': 0.0, 'm_ceu_chb': 0.0} -67531.10553519163
 
 
x_up: {'t1': 1.79614, 't2': 2.32267, 't3': 95.22138, 'N_anc': 478.78884, 'N_yri': 358.22197, 'N_ooa': 922.52346, 'N_ceu': 312.65339, 'N_chb': 332.00818, 'gr_ceu': 1e-05, 'gr_chb': 1e-05, 'm_yri_ooa': 0.0, 'm_yri_ceu': 0.0, 'm_yri_chb': 0.0, 'm_ceu_chb': 0.0} -67530.87910535758
x: {'t1': 1.79614, 't2': 2.32267, 't3': 95.22138, 'N_anc': 478.78884, 'N_yri': 358.22197, 'N_ooa': 922.52346, 'N_ceu': 312.65339, 'N_chb': 320.96017, 'gr_ceu': 1e-05, 'gr_chb': 1e-05, 'm_yri_ooa': 0.0, 'm_yri_ceu': 0.0, 'm_yri_chb': 0.0, 'm_ceu_chb': 0.0} -67530.57304541959
x_down: {'t1': 1.79614, 't2': 2.32267, 't3': 95.22138, 'N_anc': 478.78884, 'N_yri': 358.22197, 'N_ooa': 922.52346, 'N_ceu': 312.65339, 'N_chb': 309.91216, 'gr_ceu': 1e-05, 'gr_chb': 1e-05, 'm_yri_ooa': 0.0, 'm_yri_ceu': 0.0, 'm_yri_chb': 0.0, 'm_ceu_chb': 0.0} -67531.4031258044
 
 
x_up: {'t1': 1.79614, 't2': 2.32267, 't3': 95.22138, 'N_anc': 478.78884, 'N_yri': 358.22197, 'N_ooa': 922.52346, 'N_ceu': 312.65339, 'N_chb': 320.96017, 'gr_ceu': 2e-05, 'gr_chb': 1e-05, 'm_yri_ooa': 0.0, 'm_yri_ceu': 0.0, 'm_yri_chb': 0.0, 'm_ceu_chb': 0.0} -67530.57363297742
x: {'t1': 1.79614, 't2': 2.32267, 't3': 95.22138, 'N_anc': 478.78884, 'N_yri': 358.22197, 'N_ooa': 922.52346, 'N_ceu': 312.65339, 'N_chb': 320.96017, 'gr_ceu': 1e-05, 'gr_chb': 1e-05, 'm_yri_ooa': 0.0, 'm_yri_ceu': 0.0, 'm_yri_chb': 0.0, 'm_ceu_chb': 0.0} -67530.57304541959
x_down: {'t1': 1.79614, 't2': 2.32267, 't3': 95.22138, 'N_anc': 478.78884, 'N_yri': 358.22197, 'N_ooa': 922.52346, 'N_ceu': 312.65339, 'N_chb': 320.96017, 'gr_ceu': 1e-05, 'gr_chb': 1e-05, 'm_yri_ooa': 0.0, 'm_yri_ceu': 0.0, 'm_yri_chb': 0.0, 'm_ceu_chb': 0.0} -67530.57304541959
 
 
x_up: {'t1': 1.79614, 't2': 2.32267, 't3': 95.22138, 'N_anc': 478.78884, 'N_yri': 358.22197, 'N_ooa': 922.52346, 'N_ceu': 312.65339, 'N_chb': 320.96017, 'gr_ceu': 1e-05, 'gr_chb': 2e-05, 'm_yri_ooa': 0.0, 'm_yri_ceu': 0.0, 'm_yri_chb': 0.0, 'm_ceu_chb': 0.0} -67530.57368031422
x: {'t1': 1.79614, 't2': 2.32267, 't3': 95.22138, 'N_anc': 478.78884, 'N_yri': 358.22197, 'N_ooa': 922.52346, 'N_ceu': 312.65339, 'N_chb': 320.96017, 'gr_ceu': 1e-05, 'gr_chb': 1e-05, 'm_yri_ooa': 0.0, 'm_yri_ceu': 0.0, 'm_yri_chb': 0.0, 'm_ceu_chb': 0.0} -67530.57304541959
x_down: {'t1': 1.79614, 't2': 2.32267, 't3': 95.22138, 'N_anc': 478.78884, 'N_yri': 358.22197, 'N_ooa': 922.52346, 'N_ceu': 312.65339, 'N_chb': 320.96017, 'gr_ceu': 1e-05, 'gr_chb': 1e-05, 'm_yri_ooa': 0.0, 'm_yri_ceu': 0.0, 'm_yri_chb': 0.0, 'm_ceu_chb': 0.0} -67530.57304541959
 
 
x_up: {'t1': 1.79614, 't2': 2.32267, 't3': 95.22138, 'N_anc': 478.78884, 'N_yri': 358.22197, 'N_ooa': 922.52346, 'N_ceu': 312.65339, 'N_chb': 320.96017, 'gr_ceu': 1e-05, 'gr_chb': 1e-05, 'm_yri_ooa': 0.0, 'm_yri_ceu': 0.0, 'm_yri_chb': 0.0, 'm_ceu_chb': 0.0} -67530.57304541959
x: {'t1': 1.79614, 't2': 2.32267, 't3': 95.22138, 'N_anc': 478.78884, 'N_yri': 358.22197, 'N_ooa': 922.52346, 'N_ceu': 312.65339, 'N_chb': 320.96017, 'gr_ceu': 1e-05, 'gr_chb': 1e-05, 'm_yri_ooa': 0.0, 'm_yri_ceu': 0.0, 'm_yri_chb': 0.0, 'm_ceu_chb': 0.0} -67530.57304541959
x_down: {'t1': 1.79614, 't2': 2.32267, 't3': 95.22138, 'N_anc': 478.78884, 'N_yri': 358.22197, 'N_ooa': 922.52346, 'N_ceu': 312.65339, 'N_chb': 320.96017, 'gr_ceu': 1e-05, 'gr_chb': 1e-05, 'm_yri_ooa': 1e-05, 'm_yri_ceu': 0.0, 'm_yri_chb': 0.0, 'm_ceu_chb': 0.0} -67530.57583020044
 
 
x_up: {'t1': 1.79614, 't2': 2.32267, 't3': 95.22138, 'N_anc': 478.78884, 'N_yri': 358.22197, 'N_ooa': 922.52346, 'N_ceu': 312.65339, 'N_chb': 320.96017, 'gr_ceu': 1e-05, 'gr_chb': 1e-05, 'm_yri_ooa': 0.0, 'm_yri_ceu': 0.0, 'm_yri_chb': 0.0, 'm_ceu_chb': 0.0} -67530.57304541959
x: {'t1': 1.79614, 't2': 2.32267, 't3': 95.22138, 'N_anc': 478.78884, 'N_yri': 358.22197, 'N_ooa': 922.52346, 'N_ceu': 312.65339, 'N_chb': 320.96017, 'gr_ceu': 1e-05, 'gr_chb': 1e-05, 'm_yri_ooa': 0.0, 'm_yri_ceu': 0.0, 'm_yri_chb': 0.0, 'm_ceu_chb': 0.0} -67530.57304541959
x_down: {'t1': 1.79614, 't2': 2.32267, 't3': 95.22138, 'N_anc': 478.78884, 'N_yri': 358.22197, 'N_ooa': 922.52346, 'N_ceu': 312.65339, 'N_chb': 320.96017, 'gr_ceu': 1e-05, 'gr_chb': 1e-05, 'm_yri_ooa': 0.0, 'm_yri_ceu': 1e-05, 'm_yri_chb': 0.0, 'm_ceu_chb': 0.0} -67530.5730454616
 
 
x_up: {'t1': 1.79614, 't2': 2.32267, 't3': 95.22138, 'N_anc': 478.78884, 'N_yri': 358.22197, 'N_ooa': 922.52346, 'N_ceu': 312.65339, 'N_chb': 320.96017, 'gr_ceu': 1e-05, 'gr_chb': 1e-05, 'm_yri_ooa': 0.0, 'm_yri_ceu': 0.0, 'm_yri_chb': 0.0, 'm_ceu_chb': 0.0} -67530.57304541959
x: {'t1': 1.79614, 't2': 2.32267, 't3': 95.22138, 'N_anc': 478.78884, 'N_yri': 358.22197, 'N_ooa': 922.52346, 'N_ceu': 312.65339, 'N_chb': 320.96017, 'gr_ceu': 1e-05, 'gr_chb': 1e-05, 'm_yri_ooa': 0.0, 'm_yri_ceu': 0.0, 'm_yri_chb': 0.0, 'm_ceu_chb': 0.0} -67530.57304541959
x_down: {'t1': 1.79614, 't2': 2.32267, 't3': 95.22138, 'N_anc': 478.78884, 'N_yri': 358.22197, 'N_ooa': 922.52346, 'N_ceu': 312.65339, 'N_chb': 320.96017, 'gr_ceu': 1e-05, 'gr_chb': 1e-05, 'm_yri_ooa': 0.0, 'm_yri_ceu': 0.0, 'm_yri_chb': 1e-05, 'm_ceu_chb': 0.0} -67530.57304546131
 
 
x_up: {'t1': 1.79614, 't2': 2.32267, 't3': 95.22138, 'N_anc': 478.78884, 'N_yri': 358.22197, 'N_ooa': 922.52346, 'N_ceu': 312.65339, 'N_chb': 320.96017, 'gr_ceu': 1e-05, 'gr_chb': 1e-05, 'm_yri_ooa': 0.0, 'm_yri_ceu': 0.0, 'm_yri_chb': 0.0, 'm_ceu_chb': 0.0} -67530.57304541959
x: {'t1': 1.79614, 't2': 2.32267, 't3': 95.22138, 'N_anc': 478.78884, 'N_yri': 358.22197, 'N_ooa': 922.52346, 'N_ceu': 312.65339, 'N_chb': 320.96017, 'gr_ceu': 1e-05, 'gr_chb': 1e-05, 'm_yri_ooa': 0.0, 'm_yri_ceu': 0.0, 'm_yri_chb': 0.0, 'm_ceu_chb': 0.0} -67530.57304541959
x_down: {'t1': 1.79614, 't2': 2.32267, 't3': 95.22138, 'N_anc': 478.78884, 'N_yri': 358.22197, 'N_ooa': 922.52346, 'N_ceu': 312.65339, 'N_chb': 320.96017, 'gr_ceu': 1e-05, 'gr_chb': 1e-05, 'm_yri_ooa': 0.0, 'm_yri_ceu': 0.0, 'm_yri_chb': 0.0, 'm_ceu_chb': 1e-05} -67530.57304546183
 
{'t1': 1.79614, 't2': 2.32267, 't3': 95.22138, 'N_anc': 478.78884, 'N_yri': 358.22197, 'N_ooa': 922.52346, 'N_ceu': 312.65339, 'N_chb': 320.96017, 'gr_ceu': 1e-05, 'gr_chb': 1e-05, 'm_yri_ooa': 0.0, 'm_yri_ceu': 0.0, 'm_yri_chb': 0.0, 'm_ceu_chb': 0.0} -67530.57304541959
2026-09-23 12:10:00,999 - INFO - Finished fitting ARG.
2026-09-23 12:10:01,000 - INFO - Finished in 5h 29m 28.6s
2026-09-23 12:10:01,000 - INFO - Estimated: {'t1': 1.79614, 't2': 2.32267, 't3': 95.22138, 'N_anc': 478.78884, 'N_yri': 358.22197, 'N_ooa': 922.52346, 'N_ceu': 312.65339, 'N_chb': 320.96017, 'gr_ceu': 1e-05, 'gr_chb': 1e-05, 'm_yri_ooa': 0.0, 'm_yri_ceu': 0.0, 'm_yri_chb': 0.0, 'm_ceu_chb': 0.0}
2026-09-23 12:10:01,000 - INFO - logp = -67530.57304541959  (true = -115987.79849825357)
2026-09-23 12:10:01,000 - INFO - Pipeline executed succesfully.
