2026-09-23 06:38:34,449 - INFO - Beginning execution of simulate_and_fit_ARG.py in directory /home1/mahj/glike_optimize/opt_scripts

2026-09-23 06:38:34,449 - INFO - Progress is being logged to ../opt_results_glike_3G09_no_m1/ntree_10_rep_3_simulate_ARG.log

2026-09-23 06:38:34,449 - INFO - Parsed the following arguments:
	N_SAMPLES = 1000.0
	SEQUENCE_LENGTH = 30000000.0
	RECOMBINATION_RATE = 1e-08
	SEED = 1
	NUM_TREES = 10
	OPTIMIZER = glike
	MODEL = 3G09
	KAPPA = 10000
	outprefix = ../opt_results_glike_3G09_no_m1/ntree_10_rep_3

2026-09-23 06:38:34,495 - INFO - Sampling 1000 individuals with ploidy 1 in population 1 (name='ceu') at time 0
2026-09-23 06:38:34,497 - INFO - Starting replicate 0
2026-09-23 06:38:34,498 - INFO - model[0] {'name': 'hudson'} started at time=0 nodes=1000 edges=0
2026-09-23 06:38:34,498 - INFO - Running model {'name': 'hudson'} until max time: inf
2026-09-23 06:38:34,513 - INFO - Completed at time=825.393 nodes=4008 edges=12940
2026-09-23 06:38:34,582 - INFO - Finished simulating ARG.
[phase from 0.0 to 19.0]
        admix
ns   0.000006
grs  0.078000

[phase from 19.0 to 411.0]
       afr    eur   asia    pol
admix  0.0  0.198  0.334  0.468
        afr       eur     asia       pol
ns   0.0001  0.000075  0.00004  0.000064
grs  0.0000  0.000000  0.00000  0.000000

[phase from 411.0 to 1040.0]
      afr  eur  asia
afr     1    0     0
eur     0    1     0
asia    0    0     1
pol     0    0     1
        afr       eur     asia
ns   0.0001  0.000075  0.00037
grs  0.0000  0.000000  0.00000

[phase from 1040.0 to 2004.0]
      afr  eur
afr     1    0
eur     0    1
asia    0    1
        afr       eur
ns   0.0001  0.000405
grs  0.0000  0.000000

[phase from 2004.0 to inf]
     A
afr  1
eur  1
            A
ns   0.000375
grs  0.000000

2026-09-23 06:38:34,667 - INFO - Starting glike optimization.
{'t1': 10, 't2': 50, 't3': 100, 'N_anc': 10000, 'N_yri': 10000, 'N_ooa': 10000, 'N_ceu': 10000, 'N_chb': 10000, 'gr_ceu': 0.1, 'gr_chb': 0.1, 'm_yri_ooa': 0.0, 'm_yri_ceu': 0.0, 'm_yri_chb': 0.0, 'm_ceu_chb': 0.0} -96355.9806128653
 
x_up: {'t1': 10.9, 't2': 50, 't3': 100, 'N_anc': 10000, 'N_yri': 10000, 'N_ooa': 10000, 'N_ceu': 10000, 'N_chb': 10000, 'gr_ceu': 0.1, 'gr_chb': 0.1, 'm_yri_ooa': 0.0, 'm_yri_ceu': 0.0, 'm_yri_chb': 0.0, 'm_ceu_chb': 0.0} -96876.66344115278
x: {'t1': 10, 't2': 50, 't3': 100, 'N_anc': 10000, 'N_yri': 10000, 'N_ooa': 10000, 'N_ceu': 10000, 'N_chb': 10000, 'gr_ceu': 0.1, 'gr_chb': 0.1, 'm_yri_ooa': 0.0, 'm_yri_ceu': 0.0, 'm_yri_chb': 0.0, 'm_ceu_chb': 0.0} -96355.9806128653
x_down: {'t1': 9.1, 't2': 50, 't3': 100, 'N_anc': 10000, 'N_yri': 10000, 'N_ooa': 10000, 'N_ceu': 10000, 'N_chb': 10000, 'gr_ceu': 0.1, 'gr_chb': 0.1, 'm_yri_ooa': 0.0, 'm_yri_ceu': 0.0, 'm_yri_chb': 0.0, 'm_ceu_chb': 0.0} -95775.28912911381
 
 
x_up: {'t1': 9.1, 't2': 54.09, 't3': 100, 'N_anc': 10000, 'N_yri': 10000, 'N_ooa': 10000, 'N_ceu': 10000, 'N_chb': 10000, 'gr_ceu': 0.1, 'gr_chb': 0.1, 'm_yri_ooa': 0.0, 'm_yri_ceu': 0.0, 'm_yri_chb': 0.0, 'm_ceu_chb': 0.0} -95780.36508099335
x: {'t1': 9.1, 't2': 50, 't3': 100, 'N_anc': 10000, 'N_yri': 10000, 'N_ooa': 10000, 'N_ceu': 10000, 'N_chb': 10000, 'gr_ceu': 0.1, 'gr_chb': 0.1, 'm_yri_ooa': 0.0, 'm_yri_ceu': 0.0, 'm_yri_chb': 0.0, 'm_ceu_chb': 0.0} -95775.28912911381
x_down: {'t1': 9.1, 't2': 45.91, 't3': 100, 'N_anc': 10000, 'N_yri': 10000, 'N_ooa': 10000, 'N_ceu': 10000, 'N_chb': 10000, 'gr_ceu': 0.1, 'gr_chb': 0.1, 'm_yri_ooa': 0.0, 'm_yri_ceu': 0.0, 'm_yri_chb': 0.0, 'm_ceu_chb': 0.0} -95688.08484761248
 
 
x_up: {'t1': 9.1, 't2': 45.91, 't3': 105.409, 'N_anc': 10000, 'N_yri': 10000, 'N_ooa': 10000, 'N_ceu': 10000, 'N_chb': 10000, 'gr_ceu': 0.1, 'gr_chb': 0.1, 'm_yri_ooa': 0.0, 'm_yri_ceu': 0.0, 'm_yri_chb': 0.0, 'm_ceu_chb': 0.0} -95688.08484761248
x: {'t1': 9.1, 't2': 45.91, 't3': 100, 'N_anc': 10000, 'N_yri': 10000, 'N_ooa': 10000, 'N_ceu': 10000, 'N_chb': 10000, 'gr_ceu': 0.1, 'gr_chb': 0.1, 'm_yri_ooa': 0.0, 'm_yri_ceu': 0.0, 'm_yri_chb': 0.0, 'm_ceu_chb': 0.0} -95688.08484761248
x_down: {'t1': 9.1, 't2': 45.91, 't3': 94.591, 'N_anc': 10000, 'N_yri': 10000, 'N_ooa': 10000, 'N_ceu': 10000, 'N_chb': 10000, 'gr_ceu': 0.1, 'gr_chb': 0.1, 'm_yri_ooa': 0.0, 'm_yri_ceu': 0.0, 'm_yri_chb': 0.0, 'm_ceu_chb': 0.0} -95688.08484761248
 
 
x_up: {'t1': 9.1, 't2': 45.91, 't3': 100, 'N_anc': 10990.0, 'N_yri': 10000, 'N_ooa': 10000, 'N_ceu': 10000, 'N_chb': 10000, 'gr_ceu': 0.1, 'gr_chb': 0.1, 'm_yri_ooa': 0.0, 'm_yri_ceu': 0.0, 'm_yri_chb': 0.0, 'm_ceu_chb': 0.0} -95703.38880114126
x: {'t1': 9.1, 't2': 45.91, 't3': 100, 'N_anc': 10000, 'N_yri': 10000, 'N_ooa': 10000, 'N_ceu': 10000, 'N_chb': 10000, 'gr_ceu': 0.1, 'gr_chb': 0.1, 'm_yri_ooa': 0.0, 'm_yri_ceu': 0.0, 'm_yri_chb': 0.0, 'm_ceu_chb': 0.0} -95688.08484761248
x_down: {'t1': 9.1, 't2': 45.91, 't3': 100, 'N_anc': 9010.0, 'N_yri': 10000, 'N_ooa': 10000, 'N_ceu': 10000, 'N_chb': 10000, 'gr_ceu': 0.1, 'gr_chb': 0.1, 'm_yri_ooa': 0.0, 'm_yri_ceu': 0.0, 'm_yri_chb': 0.0, 'm_ceu_chb': 0.0} -95671.27003905206
 
 
x_up: {'t1': 9.1, 't2': 45.91, 't3': 100, 'N_anc': 9010.0, 'N_yri': 10990.0, 'N_ooa': 10000, 'N_ceu': 10000, 'N_chb': 10000, 'gr_ceu': 0.1, 'gr_chb': 0.1, 'm_yri_ooa': 0.0, 'm_yri_ceu': 0.0, 'm_yri_chb': 0.0, 'm_ceu_chb': 0.0} -95847.45480947314
x: {'t1': 9.1, 't2': 45.91, 't3': 100, 'N_anc': 9010.0, 'N_yri': 10000, 'N_ooa': 10000, 'N_ceu': 10000, 'N_chb': 10000, 'gr_ceu': 0.1, 'gr_chb': 0.1, 'm_yri_ooa': 0.0, 'm_yri_ceu': 0.0, 'm_yri_chb': 0.0, 'm_ceu_chb': 0.0} -95671.27003905206
x_down: {'t1': 9.1, 't2': 45.91, 't3': 100, 'N_anc': 9010.0, 'N_yri': 9010.0, 'N_ooa': 10000, 'N_ceu': 10000, 'N_chb': 10000, 'gr_ceu': 0.1, 'gr_chb': 0.1, 'm_yri_ooa': 0.0, 'm_yri_ceu': 0.0, 'm_yri_chb': 0.0, 'm_ceu_chb': 0.0} -95501.00934629417
 
 
x_up: {'t1': 9.1, 't2': 45.91, 't3': 100, 'N_anc': 9010.0, 'N_yri': 9010.0, 'N_ooa': 10990.0, 'N_ceu': 10000, 'N_chb': 10000, 'gr_ceu': 0.1, 'gr_chb': 0.1, 'm_yri_ooa': 0.0, 'm_yri_ceu': 0.0, 'm_yri_chb': 0.0, 'm_ceu_chb': 0.0} -95624.74520432827
x: {'t1': 9.1, 't2': 45.91, 't3': 100, 'N_anc': 9010.0, 'N_yri': 9010.0, 'N_ooa': 10000, 'N_ceu': 10000, 'N_chb': 10000, 'gr_ceu': 0.1, 'gr_chb': 0.1, 'm_yri_ooa': 0.0, 'm_yri_ceu': 0.0, 'm_yri_chb': 0.0, 'm_ceu_chb': 0.0} -95501.00934629417
x_down: {'t1': 9.1, 't2': 45.91, 't3': 100, 'N_anc': 9010.0, 'N_yri': 9010.0, 'N_ooa': 9010.0, 'N_ceu': 10000, 'N_chb': 10000, 'gr_ceu': 0.1, 'gr_chb': 0.1, 'm_yri_ooa': 0.0, 'm_yri_ceu': 0.0, 'm_yri_chb': 0.0, 'm_ceu_chb': 0.0} -95355.66233897564
 
 
x_up: {'t1': 9.1, 't2': 45.91, 't3': 100, 'N_anc': 9010.0, 'N_yri': 9010.0, 'N_ooa': 9010.0, 'N_ceu': 10990.0, 'N_chb': 10000, 'gr_ceu': 0.1, 'gr_chb': 0.1, 'm_yri_ooa': 0.0, 'm_yri_ceu': 0.0, 'm_yri_chb': 0.0, 'm_ceu_chb': 0.0} -95620.1283382398
x: {'t1': 9.1, 't2': 45.91, 't3': 100, 'N_anc': 9010.0, 'N_yri': 9010.0, 'N_ooa': 9010.0, 'N_ceu': 10000, 'N_chb': 10000, 'gr_ceu': 0.1, 'gr_chb': 0.1, 'm_yri_ooa': 0.0, 'm_yri_ceu': 0.0, 'm_yri_chb': 0.0, 'm_ceu_chb': 0.0} -95355.66233897564
x_down: {'t1': 9.1, 't2': 45.91, 't3': 100, 'N_anc': 9010.0, 'N_yri': 9010.0, 'N_ooa': 9010.0, 'N_ceu': 9010.0, 'N_chb': 10000, 'gr_ceu': 0.1, 'gr_chb': 0.1, 'm_yri_ooa': 0.0, 'm_yri_ceu': 0.0, 'm_yri_chb': 0.0, 'm_ceu_chb': 0.0} -94969.6023689792
 
 
x_up: {'t1': 9.1, 't2': 45.91, 't3': 100, 'N_anc': 9010.0, 'N_yri': 9010.0, 'N_ooa': 9010.0, 'N_ceu': 9010.0, 'N_chb': 10990.0, 'gr_ceu': 0.1, 'gr_chb': 0.1, 'm_yri_ooa': 0.0, 'm_yri_ceu': 0.0, 'm_yri_chb': 0.0, 'm_ceu_chb': 0.0} -95184.55812136347
x: {'t1': 9.1, 't2': 45.91, 't3': 100, 'N_anc': 9010.0, 'N_yri': 9010.0, 'N_ooa': 9010.0, 'N_ceu': 9010.0, 'N_chb': 10000, 'gr_ceu': 0.1, 'gr_chb': 0.1, 'm_yri_ooa': 0.0, 'm_yri_ceu': 0.0, 'm_yri_chb': 0.0, 'm_ceu_chb': 0.0} -94969.6023689792
x_down: {'t1': 9.1, 't2': 45.91, 't3': 100, 'N_anc': 9010.0, 'N_yri': 9010.0, 'N_ooa': 9010.0, 'N_ceu': 9010.0, 'N_chb': 9010.0, 'gr_ceu': 0.1, 'gr_chb': 0.1, 'm_yri_ooa': 0.0, 'm_yri_ceu': 0.0, 'm_yri_chb': 0.0, 'm_ceu_chb': 0.0} -94677.78564232956
 
 
x_up: {'t1': 9.1, 't2': 45.91, 't3': 100, 'N_anc': 9010.0, 'N_yri': 9010.0, 'N_ooa': 9010.0, 'N_ceu': 9010.0, 'N_chb': 9010.0, 'gr_ceu': 0.11, 'gr_chb': 0.1, 'm_yri_ooa': 0.0, 'm_yri_ceu': 0.0, 'm_yri_chb': 0.0, 'm_ceu_chb': 0.0} -94876.39910465985
x: {'t1': 9.1, 't2': 45.91, 't3': 100, 'N_anc': 9010.0, 'N_yri': 9010.0, 'N_ooa': 9010.0, 'N_ceu': 9010.0, 'N_chb': 9010.0, 'gr_ceu': 0.1, 'gr_chb': 0.1, 'm_yri_ooa': 0.0, 'm_yri_ceu': 0.0, 'm_yri_chb': 0.0, 'm_ceu_chb': 0.0} -94677.78564232956
x_down: {'t1': 9.1, 't2': 45.91, 't3': 100, 'N_anc': 9010.0, 'N_yri': 9010.0, 'N_ooa': 9010.0, 'N_ceu': 9010.0, 'N_chb': 9010.0, 'gr_ceu': 0.09, 'gr_chb': 0.1, 'm_yri_ooa': 0.0, 'm_yri_ceu': 0.0, 'm_yri_chb': 0.0, 'm_ceu_chb': 0.0} -94433.36542170962
 
 
x_up: {'t1': 9.1, 't2': 45.91, 't3': 100, 'N_anc': 9010.0, 'N_yri': 9010.0, 'N_ooa': 9010.0, 'N_ceu': 9010.0, 'N_chb': 9010.0, 'gr_ceu': 0.09, 'gr_chb': 0.11, 'm_yri_ooa': 0.0, 'm_yri_ceu': 0.0, 'm_yri_chb': 0.0, 'm_ceu_chb': 0.0} -94599.38445154263
x: {'t1': 9.1, 't2': 45.91, 't3': 100, 'N_anc': 9010.0, 'N_yri': 9010.0, 'N_ooa': 9010.0, 'N_ceu': 9010.0, 'N_chb': 9010.0, 'gr_ceu': 0.09, 'gr_chb': 0.1, 'm_yri_ooa': 0.0, 'm_yri_ceu': 0.0, 'm_yri_chb': 0.0, 'm_ceu_chb': 0.0} -94433.36542170962
x_down: {'t1': 9.1, 't2': 45.91, 't3': 100, 'N_anc': 9010.0, 'N_yri': 9010.0, 'N_ooa': 9010.0, 'N_ceu': 9010.0, 'N_chb': 9010.0, 'gr_ceu': 0.09, 'gr_chb': 0.09, 'm_yri_ooa': 0.0, 'm_yri_ceu': 0.0, 'm_yri_chb': 0.0, 'm_ceu_chb': 0.0} -94232.61165843604
 
 
x_up: {'t1': 9.1, 't2': 45.91, 't3': 100, 'N_anc': 9010.0, 'N_yri': 9010.0, 'N_ooa': 9010.0, 'N_ceu': 9010.0, 'N_chb': 9010.0, 'gr_ceu': 0.09, 'gr_chb': 0.09, 'm_yri_ooa': 0.0, 'm_yri_ceu': 0.0, 'm_yri_chb': 0.0, 'm_ceu_chb': 0.0} -94232.61165843604
x: {'t1': 9.1, 't2': 45.91, 't3': 100, 'N_anc': 9010.0, 'N_yri': 9010.0, 'N_ooa': 9010.0, 'N_ceu': 9010.0, 'N_chb': 9010.0, 'gr_ceu': 0.09, 'gr_chb': 0.09, 'm_yri_ooa': 0.0, 'm_yri_ceu': 0.0, 'm_yri_chb': 0.0, 'm_ceu_chb': 0.0} -94232.61165843604
x_down: {'t1': 9.1, 't2': 45.91, 't3': 100, 'N_anc': 9010.0, 'N_yri': 9010.0, 'N_ooa': 9010.0, 'N_ceu': 9010.0, 'N_chb': 9010.0, 'gr_ceu': 0.09, 'gr_chb': 0.09, 'm_yri_ooa': 1e-05, 'm_yri_ceu': 0.0, 'm_yri_chb': 0.0, 'm_ceu_chb': 0.0} -94138.7463457578
 
 
x_up: {'t1': 9.1, 't2': 45.91, 't3': 100, 'N_anc': 9010.0, 'N_yri': 9010.0, 'N_ooa': 9010.0, 'N_ceu': 9010.0, 'N_chb': 9010.0, 'gr_ceu': 0.09, 'gr_chb': 0.09, 'm_yri_ooa': 1e-05, 'm_yri_ceu': 0.0, 'm_yri_chb': 0.0, 'm_ceu_chb': 0.0} -94138.7463457578
x: {'t1': 9.1, 't2': 45.91, 't3': 100, 'N_anc': 9010.0, 'N_yri': 9010.0, 'N_ooa': 9010.0, 'N_ceu': 9010.0, 'N_chb': 9010.0, 'gr_ceu': 0.09, 'gr_chb': 0.09, 'm_yri_ooa': 1e-05, 'm_yri_ceu': 0.0, 'm_yri_chb': 0.0, 'm_ceu_chb': 0.0} -94138.7463457578
x_down: {'t1': 9.1, 't2': 45.91, 't3': 100, 'N_anc': 9010.0, 'N_yri': 9010.0, 'N_ooa': 9010.0, 'N_ceu': 9010.0, 'N_chb': 9010.0, 'gr_ceu': 0.09, 'gr_chb': 0.09, 'm_yri_ooa': 1e-05, 'm_yri_ceu': 1e-05, 'm_yri_chb': 0.0, 'm_ceu_chb': 0.0} -94138.74634575896
 
 
x_up: {'t1': 9.1, 't2': 45.91, 't3': 100, 'N_anc': 9010.0, 'N_yri': 9010.0, 'N_ooa': 9010.0, 'N_ceu': 9010.0, 'N_chb': 9010.0, 'gr_ceu': 0.09, 'gr_chb': 0.09, 'm_yri_ooa': 1e-05, 'm_yri_ceu': 0.0, 'm_yri_chb': 0.0, 'm_ceu_chb': 0.0} -94138.7463457578
x: {'t1': 9.1, 't2': 45.91, 't3': 100, 'N_anc': 9010.0, 'N_yri': 9010.0, 'N_ooa': 9010.0, 'N_ceu': 9010.0, 'N_chb': 9010.0, 'gr_ceu': 0.09, 'gr_chb': 0.09, 'm_yri_ooa': 1e-05, 'm_yri_ceu': 0.0, 'm_yri_chb': 0.0, 'm_ceu_chb': 0.0} -94138.7463457578
x_down: {'t1': 9.1, 't2': 45.91, 't3': 100, 'N_anc': 9010.0, 'N_yri': 9010.0, 'N_ooa': 9010.0, 'N_ceu': 9010.0, 'N_chb': 9010.0, 'gr_ceu': 0.09, 'gr_chb': 0.09, 'm_yri_ooa': 1e-05, 'm_yri_ceu': 0.0, 'm_yri_chb': 1e-05, 'm_ceu_chb': 0.0} -94138.74634575941
 
 
x_up: {'t1': 9.1, 't2': 45.91, 't3': 100, 'N_anc': 9010.0, 'N_yri': 9010.0, 'N_ooa': 9010.0, 'N_ceu': 9010.0, 'N_chb': 9010.0, 'gr_ceu': 0.09, 'gr_chb': 0.09, 'm_yri_ooa': 1e-05, 'm_yri_ceu': 0.0, 'm_yri_chb': 0.0, 'm_ceu_chb': 0.0} -94138.7463457578
x: {'t1': 9.1, 't2': 45.91, 't3': 100, 'N_anc': 9010.0, 'N_yri': 9010.0, 'N_ooa': 9010.0, 'N_ceu': 9010.0, 'N_chb': 9010.0, 'gr_ceu': 0.09, 'gr_chb': 0.09, 'm_yri_ooa': 1e-05, 'm_yri_ceu': 0.0, 'm_yri_chb': 0.0, 'm_ceu_chb': 0.0} -94138.7463457578
x_down: {'t1': 9.1, 't2': 45.91, 't3': 100, 'N_anc': 9010.0, 'N_yri': 9010.0, 'N_ooa': 9010.0, 'N_ceu': 9010.0, 'N_chb': 9010.0, 'gr_ceu': 0.09, 'gr_chb': 0.09, 'm_yri_ooa': 1e-05, 'm_yri_ceu': 0.0, 'm_yri_chb': 0.0, 'm_ceu_chb': 1e-05} -94138.74634575828
 
{'t1': 9.1, 't2': 45.91, 't3': 100, 'N_anc': 9010.0, 'N_yri': 9010.0, 'N_ooa': 9010.0, 'N_ceu': 9010.0, 'N_chb': 9010.0, 'gr_ceu': 0.09, 'gr_chb': 0.09, 'm_yri_ooa': 1e-05, 'm_yri_ceu': 0.0, 'm_yri_chb': 0.0, 'm_ceu_chb': 0.0} -94138.7463457578
 
x_up: {'t1': 10.315, 't2': 45.91, 't3': 100, 'N_anc': 9010.0, 'N_yri': 9010.0, 'N_ooa': 9010.0, 'N_ceu': 9010.0, 'N_chb': 9010.0, 'gr_ceu': 0.09, 'gr_chb': 0.09, 'm_yri_ooa': 1e-05, 'm_yri_ceu': 0.0, 'm_yri_chb': 0.0, 'm_ceu_chb': 0.0} -94750.5735214325
x: {'t1': 9.1, 't2': 45.91, 't3': 100, 'N_anc': 9010.0, 'N_yri': 9010.0, 'N_ooa': 9010.0, 'N_ceu': 9010.0, 'N_chb': 9010.0, 'gr_ceu': 0.09, 'gr_chb': 0.09, 'm_yri_ooa': 1e-05, 'm_yri_ceu': 0.0, 'm_yri_chb': 0.0, 'm_ceu_chb': 0.0} -94138.7463457578
x_down: {'t1': 7.885, 't2': 45.91, 't3': 100, 'N_anc': 9010.0, 'N_yri': 9010.0, 'N_ooa': 9010.0, 'N_ceu': 9010.0, 'N_chb': 9010.0, 'gr_ceu': 0.09, 'gr_chb': 0.09, 'm_yri_ooa': 1e-05, 'm_yri_ceu': 0.0, 'm_yri_chb': 0.0, 'm_ceu_chb': 0.0} -93458.1021253389
 
 
x_up: {'t1': 7.885, 't2': 51.61375, 't3': 100, 'N_anc': 9010.0, 'N_yri': 9010.0, 'N_ooa': 9010.0, 'N_ceu': 9010.0, 'N_chb': 9010.0, 'gr_ceu': 0.09, 'gr_chb': 0.09, 'm_yri_ooa': 1e-05, 'm_yri_ceu': 0.0, 'm_yri_chb': 0.0, 'm_ceu_chb': 0.0} -93510.97711671193
x: {'t1': 7.885, 't2': 45.91, 't3': 100, 'N_anc': 9010.0, 'N_yri': 9010.0, 'N_ooa': 9010.0, 'N_ceu': 9010.0, 'N_chb': 9010.0, 'gr_ceu': 0.09, 'gr_chb': 0.09, 'm_yri_ooa': 1e-05, 'm_yri_ceu': 0.0, 'm_yri_chb': 0.0, 'm_ceu_chb': 0.0} -93458.1021253389
x_down: {'t1': 7.885, 't2': 40.20625, 't3': 100, 'N_anc': 9010.0, 'N_yri': 9010.0, 'N_ooa': 9010.0, 'N_ceu': 9010.0, 'N_chb': 9010.0, 'gr_ceu': 0.09, 'gr_chb': 0.09, 'm_yri_ooa': 1e-05, 'm_yri_ceu': 0.0, 'm_yri_chb': 0.0, 'm_ceu_chb': 0.0} -93302.88755320352
 
 
x_up: {'t1': 7.885, 't2': 40.20625, 't3': 102.98969, 'N_anc': 9010.0, 'N_yri': 9010.0, 'N_ooa': 9010.0, 'N_ceu': 9010.0, 'N_chb': 9010.0, 'gr_ceu': 0.09, 'gr_chb': 0.09, 'm_yri_ooa': 1e-05, 'm_yri_ceu': 0.0, 'm_yri_chb': 0.0, 'm_ceu_chb': 0.0} -93302.88755320352
x: {'t1': 7.885, 't2': 40.20625, 't3': 100, 'N_anc': 9010.0, 'N_yri': 9010.0, 'N_ooa': 9010.0, 'N_ceu': 9010.0, 'N_chb': 9010.0, 'gr_ceu': 0.09, 'gr_chb': 0.09, 'm_yri_ooa': 1e-05, 'm_yri_ceu': 0.0, 'm_yri_chb': 0.0, 'm_ceu_chb': 0.0} -93302.88755320352
x_down: {'t1': 7.885, 't2': 40.20625, 't3': 97.01031, 'N_anc': 9010.0, 'N_yri': 9010.0, 'N_ooa': 9010.0, 'N_ceu': 9010.0, 'N_chb': 9010.0, 'gr_ceu': 0.09, 'gr_chb': 0.09, 'm_yri_ooa': 1e-05, 'm_yri_ceu': 0.0, 'm_yri_chb': 0.0, 'm_ceu_chb': 0.0} -93302.88755320352
 
 
x_up: {'t1': 7.885, 't2': 40.20625, 't3': 100, 'N_anc': 10346.5, 'N_yri': 9010.0, 'N_ooa': 9010.0, 'N_ceu': 9010.0, 'N_chb': 9010.0, 'gr_ceu': 0.09, 'gr_chb': 0.09, 'm_yri_ooa': 1e-05, 'm_yri_ceu': 0.0, 'm_yri_chb': 0.0, 'm_ceu_chb': 0.0} -93325.21645113353
x: {'t1': 7.885, 't2': 40.20625, 't3': 100, 'N_anc': 9010.0, 'N_yri': 9010.0, 'N_ooa': 9010.0, 'N_ceu': 9010.0, 'N_chb': 9010.0, 'gr_ceu': 0.09, 'gr_chb': 0.09, 'm_yri_ooa': 1e-05, 'm_yri_ceu': 0.0, 'm_yri_chb': 0.0, 'm_ceu_chb': 0.0} -93302.88755320352
x_down: {'t1': 7.885, 't2': 40.20625, 't3': 100, 'N_anc': 7673.5, 'N_yri': 9010.0, 'N_ooa': 9010.0, 'N_ceu': 9010.0, 'N_chb': 9010.0, 'gr_ceu': 0.09, 'gr_chb': 0.09, 'm_yri_ooa': 1e-05, 'm_yri_ceu': 0.0, 'm_yri_chb': 0.0, 'm_ceu_chb': 0.0} -93277.18888221221
 
 
x_up: {'t1': 7.885, 't2': 40.20625, 't3': 100, 'N_anc': 7673.5, 'N_yri': 10346.5, 'N_ooa': 9010.0, 'N_ceu': 9010.0, 'N_chb': 9010.0, 'gr_ceu': 0.09, 'gr_chb': 0.09, 'm_yri_ooa': 1e-05, 'm_yri_ceu': 0.0, 'm_yri_chb': 0.0, 'm_ceu_chb': 0.0} -93551.33556568032
x: {'t1': 7.885, 't2': 40.20625, 't3': 100, 'N_anc': 7673.5, 'N_yri': 9010.0, 'N_ooa': 9010.0, 'N_ceu': 9010.0, 'N_chb': 9010.0, 'gr_ceu': 0.09, 'gr_chb': 0.09, 'm_yri_ooa': 1e-05, 'm_yri_ceu': 0.0, 'm_yri_chb': 0.0, 'm_ceu_chb': 0.0} -93277.18888221221
x_down: {'t1': 7.885, 't2': 40.20625, 't3': 100, 'N_anc': 7673.5, 'N_yri': 7673.5, 'N_ooa': 9010.0, 'N_ceu': 9010.0, 'N_chb': 9010.0, 'gr_ceu': 0.09, 'gr_chb': 0.09, 'm_yri_ooa': 1e-05, 'm_yri_ceu': 0.0, 'm_yri_chb': 0.0, 'm_ceu_chb': 0.0} -92929.0886016907
 
 
x_up: {'t1': 7.885, 't2': 40.20625, 't3': 100, 'N_anc': 7673.5, 'N_yri': 7673.5, 'N_ooa': 10346.5, 'N_ceu': 9010.0, 'N_chb': 9010.0, 'gr_ceu': 0.09, 'gr_chb': 0.09, 'm_yri_ooa': 1e-05, 'm_yri_ceu': 0.0, 'm_yri_chb': 0.0, 'm_ceu_chb': 0.0} -93149.32274175587
x: {'t1': 7.885, 't2': 40.20625, 't3': 100, 'N_anc': 7673.5, 'N_yri': 7673.5, 'N_ooa': 9010.0, 'N_ceu': 9010.0, 'N_chb': 9010.0, 'gr_ceu': 0.09, 'gr_chb': 0.09, 'm_yri_ooa': 1e-05, 'm_yri_ceu': 0.0, 'm_yri_chb': 0.0, 'm_ceu_chb': 0.0} -92929.0886016907
x_down: {'t1': 7.885, 't2': 40.20625, 't3': 100, 'N_anc': 7673.5, 'N_yri': 7673.5, 'N_ooa': 7673.5, 'N_ceu': 9010.0, 'N_chb': 9010.0, 'gr_ceu': 0.09, 'gr_chb': 0.09, 'm_yri_ooa': 1e-05, 'm_yri_ceu': 0.0, 'm_yri_chb': 0.0, 'm_ceu_chb': 0.0} -92720.30121470384
 
 
x_up: {'t1': 7.885, 't2': 40.20625, 't3': 100, 'N_anc': 7673.5, 'N_yri': 7673.5, 'N_ooa': 7673.5, 'N_ceu': 10346.5, 'N_chb': 9010.0, 'gr_ceu': 0.09, 'gr_chb': 0.09, 'm_yri_ooa': 1e-05, 'm_yri_ceu': 0.0, 'm_yri_chb': 0.0, 'm_ceu_chb': 0.0} -93103.35969695766
x: {'t1': 7.885, 't2': 40.20625, 't3': 100, 'N_anc': 7673.5, 'N_yri': 7673.5, 'N_ooa': 7673.5, 'N_ceu': 9010.0, 'N_chb': 9010.0, 'gr_ceu': 0.09, 'gr_chb': 0.09, 'm_yri_ooa': 1e-05, 'm_yri_ceu': 0.0, 'm_yri_chb': 0.0, 'm_ceu_chb': 0.0} -92720.30121470384
x_down: {'t1': 7.885, 't2': 40.20625, 't3': 100, 'N_anc': 7673.5, 'N_yri': 7673.5, 'N_ooa': 7673.5, 'N_ceu': 7673.5, 'N_chb': 9010.0, 'gr_ceu': 0.09, 'gr_chb': 0.09, 'm_yri_ooa': 1e-05, 'm_yri_ceu': 0.0, 'm_yri_chb': 0.0, 'm_ceu_chb': 0.0} -92169.5776283847
 
 
x_up: {'t1': 7.885, 't2': 40.20625, 't3': 100, 'N_anc': 7673.5, 'N_yri': 7673.5, 'N_ooa': 7673.5, 'N_ceu': 7673.5, 'N_chb': 10346.5, 'gr_ceu': 0.09, 'gr_chb': 0.09, 'm_yri_ooa': 1e-05, 'm_yri_ceu': 0.0, 'm_yri_chb': 0.0, 'm_ceu_chb': 0.0} -92446.72038161127
x: {'t1': 7.885, 't2': 40.20625, 't3': 100, 'N_anc': 7673.5, 'N_yri': 7673.5, 'N_ooa': 7673.5, 'N_ceu': 7673.5, 'N_chb': 9010.0, 'gr_ceu': 0.09, 'gr_chb': 0.09, 'm_yri_ooa': 1e-05, 'm_yri_ceu': 0.0, 'm_yri_chb': 0.0, 'm_ceu_chb': 0.0} -92169.5776283847
x_down: {'t1': 7.885, 't2': 40.20625, 't3': 100, 'N_anc': 7673.5, 'N_yri': 7673.5, 'N_ooa': 7673.5, 'N_ceu': 7673.5, 'N_chb': 7673.5, 'gr_ceu': 0.09, 'gr_chb': 0.09, 'm_yri_ooa': 1e-05, 'm_yri_ceu': 0.0, 'm_yri_chb': 0.0, 'm_ceu_chb': 0.0} -91751.658646916
 
 
x_up: {'t1': 7.885, 't2': 40.20625, 't3': 100, 'N_anc': 7673.5, 'N_yri': 7673.5, 'N_ooa': 7673.5, 'N_ceu': 7673.5, 'N_chb': 7673.5, 'gr_ceu': 0.1035, 'gr_chb': 0.09, 'm_yri_ooa': 1e-05, 'm_yri_ceu': 0.0, 'm_yri_chb': 0.0, 'm_ceu_chb': 0.0} -91973.64008526194
x: {'t1': 7.885, 't2': 40.20625, 't3': 100, 'N_anc': 7673.5, 'N_yri': 7673.5, 'N_ooa': 7673.5, 'N_ceu': 7673.5, 'N_chb': 7673.5, 'gr_ceu': 0.09, 'gr_chb': 0.09, 'm_yri_ooa': 1e-05, 'm_yri_ceu': 0.0, 'm_yri_chb': 0.0, 'm_ceu_chb': 0.0} -91751.658646916
x_down: {'t1': 7.885, 't2': 40.20625, 't3': 100, 'N_anc': 7673.5, 'N_yri': 7673.5, 'N_ooa': 7673.5, 'N_ceu': 7673.5, 'N_chb': 7673.5, 'gr_ceu': 0.0765, 'gr_chb': 0.09, 'm_yri_ooa': 1e-05, 'm_yri_ceu': 0.0, 'm_yri_chb': 0.0, 'm_ceu_chb': 0.0} -91494.2178058396
 
 
x_up: {'t1': 7.885, 't2': 40.20625, 't3': 100, 'N_anc': 7673.5, 'N_yri': 7673.5, 'N_ooa': 7673.5, 'N_ceu': 7673.5, 'N_chb': 7673.5, 'gr_ceu': 0.0765, 'gr_chb': 0.1035, 'm_yri_ooa': 1e-05, 'm_yri_ceu': 0.0, 'm_yri_chb': 0.0, 'm_ceu_chb': 0.0} -91684.15090459977
x: {'t1': 7.885, 't2': 40.20625, 't3': 100, 'N_anc': 7673.5, 'N_yri': 7673.5, 'N_ooa': 7673.5, 'N_ceu': 7673.5, 'N_chb': 7673.5, 'gr_ceu': 0.0765, 'gr_chb': 0.09, 'm_yri_ooa': 1e-05, 'm_yri_ceu': 0.0, 'm_yri_chb': 0.0, 'm_ceu_chb': 0.0} -91494.2178058396
x_down: {'t1': 7.885, 't2': 40.20625, 't3': 100, 'N_anc': 7673.5, 'N_yri': 7673.5, 'N_ooa': 7673.5, 'N_ceu': 7673.5, 'N_chb': 7673.5, 'gr_ceu': 0.0765, 'gr_chb': 0.0765, 'm_yri_ooa': 1e-05, 'm_yri_ceu': 0.0, 'm_yri_chb': 0.0, 'm_ceu_chb': 0.0} -91278.73430871741
 
 
x_up: {'t1': 7.885, 't2': 40.20625, 't3': 100, 'N_anc': 7673.5, 'N_yri': 7673.5, 'N_ooa': 7673.5, 'N_ceu': 7673.5, 'N_chb': 7673.5, 'gr_ceu': 0.0765, 'gr_chb': 0.0765, 'm_yri_ooa': 0.0, 'm_yri_ceu': 0.0, 'm_yri_chb': 0.0, 'm_ceu_chb': 0.0} -91309.13753839629
x: {'t1': 7.885, 't2': 40.20625, 't3': 100, 'N_anc': 7673.5, 'N_yri': 7673.5, 'N_ooa': 7673.5, 'N_ceu': 7673.5, 'N_chb': 7673.5, 'gr_ceu': 0.0765, 'gr_chb': 0.0765, 'm_yri_ooa': 1e-05, 'm_yri_ceu': 0.0, 'm_yri_chb': 0.0, 'm_ceu_chb': 0.0} -91278.73430871741
x_down: {'t1': 7.885, 't2': 40.20625, 't3': 100, 'N_anc': 7673.5, 'N_yri': 7673.5, 'N_ooa': 7673.5, 'N_ceu': 7673.5, 'N_chb': 7673.5, 'gr_ceu': 0.0765, 'gr_chb': 0.0765, 'm_yri_ooa': 1e-05, 'm_yri_ceu': 0.0, 'm_yri_chb': 0.0, 'm_ceu_chb': 0.0} -91278.73430871741
 
 
x_up: {'t1': 7.885, 't2': 40.20625, 't3': 100, 'N_anc': 7673.5, 'N_yri': 7673.5, 'N_ooa': 7673.5, 'N_ceu': 7673.5, 'N_chb': 7673.5, 'gr_ceu': 0.0765, 'gr_chb': 0.0765, 'm_yri_ooa': 1e-05, 'm_yri_ceu': 0.0, 'm_yri_chb': 0.0, 'm_ceu_chb': 0.0} -91278.73430871741
x: {'t1': 7.885, 't2': 40.20625, 't3': 100, 'N_anc': 7673.5, 'N_yri': 7673.5, 'N_ooa': 7673.5, 'N_ceu': 7673.5, 'N_chb': 7673.5, 'gr_ceu': 0.0765, 'gr_chb': 0.0765, 'm_yri_ooa': 1e-05, 'm_yri_ceu': 0.0, 'm_yri_chb': 0.0, 'm_ceu_chb': 0.0} -91278.73430871741
x_down: {'t1': 7.885, 't2': 40.20625, 't3': 100, 'N_anc': 7673.5, 'N_yri': 7673.5, 'N_ooa': 7673.5, 'N_ceu': 7673.5, 'N_chb': 7673.5, 'gr_ceu': 0.0765, 'gr_chb': 0.0765, 'm_yri_ooa': 1e-05, 'm_yri_ceu': 1e-05, 'm_yri_chb': 0.0, 'm_ceu_chb': 0.0} -91278.73430871149
 
 
x_up: {'t1': 7.885, 't2': 40.20625, 't3': 100, 'N_anc': 7673.5, 'N_yri': 7673.5, 'N_ooa': 7673.5, 'N_ceu': 7673.5, 'N_chb': 7673.5, 'gr_ceu': 0.0765, 'gr_chb': 0.0765, 'm_yri_ooa': 1e-05, 'm_yri_ceu': 1e-05, 'm_yri_chb': 0.0, 'm_ceu_chb': 0.0} -91278.73430871149
x: {'t1': 7.885, 't2': 40.20625, 't3': 100, 'N_anc': 7673.5, 'N_yri': 7673.5, 'N_ooa': 7673.5, 'N_ceu': 7673.5, 'N_chb': 7673.5, 'gr_ceu': 0.0765, 'gr_chb': 0.0765, 'm_yri_ooa': 1e-05, 'm_yri_ceu': 1e-05, 'm_yri_chb': 0.0, 'm_ceu_chb': 0.0} -91278.73430871149
x_down: {'t1': 7.885, 't2': 40.20625, 't3': 100, 'N_anc': 7673.5, 'N_yri': 7673.5, 'N_ooa': 7673.5, 'N_ceu': 7673.5, 'N_chb': 7673.5, 'gr_ceu': 0.0765, 'gr_chb': 0.0765, 'm_yri_ooa': 1e-05, 'm_yri_ceu': 1e-05, 'm_yri_chb': 1e-05, 'm_ceu_chb': 0.0} -91278.73430871146
 
 
x_up: {'t1': 7.885, 't2': 40.20625, 't3': 100, 'N_anc': 7673.5, 'N_yri': 7673.5, 'N_ooa': 7673.5, 'N_ceu': 7673.5, 'N_chb': 7673.5, 'gr_ceu': 0.0765, 'gr_chb': 0.0765, 'm_yri_ooa': 1e-05, 'm_yri_ceu': 1e-05, 'm_yri_chb': 1e-05, 'm_ceu_chb': 0.0} -91278.73430871146
x: {'t1': 7.885, 't2': 40.20625, 't3': 100, 'N_anc': 7673.5, 'N_yri': 7673.5, 'N_ooa': 7673.5, 'N_ceu': 7673.5, 'N_chb': 7673.5, 'gr_ceu': 0.0765, 'gr_chb': 0.0765, 'm_yri_ooa': 1e-05, 'm_yri_ceu': 1e-05, 'm_yri_chb': 1e-05, 'm_ceu_chb': 0.0} -91278.73430871146
x_down: {'t1': 7.885, 't2': 40.20625, 't3': 100, 'N_anc': 7673.5, 'N_yri': 7673.5, 'N_ooa': 7673.5, 'N_ceu': 7673.5, 'N_chb': 7673.5, 'gr_ceu': 0.0765, 'gr_chb': 0.0765, 'm_yri_ooa': 1e-05, 'm_yri_ceu': 1e-05, 'm_yri_chb': 1e-05, 'm_ceu_chb': 1e-05} -91278.73430871117
 
{'t1': 7.885, 't2': 40.20625, 't3': 100, 'N_anc': 7673.5, 'N_yri': 7673.5, 'N_ooa': 7673.5, 'N_ceu': 7673.5, 'N_chb': 7673.5, 'gr_ceu': 0.0765, 'gr_chb': 0.0765, 'm_yri_ooa': 1e-05, 'm_yri_ceu': 1e-05, 'm_yri_chb': 1e-05, 'm_ceu_chb': 1e-05} -91278.73430871117
 
x_up: {'t1': 9.43412, 't2': 40.20625, 't3': 100, 'N_anc': 7673.5, 'N_yri': 7673.5, 'N_ooa': 7673.5, 'N_ceu': 7673.5, 'N_chb': 7673.5, 'gr_ceu': 0.0765, 'gr_chb': 0.0765, 'm_yri_ooa': 1e-05, 'm_yri_ceu': 1e-05, 'm_yri_chb': 1e-05, 'm_ceu_chb': 1e-05} -91952.76426541965
x: {'t1': 7.885, 't2': 40.20625, 't3': 100, 'N_anc': 7673.5, 'N_yri': 7673.5, 'N_ooa': 7673.5, 'N_ceu': 7673.5, 'N_chb': 7673.5, 'gr_ceu': 0.0765, 'gr_chb': 0.0765, 'm_yri_ooa': 1e-05, 'm_yri_ceu': 1e-05, 'm_yri_chb': 1e-05, 'm_ceu_chb': 1e-05} -91278.73430871117
x_down: {'t1': 6.33587, 't2': 40.20625, 't3': 100, 'N_anc': 7673.5, 'N_yri': 7673.5, 'N_ooa': 7673.5, 'N_ceu': 7673.5, 'N_chb': 7673.5, 'gr_ceu': 0.0765, 'gr_chb': 0.0765, 'm_yri_ooa': 1e-05, 'm_yri_ceu': 1e-05, 'm_yri_chb': 1e-05, 'm_ceu_chb': 1e-05} -90426.76999138307
 
 
x_up: {'t1': 6.33587, 't2': 47.82709, 't3': 100, 'N_anc': 7673.5, 'N_yri': 7673.5, 'N_ooa': 7673.5, 'N_ceu': 7673.5, 'N_chb': 7673.5, 'gr_ceu': 0.0765, 'gr_chb': 0.0765, 'm_yri_ooa': 1e-05, 'm_yri_ceu': 1e-05, 'm_yri_chb': 1e-05, 'm_ceu_chb': 1e-05} -90541.5045820682
x: {'t1': 6.33587, 't2': 40.20625, 't3': 100, 'N_anc': 7673.5, 'N_yri': 7673.5, 'N_ooa': 7673.5, 'N_ceu': 7673.5, 'N_chb': 7673.5, 'gr_ceu': 0.0765, 'gr_chb': 0.0765, 'm_yri_ooa': 1e-05, 'm_yri_ceu': 1e-05, 'm_yri_chb': 1e-05, 'm_ceu_chb': 1e-05} -90426.76999138307
x_down: {'t1': 6.33587, 't2': 32.58541, 't3': 100, 'N_anc': 7673.5, 'N_yri': 7673.5, 'N_ooa': 7673.5, 'N_ceu': 7673.5, 'N_chb': 7673.5, 'gr_ceu': 0.0765, 'gr_chb': 0.0765, 'm_yri_ooa': 1e-05, 'm_yri_ceu': 1e-05, 'm_yri_chb': 1e-05, 'm_ceu_chb': 1e-05} -90309.55968926124
 
 
x_up: {'t1': 6.33587, 't2': 32.58541, 't3': 103.37073, 'N_anc': 7673.5, 'N_yri': 7673.5, 'N_ooa': 7673.5, 'N_ceu': 7673.5, 'N_chb': 7673.5, 'gr_ceu': 0.0765, 'gr_chb': 0.0765, 'm_yri_ooa': 1e-05, 'm_yri_ceu': 1e-05, 'm_yri_chb': 1e-05, 'm_ceu_chb': 1e-05} -90309.55968926124
x: {'t1': 6.33587, 't2': 32.58541, 't3': 100, 'N_anc': 7673.5, 'N_yri': 7673.5, 'N_ooa': 7673.5, 'N_ceu': 7673.5, 'N_chb': 7673.5, 'gr_ceu': 0.0765, 'gr_chb': 0.0765, 'm_yri_ooa': 1e-05, 'm_yri_ceu': 1e-05, 'm_yri_chb': 1e-05, 'm_ceu_chb': 1e-05} -90309.55968926124
x_down: {'t1': 6.33587, 't2': 32.58541, 't3': 96.62927, 'N_anc': 7673.5, 'N_yri': 7673.5, 'N_ooa': 7673.5, 'N_ceu': 7673.5, 'N_chb': 7673.5, 'gr_ceu': 0.0765, 'gr_chb': 0.0765, 'm_yri_ooa': 1e-05, 'm_yri_ceu': 1e-05, 'm_yri_chb': 1e-05, 'm_ceu_chb': 1e-05} -90309.55968926124
 
 
x_up: {'t1': 6.33587, 't2': 32.58541, 't3': 100, 'N_anc': 9377.5375, 'N_yri': 7673.5, 'N_ooa': 7673.5, 'N_ceu': 7673.5, 'N_chb': 7673.5, 'gr_ceu': 0.0765, 'gr_chb': 0.0765, 'm_yri_ooa': 1e-05, 'm_yri_ceu': 1e-05, 'm_yri_chb': 1e-05, 'm_ceu_chb': 1e-05} -90341.69597241512
x: {'t1': 6.33587, 't2': 32.58541, 't3': 100, 'N_anc': 7673.5, 'N_yri': 7673.5, 'N_ooa': 7673.5, 'N_ceu': 7673.5, 'N_chb': 7673.5, 'gr_ceu': 0.0765, 'gr_chb': 0.0765, 'm_yri_ooa': 1e-05, 'm_yri_ceu': 1e-05, 'm_yri_chb': 1e-05, 'm_ceu_chb': 1e-05} -90309.55968926124
x_down: {'t1': 6.33587, 't2': 32.58541, 't3': 100, 'N_anc': 5969.4625, 'N_yri': 7673.5, 'N_ooa': 7673.5, 'N_ceu': 7673.5, 'N_chb': 7673.5, 'gr_ceu': 0.0765, 'gr_chb': 0.0765, 'm_yri_ooa': 1e-05, 'm_yri_ceu': 1e-05, 'm_yri_chb': 1e-05, 'm_ceu_chb': 1e-05} -90269.94310202761
 
 
x_up: {'t1': 6.33587, 't2': 32.58541, 't3': 100, 'N_anc': 5969.4625, 'N_yri': 9377.5375, 'N_ooa': 7673.5, 'N_ceu': 7673.5, 'N_chb': 7673.5, 'gr_ceu': 0.0765, 'gr_chb': 0.0765, 'm_yri_ooa': 1e-05, 'm_yri_ceu': 1e-05, 'm_yri_chb': 1e-05, 'm_ceu_chb': 1e-05} -90615.16854217126
x: {'t1': 6.33587, 't2': 32.58541, 't3': 100, 'N_anc': 5969.4625, 'N_yri': 7673.5, 'N_ooa': 7673.5, 'N_ceu': 7673.5, 'N_chb': 7673.5, 'gr_ceu': 0.0765, 'gr_chb': 0.0765, 'm_yri_ooa': 1e-05, 'm_yri_ceu': 1e-05, 'm_yri_chb': 1e-05, 'm_ceu_chb': 1e-05} -90269.94310202761
x_down: {'t1': 6.33587, 't2': 32.58541, 't3': 100, 'N_anc': 5969.4625, 'N_yri': 5969.4625, 'N_ooa': 7673.5, 'N_ceu': 7673.5, 'N_chb': 7673.5, 'gr_ceu': 0.0765, 'gr_chb': 0.0765, 'm_yri_ooa': 1e-05, 'm_yri_ceu': 1e-05, 'm_yri_chb': 1e-05, 'm_ceu_chb': 1e-05} -89842.94921516441
 
 
x_up: {'t1': 6.33587, 't2': 32.58541, 't3': 100, 'N_anc': 5969.4625, 'N_yri': 5969.4625, 'N_ooa': 9377.5375, 'N_ceu': 7673.5, 'N_chb': 7673.5, 'gr_ceu': 0.0765, 'gr_chb': 0.0765, 'm_yri_ooa': 1e-05, 'm_yri_ceu': 1e-05, 'm_yri_chb': 1e-05, 'm_ceu_chb': 1e-05} -90202.12200199568
x: {'t1': 6.33587, 't2': 32.58541, 't3': 100, 'N_anc': 5969.4625, 'N_yri': 5969.4625, 'N_ooa': 7673.5, 'N_ceu': 7673.5, 'N_chb': 7673.5, 'gr_ceu': 0.0765, 'gr_chb': 0.0765, 'm_yri_ooa': 1e-05, 'm_yri_ceu': 1e-05, 'm_yri_chb': 1e-05, 'm_ceu_chb': 1e-05} -89842.94921516441
x_down: {'t1': 6.33587, 't2': 32.58541, 't3': 100, 'N_anc': 5969.4625, 'N_yri': 5969.4625, 'N_ooa': 5969.4625, 'N_ceu': 7673.5, 'N_chb': 7673.5, 'gr_ceu': 0.0765, 'gr_chb': 0.0765, 'm_yri_ooa': 1e-05, 'm_yri_ceu': 1e-05, 'm_yri_chb': 1e-05, 'm_ceu_chb': 1e-05} -89374.40901927355
 
 
x_up: {'t1': 6.33587, 't2': 32.58541, 't3': 100, 'N_anc': 5969.4625, 'N_yri': 5969.4625, 'N_ooa': 5969.4625, 'N_ceu': 9377.5375, 'N_chb': 7673.5, 'gr_ceu': 0.0765, 'gr_chb': 0.0765, 'm_yri_ooa': 1e-05, 'm_yri_ceu': 1e-05, 'm_yri_chb': 1e-05, 'm_ceu_chb': 1e-05} -89865.74758475582
x: {'t1': 6.33587, 't2': 32.58541, 't3': 100, 'N_anc': 5969.4625, 'N_yri': 5969.4625, 'N_ooa': 5969.4625, 'N_ceu': 7673.5, 'N_chb': 7673.5, 'gr_ceu': 0.0765, 'gr_chb': 0.0765, 'm_yri_ooa': 1e-05, 'm_yri_ceu': 1e-05, 'm_yri_chb': 1e-05, 'm_ceu_chb': 1e-05} -89374.40901927355
x_down: {'t1': 6.33587, 't2': 32.58541, 't3': 100, 'N_anc': 5969.4625, 'N_yri': 5969.4625, 'N_ooa': 5969.4625, 'N_ceu': 5969.4625, 'N_chb': 7673.5, 'gr_ceu': 0.0765, 'gr_chb': 0.0765, 'm_yri_ooa': 1e-05, 'm_yri_ceu': 1e-05, 'm_yri_chb': 1e-05, 'm_ceu_chb': 1e-05} -88518.9532574528
 
 
x_up: {'t1': 6.33587, 't2': 32.58541, 't3': 100, 'N_anc': 5969.4625, 'N_yri': 5969.4625, 'N_ooa': 5969.4625, 'N_ceu': 5969.4625, 'N_chb': 9377.5375, 'gr_ceu': 0.0765, 'gr_chb': 0.0765, 'm_yri_ooa': 1e-05, 'm_yri_ceu': 1e-05, 'm_yri_chb': 1e-05, 'm_ceu_chb': 1e-05} -88896.57309382607
x: {'t1': 6.33587, 't2': 32.58541, 't3': 100, 'N_anc': 5969.4625, 'N_yri': 5969.4625, 'N_ooa': 5969.4625, 'N_ceu': 5969.4625, 'N_chb': 7673.5, 'gr_ceu': 0.0765, 'gr_chb': 0.0765, 'm_yri_ooa': 1e-05, 'm_yri_ceu': 1e-05, 'm_yri_chb': 1e-05, 'm_ceu_chb': 1e-05} -88518.9532574528
x_down: {'t1': 6.33587, 't2': 32.58541, 't3': 100, 'N_anc': 5969.4625, 'N_yri': 5969.4625, 'N_ooa': 5969.4625, 'N_ceu': 5969.4625, 'N_chb': 5969.4625, 'gr_ceu': 0.0765, 'gr_chb': 0.0765, 'm_yri_ooa': 1e-05, 'm_yri_ceu': 1e-05, 'm_yri_chb': 1e-05, 'm_ceu_chb': 1e-05} -87935.3652921232
 
 
x_up: {'t1': 6.33587, 't2': 32.58541, 't3': 100, 'N_anc': 5969.4625, 'N_yri': 5969.4625, 'N_ooa': 5969.4625, 'N_ceu': 5969.4625, 'N_chb': 5969.4625, 'gr_ceu': 0.09371, 'gr_chb': 0.0765, 'm_yri_ooa': 1e-05, 'm_yri_ceu': 1e-05, 'm_yri_chb': 1e-05, 'm_ceu_chb': 1e-05} -88141.29149380924
x: {'t1': 6.33587, 't2': 32.58541, 't3': 100, 'N_anc': 5969.4625, 'N_yri': 5969.4625, 'N_ooa': 5969.4625, 'N_ceu': 5969.4625, 'N_chb': 5969.4625, 'gr_ceu': 0.0765, 'gr_chb': 0.0765, 'm_yri_ooa': 1e-05, 'm_yri_ceu': 1e-05, 'm_yri_chb': 1e-05, 'm_ceu_chb': 1e-05} -87935.3652921232
x_down: {'t1': 6.33587, 't2': 32.58541, 't3': 100, 'N_anc': 5969.4625, 'N_yri': 5969.4625, 'N_ooa': 5969.4625, 'N_ceu': 5969.4625, 'N_chb': 5969.4625, 'gr_ceu': 0.05929, 'gr_chb': 0.0765, 'm_yri_ooa': 1e-05, 'm_yri_ceu': 1e-05, 'm_yri_chb': 1e-05, 'm_ceu_chb': 1e-05} -87692.09224752018
 
 
x_up: {'t1': 6.33587, 't2': 32.58541, 't3': 100, 'N_anc': 5969.4625, 'N_yri': 5969.4625, 'N_ooa': 5969.4625, 'N_ceu': 5969.4625, 'N_chb': 5969.4625, 'gr_ceu': 0.05929, 'gr_chb': 0.09371, 'm_yri_ooa': 1e-05, 'm_yri_ceu': 1e-05, 'm_yri_chb': 1e-05, 'm_ceu_chb': 1e-05} -87871.48037274276
x: {'t1': 6.33587, 't2': 32.58541, 't3': 100, 'N_anc': 5969.4625, 'N_yri': 5969.4625, 'N_ooa': 5969.4625, 'N_ceu': 5969.4625, 'N_chb': 5969.4625, 'gr_ceu': 0.05929, 'gr_chb': 0.0765, 'm_yri_ooa': 1e-05, 'm_yri_ceu': 1e-05, 'm_yri_chb': 1e-05, 'm_ceu_chb': 1e-05} -87692.09224752018
x_down: {'t1': 6.33587, 't2': 32.58541, 't3': 100, 'N_anc': 5969.4625, 'N_yri': 5969.4625, 'N_ooa': 5969.4625, 'N_ceu': 5969.4625, 'N_chb': 5969.4625, 'gr_ceu': 0.05929, 'gr_chb': 0.05929, 'm_yri_ooa': 1e-05, 'm_yri_ceu': 1e-05, 'm_yri_chb': 1e-05, 'm_ceu_chb': 1e-05} -87485.16422299322
 
 
x_up: {'t1': 6.33587, 't2': 32.58541, 't3': 100, 'N_anc': 5969.4625, 'N_yri': 5969.4625, 'N_ooa': 5969.4625, 'N_ceu': 5969.4625, 'N_chb': 5969.4625, 'gr_ceu': 0.05929, 'gr_chb': 0.05929, 'm_yri_ooa': 0.0, 'm_yri_ceu': 1e-05, 'm_yri_chb': 1e-05, 'm_ceu_chb': 1e-05} -87491.36439584098
x: {'t1': 6.33587, 't2': 32.58541, 't3': 100, 'N_anc': 5969.4625, 'N_yri': 5969.4625, 'N_ooa': 5969.4625, 'N_ceu': 5969.4625, 'N_chb': 5969.4625, 'gr_ceu': 0.05929, 'gr_chb': 0.05929, 'm_yri_ooa': 1e-05, 'm_yri_ceu': 1e-05, 'm_yri_chb': 1e-05, 'm_ceu_chb': 1e-05} -87485.16422299322
x_down: {'t1': 6.33587, 't2': 32.58541, 't3': 100, 'N_anc': 5969.4625, 'N_yri': 5969.4625, 'N_ooa': 5969.4625, 'N_ceu': 5969.4625, 'N_chb': 5969.4625, 'gr_ceu': 0.05929, 'gr_chb': 0.05929, 'm_yri_ooa': 1e-05, 'm_yri_ceu': 1e-05, 'm_yri_chb': 1e-05, 'm_ceu_chb': 1e-05} -87485.16422299322
 
 
x_up: {'t1': 6.33587, 't2': 32.58541, 't3': 100, 'N_anc': 5969.4625, 'N_yri': 5969.4625, 'N_ooa': 5969.4625, 'N_ceu': 5969.4625, 'N_chb': 5969.4625, 'gr_ceu': 0.05929, 'gr_chb': 0.05929, 'm_yri_ooa': 1e-05, 'm_yri_ceu': 0.0, 'm_yri_chb': 1e-05, 'm_ceu_chb': 1e-05} -87485.16422299543
x: {'t1': 6.33587, 't2': 32.58541, 't3': 100, 'N_anc': 5969.4625, 'N_yri': 5969.4625, 'N_ooa': 5969.4625, 'N_ceu': 5969.4625, 'N_chb': 5969.4625, 'gr_ceu': 0.05929, 'gr_chb': 0.05929, 'm_yri_ooa': 1e-05, 'm_yri_ceu': 1e-05, 'm_yri_chb': 1e-05, 'm_ceu_chb': 1e-05} -87485.16422299322
x_down: {'t1': 6.33587, 't2': 32.58541, 't3': 100, 'N_anc': 5969.4625, 'N_yri': 5969.4625, 'N_ooa': 5969.4625, 'N_ceu': 5969.4625, 'N_chb': 5969.4625, 'gr_ceu': 0.05929, 'gr_chb': 0.05929, 'm_yri_ooa': 1e-05, 'm_yri_ceu': 1e-05, 'm_yri_chb': 1e-05, 'm_ceu_chb': 1e-05} -87485.16422299322
 
 
x_up: {'t1': 6.33587, 't2': 32.58541, 't3': 100, 'N_anc': 5969.4625, 'N_yri': 5969.4625, 'N_ooa': 5969.4625, 'N_ceu': 5969.4625, 'N_chb': 5969.4625, 'gr_ceu': 0.05929, 'gr_chb': 0.05929, 'm_yri_ooa': 1e-05, 'm_yri_ceu': 1e-05, 'm_yri_chb': 0.0, 'm_ceu_chb': 1e-05} -87485.1642229953
x: {'t1': 6.33587, 't2': 32.58541, 't3': 100, 'N_anc': 5969.4625, 'N_yri': 5969.4625, 'N_ooa': 5969.4625, 'N_ceu': 5969.4625, 'N_chb': 5969.4625, 'gr_ceu': 0.05929, 'gr_chb': 0.05929, 'm_yri_ooa': 1e-05, 'm_yri_ceu': 1e-05, 'm_yri_chb': 1e-05, 'm_ceu_chb': 1e-05} -87485.16422299322
x_down: {'t1': 6.33587, 't2': 32.58541, 't3': 100, 'N_anc': 5969.4625, 'N_yri': 5969.4625, 'N_ooa': 5969.4625, 'N_ceu': 5969.4625, 'N_chb': 5969.4625, 'gr_ceu': 0.05929, 'gr_chb': 0.05929, 'm_yri_ooa': 1e-05, 'm_yri_ceu': 1e-05, 'm_yri_chb': 1e-05, 'm_ceu_chb': 1e-05} -87485.16422299322
 
 
x_up: {'t1': 6.33587, 't2': 32.58541, 't3': 100, 'N_anc': 5969.4625, 'N_yri': 5969.4625, 'N_ooa': 5969.4625, 'N_ceu': 5969.4625, 'N_chb': 5969.4625, 'gr_ceu': 0.05929, 'gr_chb': 0.05929, 'm_yri_ooa': 1e-05, 'm_yri_ceu': 1e-05, 'm_yri_chb': 1e-05, 'm_ceu_chb': 0.0} -87485.16422299336
x: {'t1': 6.33587, 't2': 32.58541, 't3': 100, 'N_anc': 5969.4625, 'N_yri': 5969.4625, 'N_ooa': 5969.4625, 'N_ceu': 5969.4625, 'N_chb': 5969.4625, 'gr_ceu': 0.05929, 'gr_chb': 0.05929, 'm_yri_ooa': 1e-05, 'm_yri_ceu': 1e-05, 'm_yri_chb': 1e-05, 'm_ceu_chb': 1e-05} -87485.16422299322
x_down: {'t1': 6.33587, 't2': 32.58541, 't3': 100, 'N_anc': 5969.4625, 'N_yri': 5969.4625, 'N_ooa': 5969.4625, 'N_ceu': 5969.4625, 'N_chb': 5969.4625, 'gr_ceu': 0.05929, 'gr_chb': 0.05929, 'm_yri_ooa': 1e-05, 'm_yri_ceu': 1e-05, 'm_yri_chb': 1e-05, 'm_ceu_chb': 1e-05} -87485.16422299322
 
{'t1': 6.33587, 't2': 32.58541, 't3': 100, 'N_anc': 5969.4625, 'N_yri': 5969.4625, 'N_ooa': 5969.4625, 'N_ceu': 5969.4625, 'N_chb': 5969.4625, 'gr_ceu': 0.05929, 'gr_chb': 0.05929, 'm_yri_ooa': 1e-05, 'm_yri_ceu': 1e-05, 'm_yri_chb': 1e-05, 'm_ceu_chb': 1e-05} -87485.16422299322
 
x_up: {'t1': 8.13673, 't2': 32.58541, 't3': 100, 'N_anc': 5969.4625, 'N_yri': 5969.4625, 'N_ooa': 5969.4625, 'N_ceu': 5969.4625, 'N_chb': 5969.4625, 'gr_ceu': 0.05929, 'gr_chb': 0.05929, 'm_yri_ooa': 1e-05, 'm_yri_ceu': 1e-05, 'm_yri_chb': 1e-05, 'm_ceu_chb': 1e-05} -88268.05902459998
x: {'t1': 6.33587, 't2': 32.58541, 't3': 100, 'N_anc': 5969.4625, 'N_yri': 5969.4625, 'N_ooa': 5969.4625, 'N_ceu': 5969.4625, 'N_chb': 5969.4625, 'gr_ceu': 0.05929, 'gr_chb': 0.05929, 'm_yri_ooa': 1e-05, 'm_yri_ceu': 1e-05, 'm_yri_chb': 1e-05, 'm_ceu_chb': 1e-05} -87485.16422299322
x_down: {'t1': 4.53501, 't2': 32.58541, 't3': 100, 'N_anc': 5969.4625, 'N_yri': 5969.4625, 'N_ooa': 5969.4625, 'N_ceu': 5969.4625, 'N_chb': 5969.4625, 'gr_ceu': 0.05929, 'gr_chb': 0.05929, 'm_yri_ooa': 1e-05, 'm_yri_ceu': 1e-05, 'm_yri_chb': 1e-05, 'm_ceu_chb': 1e-05} -86601.73485543592
 
 
x_up: {'t1': 4.53501, 't2': 42.05242, 't3': 100, 'N_anc': 5969.4625, 'N_yri': 5969.4625, 'N_ooa': 5969.4625, 'N_ceu': 5969.4625, 'N_chb': 5969.4625, 'gr_ceu': 0.05929, 'gr_chb': 0.05929, 'm_yri_ooa': 1e-05, 'm_yri_ceu': 1e-05, 'm_yri_chb': 1e-05, 'm_ceu_chb': 1e-05} -86713.21159869886
x: {'t1': 4.53501, 't2': 32.58541, 't3': 100, 'N_anc': 5969.4625, 'N_yri': 5969.4625, 'N_ooa': 5969.4625, 'N_ceu': 5969.4625, 'N_chb': 5969.4625, 'gr_ceu': 0.05929, 'gr_chb': 0.05929, 'm_yri_ooa': 1e-05, 'm_yri_ceu': 1e-05, 'm_yri_chb': 1e-05, 'm_ceu_chb': 1e-05} -86601.73485543592
x_down: {'t1': 4.53501, 't2': 23.1184, 't3': 100, 'N_anc': 5969.4625, 'N_yri': 5969.4625, 'N_ooa': 5969.4625, 'N_ceu': 5969.4625, 'N_chb': 5969.4625, 'gr_ceu': 0.05929, 'gr_chb': 0.05929, 'm_yri_ooa': 1e-05, 'm_yri_ceu': 1e-05, 'm_yri_chb': 1e-05, 'm_ceu_chb': 1e-05} -86494.18053436499
 
 
x_up: {'t1': 4.53501, 't2': 23.1184, 't3': 103.84408, 'N_anc': 5969.4625, 'N_yri': 5969.4625, 'N_ooa': 5969.4625, 'N_ceu': 5969.4625, 'N_chb': 5969.4625, 'gr_ceu': 0.05929, 'gr_chb': 0.05929, 'm_yri_ooa': 1e-05, 'm_yri_ceu': 1e-05, 'm_yri_chb': 1e-05, 'm_ceu_chb': 1e-05} -86494.18053436499
x: {'t1': 4.53501, 't2': 23.1184, 't3': 100, 'N_anc': 5969.4625, 'N_yri': 5969.4625, 'N_ooa': 5969.4625, 'N_ceu': 5969.4625, 'N_chb': 5969.4625, 'gr_ceu': 0.05929, 'gr_chb': 0.05929, 'm_yri_ooa': 1e-05, 'm_yri_ceu': 1e-05, 'm_yri_chb': 1e-05, 'm_ceu_chb': 1e-05} -86494.18053436499
x_down: {'t1': 4.53501, 't2': 23.1184, 't3': 96.15592, 'N_anc': 5969.4625, 'N_yri': 5969.4625, 'N_ooa': 5969.4625, 'N_ceu': 5969.4625, 'N_chb': 5969.4625, 'gr_ceu': 0.05929, 'gr_chb': 0.05929, 'm_yri_ooa': 1e-05, 'm_yri_ceu': 1e-05, 'm_yri_chb': 1e-05, 'm_ceu_chb': 1e-05} -86494.18053436499
 
 
x_up: {'t1': 4.53501, 't2': 23.1184, 't3': 100, 'N_anc': 7950.40609, 'N_yri': 5969.4625, 'N_ooa': 5969.4625, 'N_ceu': 5969.4625, 'N_chb': 5969.4625, 'gr_ceu': 0.05929, 'gr_chb': 0.05929, 'm_yri_ooa': 1e-05, 'm_yri_ceu': 1e-05, 'm_yri_chb': 1e-05, 'm_ceu_chb': 1e-05} -86539.4486959418
x: {'t1': 4.53501, 't2': 23.1184, 't3': 100, 'N_anc': 5969.4625, 'N_yri': 5969.4625, 'N_ooa': 5969.4625, 'N_ceu': 5969.4625, 'N_chb': 5969.4625, 'gr_ceu': 0.05929, 'gr_chb': 0.05929, 'm_yri_ooa': 1e-05, 'm_yri_ceu': 1e-05, 'm_yri_chb': 1e-05, 'm_ceu_chb': 1e-05} -86494.18053436499
x_down: {'t1': 4.53501, 't2': 23.1184, 't3': 100, 'N_anc': 3988.51891, 'N_yri': 5969.4625, 'N_ooa': 5969.4625, 'N_ceu': 5969.4625, 'N_chb': 5969.4625, 'gr_ceu': 0.05929, 'gr_chb': 0.05929, 'm_yri_ooa': 1e-05, 'm_yri_ceu': 1e-05, 'm_yri_chb': 1e-05, 'm_ceu_chb': 1e-05} -86432.50339035818
 
 
x_up: {'t1': 4.53501, 't2': 23.1184, 't3': 100, 'N_anc': 3988.51891, 'N_yri': 7950.40609, 'N_ooa': 5969.4625, 'N_ceu': 5969.4625, 'N_chb': 5969.4625, 'gr_ceu': 0.05929, 'gr_chb': 0.05929, 'm_yri_ooa': 1e-05, 'm_yri_ceu': 1e-05, 'm_yri_chb': 1e-05, 'm_ceu_chb': 1e-05} -86759.09325352775
x: {'t1': 4.53501, 't2': 23.1184, 't3': 100, 'N_anc': 3988.51891, 'N_yri': 5969.4625, 'N_ooa': 5969.4625, 'N_ceu': 5969.4625, 'N_chb': 5969.4625, 'gr_ceu': 0.05929, 'gr_chb': 0.05929, 'm_yri_ooa': 1e-05, 'm_yri_ceu': 1e-05, 'm_yri_chb': 1e-05, 'm_ceu_chb': 1e-05} -86432.50339035818
x_down: {'t1': 4.53501, 't2': 23.1184, 't3': 100, 'N_anc': 3988.51891, 'N_yri': 3988.51891, 'N_ooa': 5969.4625, 'N_ceu': 5969.4625, 'N_chb': 5969.4625, 'gr_ceu': 0.05929, 'gr_chb': 0.05929, 'm_yri_ooa': 1e-05, 'm_yri_ceu': 1e-05, 'm_yri_chb': 1e-05, 'm_ceu_chb': 1e-05} -85822.32732961449
 
 
x_up: {'t1': 4.53501, 't2': 23.1184, 't3': 100, 'N_anc': 3988.51891, 'N_yri': 3988.51891, 'N_ooa': 7950.40609, 'N_ceu': 5969.4625, 'N_chb': 5969.4625, 'gr_ceu': 0.05929, 'gr_chb': 0.05929, 'm_yri_ooa': 1e-05, 'm_yri_ceu': 1e-05, 'm_yri_chb': 1e-05, 'm_ceu_chb': 1e-05} -86506.67718567915
x: {'t1': 4.53501, 't2': 23.1184, 't3': 100, 'N_anc': 3988.51891, 'N_yri': 3988.51891, 'N_ooa': 5969.4625, 'N_ceu': 5969.4625, 'N_chb': 5969.4625, 'gr_ceu': 0.05929, 'gr_chb': 0.05929, 'm_yri_ooa': 1e-05, 'm_yri_ceu': 1e-05, 'm_yri_chb': 1e-05, 'm_ceu_chb': 1e-05} -85822.32732961449
x_down: {'t1': 4.53501, 't2': 23.1184, 't3': 100, 'N_anc': 3988.51891, 'N_yri': 3988.51891, 'N_ooa': 3988.51891, 'N_ceu': 5969.4625, 'N_chb': 5969.4625, 'gr_ceu': 0.05929, 'gr_chb': 0.05929, 'm_yri_ooa': 1e-05, 'm_yri_ceu': 1e-05, 'm_yri_chb': 1e-05, 'm_ceu_chb': 1e-05} -84946.09959554115
 
 
x_up: {'t1': 4.53501, 't2': 23.1184, 't3': 100, 'N_anc': 3988.51891, 'N_yri': 3988.51891, 'N_ooa': 3988.51891, 'N_ceu': 7950.40609, 'N_chb': 5969.4625, 'gr_ceu': 0.05929, 'gr_chb': 0.05929, 'm_yri_ooa': 1e-05, 'm_yri_ceu': 1e-05, 'm_yri_chb': 1e-05, 'm_ceu_chb': 1e-05} -85574.12965378888
x: {'t1': 4.53501, 't2': 23.1184, 't3': 100, 'N_anc': 3988.51891, 'N_yri': 3988.51891, 'N_ooa': 3988.51891, 'N_ceu': 5969.4625, 'N_chb': 5969.4625, 'gr_ceu': 0.05929, 'gr_chb': 0.05929, 'm_yri_ooa': 1e-05, 'm_yri_ceu': 1e-05, 'm_yri_chb': 1e-05, 'm_ceu_chb': 1e-05} -84946.09959554115
x_down: {'t1': 4.53501, 't2': 23.1184, 't3': 100, 'N_anc': 3988.51891, 'N_yri': 3988.51891, 'N_ooa': 3988.51891, 'N_ceu': 3988.51891, 'N_chb': 5969.4625, 'gr_ceu': 0.05929, 'gr_chb': 0.05929, 'm_yri_ooa': 1e-05, 'm_yri_ceu': 1e-05, 'm_yri_chb': 1e-05, 'm_ceu_chb': 1e-05} -83647.11571057777
 
 
x_up: {'t1': 4.53501, 't2': 23.1184, 't3': 100, 'N_anc': 3988.51891, 'N_yri': 3988.51891, 'N_ooa': 3988.51891, 'N_ceu': 3988.51891, 'N_chb': 7950.40609, 'gr_ceu': 0.05929, 'gr_chb': 0.05929, 'm_yri_ooa': 1e-05, 'm_yri_ceu': 1e-05, 'm_yri_chb': 1e-05, 'm_ceu_chb': 1e-05} -84170.17752845323
x: {'t1': 4.53501, 't2': 23.1184, 't3': 100, 'N_anc': 3988.51891, 'N_yri': 3988.51891, 'N_ooa': 3988.51891, 'N_ceu': 3988.51891, 'N_chb': 5969.4625, 'gr_ceu': 0.05929, 'gr_chb': 0.05929, 'm_yri_ooa': 1e-05, 'm_yri_ceu': 1e-05, 'm_yri_chb': 1e-05, 'm_ceu_chb': 1e-05} -83647.11571057777
x_down: {'t1': 4.53501, 't2': 23.1184, 't3': 100, 'N_anc': 3988.51891, 'N_yri': 3988.51891, 'N_ooa': 3988.51891, 'N_ceu': 3988.51891, 'N_chb': 3988.51891, 'gr_ceu': 0.05929, 'gr_chb': 0.05929, 'm_yri_ooa': 1e-05, 'm_yri_ceu': 1e-05, 'm_yri_chb': 1e-05, 'm_ceu_chb': 1e-05} -82818.78347786929
 
 
x_up: {'t1': 4.53501, 't2': 23.1184, 't3': 100, 'N_anc': 3988.51891, 'N_yri': 3988.51891, 'N_ooa': 3988.51891, 'N_ceu': 3988.51891, 'N_chb': 3988.51891, 'gr_ceu': 0.0793, 'gr_chb': 0.05929, 'm_yri_ooa': 1e-05, 'm_yri_ceu': 1e-05, 'm_yri_chb': 1e-05, 'm_ceu_chb': 1e-05} -82971.73565754466
x: {'t1': 4.53501, 't2': 23.1184, 't3': 100, 'N_anc': 3988.51891, 'N_yri': 3988.51891, 'N_ooa': 3988.51891, 'N_ceu': 3988.51891, 'N_chb': 3988.51891, 'gr_ceu': 0.05929, 'gr_chb': 0.05929, 'm_yri_ooa': 1e-05, 'm_yri_ceu': 1e-05, 'm_yri_chb': 1e-05, 'm_ceu_chb': 1e-05} -82818.78347786929
x_down: {'t1': 4.53501, 't2': 23.1184, 't3': 100, 'N_anc': 3988.51891, 'N_yri': 3988.51891, 'N_ooa': 3988.51891, 'N_ceu': 3988.51891, 'N_chb': 3988.51891, 'gr_ceu': 0.03928, 'gr_chb': 0.05929, 'm_yri_ooa': 1e-05, 'm_yri_ceu': 1e-05, 'm_yri_chb': 1e-05, 'm_ceu_chb': 1e-05} -82649.58061373576
 
 
x_up: {'t1': 4.53501, 't2': 23.1184, 't3': 100, 'N_anc': 3988.51891, 'N_yri': 3988.51891, 'N_ooa': 3988.51891, 'N_ceu': 3988.51891, 'N_chb': 3988.51891, 'gr_ceu': 0.03928, 'gr_chb': 0.0793, 'm_yri_ooa': 1e-05, 'm_yri_ceu': 1e-05, 'm_yri_chb': 1e-05, 'm_ceu_chb': 1e-05} -82787.2327256943
x: {'t1': 4.53501, 't2': 23.1184, 't3': 100, 'N_anc': 3988.51891, 'N_yri': 3988.51891, 'N_ooa': 3988.51891, 'N_ceu': 3988.51891, 'N_chb': 3988.51891, 'gr_ceu': 0.03928, 'gr_chb': 0.05929, 'm_yri_ooa': 1e-05, 'm_yri_ceu': 1e-05, 'm_yri_chb': 1e-05, 'm_ceu_chb': 1e-05} -82649.58061373576
x_down: {'t1': 4.53501, 't2': 23.1184, 't3': 100, 'N_anc': 3988.51891, 'N_yri': 3988.51891, 'N_ooa': 3988.51891, 'N_ceu': 3988.51891, 'N_chb': 3988.51891, 'gr_ceu': 0.03928, 'gr_chb': 0.03928, 'm_yri_ooa': 1e-05, 'm_yri_ceu': 1e-05, 'm_yri_chb': 1e-05, 'm_ceu_chb': 1e-05} -82496.82307227157
 
 
x_up: {'t1': 4.53501, 't2': 23.1184, 't3': 100, 'N_anc': 3988.51891, 'N_yri': 3988.51891, 'N_ooa': 3988.51891, 'N_ceu': 3988.51891, 'N_chb': 3988.51891, 'gr_ceu': 0.03928, 'gr_chb': 0.03928, 'm_yri_ooa': 0.0, 'm_yri_ceu': 1e-05, 'm_yri_chb': 1e-05, 'm_ceu_chb': 1e-05} -82496.94287221985
x: {'t1': 4.53501, 't2': 23.1184, 't3': 100, 'N_anc': 3988.51891, 'N_yri': 3988.51891, 'N_ooa': 3988.51891, 'N_ceu': 3988.51891, 'N_chb': 3988.51891, 'gr_ceu': 0.03928, 'gr_chb': 0.03928, 'm_yri_ooa': 1e-05, 'm_yri_ceu': 1e-05, 'm_yri_chb': 1e-05, 'm_ceu_chb': 1e-05} -82496.82307227157
x_down: {'t1': 4.53501, 't2': 23.1184, 't3': 100, 'N_anc': 3988.51891, 'N_yri': 3988.51891, 'N_ooa': 3988.51891, 'N_ceu': 3988.51891, 'N_chb': 3988.51891, 'gr_ceu': 0.03928, 'gr_chb': 0.03928, 'm_yri_ooa': 1e-05, 'm_yri_ceu': 1e-05, 'm_yri_chb': 1e-05, 'm_ceu_chb': 1e-05} -82496.82307227157
 
 
x_up: {'t1': 4.53501, 't2': 23.1184, 't3': 100, 'N_anc': 3988.51891, 'N_yri': 3988.51891, 'N_ooa': 3988.51891, 'N_ceu': 3988.51891, 'N_chb': 3988.51891, 'gr_ceu': 0.03928, 'gr_chb': 0.03928, 'm_yri_ooa': 1e-05, 'm_yri_ceu': 0.0, 'm_yri_chb': 1e-05, 'm_ceu_chb': 1e-05} -82496.82307227727
x: {'t1': 4.53501, 't2': 23.1184, 't3': 100, 'N_anc': 3988.51891, 'N_yri': 3988.51891, 'N_ooa': 3988.51891, 'N_ceu': 3988.51891, 'N_chb': 3988.51891, 'gr_ceu': 0.03928, 'gr_chb': 0.03928, 'm_yri_ooa': 1e-05, 'm_yri_ceu': 1e-05, 'm_yri_chb': 1e-05, 'm_ceu_chb': 1e-05} -82496.82307227157
x_down: {'t1': 4.53501, 't2': 23.1184, 't3': 100, 'N_anc': 3988.51891, 'N_yri': 3988.51891, 'N_ooa': 3988.51891, 'N_ceu': 3988.51891, 'N_chb': 3988.51891, 'gr_ceu': 0.03928, 'gr_chb': 0.03928, 'm_yri_ooa': 1e-05, 'm_yri_ceu': 1e-05, 'm_yri_chb': 1e-05, 'm_ceu_chb': 1e-05} -82496.82307227157
 
 
x_up: {'t1': 4.53501, 't2': 23.1184, 't3': 100, 'N_anc': 3988.51891, 'N_yri': 3988.51891, 'N_ooa': 3988.51891, 'N_ceu': 3988.51891, 'N_chb': 3988.51891, 'gr_ceu': 0.03928, 'gr_chb': 0.03928, 'm_yri_ooa': 1e-05, 'm_yri_ceu': 1e-05, 'm_yri_chb': 0.0, 'm_ceu_chb': 1e-05} -82496.82307227679
x: {'t1': 4.53501, 't2': 23.1184, 't3': 100, 'N_anc': 3988.51891, 'N_yri': 3988.51891, 'N_ooa': 3988.51891, 'N_ceu': 3988.51891, 'N_chb': 3988.51891, 'gr_ceu': 0.03928, 'gr_chb': 0.03928, 'm_yri_ooa': 1e-05, 'm_yri_ceu': 1e-05, 'm_yri_chb': 1e-05, 'm_ceu_chb': 1e-05} -82496.82307227157
x_down: {'t1': 4.53501, 't2': 23.1184, 't3': 100, 'N_anc': 3988.51891, 'N_yri': 3988.51891, 'N_ooa': 3988.51891, 'N_ceu': 3988.51891, 'N_chb': 3988.51891, 'gr_ceu': 0.03928, 'gr_chb': 0.03928, 'm_yri_ooa': 1e-05, 'm_yri_ceu': 1e-05, 'm_yri_chb': 1e-05, 'm_ceu_chb': 1e-05} -82496.82307227157
 
 
x_up: {'t1': 4.53501, 't2': 23.1184, 't3': 100, 'N_anc': 3988.51891, 'N_yri': 3988.51891, 'N_ooa': 3988.51891, 'N_ceu': 3988.51891, 'N_chb': 3988.51891, 'gr_ceu': 0.03928, 'gr_chb': 0.03928, 'm_yri_ooa': 1e-05, 'm_yri_ceu': 1e-05, 'm_yri_chb': 1e-05, 'm_ceu_chb': 0.0} -82496.82307227177
x: {'t1': 4.53501, 't2': 23.1184, 't3': 100, 'N_anc': 3988.51891, 'N_yri': 3988.51891, 'N_ooa': 3988.51891, 'N_ceu': 3988.51891, 'N_chb': 3988.51891, 'gr_ceu': 0.03928, 'gr_chb': 0.03928, 'm_yri_ooa': 1e-05, 'm_yri_ceu': 1e-05, 'm_yri_chb': 1e-05, 'm_ceu_chb': 1e-05} -82496.82307227157
x_down: {'t1': 4.53501, 't2': 23.1184, 't3': 100, 'N_anc': 3988.51891, 'N_yri': 3988.51891, 'N_ooa': 3988.51891, 'N_ceu': 3988.51891, 'N_chb': 3988.51891, 'gr_ceu': 0.03928, 'gr_chb': 0.03928, 'm_yri_ooa': 1e-05, 'm_yri_ceu': 1e-05, 'm_yri_chb': 1e-05, 'm_ceu_chb': 1e-05} -82496.82307227157
 
{'t1': 4.53501, 't2': 23.1184, 't3': 100, 'N_anc': 3988.51891, 'N_yri': 3988.51891, 'N_ooa': 3988.51891, 'N_ceu': 3988.51891, 'N_chb': 3988.51891, 'gr_ceu': 0.03928, 'gr_chb': 0.03928, 'm_yri_ooa': 1e-05, 'm_yri_ceu': 1e-05, 'm_yri_chb': 1e-05, 'm_ceu_chb': 1e-05} -82496.82307227157
 
x_up: {'t1': 6.30251, 't2': 23.1184, 't3': 100, 'N_anc': 3988.51891, 'N_yri': 3988.51891, 'N_ooa': 3988.51891, 'N_ceu': 3988.51891, 'N_chb': 3988.51891, 'gr_ceu': 0.03928, 'gr_chb': 0.03928, 'm_yri_ooa': 1e-05, 'm_yri_ceu': 1e-05, 'm_yri_chb': 1e-05, 'm_ceu_chb': 1e-05} -83117.98493711019
x: {'t1': 4.53501, 't2': 23.1184, 't3': 100, 'N_anc': 3988.51891, 'N_yri': 3988.51891, 'N_ooa': 3988.51891, 'N_ceu': 3988.51891, 'N_chb': 3988.51891, 'gr_ceu': 0.03928, 'gr_chb': 0.03928, 'm_yri_ooa': 1e-05, 'm_yri_ceu': 1e-05, 'm_yri_chb': 1e-05, 'm_ceu_chb': 1e-05} -82496.82307227157
x_down: {'t1': 2.7675, 't2': 23.1184, 't3': 100, 'N_anc': 3988.51891, 'N_yri': 3988.51891, 'N_ooa': 3988.51891, 'N_ceu': 3988.51891, 'N_chb': 3988.51891, 'gr_ceu': 0.03928, 'gr_chb': 0.03928, 'm_yri_ooa': 1e-05, 'm_yri_ceu': 1e-05, 'm_yri_chb': 1e-05, 'm_ceu_chb': 1e-05} -81550.34769919796
 
 
x_up: {'t1': 2.7675, 't2': 33.29385, 't3': 100, 'N_anc': 3988.51891, 'N_yri': 3988.51891, 'N_ooa': 3988.51891, 'N_ceu': 3988.51891, 'N_chb': 3988.51891, 'gr_ceu': 0.03928, 'gr_chb': 0.03928, 'm_yri_ooa': 1e-05, 'm_yri_ceu': 1e-05, 'm_yri_chb': 1e-05, 'm_ceu_chb': 1e-05} -81646.11550670066
x: {'t1': 2.7675, 't2': 23.1184, 't3': 100, 'N_anc': 3988.51891, 'N_yri': 3988.51891, 'N_ooa': 3988.51891, 'N_ceu': 3988.51891, 'N_chb': 3988.51891, 'gr_ceu': 0.03928, 'gr_chb': 0.03928, 'm_yri_ooa': 1e-05, 'm_yri_ceu': 1e-05, 'm_yri_chb': 1e-05, 'm_ceu_chb': 1e-05} -81550.34769919796
x_down: {'t1': 2.7675, 't2': 12.94295, 't3': 100, 'N_anc': 3988.51891, 'N_yri': 3988.51891, 'N_ooa': 3988.51891, 'N_ceu': 3988.51891, 'N_chb': 3988.51891, 'gr_ceu': 0.03928, 'gr_chb': 0.03928, 'm_yri_ooa': 1e-05, 'm_yri_ceu': 1e-05, 'm_yri_chb': 1e-05, 'm_ceu_chb': 1e-05} -81263.69860798778
 
 
x_up: {'t1': 2.7675, 't2': 12.94295, 't3': 104.35285, 'N_anc': 3988.51891, 'N_yri': 3988.51891, 'N_ooa': 3988.51891, 'N_ceu': 3988.51891, 'N_chb': 3988.51891, 'gr_ceu': 0.03928, 'gr_chb': 0.03928, 'm_yri_ooa': 1e-05, 'm_yri_ceu': 1e-05, 'm_yri_chb': 1e-05, 'm_ceu_chb': 1e-05} -81263.69860798778
x: {'t1': 2.7675, 't2': 12.94295, 't3': 100, 'N_anc': 3988.51891, 'N_yri': 3988.51891, 'N_ooa': 3988.51891, 'N_ceu': 3988.51891, 'N_chb': 3988.51891, 'gr_ceu': 0.03928, 'gr_chb': 0.03928, 'm_yri_ooa': 1e-05, 'm_yri_ceu': 1e-05, 'm_yri_chb': 1e-05, 'm_ceu_chb': 1e-05} -81263.69860798778
x_down: {'t1': 2.7675, 't2': 12.94295, 't3': 95.64715, 'N_anc': 3988.51891, 'N_yri': 3988.51891, 'N_ooa': 3988.51891, 'N_ceu': 3988.51891, 'N_chb': 3988.51891, 'gr_ceu': 0.03928, 'gr_chb': 0.03928, 'm_yri_ooa': 1e-05, 'm_yri_ceu': 1e-05, 'm_yri_chb': 1e-05, 'm_ceu_chb': 1e-05} -81263.69860798778
 
 
x_up: {'t1': 2.7675, 't2': 12.94295, 't3': 100, 'N_anc': 5932.77837, 'N_yri': 3988.51891, 'N_ooa': 3988.51891, 'N_ceu': 3988.51891, 'N_chb': 3988.51891, 'gr_ceu': 0.03928, 'gr_chb': 0.03928, 'm_yri_ooa': 1e-05, 'm_yri_ceu': 1e-05, 'm_yri_chb': 1e-05, 'm_ceu_chb': 1e-05} -81324.41339661228
x: {'t1': 2.7675, 't2': 12.94295, 't3': 100, 'N_anc': 3988.51891, 'N_yri': 3988.51891, 'N_ooa': 3988.51891, 'N_ceu': 3988.51891, 'N_chb': 3988.51891, 'gr_ceu': 0.03928, 'gr_chb': 0.03928, 'm_yri_ooa': 1e-05, 'm_yri_ceu': 1e-05, 'm_yri_chb': 1e-05, 'm_ceu_chb': 1e-05} -81263.69860798778
x_down: {'t1': 2.7675, 't2': 12.94295, 't3': 100, 'N_anc': 2044.25945, 'N_yri': 3988.51891, 'N_ooa': 3988.51891, 'N_ceu': 3988.51891, 'N_chb': 3988.51891, 'gr_ceu': 0.03928, 'gr_chb': 0.03928, 'm_yri_ooa': 1e-05, 'm_yri_ceu': 1e-05, 'm_yri_chb': 1e-05, 'm_ceu_chb': 1e-05} -81169.77190065228
 
 
x_up: {'t1': 2.7675, 't2': 12.94295, 't3': 100, 'N_anc': 2044.25945, 'N_yri': 5932.77837, 'N_ooa': 3988.51891, 'N_ceu': 3988.51891, 'N_chb': 3988.51891, 'gr_ceu': 0.03928, 'gr_chb': 0.03928, 'm_yri_ooa': 1e-05, 'm_yri_ceu': 1e-05, 'm_yri_chb': 1e-05, 'm_ceu_chb': 1e-05} -81559.69389437698
x: {'t1': 2.7675, 't2': 12.94295, 't3': 100, 'N_anc': 2044.25945, 'N_yri': 3988.51891, 'N_ooa': 3988.51891, 'N_ceu': 3988.51891, 'N_chb': 3988.51891, 'gr_ceu': 0.03928, 'gr_chb': 0.03928, 'm_yri_ooa': 1e-05, 'm_yri_ceu': 1e-05, 'm_yri_chb': 1e-05, 'm_ceu_chb': 1e-05} -81169.77190065228
x_down: {'t1': 2.7675, 't2': 12.94295, 't3': 100, 'N_anc': 2044.25945, 'N_yri': 2044.25945, 'N_ooa': 3988.51891, 'N_ceu': 3988.51891, 'N_chb': 3988.51891, 'gr_ceu': 0.03928, 'gr_chb': 0.03928, 'm_yri_ooa': 1e-05, 'm_yri_ceu': 1e-05, 'm_yri_chb': 1e-05, 'm_ceu_chb': 1e-05} -80228.11789507259
 
 
x_up: {'t1': 2.7675, 't2': 12.94295, 't3': 100, 'N_anc': 2044.25945, 'N_yri': 2044.25945, 'N_ooa': 5932.77837, 'N_ceu': 3988.51891, 'N_chb': 3988.51891, 'gr_ceu': 0.03928, 'gr_chb': 0.03928, 'm_yri_ooa': 1e-05, 'm_yri_ceu': 1e-05, 'm_yri_chb': 1e-05, 'm_ceu_chb': 1e-05} -81456.97907584254
x: {'t1': 2.7675, 't2': 12.94295, 't3': 100, 'N_anc': 2044.25945, 'N_yri': 2044.25945, 'N_ooa': 3988.51891, 'N_ceu': 3988.51891, 'N_chb': 3988.51891, 'gr_ceu': 0.03928, 'gr_chb': 0.03928, 'm_yri_ooa': 1e-05, 'm_yri_ceu': 1e-05, 'm_yri_chb': 1e-05, 'm_ceu_chb': 1e-05} -80228.11789507259
x_down: {'t1': 2.7675, 't2': 12.94295, 't3': 100, 'N_anc': 2044.25945, 'N_yri': 2044.25945, 'N_ooa': 2044.25945, 'N_ceu': 3988.51891, 'N_chb': 3988.51891, 'gr_ceu': 0.03928, 'gr_chb': 0.03928, 'm_yri_ooa': 1e-05, 'm_yri_ceu': 1e-05, 'm_yri_chb': 1e-05, 'm_ceu_chb': 1e-05} -78419.26189292093
 
 
x_up: {'t1': 2.7675, 't2': 12.94295, 't3': 100, 'N_anc': 2044.25945, 'N_yri': 2044.25945, 'N_ooa': 2044.25945, 'N_ceu': 5932.77837, 'N_chb': 3988.51891, 'gr_ceu': 0.03928, 'gr_chb': 0.03928, 'm_yri_ooa': 1e-05, 'm_yri_ceu': 1e-05, 'm_yri_chb': 1e-05, 'm_ceu_chb': 1e-05} -79116.28929789897
x: {'t1': 2.7675, 't2': 12.94295, 't3': 100, 'N_anc': 2044.25945, 'N_yri': 2044.25945, 'N_ooa': 2044.25945, 'N_ceu': 3988.51891, 'N_chb': 3988.51891, 'gr_ceu': 0.03928, 'gr_chb': 0.03928, 'm_yri_ooa': 1e-05, 'm_yri_ceu': 1e-05, 'm_yri_chb': 1e-05, 'm_ceu_chb': 1e-05} -78419.26189292093
x_down: {'t1': 2.7675, 't2': 12.94295, 't3': 100, 'N_anc': 2044.25945, 'N_yri': 2044.25945, 'N_ooa': 2044.25945, 'N_ceu': 2044.25945, 'N_chb': 3988.51891, 'gr_ceu': 0.03928, 'gr_chb': 0.03928, 'm_yri_ooa': 1e-05, 'm_yri_ceu': 1e-05, 'm_yri_chb': 1e-05, 'm_ceu_chb': 1e-05} -76786.03513887084
 
 
x_up: {'t1': 2.7675, 't2': 12.94295, 't3': 100, 'N_anc': 2044.25945, 'N_yri': 2044.25945, 'N_ooa': 2044.25945, 'N_ceu': 2044.25945, 'N_chb': 5932.77837, 'gr_ceu': 0.03928, 'gr_chb': 0.03928, 'm_yri_ooa': 1e-05, 'm_yri_ceu': 1e-05, 'm_yri_chb': 1e-05, 'm_ceu_chb': 1e-05} -77374.23315693316
x: {'t1': 2.7675, 't2': 12.94295, 't3': 100, 'N_anc': 2044.25945, 'N_yri': 2044.25945, 'N_ooa': 2044.25945, 'N_ceu': 2044.25945, 'N_chb': 3988.51891, 'gr_ceu': 0.03928, 'gr_chb': 0.03928, 'm_yri_ooa': 1e-05, 'm_yri_ceu': 1e-05, 'm_yri_chb': 1e-05, 'm_ceu_chb': 1e-05} -76786.03513887084
x_down: {'t1': 2.7675, 't2': 12.94295, 't3': 100, 'N_anc': 2044.25945, 'N_yri': 2044.25945, 'N_ooa': 2044.25945, 'N_ceu': 2044.25945, 'N_chb': 2044.25945, 'gr_ceu': 0.03928, 'gr_chb': 0.03928, 'm_yri_ooa': 1e-05, 'm_yri_ceu': 1e-05, 'm_yri_chb': 1e-05, 'm_ceu_chb': 1e-05} -75753.68940870598
 
 
x_up: {'t1': 2.7675, 't2': 12.94295, 't3': 100, 'N_anc': 2044.25945, 'N_yri': 2044.25945, 'N_ooa': 2044.25945, 'N_ceu': 2044.25945, 'N_chb': 2044.25945, 'gr_ceu': 0.05892, 'gr_chb': 0.03928, 'm_yri_ooa': 1e-05, 'm_yri_ceu': 1e-05, 'm_yri_chb': 1e-05, 'm_ceu_chb': 1e-05} -75819.54479008862
x: {'t1': 2.7675, 't2': 12.94295, 't3': 100, 'N_anc': 2044.25945, 'N_yri': 2044.25945, 'N_ooa': 2044.25945, 'N_ceu': 2044.25945, 'N_chb': 2044.25945, 'gr_ceu': 0.03928, 'gr_chb': 0.03928, 'm_yri_ooa': 1e-05, 'm_yri_ceu': 1e-05, 'm_yri_chb': 1e-05, 'm_ceu_chb': 1e-05} -75753.68940870598
x_down: {'t1': 2.7675, 't2': 12.94295, 't3': 100, 'N_anc': 2044.25945, 'N_yri': 2044.25945, 'N_ooa': 2044.25945, 'N_ceu': 2044.25945, 'N_chb': 2044.25945, 'gr_ceu': 0.01964, 'gr_chb': 0.03928, 'm_yri_ooa': 1e-05, 'm_yri_ceu': 1e-05, 'm_yri_chb': 1e-05, 'm_ceu_chb': 1e-05} -75685.39487772329
 
 
x_up: {'t1': 2.7675, 't2': 12.94295, 't3': 100, 'N_anc': 2044.25945, 'N_yri': 2044.25945, 'N_ooa': 2044.25945, 'N_ceu': 2044.25945, 'N_chb': 2044.25945, 'gr_ceu': 0.01964, 'gr_chb': 0.05892, 'm_yri_ooa': 1e-05, 'm_yri_ceu': 1e-05, 'm_yri_chb': 1e-05, 'm_ceu_chb': 1e-05} -75748.48777804921
x: {'t1': 2.7675, 't2': 12.94295, 't3': 100, 'N_anc': 2044.25945, 'N_yri': 2044.25945, 'N_ooa': 2044.25945, 'N_ceu': 2044.25945, 'N_chb': 2044.25945, 'gr_ceu': 0.01964, 'gr_chb': 0.03928, 'm_yri_ooa': 1e-05, 'm_yri_ceu': 1e-05, 'm_yri_chb': 1e-05, 'm_ceu_chb': 1e-05} -75685.39487772329
x_down: {'t1': 2.7675, 't2': 12.94295, 't3': 100, 'N_anc': 2044.25945, 'N_yri': 2044.25945, 'N_ooa': 2044.25945, 'N_ceu': 2044.25945, 'N_chb': 2044.25945, 'gr_ceu': 0.01964, 'gr_chb': 0.01964, 'm_yri_ooa': 1e-05, 'm_yri_ceu': 1e-05, 'm_yri_chb': 1e-05, 'm_ceu_chb': 1e-05} -75619.81496110916
 
 
x_up: {'t1': 2.7675, 't2': 12.94295, 't3': 100, 'N_anc': 2044.25945, 'N_yri': 2044.25945, 'N_ooa': 2044.25945, 'N_ceu': 2044.25945, 'N_chb': 2044.25945, 'gr_ceu': 0.01964, 'gr_chb': 0.01964, 'm_yri_ooa': 0.0, 'm_yri_ceu': 1e-05, 'm_yri_chb': 1e-05, 'm_ceu_chb': 1e-05} -75619.69549472118
x: {'t1': 2.7675, 't2': 12.94295, 't3': 100, 'N_anc': 2044.25945, 'N_yri': 2044.25945, 'N_ooa': 2044.25945, 'N_ceu': 2044.25945, 'N_chb': 2044.25945, 'gr_ceu': 0.01964, 'gr_chb': 0.01964, 'm_yri_ooa': 1e-05, 'm_yri_ceu': 1e-05, 'm_yri_chb': 1e-05, 'm_ceu_chb': 1e-05} -75619.81496110916
x_down: {'t1': 2.7675, 't2': 12.94295, 't3': 100, 'N_anc': 2044.25945, 'N_yri': 2044.25945, 'N_ooa': 2044.25945, 'N_ceu': 2044.25945, 'N_chb': 2044.25945, 'gr_ceu': 0.01964, 'gr_chb': 0.01964, 'm_yri_ooa': 1e-05, 'm_yri_ceu': 1e-05, 'm_yri_chb': 1e-05, 'm_ceu_chb': 1e-05} -75619.81496110916
 
 
x_up: {'t1': 2.7675, 't2': 12.94295, 't3': 100, 'N_anc': 2044.25945, 'N_yri': 2044.25945, 'N_ooa': 2044.25945, 'N_ceu': 2044.25945, 'N_chb': 2044.25945, 'gr_ceu': 0.01964, 'gr_chb': 0.01964, 'm_yri_ooa': 0.0, 'm_yri_ceu': 0.0, 'm_yri_chb': 1e-05, 'm_ceu_chb': 1e-05} -75619.69549472778
x: {'t1': 2.7675, 't2': 12.94295, 't3': 100, 'N_anc': 2044.25945, 'N_yri': 2044.25945, 'N_ooa': 2044.25945, 'N_ceu': 2044.25945, 'N_chb': 2044.25945, 'gr_ceu': 0.01964, 'gr_chb': 0.01964, 'm_yri_ooa': 0.0, 'm_yri_ceu': 1e-05, 'm_yri_chb': 1e-05, 'm_ceu_chb': 1e-05} -75619.69549472118
x_down: {'t1': 2.7675, 't2': 12.94295, 't3': 100, 'N_anc': 2044.25945, 'N_yri': 2044.25945, 'N_ooa': 2044.25945, 'N_ceu': 2044.25945, 'N_chb': 2044.25945, 'gr_ceu': 0.01964, 'gr_chb': 0.01964, 'm_yri_ooa': 0.0, 'm_yri_ceu': 1e-05, 'm_yri_chb': 1e-05, 'm_ceu_chb': 1e-05} -75619.69549472118
 
 
x_up: {'t1': 2.7675, 't2': 12.94295, 't3': 100, 'N_anc': 2044.25945, 'N_yri': 2044.25945, 'N_ooa': 2044.25945, 'N_ceu': 2044.25945, 'N_chb': 2044.25945, 'gr_ceu': 0.01964, 'gr_chb': 0.01964, 'm_yri_ooa': 0.0, 'm_yri_ceu': 1e-05, 'm_yri_chb': 0.0, 'm_ceu_chb': 1e-05} -75619.69549472754
x: {'t1': 2.7675, 't2': 12.94295, 't3': 100, 'N_anc': 2044.25945, 'N_yri': 2044.25945, 'N_ooa': 2044.25945, 'N_ceu': 2044.25945, 'N_chb': 2044.25945, 'gr_ceu': 0.01964, 'gr_chb': 0.01964, 'm_yri_ooa': 0.0, 'm_yri_ceu': 1e-05, 'm_yri_chb': 1e-05, 'm_ceu_chb': 1e-05} -75619.69549472118
x_down: {'t1': 2.7675, 't2': 12.94295, 't3': 100, 'N_anc': 2044.25945, 'N_yri': 2044.25945, 'N_ooa': 2044.25945, 'N_ceu': 2044.25945, 'N_chb': 2044.25945, 'gr_ceu': 0.01964, 'gr_chb': 0.01964, 'm_yri_ooa': 0.0, 'm_yri_ceu': 1e-05, 'm_yri_chb': 1e-05, 'm_ceu_chb': 1e-05} -75619.69549472118
 
 
x_up: {'t1': 2.7675, 't2': 12.94295, 't3': 100, 'N_anc': 2044.25945, 'N_yri': 2044.25945, 'N_ooa': 2044.25945, 'N_ceu': 2044.25945, 'N_chb': 2044.25945, 'gr_ceu': 0.01964, 'gr_chb': 0.01964, 'm_yri_ooa': 0.0, 'm_yri_ceu': 1e-05, 'm_yri_chb': 1e-05, 'm_ceu_chb': 0.0} -75619.69549472127
x: {'t1': 2.7675, 't2': 12.94295, 't3': 100, 'N_anc': 2044.25945, 'N_yri': 2044.25945, 'N_ooa': 2044.25945, 'N_ceu': 2044.25945, 'N_chb': 2044.25945, 'gr_ceu': 0.01964, 'gr_chb': 0.01964, 'm_yri_ooa': 0.0, 'm_yri_ceu': 1e-05, 'm_yri_chb': 1e-05, 'm_ceu_chb': 1e-05} -75619.69549472118
x_down: {'t1': 2.7675, 't2': 12.94295, 't3': 100, 'N_anc': 2044.25945, 'N_yri': 2044.25945, 'N_ooa': 2044.25945, 'N_ceu': 2044.25945, 'N_chb': 2044.25945, 'gr_ceu': 0.01964, 'gr_chb': 0.01964, 'm_yri_ooa': 0.0, 'm_yri_ceu': 1e-05, 'm_yri_chb': 1e-05, 'm_ceu_chb': 1e-05} -75619.69549472118
 
{'t1': 2.7675, 't2': 12.94295, 't3': 100, 'N_anc': 2044.25945, 'N_yri': 2044.25945, 'N_ooa': 2044.25945, 'N_ceu': 2044.25945, 'N_chb': 2044.25945, 'gr_ceu': 0.01964, 'gr_chb': 0.01964, 'm_yri_ooa': 0.0, 'm_yri_ceu': 1e-05, 'm_yri_chb': 1e-05, 'm_ceu_chb': 1e-05} -75619.69549472118
 
x_up: {'t1': 3.65125, 't2': 12.94295, 't3': 100, 'N_anc': 2044.25945, 'N_yri': 2044.25945, 'N_ooa': 2044.25945, 'N_ceu': 2044.25945, 'N_chb': 2044.25945, 'gr_ceu': 0.01964, 'gr_chb': 0.01964, 'm_yri_ooa': 0.0, 'm_yri_ceu': 1e-05, 'm_yri_chb': 1e-05, 'm_ceu_chb': 1e-05} -75986.79645521843
x: {'t1': 2.7675, 't2': 12.94295, 't3': 100, 'N_anc': 2044.25945, 'N_yri': 2044.25945, 'N_ooa': 2044.25945, 'N_ceu': 2044.25945, 'N_chb': 2044.25945, 'gr_ceu': 0.01964, 'gr_chb': 0.01964, 'm_yri_ooa': 0.0, 'm_yri_ceu': 1e-05, 'm_yri_chb': 1e-05, 'm_ceu_chb': 1e-05} -75619.69549472118
x_down: {'t1': 1.88375, 't2': 12.94295, 't3': 100, 'N_anc': 2044.25945, 'N_yri': 2044.25945, 'N_ooa': 2044.25945, 'N_ceu': 2044.25945, 'N_chb': 2044.25945, 'gr_ceu': 0.01964, 'gr_chb': 0.01964, 'm_yri_ooa': 0.0, 'm_yri_ceu': 1e-05, 'm_yri_chb': 1e-05, 'm_ceu_chb': 1e-05} -75208.13934156134
 
 
x_up: {'t1': 1.88375, 't2': 18.47255, 't3': 100, 'N_anc': 2044.25945, 'N_yri': 2044.25945, 'N_ooa': 2044.25945, 'N_ceu': 2044.25945, 'N_chb': 2044.25945, 'gr_ceu': 0.01964, 'gr_chb': 0.01964, 'm_yri_ooa': 0.0, 'm_yri_ceu': 1e-05, 'm_yri_chb': 1e-05, 'm_ceu_chb': 1e-05} -75428.05934110848
x: {'t1': 1.88375, 't2': 12.94295, 't3': 100, 'N_anc': 2044.25945, 'N_yri': 2044.25945, 'N_ooa': 2044.25945, 'N_ceu': 2044.25945, 'N_chb': 2044.25945, 'gr_ceu': 0.01964, 'gr_chb': 0.01964, 'm_yri_ooa': 0.0, 'm_yri_ceu': 1e-05, 'm_yri_chb': 1e-05, 'm_ceu_chb': 1e-05} -75208.13934156134
x_down: {'t1': 1.88375, 't2': 7.41335, 't3': 100, 'N_anc': 2044.25945, 'N_yri': 2044.25945, 'N_ooa': 2044.25945, 'N_ceu': 2044.25945, 'N_chb': 2044.25945, 'gr_ceu': 0.01964, 'gr_chb': 0.01964, 'm_yri_ooa': 0.0, 'm_yri_ceu': 1e-05, 'm_yri_chb': 1e-05, 'm_ceu_chb': 1e-05} -74833.7122326685
 
 
x_up: {'t1': 1.88375, 't2': 7.41335, 't3': 104.62933, 'N_anc': 2044.25945, 'N_yri': 2044.25945, 'N_ooa': 2044.25945, 'N_ceu': 2044.25945, 'N_chb': 2044.25945, 'gr_ceu': 0.01964, 'gr_chb': 0.01964, 'm_yri_ooa': 0.0, 'm_yri_ceu': 1e-05, 'm_yri_chb': 1e-05, 'm_ceu_chb': 1e-05} -74833.7122326685
x: {'t1': 1.88375, 't2': 7.41335, 't3': 100, 'N_anc': 2044.25945, 'N_yri': 2044.25945, 'N_ooa': 2044.25945, 'N_ceu': 2044.25945, 'N_chb': 2044.25945, 'gr_ceu': 0.01964, 'gr_chb': 0.01964, 'm_yri_ooa': 0.0, 'm_yri_ceu': 1e-05, 'm_yri_chb': 1e-05, 'm_ceu_chb': 1e-05} -74833.7122326685
x_down: {'t1': 1.88375, 't2': 7.41335, 't3': 95.37067, 'N_anc': 2044.25945, 'N_yri': 2044.25945, 'N_ooa': 2044.25945, 'N_ceu': 2044.25945, 'N_chb': 2044.25945, 'gr_ceu': 0.01964, 'gr_chb': 0.01964, 'm_yri_ooa': 0.0, 'm_yri_ceu': 1e-05, 'm_yri_chb': 1e-05, 'm_ceu_chb': 1e-05} -74833.7122326685
 
 
x_up: {'t1': 1.88375, 't2': 7.41335, 't3': 100, 'N_anc': 3016.38918, 'N_yri': 2044.25945, 'N_ooa': 2044.25945, 'N_ceu': 2044.25945, 'N_chb': 2044.25945, 'gr_ceu': 0.01964, 'gr_chb': 0.01964, 'm_yri_ooa': 0.0, 'm_yri_ceu': 1e-05, 'm_yri_chb': 1e-05, 'm_ceu_chb': 1e-05} -74886.82288199107
x: {'t1': 1.88375, 't2': 7.41335, 't3': 100, 'N_anc': 2044.25945, 'N_yri': 2044.25945, 'N_ooa': 2044.25945, 'N_ceu': 2044.25945, 'N_chb': 2044.25945, 'gr_ceu': 0.01964, 'gr_chb': 0.01964, 'm_yri_ooa': 0.0, 'm_yri_ceu': 1e-05, 'm_yri_chb': 1e-05, 'm_ceu_chb': 1e-05} -74833.7122326685
x_down: {'t1': 1.88375, 't2': 7.41335, 't3': 100, 'N_anc': 1072.12973, 'N_yri': 2044.25945, 'N_ooa': 2044.25945, 'N_ceu': 2044.25945, 'N_chb': 2044.25945, 'gr_ceu': 0.01964, 'gr_chb': 0.01964, 'm_yri_ooa': 0.0, 'm_yri_ceu': 1e-05, 'm_yri_chb': 1e-05, 'm_ceu_chb': 1e-05} -74760.63744705837
 
 
x_up: {'t1': 1.88375, 't2': 7.41335, 't3': 100, 'N_anc': 1072.12973, 'N_yri': 3016.38918, 'N_ooa': 2044.25945, 'N_ceu': 2044.25945, 'N_chb': 2044.25945, 'gr_ceu': 0.01964, 'gr_chb': 0.01964, 'm_yri_ooa': 0.0, 'm_yri_ceu': 1e-05, 'm_yri_chb': 1e-05, 'm_ceu_chb': 1e-05} -75197.45666026986
x: {'t1': 1.88375, 't2': 7.41335, 't3': 100, 'N_anc': 1072.12973, 'N_yri': 2044.25945, 'N_ooa': 2044.25945, 'N_ceu': 2044.25945, 'N_chb': 2044.25945, 'gr_ceu': 0.01964, 'gr_chb': 0.01964, 'm_yri_ooa': 0.0, 'm_yri_ceu': 1e-05, 'm_yri_chb': 1e-05, 'm_ceu_chb': 1e-05} -74760.63744705837
x_down: {'t1': 1.88375, 't2': 7.41335, 't3': 100, 'N_anc': 1072.12973, 'N_yri': 1072.12973, 'N_ooa': 2044.25945, 'N_ceu': 2044.25945, 'N_chb': 2044.25945, 'gr_ceu': 0.01964, 'gr_chb': 0.01964, 'm_yri_ooa': 0.0, 'm_yri_ceu': 1e-05, 'm_yri_chb': 1e-05, 'm_ceu_chb': 1e-05} -73938.63648723159
 
 
x_up: {'t1': 1.88375, 't2': 7.41335, 't3': 100, 'N_anc': 1072.12973, 'N_yri': 1072.12973, 'N_ooa': 3016.38918, 'N_ceu': 2044.25945, 'N_chb': 2044.25945, 'gr_ceu': 0.01964, 'gr_chb': 0.01964, 'm_yri_ooa': 0.0, 'm_yri_ceu': 1e-05, 'm_yri_chb': 1e-05, 'm_ceu_chb': 1e-05} -75164.10105006407
x: {'t1': 1.88375, 't2': 7.41335, 't3': 100, 'N_anc': 1072.12973, 'N_yri': 1072.12973, 'N_ooa': 2044.25945, 'N_ceu': 2044.25945, 'N_chb': 2044.25945, 'gr_ceu': 0.01964, 'gr_chb': 0.01964, 'm_yri_ooa': 0.0, 'm_yri_ceu': 1e-05, 'm_yri_chb': 1e-05, 'm_ceu_chb': 1e-05} -73938.63648723159
x_down: {'t1': 1.88375, 't2': 7.41335, 't3': 100, 'N_anc': 1072.12973, 'N_yri': 1072.12973, 'N_ooa': 1072.12973, 'N_ceu': 2044.25945, 'N_chb': 2044.25945, 'gr_ceu': 0.01964, 'gr_chb': 0.01964, 'm_yri_ooa': 0.0, 'm_yri_ceu': 1e-05, 'm_yri_chb': 1e-05, 'm_ceu_chb': 1e-05} -72497.55752079848
 
 
x_up: {'t1': 1.88375, 't2': 7.41335, 't3': 100, 'N_anc': 1072.12973, 'N_yri': 1072.12973, 'N_ooa': 1072.12973, 'N_ceu': 3016.38918, 'N_chb': 2044.25945, 'gr_ceu': 0.01964, 'gr_chb': 0.01964, 'm_yri_ooa': 0.0, 'm_yri_ceu': 1e-05, 'm_yri_chb': 1e-05, 'm_ceu_chb': 1e-05} -73011.82883282819
x: {'t1': 1.88375, 't2': 7.41335, 't3': 100, 'N_anc': 1072.12973, 'N_yri': 1072.12973, 'N_ooa': 1072.12973, 'N_ceu': 2044.25945, 'N_chb': 2044.25945, 'gr_ceu': 0.01964, 'gr_chb': 0.01964, 'm_yri_ooa': 0.0, 'm_yri_ceu': 1e-05, 'm_yri_chb': 1e-05, 'm_ceu_chb': 1e-05} -72497.55752079848
x_down: {'t1': 1.88375, 't2': 7.41335, 't3': 100, 'N_anc': 1072.12973, 'N_yri': 1072.12973, 'N_ooa': 1072.12973, 'N_ceu': 1072.12973, 'N_chb': 2044.25945, 'gr_ceu': 0.01964, 'gr_chb': 0.01964, 'm_yri_ooa': 0.0, 'm_yri_ceu': 1e-05, 'm_yri_chb': 1e-05, 'm_ceu_chb': 1e-05} -71455.53897302176
 
 
x_up: {'t1': 1.88375, 't2': 7.41335, 't3': 100, 'N_anc': 1072.12973, 'N_yri': 1072.12973, 'N_ooa': 1072.12973, 'N_ceu': 1072.12973, 'N_chb': 3016.38918, 'gr_ceu': 0.01964, 'gr_chb': 0.01964, 'm_yri_ooa': 0.0, 'm_yri_ceu': 1e-05, 'm_yri_chb': 1e-05, 'm_ceu_chb': 1e-05} -71882.56725623792
x: {'t1': 1.88375, 't2': 7.41335, 't3': 100, 'N_anc': 1072.12973, 'N_yri': 1072.12973, 'N_ooa': 1072.12973, 'N_ceu': 1072.12973, 'N_chb': 2044.25945, 'gr_ceu': 0.01964, 'gr_chb': 0.01964, 'm_yri_ooa': 0.0, 'm_yri_ceu': 1e-05, 'm_yri_chb': 1e-05, 'm_ceu_chb': 1e-05} -71455.53897302176
x_down: {'t1': 1.88375, 't2': 7.41335, 't3': 100, 'N_anc': 1072.12973, 'N_yri': 1072.12973, 'N_ooa': 1072.12973, 'N_ceu': 1072.12973, 'N_chb': 1072.12973, 'gr_ceu': 0.01964, 'gr_chb': 0.01964, 'm_yri_ooa': 0.0, 'm_yri_ceu': 1e-05, 'm_yri_chb': 1e-05, 'm_ceu_chb': 1e-05} -70765.28535657095
 
 
x_up: {'t1': 1.88375, 't2': 7.41335, 't3': 100, 'N_anc': 1072.12973, 'N_yri': 1072.12973, 'N_ooa': 1072.12973, 'N_ceu': 1072.12973, 'N_chb': 1072.12973, 'gr_ceu': 0.02946, 'gr_chb': 0.01964, 'm_yri_ooa': 0.0, 'm_yri_ceu': 1e-05, 'm_yri_chb': 1e-05, 'm_ceu_chb': 1e-05} -70779.33212348775
x: {'t1': 1.88375, 't2': 7.41335, 't3': 100, 'N_anc': 1072.12973, 'N_yri': 1072.12973, 'N_ooa': 1072.12973, 'N_ceu': 1072.12973, 'N_chb': 1072.12973, 'gr_ceu': 0.01964, 'gr_chb': 0.01964, 'm_yri_ooa': 0.0, 'm_yri_ceu': 1e-05, 'm_yri_chb': 1e-05, 'm_ceu_chb': 1e-05} -70765.28535657095
x_down: {'t1': 1.88375, 't2': 7.41335, 't3': 100, 'N_anc': 1072.12973, 'N_yri': 1072.12973, 'N_ooa': 1072.12973, 'N_ceu': 1072.12973, 'N_chb': 1072.12973, 'gr_ceu': 0.00982, 'gr_chb': 0.01964, 'm_yri_ooa': 0.0, 'm_yri_ceu': 1e-05, 'm_yri_chb': 1e-05, 'm_ceu_chb': 1e-05} -70751.15050633012
 
 
x_up: {'t1': 1.88375, 't2': 7.41335, 't3': 100, 'N_anc': 1072.12973, 'N_yri': 1072.12973, 'N_ooa': 1072.12973, 'N_ceu': 1072.12973, 'N_chb': 1072.12973, 'gr_ceu': 0.00982, 'gr_chb': 0.02946, 'm_yri_ooa': 0.0, 'm_yri_ceu': 1e-05, 'm_yri_chb': 1e-05, 'm_ceu_chb': 1e-05} -70765.02700793835
x: {'t1': 1.88375, 't2': 7.41335, 't3': 100, 'N_anc': 1072.12973, 'N_yri': 1072.12973, 'N_ooa': 1072.12973, 'N_ceu': 1072.12973, 'N_chb': 1072.12973, 'gr_ceu': 0.00982, 'gr_chb': 0.01964, 'm_yri_ooa': 0.0, 'm_yri_ceu': 1e-05, 'm_yri_chb': 1e-05, 'm_ceu_chb': 1e-05} -70751.15050633012
x_down: {'t1': 1.88375, 't2': 7.41335, 't3': 100, 'N_anc': 1072.12973, 'N_yri': 1072.12973, 'N_ooa': 1072.12973, 'N_ceu': 1072.12973, 'N_chb': 1072.12973, 'gr_ceu': 0.00982, 'gr_chb': 0.00982, 'm_yri_ooa': 0.0, 'm_yri_ceu': 1e-05, 'm_yri_chb': 1e-05, 'm_ceu_chb': 1e-05} -70737.18450739647
 
 
x_up: {'t1': 1.88375, 't2': 7.41335, 't3': 100, 'N_anc': 1072.12973, 'N_yri': 1072.12973, 'N_ooa': 1072.12973, 'N_ceu': 1072.12973, 'N_chb': 1072.12973, 'gr_ceu': 0.00982, 'gr_chb': 0.00982, 'm_yri_ooa': 0.0, 'm_yri_ceu': 1e-05, 'm_yri_chb': 1e-05, 'm_ceu_chb': 1e-05} -70737.18450739647
x: {'t1': 1.88375, 't2': 7.41335, 't3': 100, 'N_anc': 1072.12973, 'N_yri': 1072.12973, 'N_ooa': 1072.12973, 'N_ceu': 1072.12973, 'N_chb': 1072.12973, 'gr_ceu': 0.00982, 'gr_chb': 0.00982, 'm_yri_ooa': 0.0, 'm_yri_ceu': 1e-05, 'm_yri_chb': 1e-05, 'm_ceu_chb': 1e-05} -70737.18450739647
x_down: {'t1': 1.88375, 't2': 7.41335, 't3': 100, 'N_anc': 1072.12973, 'N_yri': 1072.12973, 'N_ooa': 1072.12973, 'N_ceu': 1072.12973, 'N_chb': 1072.12973, 'gr_ceu': 0.00982, 'gr_chb': 0.00982, 'm_yri_ooa': 1e-05, 'm_yri_ceu': 1e-05, 'm_yri_chb': 1e-05, 'm_ceu_chb': 1e-05} -70737.24119308166
 
 
x_up: {'t1': 1.88375, 't2': 7.41335, 't3': 100, 'N_anc': 1072.12973, 'N_yri': 1072.12973, 'N_ooa': 1072.12973, 'N_ceu': 1072.12973, 'N_chb': 1072.12973, 'gr_ceu': 0.00982, 'gr_chb': 0.00982, 'm_yri_ooa': 0.0, 'm_yri_ceu': 0.0, 'm_yri_chb': 1e-05, 'm_ceu_chb': 1e-05} -70737.18450740329
x: {'t1': 1.88375, 't2': 7.41335, 't3': 100, 'N_anc': 1072.12973, 'N_yri': 1072.12973, 'N_ooa': 1072.12973, 'N_ceu': 1072.12973, 'N_chb': 1072.12973, 'gr_ceu': 0.00982, 'gr_chb': 0.00982, 'm_yri_ooa': 0.0, 'm_yri_ceu': 1e-05, 'm_yri_chb': 1e-05, 'm_ceu_chb': 1e-05} -70737.18450739647
x_down: {'t1': 1.88375, 't2': 7.41335, 't3': 100, 'N_anc': 1072.12973, 'N_yri': 1072.12973, 'N_ooa': 1072.12973, 'N_ceu': 1072.12973, 'N_chb': 1072.12973, 'gr_ceu': 0.00982, 'gr_chb': 0.00982, 'm_yri_ooa': 0.0, 'm_yri_ceu': 1e-05, 'm_yri_chb': 1e-05, 'm_ceu_chb': 1e-05} -70737.18450739647
 
 
x_up: {'t1': 1.88375, 't2': 7.41335, 't3': 100, 'N_anc': 1072.12973, 'N_yri': 1072.12973, 'N_ooa': 1072.12973, 'N_ceu': 1072.12973, 'N_chb': 1072.12973, 'gr_ceu': 0.00982, 'gr_chb': 0.00982, 'm_yri_ooa': 0.0, 'm_yri_ceu': 1e-05, 'm_yri_chb': 0.0, 'm_ceu_chb': 1e-05} -70737.18450740281
x: {'t1': 1.88375, 't2': 7.41335, 't3': 100, 'N_anc': 1072.12973, 'N_yri': 1072.12973, 'N_ooa': 1072.12973, 'N_ceu': 1072.12973, 'N_chb': 1072.12973, 'gr_ceu': 0.00982, 'gr_chb': 0.00982, 'm_yri_ooa': 0.0, 'm_yri_ceu': 1e-05, 'm_yri_chb': 1e-05, 'm_ceu_chb': 1e-05} -70737.18450739647
x_down: {'t1': 1.88375, 't2': 7.41335, 't3': 100, 'N_anc': 1072.12973, 'N_yri': 1072.12973, 'N_ooa': 1072.12973, 'N_ceu': 1072.12973, 'N_chb': 1072.12973, 'gr_ceu': 0.00982, 'gr_chb': 0.00982, 'm_yri_ooa': 0.0, 'm_yri_ceu': 1e-05, 'm_yri_chb': 1e-05, 'm_ceu_chb': 1e-05} -70737.18450739647
 
 
x_up: {'t1': 1.88375, 't2': 7.41335, 't3': 100, 'N_anc': 1072.12973, 'N_yri': 1072.12973, 'N_ooa': 1072.12973, 'N_ceu': 1072.12973, 'N_chb': 1072.12973, 'gr_ceu': 0.00982, 'gr_chb': 0.00982, 'm_yri_ooa': 0.0, 'm_yri_ceu': 1e-05, 'm_yri_chb': 1e-05, 'm_ceu_chb': 0.0} -70737.18450739639
x: {'t1': 1.88375, 't2': 7.41335, 't3': 100, 'N_anc': 1072.12973, 'N_yri': 1072.12973, 'N_ooa': 1072.12973, 'N_ceu': 1072.12973, 'N_chb': 1072.12973, 'gr_ceu': 0.00982, 'gr_chb': 0.00982, 'm_yri_ooa': 0.0, 'm_yri_ceu': 1e-05, 'm_yri_chb': 1e-05, 'm_ceu_chb': 1e-05} -70737.18450739647
x_down: {'t1': 1.88375, 't2': 7.41335, 't3': 100, 'N_anc': 1072.12973, 'N_yri': 1072.12973, 'N_ooa': 1072.12973, 'N_ceu': 1072.12973, 'N_chb': 1072.12973, 'gr_ceu': 0.00982, 'gr_chb': 0.00982, 'm_yri_ooa': 0.0, 'm_yri_ceu': 1e-05, 'm_yri_chb': 1e-05, 'm_ceu_chb': 1e-05} -70737.18450739647
 
{'t1': 1.88375, 't2': 7.41335, 't3': 100, 'N_anc': 1072.12973, 'N_yri': 1072.12973, 'N_ooa': 1072.12973, 'N_ceu': 1072.12973, 'N_chb': 1072.12973, 'gr_ceu': 0.00982, 'gr_chb': 0.00982, 'm_yri_ooa': 0.0, 'm_yri_ceu': 1e-05, 'm_yri_chb': 1e-05, 'm_ceu_chb': 0.0} -70737.18450739639
 
x_up: {'t1': 2.32563, 't2': 7.41335, 't3': 100, 'N_anc': 1072.12973, 'N_yri': 1072.12973, 'N_ooa': 1072.12973, 'N_ceu': 1072.12973, 'N_chb': 1072.12973, 'gr_ceu': 0.00982, 'gr_chb': 0.00982, 'm_yri_ooa': 0.0, 'm_yri_ceu': 1e-05, 'm_yri_chb': 1e-05, 'm_ceu_chb': 0.0} -70814.7252834961
x: {'t1': 1.88375, 't2': 7.41335, 't3': 100, 'N_anc': 1072.12973, 'N_yri': 1072.12973, 'N_ooa': 1072.12973, 'N_ceu': 1072.12973, 'N_chb': 1072.12973, 'gr_ceu': 0.00982, 'gr_chb': 0.00982, 'm_yri_ooa': 0.0, 'm_yri_ceu': 1e-05, 'm_yri_chb': 1e-05, 'm_ceu_chb': 0.0} -70737.18450739639
x_down: {'t1': 1.44188, 't2': 7.41335, 't3': 100, 'N_anc': 1072.12973, 'N_yri': 1072.12973, 'N_ooa': 1072.12973, 'N_ceu': 1072.12973, 'N_chb': 1072.12973, 'gr_ceu': 0.00982, 'gr_chb': 0.00982, 'm_yri_ooa': 0.0, 'm_yri_ceu': 1e-05, 'm_yri_chb': 1e-05, 'm_ceu_chb': 0.0} -70657.67274334302
 
 
x_up: {'t1': 1.44188, 't2': 10.39908, 't3': 100, 'N_anc': 1072.12973, 'N_yri': 1072.12973, 'N_ooa': 1072.12973, 'N_ceu': 1072.12973, 'N_chb': 1072.12973, 'gr_ceu': 0.00982, 'gr_chb': 0.00982, 'm_yri_ooa': 0.0, 'm_yri_ceu': 1e-05, 'm_yri_chb': 1e-05, 'm_ceu_chb': 0.0} -71013.23559759822
x: {'t1': 1.44188, 't2': 7.41335, 't3': 100, 'N_anc': 1072.12973, 'N_yri': 1072.12973, 'N_ooa': 1072.12973, 'N_ceu': 1072.12973, 'N_chb': 1072.12973, 'gr_ceu': 0.00982, 'gr_chb': 0.00982, 'm_yri_ooa': 0.0, 'm_yri_ceu': 1e-05, 'm_yri_chb': 1e-05, 'm_ceu_chb': 0.0} -70657.67274334302
x_down: {'t1': 1.44188, 't2': 4.42762, 't3': 100, 'N_anc': 1072.12973, 'N_yri': 1072.12973, 'N_ooa': 1072.12973, 'N_ceu': 1072.12973, 'N_chb': 1072.12973, 'gr_ceu': 0.00982, 'gr_chb': 0.00982, 'm_yri_ooa': 0.0, 'm_yri_ceu': 1e-05, 'm_yri_chb': 1e-05, 'm_ceu_chb': 0.0} -70260.04263217149
 
 
x_up: {'t1': 1.44188, 't2': 4.42762, 't3': 104.77862, 'N_anc': 1072.12973, 'N_yri': 1072.12973, 'N_ooa': 1072.12973, 'N_ceu': 1072.12973, 'N_chb': 1072.12973, 'gr_ceu': 0.00982, 'gr_chb': 0.00982, 'm_yri_ooa': 0.0, 'm_yri_ceu': 1e-05, 'm_yri_chb': 1e-05, 'm_ceu_chb': 0.0} -70260.04263217149
x: {'t1': 1.44188, 't2': 4.42762, 't3': 100, 'N_anc': 1072.12973, 'N_yri': 1072.12973, 'N_ooa': 1072.12973, 'N_ceu': 1072.12973, 'N_chb': 1072.12973, 'gr_ceu': 0.00982, 'gr_chb': 0.00982, 'm_yri_ooa': 0.0, 'm_yri_ceu': 1e-05, 'm_yri_chb': 1e-05, 'm_ceu_chb': 0.0} -70260.04263217149
x_down: {'t1': 1.44188, 't2': 4.42762, 't3': 95.22138, 'N_anc': 1072.12973, 'N_yri': 1072.12973, 'N_ooa': 1072.12973, 'N_ceu': 1072.12973, 'N_chb': 1072.12973, 'gr_ceu': 0.00982, 'gr_chb': 0.00982, 'm_yri_ooa': 0.0, 'm_yri_ceu': 1e-05, 'm_yri_chb': 1e-05, 'm_ceu_chb': 0.0} -70260.04263217149
 
 
x_up: {'t1': 1.44188, 't2': 4.42762, 't3': 100, 'N_anc': 1558.1946, 'N_yri': 1072.12973, 'N_ooa': 1072.12973, 'N_ceu': 1072.12973, 'N_chb': 1072.12973, 'gr_ceu': 0.00982, 'gr_chb': 0.00982, 'm_yri_ooa': 0.0, 'm_yri_ceu': 1e-05, 'm_yri_chb': 1e-05, 'm_ceu_chb': 0.0} -70299.56677399544
x: {'t1': 1.44188, 't2': 4.42762, 't3': 100, 'N_anc': 1072.12973, 'N_yri': 1072.12973, 'N_ooa': 1072.12973, 'N_ceu': 1072.12973, 'N_chb': 1072.12973, 'gr_ceu': 0.00982, 'gr_chb': 0.00982, 'm_yri_ooa': 0.0, 'm_yri_ceu': 1e-05, 'm_yri_chb': 1e-05, 'm_ceu_chb': 0.0} -70260.04263217149
x_down: {'t1': 1.44188, 't2': 4.42762, 't3': 100, 'N_anc': 586.06487, 'N_yri': 1072.12973, 'N_ooa': 1072.12973, 'N_ceu': 1072.12973, 'N_chb': 1072.12973, 'gr_ceu': 0.00982, 'gr_chb': 0.00982, 'm_yri_ooa': 0.0, 'm_yri_ceu': 1e-05, 'm_yri_chb': 1e-05, 'm_ceu_chb': 0.0} -70221.27181595982
 
 
x_up: {'t1': 1.44188, 't2': 4.42762, 't3': 100, 'N_anc': 586.06487, 'N_yri': 1558.1946, 'N_ooa': 1072.12973, 'N_ceu': 1072.12973, 'N_chb': 1072.12973, 'gr_ceu': 0.00982, 'gr_chb': 0.00982, 'm_yri_ooa': 0.0, 'm_yri_ceu': 1e-05, 'm_yri_chb': 1e-05, 'm_ceu_chb': 0.0} -70605.5532383
x: {'t1': 1.44188, 't2': 4.42762, 't3': 100, 'N_anc': 586.06487, 'N_yri': 1072.12973, 'N_ooa': 1072.12973, 'N_ceu': 1072.12973, 'N_chb': 1072.12973, 'gr_ceu': 0.00982, 'gr_chb': 0.00982, 'm_yri_ooa': 0.0, 'm_yri_ceu': 1e-05, 'm_yri_chb': 1e-05, 'm_ceu_chb': 0.0} -70221.27181595982
x_down: {'t1': 1.44188, 't2': 4.42762, 't3': 100, 'N_anc': 586.06487, 'N_yri': 586.06487, 'N_ooa': 1072.12973, 'N_ceu': 1072.12973, 'N_chb': 1072.12973, 'gr_ceu': 0.00982, 'gr_chb': 0.00982, 'm_yri_ooa': 0.0, 'm_yri_ceu': 1e-05, 'm_yri_chb': 1e-05, 'm_ceu_chb': 0.0} -69586.4626643119
 
 
x_up: {'t1': 1.44188, 't2': 4.42762, 't3': 100, 'N_anc': 586.06487, 'N_yri': 586.06487, 'N_ooa': 1558.1946, 'N_ceu': 1072.12973, 'N_chb': 1072.12973, 'gr_ceu': 0.00982, 'gr_chb': 0.00982, 'm_yri_ooa': 0.0, 'm_yri_ceu': 1e-05, 'm_yri_chb': 1e-05, 'm_ceu_chb': 0.0} -70332.75795944629
x: {'t1': 1.44188, 't2': 4.42762, 't3': 100, 'N_anc': 586.06487, 'N_yri': 586.06487, 'N_ooa': 1072.12973, 'N_ceu': 1072.12973, 'N_chb': 1072.12973, 'gr_ceu': 0.00982, 'gr_chb': 0.00982, 'm_yri_ooa': 0.0, 'm_yri_ceu': 1e-05, 'm_yri_chb': 1e-05, 'm_ceu_chb': 0.0} -69586.4626643119
x_down: {'t1': 1.44188, 't2': 4.42762, 't3': 100, 'N_anc': 586.06487, 'N_yri': 586.06487, 'N_ooa': 586.06487, 'N_ceu': 1072.12973, 'N_chb': 1072.12973, 'gr_ceu': 0.00982, 'gr_chb': 0.00982, 'm_yri_ooa': 0.0, 'm_yri_ceu': 1e-05, 'm_yri_chb': 1e-05, 'm_ceu_chb': 0.0} -69623.10273444404
 
 
x_up: {'t1': 1.44188, 't2': 4.42762, 't3': 100, 'N_anc': 586.06487, 'N_yri': 586.06487, 'N_ooa': 1072.12973, 'N_ceu': 1558.1946, 'N_chb': 1072.12973, 'gr_ceu': 0.00982, 'gr_chb': 0.00982, 'm_yri_ooa': 0.0, 'm_yri_ceu': 1e-05, 'm_yri_chb': 1e-05, 'm_ceu_chb': 0.0} -69922.20903636598
x: {'t1': 1.44188, 't2': 4.42762, 't3': 100, 'N_anc': 586.06487, 'N_yri': 586.06487, 'N_ooa': 1072.12973, 'N_ceu': 1072.12973, 'N_chb': 1072.12973, 'gr_ceu': 0.00982, 'gr_chb': 0.00982, 'm_yri_ooa': 0.0, 'm_yri_ceu': 1e-05, 'm_yri_chb': 1e-05, 'm_ceu_chb': 0.0} -69586.4626643119
x_down: {'t1': 1.44188, 't2': 4.42762, 't3': 100, 'N_anc': 586.06487, 'N_yri': 586.06487, 'N_ooa': 1072.12973, 'N_ceu': 586.06487, 'N_chb': 1072.12973, 'gr_ceu': 0.00982, 'gr_chb': 0.00982, 'm_yri_ooa': 0.0, 'm_yri_ceu': 1e-05, 'm_yri_chb': 1e-05, 'm_ceu_chb': 0.0} -69026.13716561346
 
 
x_up: {'t1': 1.44188, 't2': 4.42762, 't3': 100, 'N_anc': 586.06487, 'N_yri': 586.06487, 'N_ooa': 1072.12973, 'N_ceu': 586.06487, 'N_chb': 1558.1946, 'gr_ceu': 0.00982, 'gr_chb': 0.00982, 'm_yri_ooa': 0.0, 'm_yri_ceu': 1e-05, 'm_yri_chb': 1e-05, 'm_ceu_chb': 0.0} -69296.3331355634
x: {'t1': 1.44188, 't2': 4.42762, 't3': 100, 'N_anc': 586.06487, 'N_yri': 586.06487, 'N_ooa': 1072.12973, 'N_ceu': 586.06487, 'N_chb': 1072.12973, 'gr_ceu': 0.00982, 'gr_chb': 0.00982, 'm_yri_ooa': 0.0, 'm_yri_ceu': 1e-05, 'm_yri_chb': 1e-05, 'm_ceu_chb': 0.0} -69026.13716561346
x_down: {'t1': 1.44188, 't2': 4.42762, 't3': 100, 'N_anc': 586.06487, 'N_yri': 586.06487, 'N_ooa': 1072.12973, 'N_ceu': 586.06487, 'N_chb': 586.06487, 'gr_ceu': 0.00982, 'gr_chb': 0.00982, 'm_yri_ooa': 0.0, 'm_yri_ceu': 1e-05, 'm_yri_chb': 1e-05, 'm_ceu_chb': 0.0} -68668.85026591811
 
 
x_up: {'t1': 1.44188, 't2': 4.42762, 't3': 100, 'N_anc': 586.06487, 'N_yri': 586.06487, 'N_ooa': 1072.12973, 'N_ceu': 586.06487, 'N_chb': 586.06487, 'gr_ceu': 0.01473, 'gr_chb': 0.00982, 'm_yri_ooa': 0.0, 'm_yri_ceu': 1e-05, 'm_yri_chb': 1e-05, 'm_ceu_chb': 0.0} -68671.28100313197
x: {'t1': 1.44188, 't2': 4.42762, 't3': 100, 'N_anc': 586.06487, 'N_yri': 586.06487, 'N_ooa': 1072.12973, 'N_ceu': 586.06487, 'N_chb': 586.06487, 'gr_ceu': 0.00982, 'gr_chb': 0.00982, 'm_yri_ooa': 0.0, 'm_yri_ceu': 1e-05, 'm_yri_chb': 1e-05, 'm_ceu_chb': 0.0} -68668.85026591811
x_down: {'t1': 1.44188, 't2': 4.42762, 't3': 100, 'N_anc': 586.06487, 'N_yri': 586.06487, 'N_ooa': 1072.12973, 'N_ceu': 586.06487, 'N_chb': 586.06487, 'gr_ceu': 0.00491, 'gr_chb': 0.00982, 'm_yri_ooa': 0.0, 'm_yri_ceu': 1e-05, 'm_yri_chb': 1e-05, 'm_ceu_chb': 0.0} -68666.42114681372
 
 
x_up: {'t1': 1.44188, 't2': 4.42762, 't3': 100, 'N_anc': 586.06487, 'N_yri': 586.06487, 'N_ooa': 1072.12973, 'N_ceu': 586.06487, 'N_chb': 586.06487, 'gr_ceu': 0.00491, 'gr_chb': 0.01473, 'm_yri_ooa': 0.0, 'm_yri_ceu': 1e-05, 'm_yri_chb': 1e-05, 'm_ceu_chb': 0.0} -68668.84440826366
x: {'t1': 1.44188, 't2': 4.42762, 't3': 100, 'N_anc': 586.06487, 'N_yri': 586.06487, 'N_ooa': 1072.12973, 'N_ceu': 586.06487, 'N_chb': 586.06487, 'gr_ceu': 0.00491, 'gr_chb': 0.00982, 'm_yri_ooa': 0.0, 'm_yri_ceu': 1e-05, 'm_yri_chb': 1e-05, 'm_ceu_chb': 0.0} -68666.42114681372
x_down: {'t1': 1.44188, 't2': 4.42762, 't3': 100, 'N_anc': 586.06487, 'N_yri': 586.06487, 'N_ooa': 1072.12973, 'N_ceu': 586.06487, 'N_chb': 586.06487, 'gr_ceu': 0.00491, 'gr_chb': 0.00491, 'm_yri_ooa': 0.0, 'm_yri_ceu': 1e-05, 'm_yri_chb': 1e-05, 'm_ceu_chb': 0.0} -68663.99978236434
 
 
x_up: {'t1': 1.44188, 't2': 4.42762, 't3': 100, 'N_anc': 586.06487, 'N_yri': 586.06487, 'N_ooa': 1072.12973, 'N_ceu': 586.06487, 'N_chb': 586.06487, 'gr_ceu': 0.00491, 'gr_chb': 0.00491, 'm_yri_ooa': 0.0, 'm_yri_ceu': 1e-05, 'm_yri_chb': 1e-05, 'm_ceu_chb': 0.0} -68663.99978236434
x: {'t1': 1.44188, 't2': 4.42762, 't3': 100, 'N_anc': 586.06487, 'N_yri': 586.06487, 'N_ooa': 1072.12973, 'N_ceu': 586.06487, 'N_chb': 586.06487, 'gr_ceu': 0.00491, 'gr_chb': 0.00491, 'm_yri_ooa': 0.0, 'm_yri_ceu': 1e-05, 'm_yri_chb': 1e-05, 'm_ceu_chb': 0.0} -68663.99978236434
x_down: {'t1': 1.44188, 't2': 4.42762, 't3': 100, 'N_anc': 586.06487, 'N_yri': 586.06487, 'N_ooa': 1072.12973, 'N_ceu': 586.06487, 'N_chb': 586.06487, 'gr_ceu': 0.00491, 'gr_chb': 0.00491, 'm_yri_ooa': 1e-05, 'm_yri_ceu': 1e-05, 'm_yri_chb': 1e-05, 'm_ceu_chb': 0.0} -68664.05738351309
 
 
x_up: {'t1': 1.44188, 't2': 4.42762, 't3': 100, 'N_anc': 586.06487, 'N_yri': 586.06487, 'N_ooa': 1072.12973, 'N_ceu': 586.06487, 'N_chb': 586.06487, 'gr_ceu': 0.00491, 'gr_chb': 0.00491, 'm_yri_ooa': 0.0, 'm_yri_ceu': 0.0, 'm_yri_chb': 1e-05, 'm_ceu_chb': 0.0} -68663.99978236885
x: {'t1': 1.44188, 't2': 4.42762, 't3': 100, 'N_anc': 586.06487, 'N_yri': 586.06487, 'N_ooa': 1072.12973, 'N_ceu': 586.06487, 'N_chb': 586.06487, 'gr_ceu': 0.00491, 'gr_chb': 0.00491, 'm_yri_ooa': 0.0, 'm_yri_ceu': 1e-05, 'm_yri_chb': 1e-05, 'm_ceu_chb': 0.0} -68663.99978236434
x_down: {'t1': 1.44188, 't2': 4.42762, 't3': 100, 'N_anc': 586.06487, 'N_yri': 586.06487, 'N_ooa': 1072.12973, 'N_ceu': 586.06487, 'N_chb': 586.06487, 'gr_ceu': 0.00491, 'gr_chb': 0.00491, 'm_yri_ooa': 0.0, 'm_yri_ceu': 1e-05, 'm_yri_chb': 1e-05, 'm_ceu_chb': 0.0} -68663.99978236434
 
 
x_up: {'t1': 1.44188, 't2': 4.42762, 't3': 100, 'N_anc': 586.06487, 'N_yri': 586.06487, 'N_ooa': 1072.12973, 'N_ceu': 586.06487, 'N_chb': 586.06487, 'gr_ceu': 0.00491, 'gr_chb': 0.00491, 'm_yri_ooa': 0.0, 'm_yri_ceu': 1e-05, 'm_yri_chb': 0.0, 'm_ceu_chb': 0.0} -68663.99978236911
x: {'t1': 1.44188, 't2': 4.42762, 't3': 100, 'N_anc': 586.06487, 'N_yri': 586.06487, 'N_ooa': 1072.12973, 'N_ceu': 586.06487, 'N_chb': 586.06487, 'gr_ceu': 0.00491, 'gr_chb': 0.00491, 'm_yri_ooa': 0.0, 'm_yri_ceu': 1e-05, 'm_yri_chb': 1e-05, 'm_ceu_chb': 0.0} -68663.99978236434
x_down: {'t1': 1.44188, 't2': 4.42762, 't3': 100, 'N_anc': 586.06487, 'N_yri': 586.06487, 'N_ooa': 1072.12973, 'N_ceu': 586.06487, 'N_chb': 586.06487, 'gr_ceu': 0.00491, 'gr_chb': 0.00491, 'm_yri_ooa': 0.0, 'm_yri_ceu': 1e-05, 'm_yri_chb': 1e-05, 'm_ceu_chb': 0.0} -68663.99978236434
 
 
x_up: {'t1': 1.44188, 't2': 4.42762, 't3': 100, 'N_anc': 586.06487, 'N_yri': 586.06487, 'N_ooa': 1072.12973, 'N_ceu': 586.06487, 'N_chb': 586.06487, 'gr_ceu': 0.00491, 'gr_chb': 0.00491, 'm_yri_ooa': 0.0, 'm_yri_ceu': 1e-05, 'm_yri_chb': 1e-05, 'm_ceu_chb': 0.0} -68663.99978236434
x: {'t1': 1.44188, 't2': 4.42762, 't3': 100, 'N_anc': 586.06487, 'N_yri': 586.06487, 'N_ooa': 1072.12973, 'N_ceu': 586.06487, 'N_chb': 586.06487, 'gr_ceu': 0.00491, 'gr_chb': 0.00491, 'm_yri_ooa': 0.0, 'm_yri_ceu': 1e-05, 'm_yri_chb': 1e-05, 'm_ceu_chb': 0.0} -68663.99978236434
x_down: {'t1': 1.44188, 't2': 4.42762, 't3': 100, 'N_anc': 586.06487, 'N_yri': 586.06487, 'N_ooa': 1072.12973, 'N_ceu': 586.06487, 'N_chb': 586.06487, 'gr_ceu': 0.00491, 'gr_chb': 0.00491, 'm_yri_ooa': 0.0, 'm_yri_ceu': 1e-05, 'm_yri_chb': 1e-05, 'm_ceu_chb': 1e-05} -68663.99978236445
 
{'t1': 1.44188, 't2': 4.42762, 't3': 100, 'N_anc': 586.06487, 'N_yri': 586.06487, 'N_ooa': 1072.12973, 'N_ceu': 586.06487, 'N_chb': 586.06487, 'gr_ceu': 0.00491, 'gr_chb': 0.00491, 'm_yri_ooa': 0.0, 'm_yri_ceu': 1e-05, 'm_yri_chb': 1e-05, 'm_ceu_chb': 0.0} -68663.99978236434
 
x_up: {'t1': 1.66282, 't2': 4.42762, 't3': 100, 'N_anc': 586.06487, 'N_yri': 586.06487, 'N_ooa': 1072.12973, 'N_ceu': 586.06487, 'N_chb': 586.06487, 'gr_ceu': 0.00491, 'gr_chb': 0.00491, 'm_yri_ooa': 0.0, 'm_yri_ceu': 1e-05, 'm_yri_chb': 1e-05, 'm_ceu_chb': 0.0} -68619.35023626826
x: {'t1': 1.44188, 't2': 4.42762, 't3': 100, 'N_anc': 586.06487, 'N_yri': 586.06487, 'N_ooa': 1072.12973, 'N_ceu': 586.06487, 'N_chb': 586.06487, 'gr_ceu': 0.00491, 'gr_chb': 0.00491, 'm_yri_ooa': 0.0, 'm_yri_ceu': 1e-05, 'm_yri_chb': 1e-05, 'm_ceu_chb': 0.0} -68663.99978236434
x_down: {'t1': 1.22094, 't2': 4.42762, 't3': 100, 'N_anc': 586.06487, 'N_yri': 586.06487, 'N_ooa': 1072.12973, 'N_ceu': 586.06487, 'N_chb': 586.06487, 'gr_ceu': 0.00491, 'gr_chb': 0.00491, 'm_yri_ooa': 0.0, 'm_yri_ceu': 1e-05, 'm_yri_chb': 1e-05, 'm_ceu_chb': 0.0} -68695.23884588362
 
 
x_up: {'t1': 1.66282, 't2': 5.81002, 't3': 100, 'N_anc': 586.06487, 'N_yri': 586.06487, 'N_ooa': 1072.12973, 'N_ceu': 586.06487, 'N_chb': 586.06487, 'gr_ceu': 0.00491, 'gr_chb': 0.00491, 'm_yri_ooa': 0.0, 'm_yri_ceu': 1e-05, 'm_yri_chb': 1e-05, 'm_ceu_chb': 0.0} -68751.62482495353
x: {'t1': 1.66282, 't2': 4.42762, 't3': 100, 'N_anc': 586.06487, 'N_yri': 586.06487, 'N_ooa': 1072.12973, 'N_ceu': 586.06487, 'N_chb': 586.06487, 'gr_ceu': 0.00491, 'gr_chb': 0.00491, 'm_yri_ooa': 0.0, 'm_yri_ceu': 1e-05, 'm_yri_chb': 1e-05, 'm_ceu_chb': 0.0} -68619.35023626826
x_down: {'t1': 1.66282, 't2': 3.04522, 't3': 100, 'N_anc': 586.06487, 'N_yri': 586.06487, 'N_ooa': 1072.12973, 'N_ceu': 586.06487, 'N_chb': 586.06487, 'gr_ceu': 0.00491, 'gr_chb': 0.00491, 'm_yri_ooa': 0.0, 'm_yri_ceu': 1e-05, 'm_yri_chb': 1e-05, 'm_ceu_chb': 0.0} -68403.71601270752
 
 
x_up: {'t1': 1.66282, 't2': 3.04522, 't3': 104.84774, 'N_anc': 586.06487, 'N_yri': 586.06487, 'N_ooa': 1072.12973, 'N_ceu': 586.06487, 'N_chb': 586.06487, 'gr_ceu': 0.00491, 'gr_chb': 0.00491, 'm_yri_ooa': 0.0, 'm_yri_ceu': 1e-05, 'm_yri_chb': 1e-05, 'm_ceu_chb': 0.0} -68405.03235014848
x: {'t1': 1.66282, 't2': 3.04522, 't3': 100, 'N_anc': 586.06487, 'N_yri': 586.06487, 'N_ooa': 1072.12973, 'N_ceu': 586.06487, 'N_chb': 586.06487, 'gr_ceu': 0.00491, 'gr_chb': 0.00491, 'm_yri_ooa': 0.0, 'm_yri_ceu': 1e-05, 'm_yri_chb': 1e-05, 'm_ceu_chb': 0.0} -68403.71601270752
x_down: {'t1': 1.66282, 't2': 3.04522, 't3': 95.15226, 'N_anc': 586.06487, 'N_yri': 586.06487, 'N_ooa': 1072.12973, 'N_ceu': 586.06487, 'N_chb': 586.06487, 'gr_ceu': 0.00491, 'gr_chb': 0.00491, 'm_yri_ooa': 0.0, 'm_yri_ceu': 1e-05, 'm_yri_chb': 1e-05, 'm_ceu_chb': 0.0} -68399.89311310915
 
 
x_up: {'t1': 1.66282, 't2': 3.04522, 't3': 95.15226, 'N_anc': 829.09731, 'N_yri': 586.06487, 'N_ooa': 1072.12973, 'N_ceu': 586.06487, 'N_chb': 586.06487, 'gr_ceu': 0.00491, 'gr_chb': 0.00491, 'm_yri_ooa': 0.0, 'm_yri_ceu': 1e-05, 'm_yri_chb': 1e-05, 'm_ceu_chb': 0.0} -68419.2795498428
x: {'t1': 1.66282, 't2': 3.04522, 't3': 95.15226, 'N_anc': 586.06487, 'N_yri': 586.06487, 'N_ooa': 1072.12973, 'N_ceu': 586.06487, 'N_chb': 586.06487, 'gr_ceu': 0.00491, 'gr_chb': 0.00491, 'm_yri_ooa': 0.0, 'm_yri_ceu': 1e-05, 'm_yri_chb': 1e-05, 'm_ceu_chb': 0.0} -68399.89311310915
x_down: {'t1': 1.66282, 't2': 3.04522, 't3': 95.15226, 'N_anc': 343.03244, 'N_yri': 586.06487, 'N_ooa': 1072.12973, 'N_ceu': 586.06487, 'N_chb': 586.06487, 'gr_ceu': 0.00491, 'gr_chb': 0.00491, 'm_yri_ooa': 0.0, 'm_yri_ceu': 1e-05, 'm_yri_chb': 1e-05, 'm_ceu_chb': 0.0} -68409.67096573063
 
 
x_up: {'t1': 1.66282, 't2': 3.04522, 't3': 95.15226, 'N_anc': 586.06487, 'N_yri': 829.09731, 'N_ooa': 1072.12973, 'N_ceu': 586.06487, 'N_chb': 586.06487, 'gr_ceu': 0.00491, 'gr_chb': 0.00491, 'm_yri_ooa': 0.0, 'm_yri_ceu': 1e-05, 'm_yri_chb': 1e-05, 'm_ceu_chb': 0.0} -68692.48126549556
x: {'t1': 1.66282, 't2': 3.04522, 't3': 95.15226, 'N_anc': 586.06487, 'N_yri': 586.06487, 'N_ooa': 1072.12973, 'N_ceu': 586.06487, 'N_chb': 586.06487, 'gr_ceu': 0.00491, 'gr_chb': 0.00491, 'm_yri_ooa': 0.0, 'm_yri_ceu': 1e-05, 'm_yri_chb': 1e-05, 'm_ceu_chb': 0.0} -68399.89311310915
x_down: {'t1': 1.66282, 't2': 3.04522, 't3': 95.15226, 'N_anc': 586.06487, 'N_yri': 343.03244, 'N_ooa': 1072.12973, 'N_ceu': 586.06487, 'N_chb': 586.06487, 'gr_ceu': 0.00491, 'gr_chb': 0.00491, 'm_yri_ooa': 0.0, 'm_yri_ceu': 1e-05, 'm_yri_chb': 1e-05, 'm_ceu_chb': 0.0} -68112.41055379744
 
 
x_up: {'t1': 1.66282, 't2': 3.04522, 't3': 95.15226, 'N_anc': 586.06487, 'N_yri': 343.03244, 'N_ooa': 1315.16216, 'N_ceu': 586.06487, 'N_chb': 586.06487, 'gr_ceu': 0.00491, 'gr_chb': 0.00491, 'm_yri_ooa': 0.0, 'm_yri_ceu': 1e-05, 'm_yri_chb': 1e-05, 'm_ceu_chb': 0.0} -68369.32222130215
x: {'t1': 1.66282, 't2': 3.04522, 't3': 95.15226, 'N_anc': 586.06487, 'N_yri': 343.03244, 'N_ooa': 1072.12973, 'N_ceu': 586.06487, 'N_chb': 586.06487, 'gr_ceu': 0.00491, 'gr_chb': 0.00491, 'm_yri_ooa': 0.0, 'm_yri_ceu': 1e-05, 'm_yri_chb': 1e-05, 'm_ceu_chb': 0.0} -68112.41055379744
x_down: {'t1': 1.66282, 't2': 3.04522, 't3': 95.15226, 'N_anc': 586.06487, 'N_yri': 343.03244, 'N_ooa': 829.0973, 'N_ceu': 586.06487, 'N_chb': 586.06487, 'gr_ceu': 0.00491, 'gr_chb': 0.00491, 'm_yri_ooa': 0.0, 'm_yri_ceu': 1e-05, 'm_yri_chb': 1e-05, 'm_ceu_chb': 0.0} -68008.3178793545
 
 
x_up: {'t1': 1.66282, 't2': 3.04522, 't3': 95.15226, 'N_anc': 586.06487, 'N_yri': 343.03244, 'N_ooa': 829.0973, 'N_ceu': 829.09731, 'N_chb': 586.06487, 'gr_ceu': 0.00491, 'gr_chb': 0.00491, 'm_yri_ooa': 0.0, 'm_yri_ceu': 1e-05, 'm_yri_chb': 1e-05, 'm_ceu_chb': 0.0} -68229.30974061982
x: {'t1': 1.66282, 't2': 3.04522, 't3': 95.15226, 'N_anc': 586.06487, 'N_yri': 343.03244, 'N_ooa': 829.0973, 'N_ceu': 586.06487, 'N_chb': 586.06487, 'gr_ceu': 0.00491, 'gr_chb': 0.00491, 'm_yri_ooa': 0.0, 'm_yri_ceu': 1e-05, 'm_yri_chb': 1e-05, 'm_ceu_chb': 0.0} -68008.3178793545
x_down: {'t1': 1.66282, 't2': 3.04522, 't3': 95.15226, 'N_anc': 586.06487, 'N_yri': 343.03244, 'N_ooa': 829.0973, 'N_ceu': 343.03244, 'N_chb': 586.06487, 'gr_ceu': 0.00491, 'gr_chb': 0.00491, 'm_yri_ooa': 0.0, 'm_yri_ceu': 1e-05, 'm_yri_chb': 1e-05, 'm_ceu_chb': 0.0} -67750.03450454288
 
 
x_up: {'t1': 1.66282, 't2': 3.04522, 't3': 95.15226, 'N_anc': 586.06487, 'N_yri': 343.03244, 'N_ooa': 829.0973, 'N_ceu': 343.03244, 'N_chb': 829.09731, 'gr_ceu': 0.00491, 'gr_chb': 0.00491, 'm_yri_ooa': 0.0, 'm_yri_ceu': 1e-05, 'm_yri_chb': 1e-05, 'm_ceu_chb': 0.0} -67914.77337314424
x: {'t1': 1.66282, 't2': 3.04522, 't3': 95.15226, 'N_anc': 586.06487, 'N_yri': 343.03244, 'N_ooa': 829.0973, 'N_ceu': 343.03244, 'N_chb': 586.06487, 'gr_ceu': 0.00491, 'gr_chb': 0.00491, 'm_yri_ooa': 0.0, 'm_yri_ceu': 1e-05, 'm_yri_chb': 1e-05, 'm_ceu_chb': 0.0} -67750.03450454288
x_down: {'t1': 1.66282, 't2': 3.04522, 't3': 95.15226, 'N_anc': 586.06487, 'N_yri': 343.03244, 'N_ooa': 829.0973, 'N_ceu': 343.03244, 'N_chb': 343.03244, 'gr_ceu': 0.00491, 'gr_chb': 0.00491, 'm_yri_ooa': 0.0, 'm_yri_ceu': 1e-05, 'm_yri_chb': 1e-05, 'm_ceu_chb': 0.0} -67647.30878270147
 
 
x_up: {'t1': 1.66282, 't2': 3.04522, 't3': 95.15226, 'N_anc': 586.06487, 'N_yri': 343.03244, 'N_ooa': 829.0973, 'N_ceu': 343.03244, 'N_chb': 343.03244, 'gr_ceu': 0.00737, 'gr_chb': 0.00491, 'm_yri_ooa': 0.0, 'm_yri_ceu': 1e-05, 'm_yri_chb': 1e-05, 'm_ceu_chb': 0.0} -67647.45424772588
x: {'t1': 1.66282, 't2': 3.04522, 't3': 95.15226, 'N_anc': 586.06487, 'N_yri': 343.03244, 'N_ooa': 829.0973, 'N_ceu': 343.03244, 'N_chb': 343.03244, 'gr_ceu': 0.00491, 'gr_chb': 0.00491, 'm_yri_ooa': 0.0, 'm_yri_ceu': 1e-05, 'm_yri_chb': 1e-05, 'm_ceu_chb': 0.0} -67647.30878270147
x_down: {'t1': 1.66282, 't2': 3.04522, 't3': 95.15226, 'N_anc': 586.06487, 'N_yri': 343.03244, 'N_ooa': 829.0973, 'N_ceu': 343.03244, 'N_chb': 343.03244, 'gr_ceu': 0.00246, 'gr_chb': 0.00491, 'm_yri_ooa': 0.0, 'm_yri_ceu': 1e-05, 'm_yri_chb': 1e-05, 'm_ceu_chb': 0.0} -67647.16772165663
 
 
x_up: {'t1': 1.66282, 't2': 3.04522, 't3': 95.15226, 'N_anc': 586.06487, 'N_yri': 343.03244, 'N_ooa': 829.0973, 'N_ceu': 343.03244, 'N_chb': 343.03244, 'gr_ceu': 0.00246, 'gr_chb': 0.00737, 'm_yri_ooa': 0.0, 'm_yri_ceu': 1e-05, 'm_yri_chb': 1e-05, 'm_ceu_chb': 0.0} -67647.36176685499
x: {'t1': 1.66282, 't2': 3.04522, 't3': 95.15226, 'N_anc': 586.06487, 'N_yri': 343.03244, 'N_ooa': 829.0973, 'N_ceu': 343.03244, 'N_chb': 343.03244, 'gr_ceu': 0.00246, 'gr_chb': 0.00491, 'm_yri_ooa': 0.0, 'm_yri_ceu': 1e-05, 'm_yri_chb': 1e-05, 'm_ceu_chb': 0.0} -67647.16772165663
x_down: {'t1': 1.66282, 't2': 3.04522, 't3': 95.15226, 'N_anc': 586.06487, 'N_yri': 343.03244, 'N_ooa': 829.0973, 'N_ceu': 343.03244, 'N_chb': 343.03244, 'gr_ceu': 0.00246, 'gr_chb': 0.00246, 'm_yri_ooa': 0.0, 'm_yri_ceu': 1e-05, 'm_yri_chb': 1e-05, 'm_ceu_chb': 0.0} -67646.97869034972
 
 
x_up: {'t1': 1.66282, 't2': 3.04522, 't3': 95.15226, 'N_anc': 586.06487, 'N_yri': 343.03244, 'N_ooa': 829.0973, 'N_ceu': 343.03244, 'N_chb': 343.03244, 'gr_ceu': 0.00246, 'gr_chb': 0.00246, 'm_yri_ooa': 0.0, 'm_yri_ceu': 1e-05, 'm_yri_chb': 1e-05, 'm_ceu_chb': 0.0} -67646.97869034972
x: {'t1': 1.66282, 't2': 3.04522, 't3': 95.15226, 'N_anc': 586.06487, 'N_yri': 343.03244, 'N_ooa': 829.0973, 'N_ceu': 343.03244, 'N_chb': 343.03244, 'gr_ceu': 0.00246, 'gr_chb': 0.00246, 'm_yri_ooa': 0.0, 'm_yri_ceu': 1e-05, 'm_yri_chb': 1e-05, 'm_ceu_chb': 0.0} -67646.97869034972
x_down: {'t1': 1.66282, 't2': 3.04522, 't3': 95.15226, 'N_anc': 586.06487, 'N_yri': 343.03244, 'N_ooa': 829.0973, 'N_ceu': 343.03244, 'N_chb': 343.03244, 'gr_ceu': 0.00246, 'gr_chb': 0.00246, 'm_yri_ooa': 1e-05, 'm_yri_ceu': 1e-05, 'm_yri_chb': 1e-05, 'm_ceu_chb': 0.0} -67646.99023800649
 
 
x_up: {'t1': 1.66282, 't2': 3.04522, 't3': 95.15226, 'N_anc': 586.06487, 'N_yri': 343.03244, 'N_ooa': 829.0973, 'N_ceu': 343.03244, 'N_chb': 343.03244, 'gr_ceu': 0.00246, 'gr_chb': 0.00246, 'm_yri_ooa': 0.0, 'm_yri_ceu': 0.0, 'm_yri_chb': 1e-05, 'm_ceu_chb': 0.0} -67646.97869035017
x: {'t1': 1.66282, 't2': 3.04522, 't3': 95.15226, 'N_anc': 586.06487, 'N_yri': 343.03244, 'N_ooa': 829.0973, 'N_ceu': 343.03244, 'N_chb': 343.03244, 'gr_ceu': 0.00246, 'gr_chb': 0.00246, 'm_yri_ooa': 0.0, 'm_yri_ceu': 1e-05, 'm_yri_chb': 1e-05, 'm_ceu_chb': 0.0} -67646.97869034972
x_down: {'t1': 1.66282, 't2': 3.04522, 't3': 95.15226, 'N_anc': 586.06487, 'N_yri': 343.03244, 'N_ooa': 829.0973, 'N_ceu': 343.03244, 'N_chb': 343.03244, 'gr_ceu': 0.00246, 'gr_chb': 0.00246, 'm_yri_ooa': 0.0, 'm_yri_ceu': 1e-05, 'm_yri_chb': 1e-05, 'm_ceu_chb': 0.0} -67646.97869034972
 
 
x_up: {'t1': 1.66282, 't2': 3.04522, 't3': 95.15226, 'N_anc': 586.06487, 'N_yri': 343.03244, 'N_ooa': 829.0973, 'N_ceu': 343.03244, 'N_chb': 343.03244, 'gr_ceu': 0.00246, 'gr_chb': 0.00246, 'm_yri_ooa': 0.0, 'm_yri_ceu': 1e-05, 'm_yri_chb': 0.0, 'm_ceu_chb': 0.0} -67646.97869035011
x: {'t1': 1.66282, 't2': 3.04522, 't3': 95.15226, 'N_anc': 586.06487, 'N_yri': 343.03244, 'N_ooa': 829.0973, 'N_ceu': 343.03244, 'N_chb': 343.03244, 'gr_ceu': 0.00246, 'gr_chb': 0.00246, 'm_yri_ooa': 0.0, 'm_yri_ceu': 1e-05, 'm_yri_chb': 1e-05, 'm_ceu_chb': 0.0} -67646.97869034972
x_down: {'t1': 1.66282, 't2': 3.04522, 't3': 95.15226, 'N_anc': 586.06487, 'N_yri': 343.03244, 'N_ooa': 829.0973, 'N_ceu': 343.03244, 'N_chb': 343.03244, 'gr_ceu': 0.00246, 'gr_chb': 0.00246, 'm_yri_ooa': 0.0, 'm_yri_ceu': 1e-05, 'm_yri_chb': 1e-05, 'm_ceu_chb': 0.0} -67646.97869034972
 
 
x_up: {'t1': 1.66282, 't2': 3.04522, 't3': 95.15226, 'N_anc': 586.06487, 'N_yri': 343.03244, 'N_ooa': 829.0973, 'N_ceu': 343.03244, 'N_chb': 343.03244, 'gr_ceu': 0.00246, 'gr_chb': 0.00246, 'm_yri_ooa': 0.0, 'm_yri_ceu': 1e-05, 'm_yri_chb': 1e-05, 'm_ceu_chb': 0.0} -67646.97869034972
x: {'t1': 1.66282, 't2': 3.04522, 't3': 95.15226, 'N_anc': 586.06487, 'N_yri': 343.03244, 'N_ooa': 829.0973, 'N_ceu': 343.03244, 'N_chb': 343.03244, 'gr_ceu': 0.00246, 'gr_chb': 0.00246, 'm_yri_ooa': 0.0, 'm_yri_ceu': 1e-05, 'm_yri_chb': 1e-05, 'm_ceu_chb': 0.0} -67646.97869034972
x_down: {'t1': 1.66282, 't2': 3.04522, 't3': 95.15226, 'N_anc': 586.06487, 'N_yri': 343.03244, 'N_ooa': 829.0973, 'N_ceu': 343.03244, 'N_chb': 343.03244, 'gr_ceu': 0.00246, 'gr_chb': 0.00246, 'm_yri_ooa': 0.0, 'm_yri_ceu': 1e-05, 'm_yri_chb': 1e-05, 'm_ceu_chb': 1e-05} -67646.97869034919
 
{'t1': 1.66282, 't2': 3.04522, 't3': 95.15226, 'N_anc': 586.06487, 'N_yri': 343.03244, 'N_ooa': 829.0973, 'N_ceu': 343.03244, 'N_chb': 343.03244, 'gr_ceu': 0.00246, 'gr_chb': 0.00246, 'm_yri_ooa': 0.0, 'm_yri_ceu': 1e-05, 'm_yri_chb': 1e-05, 'm_ceu_chb': 1e-05} -67646.97869034919
 
x_up: {'t1': 1.99423, 't2': 3.04522, 't3': 95.15226, 'N_anc': 586.06487, 'N_yri': 343.03244, 'N_ooa': 829.0973, 'N_ceu': 343.03244, 'N_chb': 343.03244, 'gr_ceu': 0.00246, 'gr_chb': 0.00246, 'm_yri_ooa': 0.0, 'm_yri_ceu': 1e-05, 'm_yri_chb': 1e-05, 'm_ceu_chb': 1e-05} -67621.00390858712
x: {'t1': 1.66282, 't2': 3.04522, 't3': 95.15226, 'N_anc': 586.06487, 'N_yri': 343.03244, 'N_ooa': 829.0973, 'N_ceu': 343.03244, 'N_chb': 343.03244, 'gr_ceu': 0.00246, 'gr_chb': 0.00246, 'm_yri_ooa': 0.0, 'm_yri_ceu': 1e-05, 'm_yri_chb': 1e-05, 'm_ceu_chb': 1e-05} -67646.97869034919
x_down: {'t1': 1.33141, 't2': 3.04522, 't3': 95.15226, 'N_anc': 586.06487, 'N_yri': 343.03244, 'N_ooa': 829.0973, 'N_ceu': 343.03244, 'N_chb': 343.03244, 'gr_ceu': 0.00246, 'gr_chb': 0.00246, 'm_yri_ooa': 0.0, 'm_yri_ceu': 1e-05, 'm_yri_chb': 1e-05, 'm_ceu_chb': 1e-05} -67698.14215782259
 
 
x_up: {'t1': 1.99423, 't2': 3.57071, 't3': 95.15226, 'N_anc': 586.06487, 'N_yri': 343.03244, 'N_ooa': 829.0973, 'N_ceu': 343.03244, 'N_chb': 343.03244, 'gr_ceu': 0.00246, 'gr_chb': 0.00246, 'm_yri_ooa': 0.0, 'm_yri_ceu': 1e-05, 'm_yri_chb': 1e-05, 'm_ceu_chb': 1e-05} -67640.78515996844
x: {'t1': 1.99423, 't2': 3.04522, 't3': 95.15226, 'N_anc': 586.06487, 'N_yri': 343.03244, 'N_ooa': 829.0973, 'N_ceu': 343.03244, 'N_chb': 343.03244, 'gr_ceu': 0.00246, 'gr_chb': 0.00246, 'm_yri_ooa': 0.0, 'm_yri_ceu': 1e-05, 'm_yri_chb': 1e-05, 'm_ceu_chb': 1e-05} -67621.00390858712
x_down: {'t1': 1.99423, 't2': 2.51973, 't3': 95.15226, 'N_anc': 586.06487, 'N_yri': 343.03244, 'N_ooa': 829.0973, 'N_ceu': 343.03244, 'N_chb': 343.03244, 'gr_ceu': 0.00246, 'gr_chb': 0.00246, 'm_yri_ooa': 0.0, 'm_yri_ceu': 1e-05, 'm_yri_chb': 1e-05, 'm_ceu_chb': 1e-05} -67596.16132915432
 
 
x_up: {'t1': 1.99423, 't2': 2.51973, 't3': 102.0997, 'N_anc': 586.06487, 'N_yri': 343.03244, 'N_ooa': 829.0973, 'N_ceu': 343.03244, 'N_chb': 343.03244, 'gr_ceu': 0.00246, 'gr_chb': 0.00246, 'm_yri_ooa': 0.0, 'm_yri_ceu': 1e-05, 'm_yri_chb': 1e-05, 'm_ceu_chb': 1e-05} -67599.10249799013
x: {'t1': 1.99423, 't2': 2.51973, 't3': 95.15226, 'N_anc': 586.06487, 'N_yri': 343.03244, 'N_ooa': 829.0973, 'N_ceu': 343.03244, 'N_chb': 343.03244, 'gr_ceu': 0.00246, 'gr_chb': 0.00246, 'm_yri_ooa': 0.0, 'm_yri_ceu': 1e-05, 'm_yri_chb': 1e-05, 'm_ceu_chb': 1e-05} -67596.16132915432
x_down: {'t1': 1.99423, 't2': 2.51973, 't3': 88.20482, 'N_anc': 586.06487, 'N_yri': 343.03244, 'N_ooa': 829.0973, 'N_ceu': 343.03244, 'N_chb': 343.03244, 'gr_ceu': 0.00246, 'gr_chb': 0.00246, 'm_yri_ooa': 0.0, 'm_yri_ceu': 1e-05, 'm_yri_chb': 1e-05, 'm_ceu_chb': 1e-05} -67599.09678654694
 
 
x_up: {'t1': 1.99423, 't2': 2.51973, 't3': 95.15226, 'N_anc': 707.58109, 'N_yri': 343.03244, 'N_ooa': 829.0973, 'N_ceu': 343.03244, 'N_chb': 343.03244, 'gr_ceu': 0.00246, 'gr_chb': 0.00246, 'm_yri_ooa': 0.0, 'm_yri_ceu': 1e-05, 'm_yri_chb': 1e-05, 'm_ceu_chb': 1e-05} -67604.7479149328
x: {'t1': 1.99423, 't2': 2.51973, 't3': 95.15226, 'N_anc': 586.06487, 'N_yri': 343.03244, 'N_ooa': 829.0973, 'N_ceu': 343.03244, 'N_chb': 343.03244, 'gr_ceu': 0.00246, 'gr_chb': 0.00246, 'm_yri_ooa': 0.0, 'm_yri_ceu': 1e-05, 'm_yri_chb': 1e-05, 'm_ceu_chb': 1e-05} -67596.16132915432
x_down: {'t1': 1.99423, 't2': 2.51973, 't3': 95.15226, 'N_anc': 464.54865, 'N_yri': 343.03244, 'N_ooa': 829.0973, 'N_ceu': 343.03244, 'N_chb': 343.03244, 'gr_ceu': 0.00246, 'gr_chb': 0.00246, 'm_yri_ooa': 0.0, 'm_yri_ceu': 1e-05, 'm_yri_chb': 1e-05, 'm_ceu_chb': 1e-05} -67593.29877489254
 
 
x_up: {'t1': 1.99423, 't2': 2.51973, 't3': 95.15226, 'N_anc': 464.54865, 'N_yri': 464.54866, 'N_ooa': 829.0973, 'N_ceu': 343.03244, 'N_chb': 343.03244, 'gr_ceu': 0.00246, 'gr_chb': 0.00246, 'm_yri_ooa': 0.0, 'm_yri_ceu': 1e-05, 'm_yri_chb': 1e-05, 'm_ceu_chb': 1e-05} -67620.63072747737
x: {'t1': 1.99423, 't2': 2.51973, 't3': 95.15226, 'N_anc': 464.54865, 'N_yri': 343.03244, 'N_ooa': 829.0973, 'N_ceu': 343.03244, 'N_chb': 343.03244, 'gr_ceu': 0.00246, 'gr_chb': 0.00246, 'm_yri_ooa': 0.0, 'm_yri_ceu': 1e-05, 'm_yri_chb': 1e-05, 'm_ceu_chb': 1e-05} -67593.29877489254
x_down: {'t1': 1.99423, 't2': 2.51973, 't3': 95.15226, 'N_anc': 464.54865, 'N_yri': 221.51622, 'N_ooa': 829.0973, 'N_ceu': 343.03244, 'N_chb': 343.03244, 'gr_ceu': 0.00246, 'gr_chb': 0.00246, 'm_yri_ooa': 0.0, 'm_yri_ceu': 1e-05, 'm_yri_chb': 1e-05, 'm_ceu_chb': 1e-05} -67803.05300779206
 
 
x_up: {'t1': 1.99423, 't2': 2.51973, 't3': 95.15226, 'N_anc': 464.54865, 'N_yri': 343.03244, 'N_ooa': 1102.50879, 'N_ceu': 343.03244, 'N_chb': 343.03244, 'gr_ceu': 0.00246, 'gr_chb': 0.00246, 'm_yri_ooa': 0.0, 'm_yri_ceu': 1e-05, 'm_yri_chb': 1e-05, 'm_ceu_chb': 1e-05} -67657.8605763725
x: {'t1': 1.99423, 't2': 2.51973, 't3': 95.15226, 'N_anc': 464.54865, 'N_yri': 343.03244, 'N_ooa': 829.0973, 'N_ceu': 343.03244, 'N_chb': 343.03244, 'gr_ceu': 0.00246, 'gr_chb': 0.00246, 'm_yri_ooa': 0.0, 'm_yri_ceu': 1e-05, 'm_yri_chb': 1e-05, 'm_ceu_chb': 1e-05} -67593.29877489254
x_down: {'t1': 1.99423, 't2': 2.51973, 't3': 95.15226, 'N_anc': 464.54865, 'N_yri': 343.03244, 'N_ooa': 555.68581, 'N_ceu': 343.03244, 'N_chb': 343.03244, 'gr_ceu': 0.00246, 'gr_chb': 0.00246, 'm_yri_ooa': 0.0, 'm_yri_ceu': 1e-05, 'm_yri_chb': 1e-05, 'm_ceu_chb': 1e-05} -68202.91675306523
 
 
x_up: {'t1': 1.99423, 't2': 2.51973, 't3': 95.15226, 'N_anc': 464.54865, 'N_yri': 343.03244, 'N_ooa': 829.0973, 'N_ceu': 464.54866, 'N_chb': 343.03244, 'gr_ceu': 0.00246, 'gr_chb': 0.00246, 'm_yri_ooa': 0.0, 'm_yri_ceu': 1e-05, 'm_yri_chb': 1e-05, 'm_ceu_chb': 1e-05} -67662.77091735243
x: {'t1': 1.99423, 't2': 2.51973, 't3': 95.15226, 'N_anc': 464.54865, 'N_yri': 343.03244, 'N_ooa': 829.0973, 'N_ceu': 343.03244, 'N_chb': 343.03244, 'gr_ceu': 0.00246, 'gr_chb': 0.00246, 'm_yri_ooa': 0.0, 'm_yri_ceu': 1e-05, 'm_yri_chb': 1e-05, 'm_ceu_chb': 1e-05} -67593.29877489254
x_down: {'t1': 1.99423, 't2': 2.51973, 't3': 95.15226, 'N_anc': 464.54865, 'N_yri': 343.03244, 'N_ooa': 829.0973, 'N_ceu': 221.51622, 'N_chb': 343.03244, 'gr_ceu': 0.00246, 'gr_chb': 0.00246, 'm_yri_ooa': 0.0, 'm_yri_ceu': 1e-05, 'm_yri_chb': 1e-05, 'm_ceu_chb': 1e-05} -67621.99243479811
 
 
x_up: {'t1': 1.99423, 't2': 2.51973, 't3': 95.15226, 'N_anc': 464.54865, 'N_yri': 343.03244, 'N_ooa': 829.0973, 'N_ceu': 343.03244, 'N_chb': 464.54866, 'gr_ceu': 0.00246, 'gr_chb': 0.00246, 'm_yri_ooa': 0.0, 'm_yri_ceu': 1e-05, 'm_yri_chb': 1e-05, 'm_ceu_chb': 1e-05} -67655.65107758626
x: {'t1': 1.99423, 't2': 2.51973, 't3': 95.15226, 'N_anc': 464.54865, 'N_yri': 343.03244, 'N_ooa': 829.0973, 'N_ceu': 343.03244, 'N_chb': 343.03244, 'gr_ceu': 0.00246, 'gr_chb': 0.00246, 'm_yri_ooa': 0.0, 'm_yri_ceu': 1e-05, 'm_yri_chb': 1e-05, 'm_ceu_chb': 1e-05} -67593.29877489254
x_down: {'t1': 1.99423, 't2': 2.51973, 't3': 95.15226, 'N_anc': 464.54865, 'N_yri': 343.03244, 'N_ooa': 829.0973, 'N_ceu': 343.03244, 'N_chb': 221.51622, 'gr_ceu': 0.00246, 'gr_chb': 0.00246, 'm_yri_ooa': 0.0, 'm_yri_ceu': 1e-05, 'm_yri_chb': 1e-05, 'm_ceu_chb': 1e-05} -67628.02843454057
 
 
x_up: {'t1': 1.99423, 't2': 2.51973, 't3': 95.15226, 'N_anc': 464.54865, 'N_yri': 343.03244, 'N_ooa': 829.0973, 'N_ceu': 343.03244, 'N_chb': 343.03244, 'gr_ceu': 0.00369, 'gr_chb': 0.00246, 'm_yri_ooa': 0.0, 'm_yri_ceu': 1e-05, 'm_yri_chb': 1e-05, 'm_ceu_chb': 1e-05} -67593.54137327682
x: {'t1': 1.99423, 't2': 2.51973, 't3': 95.15226, 'N_anc': 464.54865, 'N_yri': 343.03244, 'N_ooa': 829.0973, 'N_ceu': 343.03244, 'N_chb': 343.03244, 'gr_ceu': 0.00246, 'gr_chb': 0.00246, 'm_yri_ooa': 0.0, 'm_yri_ceu': 1e-05, 'm_yri_chb': 1e-05, 'm_ceu_chb': 1e-05} -67593.29877489254
x_down: {'t1': 1.99423, 't2': 2.51973, 't3': 95.15226, 'N_anc': 464.54865, 'N_yri': 343.03244, 'N_ooa': 829.0973, 'N_ceu': 343.03244, 'N_chb': 343.03244, 'gr_ceu': 0.00123, 'gr_chb': 0.00246, 'm_yri_ooa': 0.0, 'm_yri_ceu': 1e-05, 'm_yri_chb': 1e-05, 'm_ceu_chb': 1e-05} -67593.0585354085
 
 
x_up: {'t1': 1.99423, 't2': 2.51973, 't3': 95.15226, 'N_anc': 464.54865, 'N_yri': 343.03244, 'N_ooa': 829.0973, 'N_ceu': 343.03244, 'N_chb': 343.03244, 'gr_ceu': 0.00123, 'gr_chb': 0.00369, 'm_yri_ooa': 0.0, 'm_yri_ceu': 1e-05, 'm_yri_chb': 1e-05, 'm_ceu_chb': 1e-05} -67593.22159399414
x: {'t1': 1.99423, 't2': 2.51973, 't3': 95.15226, 'N_anc': 464.54865, 'N_yri': 343.03244, 'N_ooa': 829.0973, 'N_ceu': 343.03244, 'N_chb': 343.03244, 'gr_ceu': 0.00123, 'gr_chb': 0.00246, 'm_yri_ooa': 0.0, 'm_yri_ceu': 1e-05, 'm_yri_chb': 1e-05, 'm_ceu_chb': 1e-05} -67593.0585354085
x_down: {'t1': 1.99423, 't2': 2.51973, 't3': 95.15226, 'N_anc': 464.54865, 'N_yri': 343.03244, 'N_ooa': 829.0973, 'N_ceu': 343.03244, 'N_chb': 343.03244, 'gr_ceu': 0.00123, 'gr_chb': 0.00123, 'm_yri_ooa': 0.0, 'm_yri_ceu': 1e-05, 'm_yri_chb': 1e-05, 'm_ceu_chb': 1e-05} -67592.89693935908
 
 
x_up: {'t1': 1.99423, 't2': 2.51973, 't3': 95.15226, 'N_anc': 464.54865, 'N_yri': 343.03244, 'N_ooa': 829.0973, 'N_ceu': 343.03244, 'N_chb': 343.03244, 'gr_ceu': 0.00123, 'gr_chb': 0.00123, 'm_yri_ooa': 0.0, 'm_yri_ceu': 1e-05, 'm_yri_chb': 1e-05, 'm_ceu_chb': 1e-05} -67592.89693935908
x: {'t1': 1.99423, 't2': 2.51973, 't3': 95.15226, 'N_anc': 464.54865, 'N_yri': 343.03244, 'N_ooa': 829.0973, 'N_ceu': 343.03244, 'N_chb': 343.03244, 'gr_ceu': 0.00123, 'gr_chb': 0.00123, 'm_yri_ooa': 0.0, 'm_yri_ceu': 1e-05, 'm_yri_chb': 1e-05, 'm_ceu_chb': 1e-05} -67592.89693935908
x_down: {'t1': 1.99423, 't2': 2.51973, 't3': 95.15226, 'N_anc': 464.54865, 'N_yri': 343.03244, 'N_ooa': 829.0973, 'N_ceu': 343.03244, 'N_chb': 343.03244, 'gr_ceu': 0.00123, 'gr_chb': 0.00123, 'm_yri_ooa': 1e-05, 'm_yri_ceu': 1e-05, 'm_yri_chb': 1e-05, 'm_ceu_chb': 1e-05} -67593.61757008311
 
 
x_up: {'t1': 1.99423, 't2': 2.51973, 't3': 95.15226, 'N_anc': 464.54865, 'N_yri': 343.03244, 'N_ooa': 829.0973, 'N_ceu': 343.03244, 'N_chb': 343.03244, 'gr_ceu': 0.00123, 'gr_chb': 0.00123, 'm_yri_ooa': 0.0, 'm_yri_ceu': 0.0, 'm_yri_chb': 1e-05, 'm_ceu_chb': 1e-05} -67592.89693935931
x: {'t1': 1.99423, 't2': 2.51973, 't3': 95.15226, 'N_anc': 464.54865, 'N_yri': 343.03244, 'N_ooa': 829.0973, 'N_ceu': 343.03244, 'N_chb': 343.03244, 'gr_ceu': 0.00123, 'gr_chb': 0.00123, 'm_yri_ooa': 0.0, 'm_yri_ceu': 1e-05, 'm_yri_chb': 1e-05, 'm_ceu_chb': 1e-05} -67592.89693935908
x_down: {'t1': 1.99423, 't2': 2.51973, 't3': 95.15226, 'N_anc': 464.54865, 'N_yri': 343.03244, 'N_ooa': 829.0973, 'N_ceu': 343.03244, 'N_chb': 343.03244, 'gr_ceu': 0.00123, 'gr_chb': 0.00123, 'm_yri_ooa': 0.0, 'm_yri_ceu': 1e-05, 'm_yri_chb': 1e-05, 'm_ceu_chb': 1e-05} -67592.89693935908
 
 
x_up: {'t1': 1.99423, 't2': 2.51973, 't3': 95.15226, 'N_anc': 464.54865, 'N_yri': 343.03244, 'N_ooa': 829.0973, 'N_ceu': 343.03244, 'N_chb': 343.03244, 'gr_ceu': 0.00123, 'gr_chb': 0.00123, 'm_yri_ooa': 0.0, 'm_yri_ceu': 1e-05, 'm_yri_chb': 0.0, 'm_ceu_chb': 1e-05} -67592.89693935886
x: {'t1': 1.99423, 't2': 2.51973, 't3': 95.15226, 'N_anc': 464.54865, 'N_yri': 343.03244, 'N_ooa': 829.0973, 'N_ceu': 343.03244, 'N_chb': 343.03244, 'gr_ceu': 0.00123, 'gr_chb': 0.00123, 'm_yri_ooa': 0.0, 'm_yri_ceu': 1e-05, 'm_yri_chb': 1e-05, 'm_ceu_chb': 1e-05} -67592.89693935908
x_down: {'t1': 1.99423, 't2': 2.51973, 't3': 95.15226, 'N_anc': 464.54865, 'N_yri': 343.03244, 'N_ooa': 829.0973, 'N_ceu': 343.03244, 'N_chb': 343.03244, 'gr_ceu': 0.00123, 'gr_chb': 0.00123, 'm_yri_ooa': 0.0, 'm_yri_ceu': 1e-05, 'm_yri_chb': 1e-05, 'm_ceu_chb': 1e-05} -67592.89693935908
 
 
x_up: {'t1': 1.99423, 't2': 2.51973, 't3': 95.15226, 'N_anc': 464.54865, 'N_yri': 343.03244, 'N_ooa': 829.0973, 'N_ceu': 343.03244, 'N_chb': 343.03244, 'gr_ceu': 0.00123, 'gr_chb': 0.00123, 'm_yri_ooa': 0.0, 'm_yri_ceu': 1e-05, 'm_yri_chb': 0.0, 'm_ceu_chb': 0.0} -67592.89693935904
x: {'t1': 1.99423, 't2': 2.51973, 't3': 95.15226, 'N_anc': 464.54865, 'N_yri': 343.03244, 'N_ooa': 829.0973, 'N_ceu': 343.03244, 'N_chb': 343.03244, 'gr_ceu': 0.00123, 'gr_chb': 0.00123, 'm_yri_ooa': 0.0, 'm_yri_ceu': 1e-05, 'm_yri_chb': 0.0, 'm_ceu_chb': 1e-05} -67592.89693935886
x_down: {'t1': 1.99423, 't2': 2.51973, 't3': 95.15226, 'N_anc': 464.54865, 'N_yri': 343.03244, 'N_ooa': 829.0973, 'N_ceu': 343.03244, 'N_chb': 343.03244, 'gr_ceu': 0.00123, 'gr_chb': 0.00123, 'm_yri_ooa': 0.0, 'm_yri_ceu': 1e-05, 'm_yri_chb': 0.0, 'm_ceu_chb': 1e-05} -67592.89693935886
 
{'t1': 1.99423, 't2': 2.51973, 't3': 95.15226, 'N_anc': 464.54865, 'N_yri': 343.03244, 'N_ooa': 829.0973, 'N_ceu': 343.03244, 'N_chb': 343.03244, 'gr_ceu': 0.00123, 'gr_chb': 0.00123, 'm_yri_ooa': 0.0, 'm_yri_ceu': 1e-05, 'm_yri_chb': 0.0, 'm_ceu_chb': 1e-05} -67592.89693935886
 
x_up: {'t1': 2.25698, 't2': 2.51973, 't3': 95.15226, 'N_anc': 464.54865, 'N_yri': 343.03244, 'N_ooa': 829.0973, 'N_ceu': 343.03244, 'N_chb': 343.03244, 'gr_ceu': 0.00123, 'gr_chb': 0.00123, 'm_yri_ooa': 0.0, 'm_yri_ceu': 1e-05, 'm_yri_chb': 0.0, 'm_ceu_chb': 1e-05} -67600.5015148853
x: {'t1': 1.99423, 't2': 2.51973, 't3': 95.15226, 'N_anc': 464.54865, 'N_yri': 343.03244, 'N_ooa': 829.0973, 'N_ceu': 343.03244, 'N_chb': 343.03244, 'gr_ceu': 0.00123, 'gr_chb': 0.00123, 'm_yri_ooa': 0.0, 'm_yri_ceu': 1e-05, 'm_yri_chb': 0.0, 'm_ceu_chb': 1e-05} -67592.89693935886
x_down: {'t1': 1.73148, 't2': 2.51973, 't3': 95.15226, 'N_anc': 464.54865, 'N_yri': 343.03244, 'N_ooa': 829.0973, 'N_ceu': 343.03244, 'N_chb': 343.03244, 'gr_ceu': 0.00123, 'gr_chb': 0.00123, 'm_yri_ooa': 0.0, 'm_yri_ceu': 1e-05, 'm_yri_chb': 0.0, 'm_ceu_chb': 1e-05} -67574.41802107017
 
 
x_up: {'t1': 1.73148, 't2': 2.91385, 't3': 95.15226, 'N_anc': 464.54865, 'N_yri': 343.03244, 'N_ooa': 829.0973, 'N_ceu': 343.03244, 'N_chb': 343.03244, 'gr_ceu': 0.00123, 'gr_chb': 0.00123, 'm_yri_ooa': 0.0, 'm_yri_ceu': 1e-05, 'm_yri_chb': 0.0, 'm_ceu_chb': 1e-05} -67640.80195728631
x: {'t1': 1.73148, 't2': 2.51973, 't3': 95.15226, 'N_anc': 464.54865, 'N_yri': 343.03244, 'N_ooa': 829.0973, 'N_ceu': 343.03244, 'N_chb': 343.03244, 'gr_ceu': 0.00123, 'gr_chb': 0.00123, 'm_yri_ooa': 0.0, 'm_yri_ceu': 1e-05, 'm_yri_chb': 0.0, 'm_ceu_chb': 1e-05} -67574.41802107017
x_down: {'t1': 1.73148, 't2': 2.12561, 't3': 95.15226, 'N_anc': 464.54865, 'N_yri': 343.03244, 'N_ooa': 829.0973, 'N_ceu': 343.03244, 'N_chb': 343.03244, 'gr_ceu': 0.00123, 'gr_chb': 0.00123, 'm_yri_ooa': 0.0, 'm_yri_ceu': 1e-05, 'm_yri_chb': 0.0, 'm_ceu_chb': 1e-05} -67598.92664427806
 
 
x_up: {'t1': 1.73148, 't2': 2.51973, 't3': 99.78389, 'N_anc': 464.54865, 'N_yri': 343.03244, 'N_ooa': 829.0973, 'N_ceu': 343.03244, 'N_chb': 343.03244, 'gr_ceu': 0.00123, 'gr_chb': 0.00123, 'm_yri_ooa': 0.0, 'm_yri_ceu': 1e-05, 'm_yri_chb': 0.0, 'm_ceu_chb': 1e-05} -67576.11954168967
x: {'t1': 1.73148, 't2': 2.51973, 't3': 95.15226, 'N_anc': 464.54865, 'N_yri': 343.03244, 'N_ooa': 829.0973, 'N_ceu': 343.03244, 'N_chb': 343.03244, 'gr_ceu': 0.00123, 'gr_chb': 0.00123, 'm_yri_ooa': 0.0, 'm_yri_ceu': 1e-05, 'm_yri_chb': 0.0, 'm_ceu_chb': 1e-05} -67574.41802107017
x_down: {'t1': 1.73148, 't2': 2.51973, 't3': 90.52063, 'N_anc': 464.54865, 'N_yri': 343.03244, 'N_ooa': 829.0973, 'N_ceu': 343.03244, 'N_chb': 343.03244, 'gr_ceu': 0.00123, 'gr_chb': 0.00123, 'm_yri_ooa': 0.0, 'm_yri_ceu': 1e-05, 'm_yri_chb': 0.0, 'm_ceu_chb': 1e-05} -67580.52557971832
 
 
x_up: {'t1': 1.73148, 't2': 2.51973, 't3': 95.15226, 'N_anc': 601.25439, 'N_yri': 343.03244, 'N_ooa': 829.0973, 'N_ceu': 343.03244, 'N_chb': 343.03244, 'gr_ceu': 0.00123, 'gr_chb': 0.00123, 'm_yri_ooa': 0.0, 'm_yri_ceu': 1e-05, 'm_yri_chb': 0.0, 'm_ceu_chb': 1e-05} -67578.14536548394
x: {'t1': 1.73148, 't2': 2.51973, 't3': 95.15226, 'N_anc': 464.54865, 'N_yri': 343.03244, 'N_ooa': 829.0973, 'N_ceu': 343.03244, 'N_chb': 343.03244, 'gr_ceu': 0.00123, 'gr_chb': 0.00123, 'm_yri_ooa': 0.0, 'm_yri_ceu': 1e-05, 'm_yri_chb': 0.0, 'm_ceu_chb': 1e-05} -67574.41802107017
x_down: {'t1': 1.73148, 't2': 2.51973, 't3': 95.15226, 'N_anc': 327.84291, 'N_yri': 343.03244, 'N_ooa': 829.0973, 'N_ceu': 343.03244, 'N_chb': 343.03244, 'gr_ceu': 0.00123, 'gr_chb': 0.00123, 'm_yri_ooa': 0.0, 'm_yri_ceu': 1e-05, 'm_yri_chb': 0.0, 'm_ceu_chb': 1e-05} -67590.87199252716
 
 
x_up: {'t1': 1.73148, 't2': 2.51973, 't3': 95.15226, 'N_anc': 464.54865, 'N_yri': 403.79055, 'N_ooa': 829.0973, 'N_ceu': 343.03244, 'N_chb': 343.03244, 'gr_ceu': 0.00123, 'gr_chb': 0.00123, 'm_yri_ooa': 0.0, 'm_yri_ceu': 1e-05, 'm_yri_chb': 0.0, 'm_ceu_chb': 1e-05} -67587.01074765714
x: {'t1': 1.73148, 't2': 2.51973, 't3': 95.15226, 'N_anc': 464.54865, 'N_yri': 343.03244, 'N_ooa': 829.0973, 'N_ceu': 343.03244, 'N_chb': 343.03244, 'gr_ceu': 0.00123, 'gr_chb': 0.00123, 'm_yri_ooa': 0.0, 'm_yri_ceu': 1e-05, 'm_yri_chb': 0.0, 'm_ceu_chb': 1e-05} -67574.41802107017
x_down: {'t1': 1.73148, 't2': 2.51973, 't3': 95.15226, 'N_anc': 464.54865, 'N_yri': 282.27433, 'N_ooa': 829.0973, 'N_ceu': 343.03244, 'N_chb': 343.03244, 'gr_ceu': 0.00123, 'gr_chb': 0.00123, 'm_yri_ooa': 0.0, 'm_yri_ceu': 1e-05, 'm_yri_chb': 0.0, 'm_ceu_chb': 1e-05} -67594.3905392774
 
 
x_up: {'t1': 1.73148, 't2': 2.51973, 't3': 95.15226, 'N_anc': 464.54865, 'N_yri': 343.03244, 'N_ooa': 965.80304, 'N_ceu': 343.03244, 'N_chb': 343.03244, 'gr_ceu': 0.00123, 'gr_chb': 0.00123, 'm_yri_ooa': 0.0, 'm_yri_ceu': 1e-05, 'm_yri_chb': 0.0, 'm_ceu_chb': 1e-05} -67572.89361726388
x: {'t1': 1.73148, 't2': 2.51973, 't3': 95.15226, 'N_anc': 464.54865, 'N_yri': 343.03244, 'N_ooa': 829.0973, 'N_ceu': 343.03244, 'N_chb': 343.03244, 'gr_ceu': 0.00123, 'gr_chb': 0.00123, 'm_yri_ooa': 0.0, 'm_yri_ceu': 1e-05, 'm_yri_chb': 0.0, 'm_ceu_chb': 1e-05} -67574.41802107017
x_down: {'t1': 1.73148, 't2': 2.51973, 't3': 95.15226, 'N_anc': 464.54865, 'N_yri': 343.03244, 'N_ooa': 692.39156, 'N_ceu': 343.03244, 'N_chb': 343.03244, 'gr_ceu': 0.00123, 'gr_chb': 0.00123, 'm_yri_ooa': 0.0, 'm_yri_ceu': 1e-05, 'm_yri_chb': 0.0, 'm_ceu_chb': 1e-05} -67731.40294817745
 
 
x_up: {'t1': 1.73148, 't2': 2.51973, 't3': 95.15226, 'N_anc': 464.54865, 'N_yri': 343.03244, 'N_ooa': 965.80304, 'N_ceu': 403.79055, 'N_chb': 343.03244, 'gr_ceu': 0.00123, 'gr_chb': 0.00123, 'm_yri_ooa': 0.0, 'm_yri_ceu': 1e-05, 'm_yri_chb': 0.0, 'm_ceu_chb': 1e-05} -67593.6666149966
x: {'t1': 1.73148, 't2': 2.51973, 't3': 95.15226, 'N_anc': 464.54865, 'N_yri': 343.03244, 'N_ooa': 965.80304, 'N_ceu': 343.03244, 'N_chb': 343.03244, 'gr_ceu': 0.00123, 'gr_chb': 0.00123, 'm_yri_ooa': 0.0, 'm_yri_ceu': 1e-05, 'm_yri_chb': 0.0, 'm_ceu_chb': 1e-05} -67572.89361726388
x_down: {'t1': 1.73148, 't2': 2.51973, 't3': 95.15226, 'N_anc': 464.54865, 'N_yri': 343.03244, 'N_ooa': 965.80304, 'N_ceu': 282.27433, 'N_chb': 343.03244, 'gr_ceu': 0.00123, 'gr_chb': 0.00123, 'm_yri_ooa': 0.0, 'm_yri_ceu': 1e-05, 'm_yri_chb': 0.0, 'm_ceu_chb': 1e-05} -67573.3411303175
 
 
x_up: {'t1': 1.73148, 't2': 2.51973, 't3': 95.15226, 'N_anc': 464.54865, 'N_yri': 343.03244, 'N_ooa': 965.80304, 'N_ceu': 343.03244, 'N_chb': 403.79055, 'gr_ceu': 0.00123, 'gr_chb': 0.00123, 'm_yri_ooa': 0.0, 'm_yri_ceu': 1e-05, 'm_yri_chb': 0.0, 'm_ceu_chb': 1e-05} -67596.93330394335
x: {'t1': 1.73148, 't2': 2.51973, 't3': 95.15226, 'N_anc': 464.54865, 'N_yri': 343.03244, 'N_ooa': 965.80304, 'N_ceu': 343.03244, 'N_chb': 343.03244, 'gr_ceu': 0.00123, 'gr_chb': 0.00123, 'm_yri_ooa': 0.0, 'm_yri_ceu': 1e-05, 'm_yri_chb': 0.0, 'm_ceu_chb': 1e-05} -67572.89361726388
x_down: {'t1': 1.73148, 't2': 2.51973, 't3': 95.15226, 'N_anc': 464.54865, 'N_yri': 343.03244, 'N_ooa': 965.80304, 'N_ceu': 343.03244, 'N_chb': 282.27433, 'gr_ceu': 0.00123, 'gr_chb': 0.00123, 'm_yri_ooa': 0.0, 'm_yri_ceu': 1e-05, 'm_yri_chb': 0.0, 'm_ceu_chb': 1e-05} -67569.32599160116
 
 
x_up: {'t1': 1.73148, 't2': 2.51973, 't3': 95.15226, 'N_anc': 464.54865, 'N_yri': 343.03244, 'N_ooa': 965.80304, 'N_ceu': 343.03244, 'N_chb': 282.27433, 'gr_ceu': 0.00184, 'gr_chb': 0.00123, 'm_yri_ooa': 0.0, 'm_yri_ceu': 1e-05, 'm_yri_chb': 0.0, 'm_ceu_chb': 1e-05} -67569.32383236563
x: {'t1': 1.73148, 't2': 2.51973, 't3': 95.15226, 'N_anc': 464.54865, 'N_yri': 343.03244, 'N_ooa': 965.80304, 'N_ceu': 343.03244, 'N_chb': 282.27433, 'gr_ceu': 0.00123, 'gr_chb': 0.00123, 'm_yri_ooa': 0.0, 'm_yri_ceu': 1e-05, 'm_yri_chb': 0.0, 'm_ceu_chb': 1e-05} -67569.32599160116
x_down: {'t1': 1.73148, 't2': 2.51973, 't3': 95.15226, 'N_anc': 464.54865, 'N_yri': 343.03244, 'N_ooa': 965.80304, 'N_ceu': 343.03244, 'N_chb': 282.27433, 'gr_ceu': 0.00061, 'gr_chb': 0.00123, 'm_yri_ooa': 0.0, 'm_yri_ceu': 1e-05, 'm_yri_chb': 0.0, 'm_ceu_chb': 1e-05} -67569.32866358614
 
 
x_up: {'t1': 1.73148, 't2': 2.51973, 't3': 95.15226, 'N_anc': 464.54865, 'N_yri': 343.03244, 'N_ooa': 965.80304, 'N_ceu': 343.03244, 'N_chb': 282.27433, 'gr_ceu': 0.00184, 'gr_chb': 0.00184, 'm_yri_ooa': 0.0, 'm_yri_ceu': 1e-05, 'm_yri_chb': 0.0, 'm_ceu_chb': 1e-05} -67569.30513746873
x: {'t1': 1.73148, 't2': 2.51973, 't3': 95.15226, 'N_anc': 464.54865, 'N_yri': 343.03244, 'N_ooa': 965.80304, 'N_ceu': 343.03244, 'N_chb': 282.27433, 'gr_ceu': 0.00184, 'gr_chb': 0.00123, 'm_yri_ooa': 0.0, 'm_yri_ceu': 1e-05, 'm_yri_chb': 0.0, 'm_ceu_chb': 1e-05} -67569.32383236563
x_down: {'t1': 1.73148, 't2': 2.51973, 't3': 95.15226, 'N_anc': 464.54865, 'N_yri': 343.03244, 'N_ooa': 965.80304, 'N_ceu': 343.03244, 'N_chb': 282.27433, 'gr_ceu': 0.00184, 'gr_chb': 0.00061, 'm_yri_ooa': 0.0, 'm_yri_ceu': 1e-05, 'm_yri_chb': 0.0, 'm_ceu_chb': 1e-05} -67569.34336529791
 
 
x_up: {'t1': 1.73148, 't2': 2.51973, 't3': 95.15226, 'N_anc': 464.54865, 'N_yri': 343.03244, 'N_ooa': 965.80304, 'N_ceu': 343.03244, 'N_chb': 282.27433, 'gr_ceu': 0.00184, 'gr_chb': 0.00184, 'm_yri_ooa': 0.0, 'm_yri_ceu': 1e-05, 'm_yri_chb': 0.0, 'm_ceu_chb': 1e-05} -67569.30513746873
x: {'t1': 1.73148, 't2': 2.51973, 't3': 95.15226, 'N_anc': 464.54865, 'N_yri': 343.03244, 'N_ooa': 965.80304, 'N_ceu': 343.03244, 'N_chb': 282.27433, 'gr_ceu': 0.00184, 'gr_chb': 0.00184, 'm_yri_ooa': 0.0, 'm_yri_ceu': 1e-05, 'm_yri_chb': 0.0, 'm_ceu_chb': 1e-05} -67569.30513746873
x_down: {'t1': 1.73148, 't2': 2.51973, 't3': 95.15226, 'N_anc': 464.54865, 'N_yri': 343.03244, 'N_ooa': 965.80304, 'N_ceu': 343.03244, 'N_chb': 282.27433, 'gr_ceu': 0.00184, 'gr_chb': 0.00184, 'm_yri_ooa': 1e-05, 'm_yri_ceu': 1e-05, 'm_yri_chb': 0.0, 'm_ceu_chb': 1e-05} -67568.02792782734
 
 
x_up: {'t1': 1.73148, 't2': 2.51973, 't3': 95.15226, 'N_anc': 464.54865, 'N_yri': 343.03244, 'N_ooa': 965.80304, 'N_ceu': 343.03244, 'N_chb': 282.27433, 'gr_ceu': 0.00184, 'gr_chb': 0.00184, 'm_yri_ooa': 1e-05, 'm_yri_ceu': 0.0, 'm_yri_chb': 0.0, 'm_ceu_chb': 1e-05} -67568.02792782719
x: {'t1': 1.73148, 't2': 2.51973, 't3': 95.15226, 'N_anc': 464.54865, 'N_yri': 343.03244, 'N_ooa': 965.80304, 'N_ceu': 343.03244, 'N_chb': 282.27433, 'gr_ceu': 0.00184, 'gr_chb': 0.00184, 'm_yri_ooa': 1e-05, 'm_yri_ceu': 1e-05, 'm_yri_chb': 0.0, 'm_ceu_chb': 1e-05} -67568.02792782734
x_down: {'t1': 1.73148, 't2': 2.51973, 't3': 95.15226, 'N_anc': 464.54865, 'N_yri': 343.03244, 'N_ooa': 965.80304, 'N_ceu': 343.03244, 'N_chb': 282.27433, 'gr_ceu': 0.00184, 'gr_chb': 0.00184, 'm_yri_ooa': 1e-05, 'm_yri_ceu': 1e-05, 'm_yri_chb': 0.0, 'm_ceu_chb': 1e-05} -67568.02792782734
 
 
x_up: {'t1': 1.73148, 't2': 2.51973, 't3': 95.15226, 'N_anc': 464.54865, 'N_yri': 343.03244, 'N_ooa': 965.80304, 'N_ceu': 343.03244, 'N_chb': 282.27433, 'gr_ceu': 0.00184, 'gr_chb': 0.00184, 'm_yri_ooa': 1e-05, 'm_yri_ceu': 0.0, 'm_yri_chb': 0.0, 'm_ceu_chb': 1e-05} -67568.02792782719
x: {'t1': 1.73148, 't2': 2.51973, 't3': 95.15226, 'N_anc': 464.54865, 'N_yri': 343.03244, 'N_ooa': 965.80304, 'N_ceu': 343.03244, 'N_chb': 282.27433, 'gr_ceu': 0.00184, 'gr_chb': 0.00184, 'm_yri_ooa': 1e-05, 'm_yri_ceu': 0.0, 'm_yri_chb': 0.0, 'm_ceu_chb': 1e-05} -67568.02792782719
x_down: {'t1': 1.73148, 't2': 2.51973, 't3': 95.15226, 'N_anc': 464.54865, 'N_yri': 343.03244, 'N_ooa': 965.80304, 'N_ceu': 343.03244, 'N_chb': 282.27433, 'gr_ceu': 0.00184, 'gr_chb': 0.00184, 'm_yri_ooa': 1e-05, 'm_yri_ceu': 0.0, 'm_yri_chb': 1e-05, 'm_ceu_chb': 1e-05} -67568.02792782508
 
 
x_up: {'t1': 1.73148, 't2': 2.51973, 't3': 95.15226, 'N_anc': 464.54865, 'N_yri': 343.03244, 'N_ooa': 965.80304, 'N_ceu': 343.03244, 'N_chb': 282.27433, 'gr_ceu': 0.00184, 'gr_chb': 0.00184, 'm_yri_ooa': 1e-05, 'm_yri_ceu': 0.0, 'm_yri_chb': 1e-05, 'm_ceu_chb': 0.0} -67568.0279278264
x: {'t1': 1.73148, 't2': 2.51973, 't3': 95.15226, 'N_anc': 464.54865, 'N_yri': 343.03244, 'N_ooa': 965.80304, 'N_ceu': 343.03244, 'N_chb': 282.27433, 'gr_ceu': 0.00184, 'gr_chb': 0.00184, 'm_yri_ooa': 1e-05, 'm_yri_ceu': 0.0, 'm_yri_chb': 1e-05, 'm_ceu_chb': 1e-05} -67568.02792782508
x_down: {'t1': 1.73148, 't2': 2.51973, 't3': 95.15226, 'N_anc': 464.54865, 'N_yri': 343.03244, 'N_ooa': 965.80304, 'N_ceu': 343.03244, 'N_chb': 282.27433, 'gr_ceu': 0.00184, 'gr_chb': 0.00184, 'm_yri_ooa': 1e-05, 'm_yri_ceu': 0.0, 'm_yri_chb': 1e-05, 'm_ceu_chb': 1e-05} -67568.02792782508
 
{'t1': 1.73148, 't2': 2.51973, 't3': 95.15226, 'N_anc': 464.54865, 'N_yri': 343.03244, 'N_ooa': 965.80304, 'N_ceu': 343.03244, 'N_chb': 282.27433, 'gr_ceu': 0.00184, 'gr_chb': 0.00184, 'm_yri_ooa': 1e-05, 'm_yri_ceu': 0.0, 'm_yri_chb': 1e-05, 'm_ceu_chb': 1e-05} -67568.02792782508
 
x_up: {'t1': 2.09722, 't2': 2.51973, 't3': 95.15226, 'N_anc': 464.54865, 'N_yri': 343.03244, 'N_ooa': 965.80304, 'N_ceu': 343.03244, 'N_chb': 282.27433, 'gr_ceu': 0.00184, 'gr_chb': 0.00184, 'm_yri_ooa': 1e-05, 'm_yri_ceu': 0.0, 'm_yri_chb': 1e-05, 'm_ceu_chb': 1e-05} -67565.78705811607
x: {'t1': 1.73148, 't2': 2.51973, 't3': 95.15226, 'N_anc': 464.54865, 'N_yri': 343.03244, 'N_ooa': 965.80304, 'N_ceu': 343.03244, 'N_chb': 282.27433, 'gr_ceu': 0.00184, 'gr_chb': 0.00184, 'm_yri_ooa': 1e-05, 'm_yri_ceu': 0.0, 'm_yri_chb': 1e-05, 'm_ceu_chb': 1e-05} -67568.02792782508
x_down: {'t1': 1.36574, 't2': 2.51973, 't3': 95.15226, 'N_anc': 464.54865, 'N_yri': 343.03244, 'N_ooa': 965.80304, 'N_ceu': 343.03244, 'N_chb': 282.27433, 'gr_ceu': 0.00184, 'gr_chb': 0.00184, 'm_yri_ooa': 1e-05, 'm_yri_ceu': 0.0, 'm_yri_chb': 1e-05, 'm_ceu_chb': 1e-05} -67635.1352584616
 
 
x_up: {'t1': 2.09722, 't2': 2.62536, 't3': 95.15226, 'N_anc': 464.54865, 'N_yri': 343.03244, 'N_ooa': 965.80304, 'N_ceu': 343.03244, 'N_chb': 282.27433, 'gr_ceu': 0.00184, 'gr_chb': 0.00184, 'm_yri_ooa': 1e-05, 'm_yri_ceu': 0.0, 'm_yri_chb': 1e-05, 'm_ceu_chb': 1e-05} -67582.89426725314
x: {'t1': 2.09722, 't2': 2.51973, 't3': 95.15226, 'N_anc': 464.54865, 'N_yri': 343.03244, 'N_ooa': 965.80304, 'N_ceu': 343.03244, 'N_chb': 282.27433, 'gr_ceu': 0.00184, 'gr_chb': 0.00184, 'm_yri_ooa': 1e-05, 'm_yri_ceu': 0.0, 'm_yri_chb': 1e-05, 'm_ceu_chb': 1e-05} -67565.78705811607
x_down: {'t1': 2.09722, 't2': 2.4141, 't3': 95.15226, 'N_anc': 464.54865, 'N_yri': 343.03244, 'N_ooa': 965.80304, 'N_ceu': 343.03244, 'N_chb': 282.27433, 'gr_ceu': 0.00184, 'gr_chb': 0.00184, 'm_yri_ooa': 1e-05, 'm_yri_ceu': 0.0, 'm_yri_chb': 1e-05, 'm_ceu_chb': 1e-05} -67562.64584153838
 
 
x_up: {'t1': 2.09722, 't2': 2.4141, 't3': 99.78917, 'N_anc': 464.54865, 'N_yri': 343.03244, 'N_ooa': 965.80304, 'N_ceu': 343.03244, 'N_chb': 282.27433, 'gr_ceu': 0.00184, 'gr_chb': 0.00184, 'm_yri_ooa': 1e-05, 'm_yri_ceu': 0.0, 'm_yri_chb': 1e-05, 'm_ceu_chb': 1e-05} -67565.41520202276
x: {'t1': 2.09722, 't2': 2.4141, 't3': 95.15226, 'N_anc': 464.54865, 'N_yri': 343.03244, 'N_ooa': 965.80304, 'N_ceu': 343.03244, 'N_chb': 282.27433, 'gr_ceu': 0.00184, 'gr_chb': 0.00184, 'm_yri_ooa': 1e-05, 'm_yri_ceu': 0.0, 'm_yri_chb': 1e-05, 'm_ceu_chb': 1e-05} -67562.64584153838
x_down: {'t1': 2.09722, 't2': 2.4141, 't3': 90.51535, 'N_anc': 464.54865, 'N_yri': 343.03244, 'N_ooa': 965.80304, 'N_ceu': 343.03244, 'N_chb': 282.27433, 'gr_ceu': 0.00184, 'gr_chb': 0.00184, 'm_yri_ooa': 1e-05, 'm_yri_ceu': 0.0, 'm_yri_chb': 1e-05, 'm_ceu_chb': 1e-05} -67568.94217054851
 
 
x_up: {'t1': 2.09722, 't2': 2.4141, 't3': 95.15226, 'N_anc': 532.90152, 'N_yri': 343.03244, 'N_ooa': 965.80304, 'N_ceu': 343.03244, 'N_chb': 282.27433, 'gr_ceu': 0.00184, 'gr_chb': 0.00184, 'm_yri_ooa': 1e-05, 'm_yri_ceu': 0.0, 'm_yri_chb': 1e-05, 'm_ceu_chb': 1e-05} -67563.20604746911
x: {'t1': 2.09722, 't2': 2.4141, 't3': 95.15226, 'N_anc': 464.54865, 'N_yri': 343.03244, 'N_ooa': 965.80304, 'N_ceu': 343.03244, 'N_chb': 282.27433, 'gr_ceu': 0.00184, 'gr_chb': 0.00184, 'm_yri_ooa': 1e-05, 'm_yri_ceu': 0.0, 'm_yri_chb': 1e-05, 'm_ceu_chb': 1e-05} -67562.64584153838
x_down: {'t1': 2.09722, 't2': 2.4141, 't3': 95.15226, 'N_anc': 396.19578, 'N_yri': 343.03244, 'N_ooa': 965.80304, 'N_ceu': 343.03244, 'N_chb': 282.27433, 'gr_ceu': 0.00184, 'gr_chb': 0.00184, 'm_yri_ooa': 1e-05, 'm_yri_ceu': 0.0, 'm_yri_chb': 1e-05, 'm_ceu_chb': 1e-05} -67566.65656074755
 
 
x_up: {'t1': 2.09722, 't2': 2.4141, 't3': 95.15226, 'N_anc': 464.54865, 'N_yri': 373.4115, 'N_ooa': 965.80304, 'N_ceu': 343.03244, 'N_chb': 282.27433, 'gr_ceu': 0.00184, 'gr_chb': 0.00184, 'm_yri_ooa': 1e-05, 'm_yri_ceu': 0.0, 'm_yri_chb': 1e-05, 'm_ceu_chb': 1e-05} -67552.93730319613
x: {'t1': 2.09722, 't2': 2.4141, 't3': 95.15226, 'N_anc': 464.54865, 'N_yri': 343.03244, 'N_ooa': 965.80304, 'N_ceu': 343.03244, 'N_chb': 282.27433, 'gr_ceu': 0.00184, 'gr_chb': 0.00184, 'm_yri_ooa': 1e-05, 'm_yri_ceu': 0.0, 'm_yri_chb': 1e-05, 'm_ceu_chb': 1e-05} -67562.64584153838
x_down: {'t1': 2.09722, 't2': 2.4141, 't3': 95.15226, 'N_anc': 464.54865, 'N_yri': 312.65339, 'N_ooa': 965.80304, 'N_ceu': 343.03244, 'N_chb': 282.27433, 'gr_ceu': 0.00184, 'gr_chb': 0.00184, 'm_yri_ooa': 1e-05, 'm_yri_ceu': 0.0, 'm_yri_chb': 1e-05, 'm_ceu_chb': 1e-05} -67583.36040872466
 
 
x_up: {'t1': 2.09722, 't2': 2.4141, 't3': 95.15226, 'N_anc': 464.54865, 'N_yri': 373.4115, 'N_ooa': 1209.31014, 'N_ceu': 343.03244, 'N_chb': 282.27433, 'gr_ceu': 0.00184, 'gr_chb': 0.00184, 'm_yri_ooa': 1e-05, 'm_yri_ceu': 0.0, 'm_yri_chb': 1e-05, 'm_ceu_chb': 1e-05} -67717.14263283701
x: {'t1': 2.09722, 't2': 2.4141, 't3': 95.15226, 'N_anc': 464.54865, 'N_yri': 373.4115, 'N_ooa': 965.80304, 'N_ceu': 343.03244, 'N_chb': 282.27433, 'gr_ceu': 0.00184, 'gr_chb': 0.00184, 'm_yri_ooa': 1e-05, 'm_yri_ceu': 0.0, 'm_yri_chb': 1e-05, 'm_ceu_chb': 1e-05} -67552.93730319613
x_down: {'t1': 2.09722, 't2': 2.4141, 't3': 95.15226, 'N_anc': 464.54865, 'N_yri': 373.4115, 'N_ooa': 722.29593, 'N_ceu': 343.03244, 'N_chb': 282.27433, 'gr_ceu': 0.00184, 'gr_chb': 0.00184, 'm_yri_ooa': 1e-05, 'm_yri_ceu': 0.0, 'm_yri_chb': 1e-05, 'm_ceu_chb': 1e-05} -67677.48461379322
 
 
x_up: {'t1': 2.09722, 't2': 2.4141, 't3': 95.15226, 'N_anc': 464.54865, 'N_yri': 373.4115, 'N_ooa': 965.80304, 'N_ceu': 373.4115, 'N_chb': 282.27433, 'gr_ceu': 0.00184, 'gr_chb': 0.00184, 'm_yri_ooa': 1e-05, 'm_yri_ceu': 0.0, 'm_yri_chb': 1e-05, 'm_ceu_chb': 1e-05} -67558.85654633798
x: {'t1': 2.09722, 't2': 2.4141, 't3': 95.15226, 'N_anc': 464.54865, 'N_yri': 373.4115, 'N_ooa': 965.80304, 'N_ceu': 343.03244, 'N_chb': 282.27433, 'gr_ceu': 0.00184, 'gr_chb': 0.00184, 'm_yri_ooa': 1e-05, 'm_yri_ceu': 0.0, 'm_yri_chb': 1e-05, 'm_ceu_chb': 1e-05} -67552.93730319613
x_down: {'t1': 2.09722, 't2': 2.4141, 't3': 95.15226, 'N_anc': 464.54865, 'N_yri': 373.4115, 'N_ooa': 965.80304, 'N_ceu': 312.65339, 'N_chb': 282.27433, 'gr_ceu': 0.00184, 'gr_chb': 0.00184, 'm_yri_ooa': 1e-05, 'm_yri_ceu': 0.0, 'm_yri_chb': 1e-05, 'm_ceu_chb': 1e-05} -67554.12565396103
 
 
x_up: {'t1': 2.09722, 't2': 2.4141, 't3': 95.15226, 'N_anc': 464.54865, 'N_yri': 373.4115, 'N_ooa': 965.80304, 'N_ceu': 343.03244, 'N_chb': 350.6272, 'gr_ceu': 0.00184, 'gr_chb': 0.00184, 'm_yri_ooa': 1e-05, 'm_yri_ceu': 0.0, 'm_yri_chb': 1e-05, 'm_ceu_chb': 1e-05} -67565.08999854719
x: {'t1': 2.09722, 't2': 2.4141, 't3': 95.15226, 'N_anc': 464.54865, 'N_yri': 373.4115, 'N_ooa': 965.80304, 'N_ceu': 343.03244, 'N_chb': 282.27433, 'gr_ceu': 0.00184, 'gr_chb': 0.00184, 'm_yri_ooa': 1e-05, 'm_yri_ceu': 0.0, 'm_yri_chb': 1e-05, 'm_ceu_chb': 1e-05} -67552.93730319613
x_down: {'t1': 2.09722, 't2': 2.4141, 't3': 95.15226, 'N_anc': 464.54865, 'N_yri': 373.4115, 'N_ooa': 965.80304, 'N_ceu': 343.03244, 'N_chb': 213.92146, 'gr_ceu': 0.00184, 'gr_chb': 0.00184, 'm_yri_ooa': 1e-05, 'm_yri_ceu': 0.0, 'm_yri_chb': 1e-05, 'm_ceu_chb': 1e-05} -67593.52234644961
 
 
x_up: {'t1': 2.09722, 't2': 2.4141, 't3': 95.15226, 'N_anc': 464.54865, 'N_yri': 373.4115, 'N_ooa': 965.80304, 'N_ceu': 343.03244, 'N_chb': 282.27433, 'gr_ceu': 0.00276, 'gr_chb': 0.00184, 'm_yri_ooa': 1e-05, 'm_yri_ceu': 0.0, 'm_yri_chb': 1e-05, 'm_ceu_chb': 1e-05} -67553.02753541849
x: {'t1': 2.09722, 't2': 2.4141, 't3': 95.15226, 'N_anc': 464.54865, 'N_yri': 373.4115, 'N_ooa': 965.80304, 'N_ceu': 343.03244, 'N_chb': 282.27433, 'gr_ceu': 0.00184, 'gr_chb': 0.00184, 'm_yri_ooa': 1e-05, 'm_yri_ceu': 0.0, 'm_yri_chb': 1e-05, 'm_ceu_chb': 1e-05} -67552.93730319613
x_down: {'t1': 2.09722, 't2': 2.4141, 't3': 95.15226, 'N_anc': 464.54865, 'N_yri': 373.4115, 'N_ooa': 965.80304, 'N_ceu': 343.03244, 'N_chb': 282.27433, 'gr_ceu': 0.00092, 'gr_chb': 0.00184, 'm_yri_ooa': 1e-05, 'm_yri_ceu': 0.0, 'm_yri_chb': 1e-05, 'm_ceu_chb': 1e-05} -67552.84851931762
 
 
x_up: {'t1': 2.09722, 't2': 2.4141, 't3': 95.15226, 'N_anc': 464.54865, 'N_yri': 373.4115, 'N_ooa': 965.80304, 'N_ceu': 343.03244, 'N_chb': 282.27433, 'gr_ceu': 0.00092, 'gr_chb': 0.00276, 'm_yri_ooa': 1e-05, 'm_yri_ceu': 0.0, 'm_yri_chb': 1e-05, 'm_ceu_chb': 1e-05} -67552.83958842323
x: {'t1': 2.09722, 't2': 2.4141, 't3': 95.15226, 'N_anc': 464.54865, 'N_yri': 373.4115, 'N_ooa': 965.80304, 'N_ceu': 343.03244, 'N_chb': 282.27433, 'gr_ceu': 0.00092, 'gr_chb': 0.00184, 'm_yri_ooa': 1e-05, 'm_yri_ceu': 0.0, 'm_yri_chb': 1e-05, 'm_ceu_chb': 1e-05} -67552.84851931762
x_down: {'t1': 2.09722, 't2': 2.4141, 't3': 95.15226, 'N_anc': 464.54865, 'N_yri': 373.4115, 'N_ooa': 965.80304, 'N_ceu': 343.03244, 'N_chb': 282.27433, 'gr_ceu': 0.00092, 'gr_chb': 0.00092, 'm_yri_ooa': 1e-05, 'm_yri_ceu': 0.0, 'm_yri_chb': 1e-05, 'm_ceu_chb': 1e-05} -67552.85926561512
 
 
x_up: {'t1': 2.09722, 't2': 2.4141, 't3': 95.15226, 'N_anc': 464.54865, 'N_yri': 373.4115, 'N_ooa': 965.80304, 'N_ceu': 343.03244, 'N_chb': 282.27433, 'gr_ceu': 0.00092, 'gr_chb': 0.00276, 'm_yri_ooa': 0.0, 'm_yri_ceu': 0.0, 'm_yri_chb': 1e-05, 'm_ceu_chb': 1e-05} -67552.83857588148
x: {'t1': 2.09722, 't2': 2.4141, 't3': 95.15226, 'N_anc': 464.54865, 'N_yri': 373.4115, 'N_ooa': 965.80304, 'N_ceu': 343.03244, 'N_chb': 282.27433, 'gr_ceu': 0.00092, 'gr_chb': 0.00276, 'm_yri_ooa': 1e-05, 'm_yri_ceu': 0.0, 'm_yri_chb': 1e-05, 'm_ceu_chb': 1e-05} -67552.83958842323
x_down: {'t1': 2.09722, 't2': 2.4141, 't3': 95.15226, 'N_anc': 464.54865, 'N_yri': 373.4115, 'N_ooa': 965.80304, 'N_ceu': 343.03244, 'N_chb': 282.27433, 'gr_ceu': 0.00092, 'gr_chb': 0.00276, 'm_yri_ooa': 1e-05, 'm_yri_ceu': 0.0, 'm_yri_chb': 1e-05, 'm_ceu_chb': 1e-05} -67552.83958842323
 
 
x_up: {'t1': 2.09722, 't2': 2.4141, 't3': 95.15226, 'N_anc': 464.54865, 'N_yri': 373.4115, 'N_ooa': 965.80304, 'N_ceu': 343.03244, 'N_chb': 282.27433, 'gr_ceu': 0.00092, 'gr_chb': 0.00276, 'm_yri_ooa': 0.0, 'm_yri_ceu': 0.0, 'm_yri_chb': 1e-05, 'm_ceu_chb': 1e-05} -67552.83857588148
x: {'t1': 2.09722, 't2': 2.4141, 't3': 95.15226, 'N_anc': 464.54865, 'N_yri': 373.4115, 'N_ooa': 965.80304, 'N_ceu': 343.03244, 'N_chb': 282.27433, 'gr_ceu': 0.00092, 'gr_chb': 0.00276, 'm_yri_ooa': 0.0, 'm_yri_ceu': 0.0, 'm_yri_chb': 1e-05, 'm_ceu_chb': 1e-05} -67552.83857588148
x_down: {'t1': 2.09722, 't2': 2.4141, 't3': 95.15226, 'N_anc': 464.54865, 'N_yri': 373.4115, 'N_ooa': 965.80304, 'N_ceu': 343.03244, 'N_chb': 282.27433, 'gr_ceu': 0.00092, 'gr_chb': 0.00276, 'm_yri_ooa': 0.0, 'm_yri_ceu': 1e-05, 'm_yri_chb': 1e-05, 'm_ceu_chb': 1e-05} -67552.83857588154
 
 
x_up: {'t1': 2.09722, 't2': 2.4141, 't3': 95.15226, 'N_anc': 464.54865, 'N_yri': 373.4115, 'N_ooa': 965.80304, 'N_ceu': 343.03244, 'N_chb': 282.27433, 'gr_ceu': 0.00092, 'gr_chb': 0.00276, 'm_yri_ooa': 0.0, 'm_yri_ceu': 0.0, 'm_yri_chb': 0.0, 'm_ceu_chb': 1e-05} -67552.8385758809
x: {'t1': 2.09722, 't2': 2.4141, 't3': 95.15226, 'N_anc': 464.54865, 'N_yri': 373.4115, 'N_ooa': 965.80304, 'N_ceu': 343.03244, 'N_chb': 282.27433, 'gr_ceu': 0.00092, 'gr_chb': 0.00276, 'm_yri_ooa': 0.0, 'm_yri_ceu': 0.0, 'm_yri_chb': 1e-05, 'm_ceu_chb': 1e-05} -67552.83857588148
x_down: {'t1': 2.09722, 't2': 2.4141, 't3': 95.15226, 'N_anc': 464.54865, 'N_yri': 373.4115, 'N_ooa': 965.80304, 'N_ceu': 343.03244, 'N_chb': 282.27433, 'gr_ceu': 0.00092, 'gr_chb': 0.00276, 'm_yri_ooa': 0.0, 'm_yri_ceu': 0.0, 'm_yri_chb': 1e-05, 'm_ceu_chb': 1e-05} -67552.83857588148
 
 
x_up: {'t1': 2.09722, 't2': 2.4141, 't3': 95.15226, 'N_anc': 464.54865, 'N_yri': 373.4115, 'N_ooa': 965.80304, 'N_ceu': 343.03244, 'N_chb': 282.27433, 'gr_ceu': 0.00092, 'gr_chb': 0.00276, 'm_yri_ooa': 0.0, 'm_yri_ceu': 0.0, 'm_yri_chb': 0.0, 'm_ceu_chb': 0.0} -67552.8385758329
x: {'t1': 2.09722, 't2': 2.4141, 't3': 95.15226, 'N_anc': 464.54865, 'N_yri': 373.4115, 'N_ooa': 965.80304, 'N_ceu': 343.03244, 'N_chb': 282.27433, 'gr_ceu': 0.00092, 'gr_chb': 0.00276, 'm_yri_ooa': 0.0, 'm_yri_ceu': 0.0, 'm_yri_chb': 0.0, 'm_ceu_chb': 1e-05} -67552.8385758809
x_down: {'t1': 2.09722, 't2': 2.4141, 't3': 95.15226, 'N_anc': 464.54865, 'N_yri': 373.4115, 'N_ooa': 965.80304, 'N_ceu': 343.03244, 'N_chb': 282.27433, 'gr_ceu': 0.00092, 'gr_chb': 0.00276, 'm_yri_ooa': 0.0, 'm_yri_ceu': 0.0, 'm_yri_chb': 0.0, 'm_ceu_chb': 1e-05} -67552.8385758809
 
{'t1': 2.09722, 't2': 2.4141, 't3': 95.15226, 'N_anc': 464.54865, 'N_yri': 373.4115, 'N_ooa': 965.80304, 'N_ceu': 343.03244, 'N_chb': 282.27433, 'gr_ceu': 0.00092, 'gr_chb': 0.00276, 'm_yri_ooa': 0.0, 'm_yri_ceu': 0.0, 'm_yri_chb': 0.0, 'm_ceu_chb': 0.0} -67552.8385758329
 
x_up: {'t1': 2.25566, 't2': 2.4141, 't3': 95.15226, 'N_anc': 464.54865, 'N_yri': 373.4115, 'N_ooa': 965.80304, 'N_ceu': 343.03244, 'N_chb': 282.27433, 'gr_ceu': 0.00092, 'gr_chb': 0.00276, 'm_yri_ooa': 0.0, 'm_yri_ceu': 0.0, 'm_yri_chb': 0.0, 'm_ceu_chb': 0.0} -67578.01938399803
x: {'t1': 2.09722, 't2': 2.4141, 't3': 95.15226, 'N_anc': 464.54865, 'N_yri': 373.4115, 'N_ooa': 965.80304, 'N_ceu': 343.03244, 'N_chb': 282.27433, 'gr_ceu': 0.00092, 'gr_chb': 0.00276, 'm_yri_ooa': 0.0, 'm_yri_ceu': 0.0, 'm_yri_chb': 0.0, 'm_ceu_chb': 0.0} -67552.8385758329
x_down: {'t1': 1.93878, 't2': 2.4141, 't3': 95.15226, 'N_anc': 464.54865, 'N_yri': 373.4115, 'N_ooa': 965.80304, 'N_ceu': 343.03244, 'N_chb': 282.27433, 'gr_ceu': 0.00092, 'gr_chb': 0.00276, 'm_yri_ooa': 0.0, 'm_yri_ceu': 0.0, 'm_yri_chb': 0.0, 'm_ceu_chb': 0.0} -67565.4937869663
 
 
x_up: {'t1': 2.09722, 't2': 2.53293, 't3': 95.15226, 'N_anc': 464.54865, 'N_yri': 373.4115, 'N_ooa': 965.80304, 'N_ceu': 343.03244, 'N_chb': 282.27433, 'gr_ceu': 0.00092, 'gr_chb': 0.00276, 'm_yri_ooa': 0.0, 'm_yri_ceu': 0.0, 'm_yri_chb': 0.0, 'm_ceu_chb': 0.0} -67574.45629485154
x: {'t1': 2.09722, 't2': 2.4141, 't3': 95.15226, 'N_anc': 464.54865, 'N_yri': 373.4115, 'N_ooa': 965.80304, 'N_ceu': 343.03244, 'N_chb': 282.27433, 'gr_ceu': 0.00092, 'gr_chb': 0.00276, 'm_yri_ooa': 0.0, 'm_yri_ceu': 0.0, 'm_yri_chb': 0.0, 'm_ceu_chb': 0.0} -67552.8385758329
x_down: {'t1': 2.09722, 't2': 2.29527, 't3': 95.15226, 'N_anc': 464.54865, 'N_yri': 373.4115, 'N_ooa': 965.80304, 'N_ceu': 343.03244, 'N_chb': 282.27433, 'gr_ceu': 0.00092, 'gr_chb': 0.00276, 'm_yri_ooa': 0.0, 'm_yri_ceu': 0.0, 'm_yri_chb': 0.0, 'm_ceu_chb': 0.0} -67589.50301130675
 
 
x_up: {'t1': 2.09722, 't2': 2.4141, 't3': 99.78917, 'N_anc': 464.54865, 'N_yri': 373.4115, 'N_ooa': 965.80304, 'N_ceu': 343.03244, 'N_chb': 282.27433, 'gr_ceu': 0.00092, 'gr_chb': 0.00276, 'm_yri_ooa': 0.0, 'm_yri_ceu': 0.0, 'm_yri_chb': 0.0, 'm_ceu_chb': 0.0} -67555.60793631728
x: {'t1': 2.09722, 't2': 2.4141, 't3': 95.15226, 'N_anc': 464.54865, 'N_yri': 373.4115, 'N_ooa': 965.80304, 'N_ceu': 343.03244, 'N_chb': 282.27433, 'gr_ceu': 0.00092, 'gr_chb': 0.00276, 'm_yri_ooa': 0.0, 'm_yri_ceu': 0.0, 'm_yri_chb': 0.0, 'm_ceu_chb': 0.0} -67552.8385758329
x_down: {'t1': 2.09722, 't2': 2.4141, 't3': 90.51535, 'N_anc': 464.54865, 'N_yri': 373.4115, 'N_ooa': 965.80304, 'N_ceu': 343.03244, 'N_chb': 282.27433, 'gr_ceu': 0.00092, 'gr_chb': 0.00276, 'm_yri_ooa': 0.0, 'm_yri_ceu': 0.0, 'm_yri_chb': 0.0, 'm_ceu_chb': 0.0} -67559.13490484304
 
 
x_up: {'t1': 2.09722, 't2': 2.4141, 't3': 95.15226, 'N_anc': 498.72509, 'N_yri': 373.4115, 'N_ooa': 965.80304, 'N_ceu': 343.03244, 'N_chb': 282.27433, 'gr_ceu': 0.00092, 'gr_chb': 0.00276, 'm_yri_ooa': 0.0, 'm_yri_ceu': 0.0, 'm_yri_chb': 0.0, 'm_ceu_chb': 0.0} -67552.69845029154
x: {'t1': 2.09722, 't2': 2.4141, 't3': 95.15226, 'N_anc': 464.54865, 'N_yri': 373.4115, 'N_ooa': 965.80304, 'N_ceu': 343.03244, 'N_chb': 282.27433, 'gr_ceu': 0.00092, 'gr_chb': 0.00276, 'm_yri_ooa': 0.0, 'm_yri_ceu': 0.0, 'm_yri_chb': 0.0, 'm_ceu_chb': 0.0} -67552.8385758329
x_down: {'t1': 2.09722, 't2': 2.4141, 't3': 95.15226, 'N_anc': 430.37221, 'N_yri': 373.4115, 'N_ooa': 965.80304, 'N_ceu': 343.03244, 'N_chb': 282.27433, 'gr_ceu': 0.00092, 'gr_chb': 0.00276, 'm_yri_ooa': 0.0, 'm_yri_ceu': 0.0, 'm_yri_chb': 0.0, 'm_ceu_chb': 0.0} -67554.09444007135
 
 
x_up: {'t1': 2.09722, 't2': 2.4141, 't3': 95.15226, 'N_anc': 498.72509, 'N_yri': 424.67616, 'N_ooa': 965.80304, 'N_ceu': 343.03244, 'N_chb': 282.27433, 'gr_ceu': 0.00092, 'gr_chb': 0.00276, 'm_yri_ooa': 0.0, 'm_yri_ceu': 0.0, 'm_yri_chb': 0.0, 'm_ceu_chb': 0.0} -67560.22257198098
x: {'t1': 2.09722, 't2': 2.4141, 't3': 95.15226, 'N_anc': 498.72509, 'N_yri': 373.4115, 'N_ooa': 965.80304, 'N_ceu': 343.03244, 'N_chb': 282.27433, 'gr_ceu': 0.00092, 'gr_chb': 0.00276, 'm_yri_ooa': 0.0, 'm_yri_ceu': 0.0, 'm_yri_chb': 0.0, 'm_ceu_chb': 0.0} -67552.69845029154
x_down: {'t1': 2.09722, 't2': 2.4141, 't3': 95.15226, 'N_anc': 498.72509, 'N_yri': 322.14684, 'N_ooa': 965.80304, 'N_ceu': 343.03244, 'N_chb': 282.27433, 'gr_ceu': 0.00092, 'gr_chb': 0.00276, 'm_yri_ooa': 0.0, 'm_yri_ceu': 0.0, 'm_yri_chb': 0.0, 'm_ceu_chb': 0.0} -67573.08468360225
 
 
x_up: {'t1': 2.09722, 't2': 2.4141, 't3': 95.15226, 'N_anc': 498.72509, 'N_yri': 373.4115, 'N_ooa': 1087.55659, 'N_ceu': 343.03244, 'N_chb': 282.27433, 'gr_ceu': 0.00092, 'gr_chb': 0.00276, 'm_yri_ooa': 0.0, 'm_yri_ceu': 0.0, 'm_yri_chb': 0.0, 'm_ceu_chb': 0.0} -67613.78366351046
x: {'t1': 2.09722, 't2': 2.4141, 't3': 95.15226, 'N_anc': 498.72509, 'N_yri': 373.4115, 'N_ooa': 965.80304, 'N_ceu': 343.03244, 'N_chb': 282.27433, 'gr_ceu': 0.00092, 'gr_chb': 0.00276, 'm_yri_ooa': 0.0, 'm_yri_ceu': 0.0, 'm_yri_chb': 0.0, 'm_ceu_chb': 0.0} -67552.69845029154
x_down: {'t1': 2.09722, 't2': 2.4141, 't3': 95.15226, 'N_anc': 498.72509, 'N_yri': 373.4115, 'N_ooa': 844.04949, 'N_ceu': 343.03244, 'N_chb': 282.27433, 'gr_ceu': 0.00092, 'gr_chb': 0.00276, 'm_yri_ooa': 0.0, 'm_yri_ceu': 0.0, 'm_yri_chb': 0.0, 'm_ceu_chb': 0.0} -67560.20221991172
 
 
x_up: {'t1': 2.09722, 't2': 2.4141, 't3': 95.15226, 'N_anc': 498.72509, 'N_yri': 373.4115, 'N_ooa': 965.80304, 'N_ceu': 358.22197, 'N_chb': 282.27433, 'gr_ceu': 0.00092, 'gr_chb': 0.00276, 'm_yri_ooa': 0.0, 'm_yri_ceu': 0.0, 'm_yri_chb': 0.0, 'm_ceu_chb': 0.0} -67554.90485846756
x: {'t1': 2.09722, 't2': 2.4141, 't3': 95.15226, 'N_anc': 498.72509, 'N_yri': 373.4115, 'N_ooa': 965.80304, 'N_ceu': 343.03244, 'N_chb': 282.27433, 'gr_ceu': 0.00092, 'gr_chb': 0.00276, 'm_yri_ooa': 0.0, 'm_yri_ceu': 0.0, 'm_yri_chb': 0.0, 'm_ceu_chb': 0.0} -67552.69845029154
x_down: {'t1': 2.09722, 't2': 2.4141, 't3': 95.15226, 'N_anc': 498.72509, 'N_yri': 373.4115, 'N_ooa': 965.80304, 'N_ceu': 327.84291, 'N_chb': 282.27433, 'gr_ceu': 0.00092, 'gr_chb': 0.00276, 'm_yri_ooa': 0.0, 'm_yri_ceu': 0.0, 'm_yri_chb': 0.0, 'm_ceu_chb': 0.0} -67552.27505228318
 
 
x_up: {'t1': 2.09722, 't2': 2.4141, 't3': 95.15226, 'N_anc': 498.72509, 'N_yri': 373.4115, 'N_ooa': 965.80304, 'N_ceu': 327.84291, 'N_chb': 316.45077, 'gr_ceu': 0.00092, 'gr_chb': 0.00276, 'm_yri_ooa': 0.0, 'm_yri_ceu': 0.0, 'm_yri_chb': 0.0, 'm_ceu_chb': 0.0} -67550.65954241755
x: {'t1': 2.09722, 't2': 2.4141, 't3': 95.15226, 'N_anc': 498.72509, 'N_yri': 373.4115, 'N_ooa': 965.80304, 'N_ceu': 327.84291, 'N_chb': 282.27433, 'gr_ceu': 0.00092, 'gr_chb': 0.00276, 'm_yri_ooa': 0.0, 'm_yri_ceu': 0.0, 'm_yri_chb': 0.0, 'm_ceu_chb': 0.0} -67552.27505228318
x_down: {'t1': 2.09722, 't2': 2.4141, 't3': 95.15226, 'N_anc': 498.72509, 'N_yri': 373.4115, 'N_ooa': 965.80304, 'N_ceu': 327.84291, 'N_chb': 248.09789, 'gr_ceu': 0.00092, 'gr_chb': 0.00276, 'm_yri_ooa': 0.0, 'm_yri_ceu': 0.0, 'm_yri_chb': 0.0, 'm_ceu_chb': 0.0} -67568.76433799883
 
 
x_up: {'t1': 2.09722, 't2': 2.4141, 't3': 95.15226, 'N_anc': 498.72509, 'N_yri': 373.4115, 'N_ooa': 965.80304, 'N_ceu': 327.84291, 'N_chb': 316.45077, 'gr_ceu': 0.00138, 'gr_chb': 0.00276, 'm_yri_ooa': 0.0, 'm_yri_ceu': 0.0, 'm_yri_chb': 0.0, 'm_ceu_chb': 0.0} -67550.714618005
x: {'t1': 2.09722, 't2': 2.4141, 't3': 95.15226, 'N_anc': 498.72509, 'N_yri': 373.4115, 'N_ooa': 965.80304, 'N_ceu': 327.84291, 'N_chb': 316.45077, 'gr_ceu': 0.00092, 'gr_chb': 0.00276, 'm_yri_ooa': 0.0, 'm_yri_ceu': 0.0, 'm_yri_chb': 0.0, 'm_ceu_chb': 0.0} -67550.65954241755
x_down: {'t1': 2.09722, 't2': 2.4141, 't3': 95.15226, 'N_anc': 498.72509, 'N_yri': 373.4115, 'N_ooa': 965.80304, 'N_ceu': 327.84291, 'N_chb': 316.45077, 'gr_ceu': 0.00046, 'gr_chb': 0.00276, 'm_yri_ooa': 0.0, 'm_yri_ceu': 0.0, 'm_yri_chb': 0.0, 'm_ceu_chb': 0.0} -67550.60483559548
 
 
x_up: {'t1': 2.09722, 't2': 2.4141, 't3': 95.15226, 'N_anc': 498.72509, 'N_yri': 373.4115, 'N_ooa': 965.80304, 'N_ceu': 327.84291, 'N_chb': 316.45077, 'gr_ceu': 0.00046, 'gr_chb': 0.00414, 'm_yri_ooa': 0.0, 'm_yri_ceu': 0.0, 'm_yri_chb': 0.0, 'm_ceu_chb': 0.0} -67550.7519823748
x: {'t1': 2.09722, 't2': 2.4141, 't3': 95.15226, 'N_anc': 498.72509, 'N_yri': 373.4115, 'N_ooa': 965.80304, 'N_ceu': 327.84291, 'N_chb': 316.45077, 'gr_ceu': 0.00046, 'gr_chb': 0.00276, 'm_yri_ooa': 0.0, 'm_yri_ceu': 0.0, 'm_yri_chb': 0.0, 'm_ceu_chb': 0.0} -67550.60483559548
x_down: {'t1': 2.09722, 't2': 2.4141, 't3': 95.15226, 'N_anc': 498.72509, 'N_yri': 373.4115, 'N_ooa': 965.80304, 'N_ceu': 327.84291, 'N_chb': 316.45077, 'gr_ceu': 0.00046, 'gr_chb': 0.00138, 'm_yri_ooa': 0.0, 'm_yri_ceu': 0.0, 'm_yri_chb': 0.0, 'm_ceu_chb': 0.0} -67550.46127863311
 
 
x_up: {'t1': 2.09722, 't2': 2.4141, 't3': 95.15226, 'N_anc': 498.72509, 'N_yri': 373.4115, 'N_ooa': 965.80304, 'N_ceu': 327.84291, 'N_chb': 316.45077, 'gr_ceu': 0.00046, 'gr_chb': 0.00138, 'm_yri_ooa': 0.0, 'm_yri_ceu': 0.0, 'm_yri_chb': 0.0, 'm_ceu_chb': 0.0} -67550.46127863311
x: {'t1': 2.09722, 't2': 2.4141, 't3': 95.15226, 'N_anc': 498.72509, 'N_yri': 373.4115, 'N_ooa': 965.80304, 'N_ceu': 327.84291, 'N_chb': 316.45077, 'gr_ceu': 0.00046, 'gr_chb': 0.00138, 'm_yri_ooa': 0.0, 'm_yri_ceu': 0.0, 'm_yri_chb': 0.0, 'm_ceu_chb': 0.0} -67550.46127863311
x_down: {'t1': 2.09722, 't2': 2.4141, 't3': 95.15226, 'N_anc': 498.72509, 'N_yri': 373.4115, 'N_ooa': 965.80304, 'N_ceu': 327.84291, 'N_chb': 316.45077, 'gr_ceu': 0.00046, 'gr_chb': 0.00138, 'm_yri_ooa': 1e-05, 'm_yri_ceu': 0.0, 'm_yri_chb': 0.0, 'm_ceu_chb': 0.0} -67550.46251937789
 
 
x_up: {'t1': 2.09722, 't2': 2.4141, 't3': 95.15226, 'N_anc': 498.72509, 'N_yri': 373.4115, 'N_ooa': 965.80304, 'N_ceu': 327.84291, 'N_chb': 316.45077, 'gr_ceu': 0.00046, 'gr_chb': 0.00138, 'm_yri_ooa': 0.0, 'm_yri_ceu': 0.0, 'm_yri_chb': 0.0, 'm_ceu_chb': 0.0} -67550.46127863311
x: {'t1': 2.09722, 't2': 2.4141, 't3': 95.15226, 'N_anc': 498.72509, 'N_yri': 373.4115, 'N_ooa': 965.80304, 'N_ceu': 327.84291, 'N_chb': 316.45077, 'gr_ceu': 0.00046, 'gr_chb': 0.00138, 'm_yri_ooa': 0.0, 'm_yri_ceu': 0.0, 'm_yri_chb': 0.0, 'm_ceu_chb': 0.0} -67550.46127863311
x_down: {'t1': 2.09722, 't2': 2.4141, 't3': 95.15226, 'N_anc': 498.72509, 'N_yri': 373.4115, 'N_ooa': 965.80304, 'N_ceu': 327.84291, 'N_chb': 316.45077, 'gr_ceu': 0.00046, 'gr_chb': 0.00138, 'm_yri_ooa': 0.0, 'm_yri_ceu': 1e-05, 'm_yri_chb': 0.0, 'm_ceu_chb': 0.0} -67550.46127866585
 
 
x_up: {'t1': 2.09722, 't2': 2.4141, 't3': 95.15226, 'N_anc': 498.72509, 'N_yri': 373.4115, 'N_ooa': 965.80304, 'N_ceu': 327.84291, 'N_chb': 316.45077, 'gr_ceu': 0.00046, 'gr_chb': 0.00138, 'm_yri_ooa': 0.0, 'm_yri_ceu': 0.0, 'm_yri_chb': 0.0, 'm_ceu_chb': 0.0} -67550.46127863311
x: {'t1': 2.09722, 't2': 2.4141, 't3': 95.15226, 'N_anc': 498.72509, 'N_yri': 373.4115, 'N_ooa': 965.80304, 'N_ceu': 327.84291, 'N_chb': 316.45077, 'gr_ceu': 0.00046, 'gr_chb': 0.00138, 'm_yri_ooa': 0.0, 'm_yri_ceu': 0.0, 'm_yri_chb': 0.0, 'm_ceu_chb': 0.0} -67550.46127863311
x_down: {'t1': 2.09722, 't2': 2.4141, 't3': 95.15226, 'N_anc': 498.72509, 'N_yri': 373.4115, 'N_ooa': 965.80304, 'N_ceu': 327.84291, 'N_chb': 316.45077, 'gr_ceu': 0.00046, 'gr_chb': 0.00138, 'm_yri_ooa': 0.0, 'm_yri_ceu': 0.0, 'm_yri_chb': 1e-05, 'm_ceu_chb': 0.0} -67550.4612786663
 
 
x_up: {'t1': 2.09722, 't2': 2.4141, 't3': 95.15226, 'N_anc': 498.72509, 'N_yri': 373.4115, 'N_ooa': 965.80304, 'N_ceu': 327.84291, 'N_chb': 316.45077, 'gr_ceu': 0.00046, 'gr_chb': 0.00138, 'm_yri_ooa': 0.0, 'm_yri_ceu': 0.0, 'm_yri_chb': 0.0, 'm_ceu_chb': 0.0} -67550.46127863311
x: {'t1': 2.09722, 't2': 2.4141, 't3': 95.15226, 'N_anc': 498.72509, 'N_yri': 373.4115, 'N_ooa': 965.80304, 'N_ceu': 327.84291, 'N_chb': 316.45077, 'gr_ceu': 0.00046, 'gr_chb': 0.00138, 'm_yri_ooa': 0.0, 'm_yri_ceu': 0.0, 'm_yri_chb': 0.0, 'm_ceu_chb': 0.0} -67550.46127863311
x_down: {'t1': 2.09722, 't2': 2.4141, 't3': 95.15226, 'N_anc': 498.72509, 'N_yri': 373.4115, 'N_ooa': 965.80304, 'N_ceu': 327.84291, 'N_chb': 316.45077, 'gr_ceu': 0.00046, 'gr_chb': 0.00138, 'm_yri_ooa': 0.0, 'm_yri_ceu': 0.0, 'm_yri_chb': 0.0, 'm_ceu_chb': 1e-05} -67550.46127866559
 
{'t1': 2.09722, 't2': 2.4141, 't3': 95.15226, 'N_anc': 498.72509, 'N_yri': 373.4115, 'N_ooa': 965.80304, 'N_ceu': 327.84291, 'N_chb': 316.45077, 'gr_ceu': 0.00046, 'gr_chb': 0.00138, 'm_yri_ooa': 0.0, 'm_yri_ceu': 0.0, 'm_yri_chb': 0.0, 'm_ceu_chb': 0.0} -67550.46127863311
 
x_up: {'t1': 2.17644, 't2': 2.4141, 't3': 95.15226, 'N_anc': 498.72509, 'N_yri': 373.4115, 'N_ooa': 965.80304, 'N_ceu': 327.84291, 'N_chb': 316.45077, 'gr_ceu': 0.00046, 'gr_chb': 0.00138, 'm_yri_ooa': 0.0, 'm_yri_ceu': 0.0, 'm_yri_chb': 0.0, 'm_ceu_chb': 0.0} -67566.0181608234
x: {'t1': 2.09722, 't2': 2.4141, 't3': 95.15226, 'N_anc': 498.72509, 'N_yri': 373.4115, 'N_ooa': 965.80304, 'N_ceu': 327.84291, 'N_chb': 316.45077, 'gr_ceu': 0.00046, 'gr_chb': 0.00138, 'm_yri_ooa': 0.0, 'm_yri_ceu': 0.0, 'm_yri_chb': 0.0, 'm_ceu_chb': 0.0} -67550.46127863311
x_down: {'t1': 2.018, 't2': 2.4141, 't3': 95.15226, 'N_anc': 498.72509, 'N_yri': 373.4115, 'N_ooa': 965.80304, 'N_ceu': 327.84291, 'N_chb': 316.45077, 'gr_ceu': 0.00046, 'gr_chb': 0.00138, 'm_yri_ooa': 0.0, 'm_yri_ceu': 0.0, 'm_yri_chb': 0.0, 'm_ceu_chb': 0.0} -67561.11973736234
 
 
x_up: {'t1': 2.09722, 't2': 2.47351, 't3': 95.15226, 'N_anc': 498.72509, 'N_yri': 373.4115, 'N_ooa': 965.80304, 'N_ceu': 327.84291, 'N_chb': 316.45077, 'gr_ceu': 0.00046, 'gr_chb': 0.00138, 'm_yri_ooa': 0.0, 'm_yri_ceu': 0.0, 'm_yri_chb': 0.0, 'm_ceu_chb': 0.0} -67554.07637430892
x: {'t1': 2.09722, 't2': 2.4141, 't3': 95.15226, 'N_anc': 498.72509, 'N_yri': 373.4115, 'N_ooa': 965.80304, 'N_ceu': 327.84291, 'N_chb': 316.45077, 'gr_ceu': 0.00046, 'gr_chb': 0.00138, 'm_yri_ooa': 0.0, 'm_yri_ceu': 0.0, 'm_yri_chb': 0.0, 'm_ceu_chb': 0.0} -67550.46127863311
x_down: {'t1': 2.09722, 't2': 2.35468, 't3': 95.15226, 'N_anc': 498.72509, 'N_yri': 373.4115, 'N_ooa': 965.80304, 'N_ceu': 327.84291, 'N_chb': 316.45077, 'gr_ceu': 0.00046, 'gr_chb': 0.00138, 'm_yri_ooa': 0.0, 'm_yri_ceu': 0.0, 'm_yri_chb': 0.0, 'm_ceu_chb': 0.0} -67578.16580676325
 
 
x_up: {'t1': 2.09722, 't2': 2.4141, 't3': 99.78917, 'N_anc': 498.72509, 'N_yri': 373.4115, 'N_ooa': 965.80304, 'N_ceu': 327.84291, 'N_chb': 316.45077, 'gr_ceu': 0.00046, 'gr_chb': 0.00138, 'm_yri_ooa': 0.0, 'm_yri_ceu': 0.0, 'm_yri_chb': 0.0, 'm_ceu_chb': 0.0} -67553.27535488256
x: {'t1': 2.09722, 't2': 2.4141, 't3': 95.15226, 'N_anc': 498.72509, 'N_yri': 373.4115, 'N_ooa': 965.80304, 'N_ceu': 327.84291, 'N_chb': 316.45077, 'gr_ceu': 0.00046, 'gr_chb': 0.00138, 'm_yri_ooa': 0.0, 'm_yri_ceu': 0.0, 'm_yri_chb': 0.0, 'm_ceu_chb': 0.0} -67550.46127863311
x_down: {'t1': 2.09722, 't2': 2.4141, 't3': 90.51535, 'N_anc': 498.72509, 'N_yri': 373.4115, 'N_ooa': 965.80304, 'N_ceu': 327.84291, 'N_chb': 316.45077, 'gr_ceu': 0.00046, 'gr_chb': 0.00138, 'm_yri_ooa': 0.0, 'm_yri_ceu': 0.0, 'm_yri_chb': 0.0, 'm_ceu_chb': 0.0} -67555.79801670174
 
 
x_up: {'t1': 2.09722, 't2': 2.4141, 't3': 95.15226, 'N_anc': 554.79581, 'N_yri': 373.4115, 'N_ooa': 965.80304, 'N_ceu': 327.84291, 'N_chb': 316.45077, 'gr_ceu': 0.00046, 'gr_chb': 0.00138, 'm_yri_ooa': 0.0, 'm_yri_ceu': 0.0, 'm_yri_chb': 0.0, 'm_ceu_chb': 0.0} -67551.9563486173
x: {'t1': 2.09722, 't2': 2.4141, 't3': 95.15226, 'N_anc': 498.72509, 'N_yri': 373.4115, 'N_ooa': 965.80304, 'N_ceu': 327.84291, 'N_chb': 316.45077, 'gr_ceu': 0.00046, 'gr_chb': 0.00138, 'm_yri_ooa': 0.0, 'm_yri_ceu': 0.0, 'm_yri_chb': 0.0, 'm_ceu_chb': 0.0} -67550.46127863311
x_down: {'t1': 2.09722, 't2': 2.4141, 't3': 95.15226, 'N_anc': 442.65437, 'N_yri': 373.4115, 'N_ooa': 965.80304, 'N_ceu': 327.84291, 'N_chb': 316.45077, 'gr_ceu': 0.00046, 'gr_chb': 0.00138, 'm_yri_ooa': 0.0, 'm_yri_ceu': 0.0, 'm_yri_chb': 0.0, 'm_ceu_chb': 0.0} -67551.25619117296
 
 
x_up: {'t1': 2.09722, 't2': 2.4141, 't3': 95.15226, 'N_anc': 498.72509, 'N_yri': 399.04383, 'N_ooa': 965.80304, 'N_ceu': 327.84291, 'N_chb': 316.45077, 'gr_ceu': 0.00046, 'gr_chb': 0.00138, 'm_yri_ooa': 0.0, 'm_yri_ceu': 0.0, 'm_yri_chb': 0.0, 'm_ceu_chb': 0.0} -67554.21891213479
x: {'t1': 2.09722, 't2': 2.4141, 't3': 95.15226, 'N_anc': 498.72509, 'N_yri': 373.4115, 'N_ooa': 965.80304, 'N_ceu': 327.84291, 'N_chb': 316.45077, 'gr_ceu': 0.00046, 'gr_chb': 0.00138, 'm_yri_ooa': 0.0, 'm_yri_ceu': 0.0, 'm_yri_chb': 0.0, 'm_ceu_chb': 0.0} -67550.46127863311
x_down: {'t1': 2.09722, 't2': 2.4141, 't3': 95.15226, 'N_anc': 498.72509, 'N_yri': 347.77917, 'N_ooa': 965.80304, 'N_ceu': 327.84291, 'N_chb': 316.45077, 'gr_ceu': 0.00046, 'gr_chb': 0.00138, 'm_yri_ooa': 0.0, 'm_yri_ceu': 0.0, 'm_yri_chb': 0.0, 'm_ceu_chb': 0.0} -67556.11502840617
 
 
x_up: {'t1': 2.09722, 't2': 2.4141, 't3': 95.15226, 'N_anc': 498.72509, 'N_yri': 373.4115, 'N_ooa': 1026.67982, 'N_ceu': 327.84291, 'N_chb': 316.45077, 'gr_ceu': 0.00046, 'gr_chb': 0.00138, 'm_yri_ooa': 0.0, 'm_yri_ceu': 0.0, 'm_yri_chb': 0.0, 'm_ceu_chb': 0.0} -67578.24089251184
x: {'t1': 2.09722, 't2': 2.4141, 't3': 95.15226, 'N_anc': 498.72509, 'N_yri': 373.4115, 'N_ooa': 965.80304, 'N_ceu': 327.84291, 'N_chb': 316.45077, 'gr_ceu': 0.00046, 'gr_chb': 0.00138, 'm_yri_ooa': 0.0, 'm_yri_ceu': 0.0, 'm_yri_chb': 0.0, 'm_ceu_chb': 0.0} -67550.46127863311
x_down: {'t1': 2.09722, 't2': 2.4141, 't3': 95.15226, 'N_anc': 498.72509, 'N_yri': 373.4115, 'N_ooa': 904.92626, 'N_ceu': 327.84291, 'N_chb': 316.45077, 'gr_ceu': 0.00046, 'gr_chb': 0.00138, 'm_yri_ooa': 0.0, 'm_yri_ceu': 0.0, 'm_yri_chb': 0.0, 'm_ceu_chb': 0.0} -67544.09313480715
 
 
x_up: {'t1': 2.09722, 't2': 2.4141, 't3': 95.15226, 'N_anc': 498.72509, 'N_yri': 373.4115, 'N_ooa': 904.92626, 'N_ceu': 349.20318, 'N_chb': 316.45077, 'gr_ceu': 0.00046, 'gr_chb': 0.00138, 'm_yri_ooa': 0.0, 'm_yri_ceu': 0.0, 'm_yri_chb': 0.0, 'm_ceu_chb': 0.0} -67548.40102540443
x: {'t1': 2.09722, 't2': 2.4141, 't3': 95.15226, 'N_anc': 498.72509, 'N_yri': 373.4115, 'N_ooa': 904.92626, 'N_ceu': 327.84291, 'N_chb': 316.45077, 'gr_ceu': 0.00046, 'gr_chb': 0.00138, 'm_yri_ooa': 0.0, 'm_yri_ceu': 0.0, 'm_yri_chb': 0.0, 'm_ceu_chb': 0.0} -67544.09313480715
x_down: {'t1': 2.09722, 't2': 2.4141, 't3': 95.15226, 'N_anc': 498.72509, 'N_yri': 373.4115, 'N_ooa': 904.92626, 'N_ceu': 306.48264, 'N_chb': 316.45077, 'gr_ceu': 0.00046, 'gr_chb': 0.00138, 'm_yri_ooa': 0.0, 'm_yri_ceu': 0.0, 'm_yri_chb': 0.0, 'm_ceu_chb': 0.0} -67543.42163025108
 
 
x_up: {'t1': 2.09722, 't2': 2.4141, 't3': 95.15226, 'N_anc': 498.72509, 'N_yri': 373.4115, 'N_ooa': 904.92626, 'N_ceu': 306.48264, 'N_chb': 377.32755, 'gr_ceu': 0.00046, 'gr_chb': 0.00138, 'm_yri_ooa': 0.0, 'm_yri_ceu': 0.0, 'm_yri_chb': 0.0, 'm_ceu_chb': 0.0} -67558.1320287411
x: {'t1': 2.09722, 't2': 2.4141, 't3': 95.15226, 'N_anc': 498.72509, 'N_yri': 373.4115, 'N_ooa': 904.92626, 'N_ceu': 306.48264, 'N_chb': 316.45077, 'gr_ceu': 0.00046, 'gr_chb': 0.00138, 'm_yri_ooa': 0.0, 'm_yri_ceu': 0.0, 'm_yri_chb': 0.0, 'm_ceu_chb': 0.0} -67543.42163025108
x_down: {'t1': 2.09722, 't2': 2.4141, 't3': 95.15226, 'N_anc': 498.72509, 'N_yri': 373.4115, 'N_ooa': 904.92626, 'N_ceu': 306.48264, 'N_chb': 255.57399, 'gr_ceu': 0.00046, 'gr_chb': 0.00138, 'm_yri_ooa': 0.0, 'm_yri_ceu': 0.0, 'm_yri_chb': 0.0, 'm_ceu_chb': 0.0} -67559.55830845135
 
 
x_up: {'t1': 2.09722, 't2': 2.4141, 't3': 95.15226, 'N_anc': 498.72509, 'N_yri': 373.4115, 'N_ooa': 904.92626, 'N_ceu': 306.48264, 'N_chb': 316.45077, 'gr_ceu': 0.00069, 'gr_chb': 0.00138, 'm_yri_ooa': 0.0, 'm_yri_ceu': 0.0, 'm_yri_chb': 0.0, 'm_ceu_chb': 0.0} -67543.43107804742
x: {'t1': 2.09722, 't2': 2.4141, 't3': 95.15226, 'N_anc': 498.72509, 'N_yri': 373.4115, 'N_ooa': 904.92626, 'N_ceu': 306.48264, 'N_chb': 316.45077, 'gr_ceu': 0.00046, 'gr_chb': 0.00138, 'm_yri_ooa': 0.0, 'm_yri_ceu': 0.0, 'm_yri_chb': 0.0, 'm_ceu_chb': 0.0} -67543.42163025108
x_down: {'t1': 2.09722, 't2': 2.4141, 't3': 95.15226, 'N_anc': 498.72509, 'N_yri': 373.4115, 'N_ooa': 904.92626, 'N_ceu': 306.48264, 'N_chb': 316.45077, 'gr_ceu': 0.00023, 'gr_chb': 0.00138, 'm_yri_ooa': 0.0, 'm_yri_ceu': 0.0, 'm_yri_chb': 0.0, 'm_ceu_chb': 0.0} -67543.41226944873
 
 
x_up: {'t1': 2.09722, 't2': 2.4141, 't3': 95.15226, 'N_anc': 498.72509, 'N_yri': 373.4115, 'N_ooa': 904.92626, 'N_ceu': 306.48264, 'N_chb': 316.45077, 'gr_ceu': 0.00023, 'gr_chb': 0.00207, 'm_yri_ooa': 0.0, 'm_yri_ceu': 0.0, 'm_yri_chb': 0.0, 'm_ceu_chb': 0.0} -67543.45009870054
x: {'t1': 2.09722, 't2': 2.4141, 't3': 95.15226, 'N_anc': 498.72509, 'N_yri': 373.4115, 'N_ooa': 904.92626, 'N_ceu': 306.48264, 'N_chb': 316.45077, 'gr_ceu': 0.00023, 'gr_chb': 0.00138, 'm_yri_ooa': 0.0, 'm_yri_ceu': 0.0, 'm_yri_chb': 0.0, 'm_ceu_chb': 0.0} -67543.41226944873
x_down: {'t1': 2.09722, 't2': 2.4141, 't3': 95.15226, 'N_anc': 498.72509, 'N_yri': 373.4115, 'N_ooa': 904.92626, 'N_ceu': 306.48264, 'N_chb': 316.45077, 'gr_ceu': 0.00023, 'gr_chb': 0.00069, 'm_yri_ooa': 0.0, 'm_yri_ceu': 0.0, 'm_yri_chb': 0.0, 'm_ceu_chb': 0.0} -67543.3751426708
 
 
x_up: {'t1': 2.09722, 't2': 2.4141, 't3': 95.15226, 'N_anc': 498.72509, 'N_yri': 373.4115, 'N_ooa': 904.92626, 'N_ceu': 306.48264, 'N_chb': 316.45077, 'gr_ceu': 0.00023, 'gr_chb': 0.00069, 'm_yri_ooa': 0.0, 'm_yri_ceu': 0.0, 'm_yri_chb': 0.0, 'm_ceu_chb': 0.0} -67543.3751426708
x: {'t1': 2.09722, 't2': 2.4141, 't3': 95.15226, 'N_anc': 498.72509, 'N_yri': 373.4115, 'N_ooa': 904.92626, 'N_ceu': 306.48264, 'N_chb': 316.45077, 'gr_ceu': 0.00023, 'gr_chb': 0.00069, 'm_yri_ooa': 0.0, 'm_yri_ceu': 0.0, 'm_yri_chb': 0.0, 'm_ceu_chb': 0.0} -67543.3751426708
x_down: {'t1': 2.09722, 't2': 2.4141, 't3': 95.15226, 'N_anc': 498.72509, 'N_yri': 373.4115, 'N_ooa': 904.92626, 'N_ceu': 306.48264, 'N_chb': 316.45077, 'gr_ceu': 0.00023, 'gr_chb': 0.00069, 'm_yri_ooa': 1e-05, 'm_yri_ceu': 0.0, 'm_yri_chb': 0.0, 'm_ceu_chb': 0.0} -67543.35414950932
 
 
x_up: {'t1': 2.09722, 't2': 2.4141, 't3': 95.15226, 'N_anc': 498.72509, 'N_yri': 373.4115, 'N_ooa': 904.92626, 'N_ceu': 306.48264, 'N_chb': 316.45077, 'gr_ceu': 0.00023, 'gr_chb': 0.00069, 'm_yri_ooa': 1e-05, 'm_yri_ceu': 0.0, 'm_yri_chb': 0.0, 'm_ceu_chb': 0.0} -67543.35414950932
x: {'t1': 2.09722, 't2': 2.4141, 't3': 95.15226, 'N_anc': 498.72509, 'N_yri': 373.4115, 'N_ooa': 904.92626, 'N_ceu': 306.48264, 'N_chb': 316.45077, 'gr_ceu': 0.00023, 'gr_chb': 0.00069, 'm_yri_ooa': 1e-05, 'm_yri_ceu': 0.0, 'm_yri_chb': 0.0, 'm_ceu_chb': 0.0} -67543.35414950932
x_down: {'t1': 2.09722, 't2': 2.4141, 't3': 95.15226, 'N_anc': 498.72509, 'N_yri': 373.4115, 'N_ooa': 904.92626, 'N_ceu': 306.48264, 'N_chb': 316.45077, 'gr_ceu': 0.00023, 'gr_chb': 0.00069, 'm_yri_ooa': 1e-05, 'm_yri_ceu': 1e-05, 'm_yri_chb': 0.0, 'm_ceu_chb': 0.0} -67543.35414952361
 
 
x_up: {'t1': 2.09722, 't2': 2.4141, 't3': 95.15226, 'N_anc': 498.72509, 'N_yri': 373.4115, 'N_ooa': 904.92626, 'N_ceu': 306.48264, 'N_chb': 316.45077, 'gr_ceu': 0.00023, 'gr_chb': 0.00069, 'm_yri_ooa': 1e-05, 'm_yri_ceu': 0.0, 'm_yri_chb': 0.0, 'm_ceu_chb': 0.0} -67543.35414950932
x: {'t1': 2.09722, 't2': 2.4141, 't3': 95.15226, 'N_anc': 498.72509, 'N_yri': 373.4115, 'N_ooa': 904.92626, 'N_ceu': 306.48264, 'N_chb': 316.45077, 'gr_ceu': 0.00023, 'gr_chb': 0.00069, 'm_yri_ooa': 1e-05, 'm_yri_ceu': 0.0, 'm_yri_chb': 0.0, 'm_ceu_chb': 0.0} -67543.35414950932
x_down: {'t1': 2.09722, 't2': 2.4141, 't3': 95.15226, 'N_anc': 498.72509, 'N_yri': 373.4115, 'N_ooa': 904.92626, 'N_ceu': 306.48264, 'N_chb': 316.45077, 'gr_ceu': 0.00023, 'gr_chb': 0.00069, 'm_yri_ooa': 1e-05, 'm_yri_ceu': 0.0, 'm_yri_chb': 1e-05, 'm_ceu_chb': 0.0} -67543.35414952342
 
 
x_up: {'t1': 2.09722, 't2': 2.4141, 't3': 95.15226, 'N_anc': 498.72509, 'N_yri': 373.4115, 'N_ooa': 904.92626, 'N_ceu': 306.48264, 'N_chb': 316.45077, 'gr_ceu': 0.00023, 'gr_chb': 0.00069, 'm_yri_ooa': 1e-05, 'm_yri_ceu': 0.0, 'm_yri_chb': 0.0, 'm_ceu_chb': 0.0} -67543.35414950932
x: {'t1': 2.09722, 't2': 2.4141, 't3': 95.15226, 'N_anc': 498.72509, 'N_yri': 373.4115, 'N_ooa': 904.92626, 'N_ceu': 306.48264, 'N_chb': 316.45077, 'gr_ceu': 0.00023, 'gr_chb': 0.00069, 'm_yri_ooa': 1e-05, 'm_yri_ceu': 0.0, 'm_yri_chb': 0.0, 'm_ceu_chb': 0.0} -67543.35414950932
x_down: {'t1': 2.09722, 't2': 2.4141, 't3': 95.15226, 'N_anc': 498.72509, 'N_yri': 373.4115, 'N_ooa': 904.92626, 'N_ceu': 306.48264, 'N_chb': 316.45077, 'gr_ceu': 0.00023, 'gr_chb': 0.00069, 'm_yri_ooa': 1e-05, 'm_yri_ceu': 0.0, 'm_yri_chb': 0.0, 'm_ceu_chb': 1e-05} -67543.3541495222
 
{'t1': 2.09722, 't2': 2.4141, 't3': 95.15226, 'N_anc': 498.72509, 'N_yri': 373.4115, 'N_ooa': 904.92626, 'N_ceu': 306.48264, 'N_chb': 316.45077, 'gr_ceu': 0.00023, 'gr_chb': 0.00069, 'm_yri_ooa': 1e-05, 'm_yri_ceu': 0.0, 'm_yri_chb': 0.0, 'm_ceu_chb': 0.0} -67543.35414950932
 
x_up: {'t1': 2.13683, 't2': 2.4141, 't3': 95.15226, 'N_anc': 498.72509, 'N_yri': 373.4115, 'N_ooa': 904.92626, 'N_ceu': 306.48264, 'N_chb': 316.45077, 'gr_ceu': 0.00023, 'gr_chb': 0.00069, 'm_yri_ooa': 1e-05, 'm_yri_ceu': 0.0, 'm_yri_chb': 0.0, 'm_ceu_chb': 0.0} -67545.07963544097
x: {'t1': 2.09722, 't2': 2.4141, 't3': 95.15226, 'N_anc': 498.72509, 'N_yri': 373.4115, 'N_ooa': 904.92626, 'N_ceu': 306.48264, 'N_chb': 316.45077, 'gr_ceu': 0.00023, 'gr_chb': 0.00069, 'm_yri_ooa': 1e-05, 'm_yri_ceu': 0.0, 'm_yri_chb': 0.0, 'm_ceu_chb': 0.0} -67543.35414950932
x_down: {'t1': 2.05761, 't2': 2.4141, 't3': 95.15226, 'N_anc': 498.72509, 'N_yri': 373.4115, 'N_ooa': 904.92626, 'N_ceu': 306.48264, 'N_chb': 316.45077, 'gr_ceu': 0.00023, 'gr_chb': 0.00069, 'm_yri_ooa': 1e-05, 'm_yri_ceu': 0.0, 'm_yri_chb': 0.0, 'm_ceu_chb': 0.0} -67546.01991071168
 
 
x_up: {'t1': 2.09722, 't2': 2.44381, 't3': 95.15226, 'N_anc': 498.72509, 'N_yri': 373.4115, 'N_ooa': 904.92626, 'N_ceu': 306.48264, 'N_chb': 316.45077, 'gr_ceu': 0.00023, 'gr_chb': 0.00069, 'm_yri_ooa': 1e-05, 'm_yri_ceu': 0.0, 'm_yri_chb': 0.0, 'm_ceu_chb': 0.0} -67546.51931475586
x: {'t1': 2.09722, 't2': 2.4141, 't3': 95.15226, 'N_anc': 498.72509, 'N_yri': 373.4115, 'N_ooa': 904.92626, 'N_ceu': 306.48264, 'N_chb': 316.45077, 'gr_ceu': 0.00023, 'gr_chb': 0.00069, 'm_yri_ooa': 1e-05, 'm_yri_ceu': 0.0, 'm_yri_chb': 0.0, 'm_ceu_chb': 0.0} -67543.35414950932
x_down: {'t1': 2.09722, 't2': 2.38439, 't3': 95.15226, 'N_anc': 498.72509, 'N_yri': 373.4115, 'N_ooa': 904.92626, 'N_ceu': 306.48264, 'N_chb': 316.45077, 'gr_ceu': 0.00023, 'gr_chb': 0.00069, 'm_yri_ooa': 1e-05, 'm_yri_ceu': 0.0, 'm_yri_chb': 0.0, 'm_ceu_chb': 0.0} -67560.40799359501
 
 
x_up: {'t1': 2.09722, 't2': 2.4141, 't3': 99.78917, 'N_anc': 498.72509, 'N_yri': 373.4115, 'N_ooa': 904.92626, 'N_ceu': 306.48264, 'N_chb': 316.45077, 'gr_ceu': 0.00023, 'gr_chb': 0.00069, 'm_yri_ooa': 1e-05, 'm_yri_ceu': 0.0, 'm_yri_chb': 0.0, 'm_ceu_chb': 0.0} -67545.68395779611
x: {'t1': 2.09722, 't2': 2.4141, 't3': 95.15226, 'N_anc': 498.72509, 'N_yri': 373.4115, 'N_ooa': 904.92626, 'N_ceu': 306.48264, 'N_chb': 316.45077, 'gr_ceu': 0.00023, 'gr_chb': 0.00069, 'm_yri_ooa': 1e-05, 'm_yri_ceu': 0.0, 'm_yri_chb': 0.0, 'm_ceu_chb': 0.0} -67543.35414950932
x_down: {'t1': 2.09722, 't2': 2.4141, 't3': 90.51535, 'N_anc': 498.72509, 'N_yri': 373.4115, 'N_ooa': 904.92626, 'N_ceu': 306.48264, 'N_chb': 316.45077, 'gr_ceu': 0.00023, 'gr_chb': 0.00069, 'm_yri_ooa': 1e-05, 'm_yri_ceu': 0.0, 'm_yri_chb': 0.0, 'm_ceu_chb': 0.0} -67548.39571161012
 
 
x_up: {'t1': 2.09722, 't2': 2.4141, 't3': 95.15226, 'N_anc': 526.76045, 'N_yri': 373.4115, 'N_ooa': 904.92626, 'N_ceu': 306.48264, 'N_chb': 316.45077, 'gr_ceu': 0.00023, 'gr_chb': 0.00069, 'm_yri_ooa': 1e-05, 'm_yri_ceu': 0.0, 'm_yri_chb': 0.0, 'm_ceu_chb': 0.0} -67543.87649626628
x: {'t1': 2.09722, 't2': 2.4141, 't3': 95.15226, 'N_anc': 498.72509, 'N_yri': 373.4115, 'N_ooa': 904.92626, 'N_ceu': 306.48264, 'N_chb': 316.45077, 'gr_ceu': 0.00023, 'gr_chb': 0.00069, 'm_yri_ooa': 1e-05, 'm_yri_ceu': 0.0, 'm_yri_chb': 0.0, 'm_ceu_chb': 0.0} -67543.35414950932
x_down: {'t1': 2.09722, 't2': 2.4141, 't3': 95.15226, 'N_anc': 470.68973, 'N_yri': 373.4115, 'N_ooa': 904.92626, 'N_ceu': 306.48264, 'N_chb': 316.45077, 'gr_ceu': 0.00023, 'gr_chb': 0.00069, 'm_yri_ooa': 1e-05, 'm_yri_ceu': 0.0, 'm_yri_chb': 0.0, 'm_ceu_chb': 0.0} -67543.39602911226
 
 
x_up: {'t1': 2.09722, 't2': 2.4141, 't3': 95.15226, 'N_anc': 498.72509, 'N_yri': 387.08207, 'N_ooa': 904.92626, 'N_ceu': 306.48264, 'N_chb': 316.45077, 'gr_ceu': 0.00023, 'gr_chb': 0.00069, 'm_yri_ooa': 1e-05, 'm_yri_ceu': 0.0, 'm_yri_chb': 0.0, 'm_ceu_chb': 0.0} -67541.2184930843
x: {'t1': 2.09722, 't2': 2.4141, 't3': 95.15226, 'N_anc': 498.72509, 'N_yri': 373.4115, 'N_ooa': 904.92626, 'N_ceu': 306.48264, 'N_chb': 316.45077, 'gr_ceu': 0.00023, 'gr_chb': 0.00069, 'm_yri_ooa': 1e-05, 'm_yri_ceu': 0.0, 'm_yri_chb': 0.0, 'm_ceu_chb': 0.0} -67543.35414950932
x_down: {'t1': 2.09722, 't2': 2.4141, 't3': 95.15226, 'N_anc': 498.72509, 'N_yri': 359.74093, 'N_ooa': 904.92626, 'N_ceu': 306.48264, 'N_chb': 316.45077, 'gr_ceu': 0.00023, 'gr_chb': 0.00069, 'm_yri_ooa': 1e-05, 'm_yri_ceu': 0.0, 'm_yri_chb': 0.0, 'm_ceu_chb': 0.0} -67543.0925756312
 
 
x_up: {'t1': 2.09722, 't2': 2.4141, 't3': 95.15226, 'N_anc': 498.72509, 'N_yri': 387.08207, 'N_ooa': 989.82083, 'N_ceu': 306.48264, 'N_chb': 316.45077, 'gr_ceu': 0.00023, 'gr_chb': 0.00069, 'm_yri_ooa': 1e-05, 'm_yri_ceu': 0.0, 'm_yri_chb': 0.0, 'm_ceu_chb': 0.0} -67558.68145186713
x: {'t1': 2.09722, 't2': 2.4141, 't3': 95.15226, 'N_anc': 498.72509, 'N_yri': 387.08207, 'N_ooa': 904.92626, 'N_ceu': 306.48264, 'N_chb': 316.45077, 'gr_ceu': 0.00023, 'gr_chb': 0.00069, 'm_yri_ooa': 1e-05, 'm_yri_ceu': 0.0, 'm_yri_chb': 0.0, 'm_ceu_chb': 0.0} -67541.2184930843
x_down: {'t1': 2.09722, 't2': 2.4141, 't3': 95.15226, 'N_anc': 498.72509, 'N_yri': 387.08207, 'N_ooa': 820.03169, 'N_ceu': 306.48264, 'N_chb': 316.45077, 'gr_ceu': 0.00023, 'gr_chb': 0.00069, 'm_yri_ooa': 1e-05, 'm_yri_ceu': 0.0, 'm_yri_chb': 0.0, 'm_ceu_chb': 0.0} -67566.98531417095
 
 
x_up: {'t1': 2.09722, 't2': 2.4141, 't3': 95.15226, 'N_anc': 498.72509, 'N_yri': 387.08207, 'N_ooa': 904.92626, 'N_ceu': 335.51926, 'N_chb': 316.45077, 'gr_ceu': 0.00023, 'gr_chb': 0.00069, 'm_yri_ooa': 1e-05, 'm_yri_ceu': 0.0, 'm_yri_chb': 0.0, 'm_ceu_chb': 0.0} -67545.72936810323
x: {'t1': 2.09722, 't2': 2.4141, 't3': 95.15226, 'N_anc': 498.72509, 'N_yri': 387.08207, 'N_ooa': 904.92626, 'N_ceu': 306.48264, 'N_chb': 316.45077, 'gr_ceu': 0.00023, 'gr_chb': 0.00069, 'm_yri_ooa': 1e-05, 'm_yri_ceu': 0.0, 'm_yri_chb': 0.0, 'm_ceu_chb': 0.0} -67541.2184930843
x_down: {'t1': 2.09722, 't2': 2.4141, 't3': 95.15226, 'N_anc': 498.72509, 'N_yri': 387.08207, 'N_ooa': 904.92626, 'N_ceu': 277.44602, 'N_chb': 316.45077, 'gr_ceu': 0.00023, 'gr_chb': 0.00069, 'm_yri_ooa': 1e-05, 'm_yri_ceu': 0.0, 'm_yri_chb': 0.0, 'm_ceu_chb': 0.0} -67544.91613025787
 
 
x_up: {'t1': 2.09722, 't2': 2.4141, 't3': 95.15226, 'N_anc': 498.72509, 'N_yri': 387.08207, 'N_ooa': 904.92626, 'N_ceu': 306.48264, 'N_chb': 346.88916, 'gr_ceu': 0.00023, 'gr_chb': 0.00069, 'm_yri_ooa': 1e-05, 'm_yri_ceu': 0.0, 'm_yri_chb': 0.0, 'm_ceu_chb': 0.0} -67546.11208844412
x: {'t1': 2.09722, 't2': 2.4141, 't3': 95.15226, 'N_anc': 498.72509, 'N_yri': 387.08207, 'N_ooa': 904.92626, 'N_ceu': 306.48264, 'N_chb': 316.45077, 'gr_ceu': 0.00023, 'gr_chb': 0.00069, 'm_yri_ooa': 1e-05, 'm_yri_ceu': 0.0, 'm_yri_chb': 0.0, 'm_ceu_chb': 0.0} -67541.2184930843
x_down: {'t1': 2.09722, 't2': 2.4141, 't3': 95.15226, 'N_anc': 498.72509, 'N_yri': 387.08207, 'N_ooa': 904.92626, 'N_ceu': 306.48264, 'N_chb': 286.01238, 'gr_ceu': 0.00023, 'gr_chb': 0.00069, 'm_yri_ooa': 1e-05, 'm_yri_ceu': 0.0, 'm_yri_chb': 0.0, 'm_ceu_chb': 0.0} -67544.38603601464
 
 
x_up: {'t1': 2.09722, 't2': 2.4141, 't3': 95.15226, 'N_anc': 498.72509, 'N_yri': 387.08207, 'N_ooa': 904.92626, 'N_ceu': 306.48264, 'N_chb': 316.45077, 'gr_ceu': 0.00035, 'gr_chb': 0.00069, 'm_yri_ooa': 1e-05, 'm_yri_ceu': 0.0, 'm_yri_chb': 0.0, 'm_ceu_chb': 0.0} -67541.22786392117
x: {'t1': 2.09722, 't2': 2.4141, 't3': 95.15226, 'N_anc': 498.72509, 'N_yri': 387.08207, 'N_ooa': 904.92626, 'N_ceu': 306.48264, 'N_chb': 316.45077, 'gr_ceu': 0.00023, 'gr_chb': 0.00069, 'm_yri_ooa': 1e-05, 'm_yri_ceu': 0.0, 'm_yri_chb': 0.0, 'm_ceu_chb': 0.0} -67541.2184930843
x_down: {'t1': 2.09722, 't2': 2.4141, 't3': 95.15226, 'N_anc': 498.72509, 'N_yri': 387.08207, 'N_ooa': 904.92626, 'N_ceu': 306.48264, 'N_chb': 316.45077, 'gr_ceu': 0.00012, 'gr_chb': 0.00069, 'm_yri_ooa': 1e-05, 'm_yri_ceu': 0.0, 'm_yri_chb': 0.0, 'm_ceu_chb': 0.0} -67541.20992567416
 
 
x_up: {'t1': 2.09722, 't2': 2.4141, 't3': 95.15226, 'N_anc': 498.72509, 'N_yri': 387.08207, 'N_ooa': 904.92626, 'N_ceu': 306.48264, 'N_chb': 316.45077, 'gr_ceu': 0.00012, 'gr_chb': 0.00103, 'm_yri_ooa': 1e-05, 'm_yri_ceu': 0.0, 'm_yri_chb': 0.0, 'm_ceu_chb': 0.0} -67541.23544741617
x: {'t1': 2.09722, 't2': 2.4141, 't3': 95.15226, 'N_anc': 498.72509, 'N_yri': 387.08207, 'N_ooa': 904.92626, 'N_ceu': 306.48264, 'N_chb': 316.45077, 'gr_ceu': 0.00012, 'gr_chb': 0.00069, 'm_yri_ooa': 1e-05, 'm_yri_ceu': 0.0, 'm_yri_chb': 0.0, 'm_ceu_chb': 0.0} -67541.20992567416
x_down: {'t1': 2.09722, 't2': 2.4141, 't3': 95.15226, 'N_anc': 498.72509, 'N_yri': 387.08207, 'N_ooa': 904.92626, 'N_ceu': 306.48264, 'N_chb': 316.45077, 'gr_ceu': 0.00012, 'gr_chb': 0.00034, 'm_yri_ooa': 1e-05, 'm_yri_ceu': 0.0, 'm_yri_chb': 0.0, 'm_ceu_chb': 0.0} -67541.18384530125
 
 
x_up: {'t1': 2.09722, 't2': 2.4141, 't3': 95.15226, 'N_anc': 498.72509, 'N_yri': 387.08207, 'N_ooa': 904.92626, 'N_ceu': 306.48264, 'N_chb': 316.45077, 'gr_ceu': 0.00012, 'gr_chb': 0.00034, 'm_yri_ooa': 0.0, 'm_yri_ceu': 0.0, 'm_yri_chb': 0.0, 'm_ceu_chb': 0.0} -67541.17642788248
x: {'t1': 2.09722, 't2': 2.4141, 't3': 95.15226, 'N_anc': 498.72509, 'N_yri': 387.08207, 'N_ooa': 904.92626, 'N_ceu': 306.48264, 'N_chb': 316.45077, 'gr_ceu': 0.00012, 'gr_chb': 0.00034, 'm_yri_ooa': 1e-05, 'm_yri_ceu': 0.0, 'm_yri_chb': 0.0, 'm_ceu_chb': 0.0} -67541.18384530125
x_down: {'t1': 2.09722, 't2': 2.4141, 't3': 95.15226, 'N_anc': 498.72509, 'N_yri': 387.08207, 'N_ooa': 904.92626, 'N_ceu': 306.48264, 'N_chb': 316.45077, 'gr_ceu': 0.00012, 'gr_chb': 0.00034, 'm_yri_ooa': 1e-05, 'm_yri_ceu': 0.0, 'm_yri_chb': 0.0, 'm_ceu_chb': 0.0} -67541.18384530125
 
 
x_up: {'t1': 2.09722, 't2': 2.4141, 't3': 95.15226, 'N_anc': 498.72509, 'N_yri': 387.08207, 'N_ooa': 904.92626, 'N_ceu': 306.48264, 'N_chb': 316.45077, 'gr_ceu': 0.00012, 'gr_chb': 0.00034, 'm_yri_ooa': 0.0, 'm_yri_ceu': 0.0, 'm_yri_chb': 0.0, 'm_ceu_chb': 0.0} -67541.17642788248
x: {'t1': 2.09722, 't2': 2.4141, 't3': 95.15226, 'N_anc': 498.72509, 'N_yri': 387.08207, 'N_ooa': 904.92626, 'N_ceu': 306.48264, 'N_chb': 316.45077, 'gr_ceu': 0.00012, 'gr_chb': 0.00034, 'm_yri_ooa': 0.0, 'm_yri_ceu': 0.0, 'm_yri_chb': 0.0, 'm_ceu_chb': 0.0} -67541.17642788248
x_down: {'t1': 2.09722, 't2': 2.4141, 't3': 95.15226, 'N_anc': 498.72509, 'N_yri': 387.08207, 'N_ooa': 904.92626, 'N_ceu': 306.48264, 'N_chb': 316.45077, 'gr_ceu': 0.00012, 'gr_chb': 0.00034, 'm_yri_ooa': 0.0, 'm_yri_ceu': 1e-05, 'm_yri_chb': 0.0, 'm_ceu_chb': 0.0} -67541.17642781732
 
 
x_up: {'t1': 2.09722, 't2': 2.4141, 't3': 95.15226, 'N_anc': 498.72509, 'N_yri': 387.08207, 'N_ooa': 904.92626, 'N_ceu': 306.48264, 'N_chb': 316.45077, 'gr_ceu': 0.00012, 'gr_chb': 0.00034, 'm_yri_ooa': 0.0, 'm_yri_ceu': 1e-05, 'm_yri_chb': 0.0, 'm_ceu_chb': 0.0} -67541.17642781732
x: {'t1': 2.09722, 't2': 2.4141, 't3': 95.15226, 'N_anc': 498.72509, 'N_yri': 387.08207, 'N_ooa': 904.92626, 'N_ceu': 306.48264, 'N_chb': 316.45077, 'gr_ceu': 0.00012, 'gr_chb': 0.00034, 'm_yri_ooa': 0.0, 'm_yri_ceu': 1e-05, 'm_yri_chb': 0.0, 'm_ceu_chb': 0.0} -67541.17642781732
x_down: {'t1': 2.09722, 't2': 2.4141, 't3': 95.15226, 'N_anc': 498.72509, 'N_yri': 387.08207, 'N_ooa': 904.92626, 'N_ceu': 306.48264, 'N_chb': 316.45077, 'gr_ceu': 0.00012, 'gr_chb': 0.00034, 'm_yri_ooa': 0.0, 'm_yri_ceu': 1e-05, 'm_yri_chb': 1e-05, 'm_ceu_chb': 0.0} -67541.17642781707
 
 
x_up: {'t1': 2.09722, 't2': 2.4141, 't3': 95.15226, 'N_anc': 498.72509, 'N_yri': 387.08207, 'N_ooa': 904.92626, 'N_ceu': 306.48264, 'N_chb': 316.45077, 'gr_ceu': 0.00012, 'gr_chb': 0.00034, 'm_yri_ooa': 0.0, 'm_yri_ceu': 1e-05, 'm_yri_chb': 1e-05, 'm_ceu_chb': 0.0} -67541.17642781707
x: {'t1': 2.09722, 't2': 2.4141, 't3': 95.15226, 'N_anc': 498.72509, 'N_yri': 387.08207, 'N_ooa': 904.92626, 'N_ceu': 306.48264, 'N_chb': 316.45077, 'gr_ceu': 0.00012, 'gr_chb': 0.00034, 'm_yri_ooa': 0.0, 'm_yri_ceu': 1e-05, 'm_yri_chb': 1e-05, 'm_ceu_chb': 0.0} -67541.17642781707
x_down: {'t1': 2.09722, 't2': 2.4141, 't3': 95.15226, 'N_anc': 498.72509, 'N_yri': 387.08207, 'N_ooa': 904.92626, 'N_ceu': 306.48264, 'N_chb': 316.45077, 'gr_ceu': 0.00012, 'gr_chb': 0.00034, 'm_yri_ooa': 0.0, 'm_yri_ceu': 1e-05, 'm_yri_chb': 1e-05, 'm_ceu_chb': 1e-05} -67541.17642781638
 
{'t1': 2.09722, 't2': 2.4141, 't3': 95.15226, 'N_anc': 498.72509, 'N_yri': 387.08207, 'N_ooa': 904.92626, 'N_ceu': 306.48264, 'N_chb': 316.45077, 'gr_ceu': 0.00012, 'gr_chb': 0.00034, 'm_yri_ooa': 0.0, 'm_yri_ceu': 1e-05, 'm_yri_chb': 1e-05, 'm_ceu_chb': 1e-05} -67541.17642781638
 
x_up: {'t1': 2.11702, 't2': 2.4141, 't3': 95.15226, 'N_anc': 498.72509, 'N_yri': 387.08207, 'N_ooa': 904.92626, 'N_ceu': 306.48264, 'N_chb': 316.45077, 'gr_ceu': 0.00012, 'gr_chb': 0.00034, 'm_yri_ooa': 0.0, 'm_yri_ceu': 1e-05, 'm_yri_chb': 1e-05, 'm_ceu_chb': 1e-05} -67544.40092059175
x: {'t1': 2.09722, 't2': 2.4141, 't3': 95.15226, 'N_anc': 498.72509, 'N_yri': 387.08207, 'N_ooa': 904.92626, 'N_ceu': 306.48264, 'N_chb': 316.45077, 'gr_ceu': 0.00012, 'gr_chb': 0.00034, 'm_yri_ooa': 0.0, 'm_yri_ceu': 1e-05, 'm_yri_chb': 1e-05, 'm_ceu_chb': 1e-05} -67541.17642781638
x_down: {'t1': 2.07742, 't2': 2.4141, 't3': 95.15226, 'N_anc': 498.72509, 'N_yri': 387.08207, 'N_ooa': 904.92626, 'N_ceu': 306.48264, 'N_chb': 316.45077, 'gr_ceu': 0.00012, 'gr_chb': 0.00034, 'm_yri_ooa': 0.0, 'm_yri_ceu': 1e-05, 'm_yri_chb': 1e-05, 'm_ceu_chb': 1e-05} -67550.82804284335
 
 
x_up: {'t1': 2.09722, 't2': 2.42994, 't3': 95.15226, 'N_anc': 498.72509, 'N_yri': 387.08207, 'N_ooa': 904.92626, 'N_ceu': 306.48264, 'N_chb': 316.45077, 'gr_ceu': 0.00012, 'gr_chb': 0.00034, 'm_yri_ooa': 0.0, 'm_yri_ceu': 1e-05, 'm_yri_chb': 1e-05, 'm_ceu_chb': 1e-05} -67550.25456095487
x: {'t1': 2.09722, 't2': 2.4141, 't3': 95.15226, 'N_anc': 498.72509, 'N_yri': 387.08207, 'N_ooa': 904.92626, 'N_ceu': 306.48264, 'N_chb': 316.45077, 'gr_ceu': 0.00012, 'gr_chb': 0.00034, 'm_yri_ooa': 0.0, 'm_yri_ceu': 1e-05, 'm_yri_chb': 1e-05, 'm_ceu_chb': 1e-05} -67541.17642781638
x_down: {'t1': 2.09722, 't2': 2.39826, 't3': 95.15226, 'N_anc': 498.72509, 'N_yri': 387.08207, 'N_ooa': 904.92626, 'N_ceu': 306.48264, 'N_chb': 316.45077, 'gr_ceu': 0.00012, 'gr_chb': 0.00034, 'm_yri_ooa': 0.0, 'm_yri_ceu': 1e-05, 'm_yri_chb': 1e-05, 'm_ceu_chb': 1e-05} -67544.90578923612
 
 
x_up: {'t1': 2.09722, 't2': 2.4141, 't3': 99.78917, 'N_anc': 498.72509, 'N_yri': 387.08207, 'N_ooa': 904.92626, 'N_ceu': 306.48264, 'N_chb': 316.45077, 'gr_ceu': 0.00012, 'gr_chb': 0.00034, 'm_yri_ooa': 0.0, 'm_yri_ceu': 1e-05, 'm_yri_chb': 1e-05, 'm_ceu_chb': 1e-05} -67543.50623610317
x: {'t1': 2.09722, 't2': 2.4141, 't3': 95.15226, 'N_anc': 498.72509, 'N_yri': 387.08207, 'N_ooa': 904.92626, 'N_ceu': 306.48264, 'N_chb': 316.45077, 'gr_ceu': 0.00012, 'gr_chb': 0.00034, 'm_yri_ooa': 0.0, 'm_yri_ceu': 1e-05, 'm_yri_chb': 1e-05, 'm_ceu_chb': 1e-05} -67541.17642781638
x_down: {'t1': 2.09722, 't2': 2.4141, 't3': 90.51535, 'N_anc': 498.72509, 'N_yri': 387.08207, 'N_ooa': 904.92626, 'N_ceu': 306.48264, 'N_chb': 316.45077, 'gr_ceu': 0.00012, 'gr_chb': 0.00034, 'm_yri_ooa': 0.0, 'm_yri_ceu': 1e-05, 'm_yri_chb': 1e-05, 'm_ceu_chb': 1e-05} -67546.21798991718
 
 
x_up: {'t1': 2.09722, 't2': 2.4141, 't3': 95.15226, 'N_anc': 518.66134, 'N_yri': 387.08207, 'N_ooa': 904.92626, 'N_ceu': 306.48264, 'N_chb': 316.45077, 'gr_ceu': 0.00012, 'gr_chb': 0.00034, 'm_yri_ooa': 0.0, 'm_yri_ceu': 1e-05, 'm_yri_chb': 1e-05, 'm_ceu_chb': 1e-05} -67541.497116025
x: {'t1': 2.09722, 't2': 2.4141, 't3': 95.15226, 'N_anc': 498.72509, 'N_yri': 387.08207, 'N_ooa': 904.92626, 'N_ceu': 306.48264, 'N_chb': 316.45077, 'gr_ceu': 0.00012, 'gr_chb': 0.00034, 'm_yri_ooa': 0.0, 'm_yri_ceu': 1e-05, 'm_yri_chb': 1e-05, 'm_ceu_chb': 1e-05} -67541.17642781638
x_down: {'t1': 2.09722, 't2': 2.4141, 't3': 95.15226, 'N_anc': 478.78884, 'N_yri': 387.08207, 'N_ooa': 904.92626, 'N_ceu': 306.48264, 'N_chb': 316.45077, 'gr_ceu': 0.00012, 'gr_chb': 0.00034, 'm_yri_ooa': 0.0, 'm_yri_ceu': 1e-05, 'm_yri_chb': 1e-05, 'm_ceu_chb': 1e-05} -67541.14037633574
 
 
x_up: {'t1': 2.09722, 't2': 2.4141, 't3': 95.15226, 'N_anc': 478.78884, 'N_yri': 408.61323, 'N_ooa': 904.92626, 'N_ceu': 306.48264, 'N_chb': 316.45077, 'gr_ceu': 0.00012, 'gr_chb': 0.00034, 'm_yri_ooa': 0.0, 'm_yri_ceu': 1e-05, 'm_yri_chb': 1e-05, 'm_ceu_chb': 1e-05} -67546.24568451713
x: {'t1': 2.09722, 't2': 2.4141, 't3': 95.15226, 'N_anc': 478.78884, 'N_yri': 387.08207, 'N_ooa': 904.92626, 'N_ceu': 306.48264, 'N_chb': 316.45077, 'gr_ceu': 0.00012, 'gr_chb': 0.00034, 'm_yri_ooa': 0.0, 'm_yri_ceu': 1e-05, 'm_yri_chb': 1e-05, 'm_ceu_chb': 1e-05} -67541.14037633574
x_down: {'t1': 2.09722, 't2': 2.4141, 't3': 95.15226, 'N_anc': 478.78884, 'N_yri': 365.55091, 'N_ooa': 904.92626, 'N_ceu': 306.48264, 'N_chb': 316.45077, 'gr_ceu': 0.00012, 'gr_chb': 0.00034, 'm_yri_ooa': 0.0, 'm_yri_ceu': 1e-05, 'm_yri_chb': 1e-05, 'm_ceu_chb': 1e-05} -67543.69303968416
 
 
x_up: {'t1': 2.09722, 't2': 2.4141, 't3': 95.15226, 'N_anc': 478.78884, 'N_yri': 387.08207, 'N_ooa': 947.37354, 'N_ceu': 306.48264, 'N_chb': 316.45077, 'gr_ceu': 0.00012, 'gr_chb': 0.00034, 'm_yri_ooa': 0.0, 'm_yri_ceu': 1e-05, 'm_yri_chb': 1e-05, 'm_ceu_chb': 1e-05} -67545.92111161978
x: {'t1': 2.09722, 't2': 2.4141, 't3': 95.15226, 'N_anc': 478.78884, 'N_yri': 387.08207, 'N_ooa': 904.92626, 'N_ceu': 306.48264, 'N_chb': 316.45077, 'gr_ceu': 0.00012, 'gr_chb': 0.00034, 'm_yri_ooa': 0.0, 'm_yri_ceu': 1e-05, 'm_yri_chb': 1e-05, 'm_ceu_chb': 1e-05} -67541.14037633574
x_down: {'t1': 2.09722, 't2': 2.4141, 't3': 95.15226, 'N_anc': 478.78884, 'N_yri': 387.08207, 'N_ooa': 862.47898, 'N_ceu': 306.48264, 'N_chb': 316.45077, 'gr_ceu': 0.00012, 'gr_chb': 0.00034, 'm_yri_ooa': 0.0, 'm_yri_ceu': 1e-05, 'm_yri_chb': 1e-05, 'm_ceu_chb': 1e-05} -67547.42435892824
 
 
x_up: {'t1': 2.09722, 't2': 2.4141, 't3': 95.15226, 'N_anc': 478.78884, 'N_yri': 387.08207, 'N_ooa': 904.92626, 'N_ceu': 321.00095, 'N_chb': 316.45077, 'gr_ceu': 0.00012, 'gr_chb': 0.00034, 'm_yri_ooa': 0.0, 'm_yri_ceu': 1e-05, 'm_yri_chb': 1e-05, 'm_ceu_chb': 1e-05} -67542.60190808518
x: {'t1': 2.09722, 't2': 2.4141, 't3': 95.15226, 'N_anc': 478.78884, 'N_yri': 387.08207, 'N_ooa': 904.92626, 'N_ceu': 306.48264, 'N_chb': 316.45077, 'gr_ceu': 0.00012, 'gr_chb': 0.00034, 'm_yri_ooa': 0.0, 'm_yri_ceu': 1e-05, 'm_yri_chb': 1e-05, 'm_ceu_chb': 1e-05} -67541.14037633574
x_down: {'t1': 2.09722, 't2': 2.4141, 't3': 95.15226, 'N_anc': 478.78884, 'N_yri': 387.08207, 'N_ooa': 904.92626, 'N_ceu': 291.96433, 'N_chb': 316.45077, 'gr_ceu': 0.00012, 'gr_chb': 0.00034, 'm_yri_ooa': 0.0, 'm_yri_ceu': 1e-05, 'm_yri_chb': 1e-05, 'm_ceu_chb': 1e-05} -67541.77816378951
 
 
x_up: {'t1': 2.09722, 't2': 2.4141, 't3': 95.15226, 'N_anc': 478.78884, 'N_yri': 387.08207, 'N_ooa': 904.92626, 'N_ceu': 306.48264, 'N_chb': 331.66996, 'gr_ceu': 0.00012, 'gr_chb': 0.00034, 'm_yri_ooa': 0.0, 'm_yri_ceu': 1e-05, 'm_yri_chb': 1e-05, 'm_ceu_chb': 1e-05} -67542.6695161046
x: {'t1': 2.09722, 't2': 2.4141, 't3': 95.15226, 'N_anc': 478.78884, 'N_yri': 387.08207, 'N_ooa': 904.92626, 'N_ceu': 306.48264, 'N_chb': 316.45077, 'gr_ceu': 0.00012, 'gr_chb': 0.00034, 'm_yri_ooa': 0.0, 'm_yri_ceu': 1e-05, 'm_yri_chb': 1e-05, 'm_ceu_chb': 1e-05} -67541.14037633574
x_down: {'t1': 2.09722, 't2': 2.4141, 't3': 95.15226, 'N_anc': 478.78884, 'N_yri': 387.08207, 'N_ooa': 904.92626, 'N_ceu': 306.48264, 'N_chb': 301.23158, 'gr_ceu': 0.00012, 'gr_chb': 0.00034, 'm_yri_ooa': 0.0, 'm_yri_ceu': 1e-05, 'm_yri_chb': 1e-05, 'm_ceu_chb': 1e-05} -67541.61855913993
 
 
x_up: {'t1': 2.09722, 't2': 2.4141, 't3': 95.15226, 'N_anc': 478.78884, 'N_yri': 387.08207, 'N_ooa': 904.92626, 'N_ceu': 306.48264, 'N_chb': 316.45077, 'gr_ceu': 0.00018, 'gr_chb': 0.00034, 'm_yri_ooa': 0.0, 'm_yri_ceu': 1e-05, 'm_yri_chb': 1e-05, 'm_ceu_chb': 1e-05} -67541.14517119511
x: {'t1': 2.09722, 't2': 2.4141, 't3': 95.15226, 'N_anc': 478.78884, 'N_yri': 387.08207, 'N_ooa': 904.92626, 'N_ceu': 306.48264, 'N_chb': 316.45077, 'gr_ceu': 0.00012, 'gr_chb': 0.00034, 'm_yri_ooa': 0.0, 'm_yri_ceu': 1e-05, 'm_yri_chb': 1e-05, 'm_ceu_chb': 1e-05} -67541.14037633574
x_down: {'t1': 2.09722, 't2': 2.4141, 't3': 95.15226, 'N_anc': 478.78884, 'N_yri': 387.08207, 'N_ooa': 904.92626, 'N_ceu': 306.48264, 'N_chb': 316.45077, 'gr_ceu': 6e-05, 'gr_chb': 0.00034, 'm_yri_ooa': 0.0, 'm_yri_ceu': 1e-05, 'm_yri_chb': 1e-05, 'm_ceu_chb': 1e-05} -67541.13558826027
 
 
x_up: {'t1': 2.09722, 't2': 2.4141, 't3': 95.15226, 'N_anc': 478.78884, 'N_yri': 387.08207, 'N_ooa': 904.92626, 'N_ceu': 306.48264, 'N_chb': 316.45077, 'gr_ceu': 6e-05, 'gr_chb': 0.00051, 'm_yri_ooa': 0.0, 'm_yri_ceu': 1e-05, 'm_yri_chb': 1e-05, 'm_ceu_chb': 1e-05} -67541.14791588746
x: {'t1': 2.09722, 't2': 2.4141, 't3': 95.15226, 'N_anc': 478.78884, 'N_yri': 387.08207, 'N_ooa': 904.92626, 'N_ceu': 306.48264, 'N_chb': 316.45077, 'gr_ceu': 6e-05, 'gr_chb': 0.00034, 'm_yri_ooa': 0.0, 'm_yri_ceu': 1e-05, 'm_yri_chb': 1e-05, 'm_ceu_chb': 1e-05} -67541.13558826027
x_down: {'t1': 2.09722, 't2': 2.4141, 't3': 95.15226, 'N_anc': 478.78884, 'N_yri': 387.08207, 'N_ooa': 904.92626, 'N_ceu': 306.48264, 'N_chb': 316.45077, 'gr_ceu': 6e-05, 'gr_chb': 0.00017, 'm_yri_ooa': 0.0, 'm_yri_ceu': 1e-05, 'm_yri_chb': 1e-05, 'm_ceu_chb': 1e-05} -67541.12330685522
 
 
x_up: {'t1': 2.09722, 't2': 2.4141, 't3': 95.15226, 'N_anc': 478.78884, 'N_yri': 387.08207, 'N_ooa': 904.92626, 'N_ceu': 306.48264, 'N_chb': 316.45077, 'gr_ceu': 6e-05, 'gr_chb': 0.00017, 'm_yri_ooa': 0.0, 'm_yri_ceu': 1e-05, 'm_yri_chb': 1e-05, 'm_ceu_chb': 1e-05} -67541.12330685522
x: {'t1': 2.09722, 't2': 2.4141, 't3': 95.15226, 'N_anc': 478.78884, 'N_yri': 387.08207, 'N_ooa': 904.92626, 'N_ceu': 306.48264, 'N_chb': 316.45077, 'gr_ceu': 6e-05, 'gr_chb': 0.00017, 'm_yri_ooa': 0.0, 'm_yri_ceu': 1e-05, 'm_yri_chb': 1e-05, 'm_ceu_chb': 1e-05} -67541.12330685522
x_down: {'t1': 2.09722, 't2': 2.4141, 't3': 95.15226, 'N_anc': 478.78884, 'N_yri': 387.08207, 'N_ooa': 904.92626, 'N_ceu': 306.48264, 'N_chb': 316.45077, 'gr_ceu': 6e-05, 'gr_chb': 0.00017, 'm_yri_ooa': 1e-05, 'm_yri_ceu': 1e-05, 'm_yri_chb': 1e-05, 'm_ceu_chb': 1e-05} -67541.13056629866
 
 
x_up: {'t1': 2.09722, 't2': 2.4141, 't3': 95.15226, 'N_anc': 478.78884, 'N_yri': 387.08207, 'N_ooa': 904.92626, 'N_ceu': 306.48264, 'N_chb': 316.45077, 'gr_ceu': 6e-05, 'gr_chb': 0.00017, 'm_yri_ooa': 0.0, 'm_yri_ceu': 0.0, 'm_yri_chb': 1e-05, 'm_ceu_chb': 1e-05} -67541.12330685557
x: {'t1': 2.09722, 't2': 2.4141, 't3': 95.15226, 'N_anc': 478.78884, 'N_yri': 387.08207, 'N_ooa': 904.92626, 'N_ceu': 306.48264, 'N_chb': 316.45077, 'gr_ceu': 6e-05, 'gr_chb': 0.00017, 'm_yri_ooa': 0.0, 'm_yri_ceu': 1e-05, 'm_yri_chb': 1e-05, 'm_ceu_chb': 1e-05} -67541.12330685522
x_down: {'t1': 2.09722, 't2': 2.4141, 't3': 95.15226, 'N_anc': 478.78884, 'N_yri': 387.08207, 'N_ooa': 904.92626, 'N_ceu': 306.48264, 'N_chb': 316.45077, 'gr_ceu': 6e-05, 'gr_chb': 0.00017, 'm_yri_ooa': 0.0, 'm_yri_ceu': 1e-05, 'm_yri_chb': 1e-05, 'm_ceu_chb': 1e-05} -67541.12330685522
 
 
x_up: {'t1': 2.09722, 't2': 2.4141, 't3': 95.15226, 'N_anc': 478.78884, 'N_yri': 387.08207, 'N_ooa': 904.92626, 'N_ceu': 306.48264, 'N_chb': 316.45077, 'gr_ceu': 6e-05, 'gr_chb': 0.00017, 'm_yri_ooa': 0.0, 'm_yri_ceu': 1e-05, 'm_yri_chb': 0.0, 'm_ceu_chb': 1e-05} -67541.12330685595
x: {'t1': 2.09722, 't2': 2.4141, 't3': 95.15226, 'N_anc': 478.78884, 'N_yri': 387.08207, 'N_ooa': 904.92626, 'N_ceu': 306.48264, 'N_chb': 316.45077, 'gr_ceu': 6e-05, 'gr_chb': 0.00017, 'm_yri_ooa': 0.0, 'm_yri_ceu': 1e-05, 'm_yri_chb': 1e-05, 'm_ceu_chb': 1e-05} -67541.12330685522
x_down: {'t1': 2.09722, 't2': 2.4141, 't3': 95.15226, 'N_anc': 478.78884, 'N_yri': 387.08207, 'N_ooa': 904.92626, 'N_ceu': 306.48264, 'N_chb': 316.45077, 'gr_ceu': 6e-05, 'gr_chb': 0.00017, 'm_yri_ooa': 0.0, 'm_yri_ceu': 1e-05, 'm_yri_chb': 1e-05, 'm_ceu_chb': 1e-05} -67541.12330685522
 
 
x_up: {'t1': 2.09722, 't2': 2.4141, 't3': 95.15226, 'N_anc': 478.78884, 'N_yri': 387.08207, 'N_ooa': 904.92626, 'N_ceu': 306.48264, 'N_chb': 316.45077, 'gr_ceu': 6e-05, 'gr_chb': 0.00017, 'm_yri_ooa': 0.0, 'm_yri_ceu': 1e-05, 'm_yri_chb': 1e-05, 'm_ceu_chb': 0.0} -67541.1233068556
x: {'t1': 2.09722, 't2': 2.4141, 't3': 95.15226, 'N_anc': 478.78884, 'N_yri': 387.08207, 'N_ooa': 904.92626, 'N_ceu': 306.48264, 'N_chb': 316.45077, 'gr_ceu': 6e-05, 'gr_chb': 0.00017, 'm_yri_ooa': 0.0, 'm_yri_ceu': 1e-05, 'm_yri_chb': 1e-05, 'm_ceu_chb': 1e-05} -67541.12330685522
x_down: {'t1': 2.09722, 't2': 2.4141, 't3': 95.15226, 'N_anc': 478.78884, 'N_yri': 387.08207, 'N_ooa': 904.92626, 'N_ceu': 306.48264, 'N_chb': 316.45077, 'gr_ceu': 6e-05, 'gr_chb': 0.00017, 'm_yri_ooa': 0.0, 'm_yri_ceu': 1e-05, 'm_yri_chb': 1e-05, 'm_ceu_chb': 1e-05} -67541.12330685522
 
{'t1': 2.09722, 't2': 2.4141, 't3': 95.15226, 'N_anc': 478.78884, 'N_yri': 387.08207, 'N_ooa': 904.92626, 'N_ceu': 306.48264, 'N_chb': 316.45077, 'gr_ceu': 6e-05, 'gr_chb': 0.00017, 'm_yri_ooa': 0.0, 'm_yri_ceu': 1e-05, 'm_yri_chb': 1e-05, 'm_ceu_chb': 1e-05} -67541.12330685522
 
x_up: {'t1': 2.11306, 't2': 2.4141, 't3': 95.15226, 'N_anc': 478.78884, 'N_yri': 387.08207, 'N_ooa': 904.92626, 'N_ceu': 306.48264, 'N_chb': 316.45077, 'gr_ceu': 6e-05, 'gr_chb': 0.00017, 'm_yri_ooa': 0.0, 'm_yri_ceu': 1e-05, 'm_yri_chb': 1e-05, 'm_ceu_chb': 1e-05} -67546.70001609449
x: {'t1': 2.09722, 't2': 2.4141, 't3': 95.15226, 'N_anc': 478.78884, 'N_yri': 387.08207, 'N_ooa': 904.92626, 'N_ceu': 306.48264, 'N_chb': 316.45077, 'gr_ceu': 6e-05, 'gr_chb': 0.00017, 'm_yri_ooa': 0.0, 'm_yri_ceu': 1e-05, 'm_yri_chb': 1e-05, 'm_ceu_chb': 1e-05} -67541.12330685522
x_down: {'t1': 2.08138, 't2': 2.4141, 't3': 95.15226, 'N_anc': 478.78884, 'N_yri': 387.08207, 'N_ooa': 904.92626, 'N_ceu': 306.48264, 'N_chb': 316.45077, 'gr_ceu': 6e-05, 'gr_chb': 0.00017, 'm_yri_ooa': 0.0, 'm_yri_ceu': 1e-05, 'm_yri_chb': 1e-05, 'm_ceu_chb': 1e-05} -67549.07835468935
 
 
x_up: {'t1': 2.09722, 't2': 2.42994, 't3': 95.15226, 'N_anc': 478.78884, 'N_yri': 387.08207, 'N_ooa': 904.92626, 'N_ceu': 306.48264, 'N_chb': 316.45077, 'gr_ceu': 6e-05, 'gr_chb': 0.00017, 'm_yri_ooa': 0.0, 'm_yri_ceu': 1e-05, 'm_yri_chb': 1e-05, 'm_ceu_chb': 1e-05} -67550.20900102233
x: {'t1': 2.09722, 't2': 2.4141, 't3': 95.15226, 'N_anc': 478.78884, 'N_yri': 387.08207, 'N_ooa': 904.92626, 'N_ceu': 306.48264, 'N_chb': 316.45077, 'gr_ceu': 6e-05, 'gr_chb': 0.00017, 'm_yri_ooa': 0.0, 'm_yri_ceu': 1e-05, 'm_yri_chb': 1e-05, 'm_ceu_chb': 1e-05} -67541.12330685522
x_down: {'t1': 2.09722, 't2': 2.39826, 't3': 95.15226, 'N_anc': 478.78884, 'N_yri': 387.08207, 'N_ooa': 904.92626, 'N_ceu': 306.48264, 'N_chb': 316.45077, 'gr_ceu': 6e-05, 'gr_chb': 0.00017, 'm_yri_ooa': 0.0, 'm_yri_ceu': 1e-05, 'm_yri_chb': 1e-05, 'm_ceu_chb': 1e-05} -67544.84958542377
 
 
x_up: {'t1': 2.09722, 't2': 2.4141, 't3': 99.78917, 'N_anc': 478.78884, 'N_yri': 387.08207, 'N_ooa': 904.92626, 'N_ceu': 306.48264, 'N_chb': 316.45077, 'gr_ceu': 6e-05, 'gr_chb': 0.00017, 'm_yri_ooa': 0.0, 'm_yri_ceu': 1e-05, 'm_yri_chb': 1e-05, 'm_ceu_chb': 1e-05} -67543.43767714775
x: {'t1': 2.09722, 't2': 2.4141, 't3': 95.15226, 'N_anc': 478.78884, 'N_yri': 387.08207, 'N_ooa': 904.92626, 'N_ceu': 306.48264, 'N_chb': 316.45077, 'gr_ceu': 6e-05, 'gr_chb': 0.00017, 'm_yri_ooa': 0.0, 'm_yri_ceu': 1e-05, 'm_yri_chb': 1e-05, 'm_ceu_chb': 1e-05} -67541.12330685522
x_down: {'t1': 2.09722, 't2': 2.4141, 't3': 90.51535, 'N_anc': 478.78884, 'N_yri': 387.08207, 'N_ooa': 904.92626, 'N_ceu': 306.48264, 'N_chb': 316.45077, 'gr_ceu': 6e-05, 'gr_chb': 0.00017, 'm_yri_ooa': 0.0, 'm_yri_ceu': 1e-05, 'm_yri_chb': 1e-05, 'm_ceu_chb': 1e-05} -67546.70489717444
 
 
x_up: {'t1': 2.09722, 't2': 2.4141, 't3': 95.15226, 'N_anc': 507.198, 'N_yri': 387.08207, 'N_ooa': 904.92626, 'N_ceu': 306.48264, 'N_chb': 316.45077, 'gr_ceu': 6e-05, 'gr_chb': 0.00017, 'm_yri_ooa': 0.0, 'm_yri_ceu': 1e-05, 'm_yri_chb': 1e-05, 'm_ceu_chb': 1e-05} -67541.26349616388
x: {'t1': 2.09722, 't2': 2.4141, 't3': 95.15226, 'N_anc': 478.78884, 'N_yri': 387.08207, 'N_ooa': 904.92626, 'N_ceu': 306.48264, 'N_chb': 316.45077, 'gr_ceu': 6e-05, 'gr_chb': 0.00017, 'm_yri_ooa': 0.0, 'm_yri_ceu': 1e-05, 'm_yri_chb': 1e-05, 'm_ceu_chb': 1e-05} -67541.12330685522
x_down: {'t1': 2.09722, 't2': 2.4141, 't3': 95.15226, 'N_anc': 450.37968, 'N_yri': 387.08207, 'N_ooa': 904.92626, 'N_ceu': 306.48264, 'N_chb': 316.45077, 'gr_ceu': 6e-05, 'gr_chb': 0.00017, 'm_yri_ooa': 0.0, 'm_yri_ceu': 1e-05, 'm_yri_chb': 1e-05, 'm_ceu_chb': 1e-05} -67541.66574236545
 
 
x_up: {'t1': 2.09722, 't2': 2.4141, 't3': 95.15226, 'N_anc': 478.78884, 'N_yri': 401.43617, 'N_ooa': 904.92626, 'N_ceu': 306.48264, 'N_chb': 316.45077, 'gr_ceu': 6e-05, 'gr_chb': 0.00017, 'm_yri_ooa': 0.0, 'm_yri_ceu': 1e-05, 'm_yri_chb': 1e-05, 'm_ceu_chb': 1e-05} -67543.68386905128
x: {'t1': 2.09722, 't2': 2.4141, 't3': 95.15226, 'N_anc': 478.78884, 'N_yri': 387.08207, 'N_ooa': 904.92626, 'N_ceu': 306.48264, 'N_chb': 316.45077, 'gr_ceu': 6e-05, 'gr_chb': 0.00017, 'm_yri_ooa': 0.0, 'm_yri_ceu': 1e-05, 'm_yri_chb': 1e-05, 'm_ceu_chb': 1e-05} -67541.12330685522
x_down: {'t1': 2.09722, 't2': 2.4141, 't3': 95.15226, 'N_anc': 478.78884, 'N_yri': 372.72797, 'N_ooa': 904.92626, 'N_ceu': 306.48264, 'N_chb': 316.45077, 'gr_ceu': 6e-05, 'gr_chb': 0.00017, 'm_yri_ooa': 0.0, 'm_yri_ceu': 1e-05, 'm_yri_chb': 1e-05, 'm_ceu_chb': 1e-05} -67543.53865634392
 
 
x_up: {'t1': 2.09722, 't2': 2.4141, 't3': 95.15226, 'N_anc': 478.78884, 'N_yri': 387.08207, 'N_ooa': 945.17257, 'N_ceu': 306.48264, 'N_chb': 316.45077, 'gr_ceu': 6e-05, 'gr_chb': 0.00017, 'm_yri_ooa': 0.0, 'm_yri_ceu': 1e-05, 'm_yri_chb': 1e-05, 'm_ceu_chb': 1e-05} -67546.6514675601
x: {'t1': 2.09722, 't2': 2.4141, 't3': 95.15226, 'N_anc': 478.78884, 'N_yri': 387.08207, 'N_ooa': 904.92626, 'N_ceu': 306.48264, 'N_chb': 316.45077, 'gr_ceu': 6e-05, 'gr_chb': 0.00017, 'm_yri_ooa': 0.0, 'm_yri_ceu': 1e-05, 'm_yri_chb': 1e-05, 'm_ceu_chb': 1e-05} -67541.12330685522
x_down: {'t1': 2.09722, 't2': 2.4141, 't3': 95.15226, 'N_anc': 478.78884, 'N_yri': 387.08207, 'N_ooa': 864.67995, 'N_ceu': 306.48264, 'N_chb': 316.45077, 'gr_ceu': 6e-05, 'gr_chb': 0.00017, 'm_yri_ooa': 0.0, 'm_yri_ceu': 1e-05, 'm_yri_chb': 1e-05, 'm_ceu_chb': 1e-05} -67548.64219952987
 
 
x_up: {'t1': 2.09722, 't2': 2.4141, 't3': 95.15226, 'N_anc': 478.78884, 'N_yri': 387.08207, 'N_ooa': 904.92626, 'N_ceu': 316.80677, 'N_chb': 316.45077, 'gr_ceu': 6e-05, 'gr_chb': 0.00017, 'm_yri_ooa': 0.0, 'm_yri_ceu': 1e-05, 'm_yri_chb': 1e-05, 'm_ceu_chb': 1e-05} -67541.9660241893
x: {'t1': 2.09722, 't2': 2.4141, 't3': 95.15226, 'N_anc': 478.78884, 'N_yri': 387.08207, 'N_ooa': 904.92626, 'N_ceu': 306.48264, 'N_chb': 316.45077, 'gr_ceu': 6e-05, 'gr_chb': 0.00017, 'm_yri_ooa': 0.0, 'm_yri_ceu': 1e-05, 'm_yri_chb': 1e-05, 'm_ceu_chb': 1e-05} -67541.12330685522
x_down: {'t1': 2.09722, 't2': 2.4141, 't3': 95.15226, 'N_anc': 478.78884, 'N_yri': 387.08207, 'N_ooa': 904.92626, 'N_ceu': 296.15851, 'N_chb': 316.45077, 'gr_ceu': 6e-05, 'gr_chb': 0.00017, 'm_yri_ooa': 0.0, 'm_yri_ceu': 1e-05, 'm_yri_chb': 1e-05, 'm_ceu_chb': 1e-05} -67541.34646942241
 
 
x_up: {'t1': 2.09722, 't2': 2.4141, 't3': 95.15226, 'N_anc': 478.78884, 'N_yri': 387.08207, 'N_ooa': 904.92626, 'N_ceu': 306.48264, 'N_chb': 327.27331, 'gr_ceu': 6e-05, 'gr_chb': 0.00017, 'm_yri_ooa': 0.0, 'm_yri_ceu': 1e-05, 'm_yri_chb': 1e-05, 'm_ceu_chb': 1e-05} -67542.01334783038
x: {'t1': 2.09722, 't2': 2.4141, 't3': 95.15226, 'N_anc': 478.78884, 'N_yri': 387.08207, 'N_ooa': 904.92626, 'N_ceu': 306.48264, 'N_chb': 316.45077, 'gr_ceu': 6e-05, 'gr_chb': 0.00017, 'm_yri_ooa': 0.0, 'm_yri_ceu': 1e-05, 'm_yri_chb': 1e-05, 'm_ceu_chb': 1e-05} -67541.12330685522
x_down: {'t1': 2.09722, 't2': 2.4141, 't3': 95.15226, 'N_anc': 478.78884, 'N_yri': 387.08207, 'N_ooa': 904.92626, 'N_ceu': 306.48264, 'N_chb': 305.62823, 'gr_ceu': 6e-05, 'gr_chb': 0.00017, 'm_yri_ooa': 0.0, 'm_yri_ceu': 1e-05, 'm_yri_chb': 1e-05, 'm_ceu_chb': 1e-05} -67541.2471643854
 
 
x_up: {'t1': 2.09722, 't2': 2.4141, 't3': 95.15226, 'N_anc': 478.78884, 'N_yri': 387.08207, 'N_ooa': 904.92626, 'N_ceu': 306.48264, 'N_chb': 316.45077, 'gr_ceu': 9e-05, 'gr_chb': 0.00017, 'm_yri_ooa': 0.0, 'm_yri_ceu': 1e-05, 'm_yri_chb': 1e-05, 'm_ceu_chb': 1e-05} -67541.12569471177
x: {'t1': 2.09722, 't2': 2.4141, 't3': 95.15226, 'N_anc': 478.78884, 'N_yri': 387.08207, 'N_ooa': 904.92626, 'N_ceu': 306.48264, 'N_chb': 316.45077, 'gr_ceu': 6e-05, 'gr_chb': 0.00017, 'm_yri_ooa': 0.0, 'm_yri_ceu': 1e-05, 'm_yri_chb': 1e-05, 'm_ceu_chb': 1e-05} -67541.12330685522
x_down: {'t1': 2.09722, 't2': 2.4141, 't3': 95.15226, 'N_anc': 478.78884, 'N_yri': 387.08207, 'N_ooa': 904.92626, 'N_ceu': 306.48264, 'N_chb': 316.45077, 'gr_ceu': 3e-05, 'gr_chb': 0.00017, 'm_yri_ooa': 0.0, 'm_yri_ceu': 1e-05, 'm_yri_chb': 1e-05, 'm_ceu_chb': 1e-05} -67541.12092069552
 
 
x_up: {'t1': 2.09722, 't2': 2.4141, 't3': 95.15226, 'N_anc': 478.78884, 'N_yri': 387.08207, 'N_ooa': 904.92626, 'N_ceu': 306.48264, 'N_chb': 316.45077, 'gr_ceu': 3e-05, 'gr_chb': 0.00026, 'm_yri_ooa': 0.0, 'm_yri_ceu': 1e-05, 'm_yri_chb': 1e-05, 'm_ceu_chb': 1e-05} -67541.12741403999
x: {'t1': 2.09722, 't2': 2.4141, 't3': 95.15226, 'N_anc': 478.78884, 'N_yri': 387.08207, 'N_ooa': 904.92626, 'N_ceu': 306.48264, 'N_chb': 316.45077, 'gr_ceu': 3e-05, 'gr_chb': 0.00017, 'm_yri_ooa': 0.0, 'm_yri_ceu': 1e-05, 'm_yri_chb': 1e-05, 'm_ceu_chb': 1e-05} -67541.12092069552
x_down: {'t1': 2.09722, 't2': 2.4141, 't3': 95.15226, 'N_anc': 478.78884, 'N_yri': 387.08207, 'N_ooa': 904.92626, 'N_ceu': 306.48264, 'N_chb': 316.45077, 'gr_ceu': 3e-05, 'gr_chb': 9e-05, 'm_yri_ooa': 0.0, 'm_yri_ceu': 1e-05, 'm_yri_chb': 1e-05, 'm_ceu_chb': 1e-05} -67541.11515972906
 
 
x_up: {'t1': 2.09722, 't2': 2.4141, 't3': 95.15226, 'N_anc': 478.78884, 'N_yri': 387.08207, 'N_ooa': 904.92626, 'N_ceu': 306.48264, 'N_chb': 316.45077, 'gr_ceu': 3e-05, 'gr_chb': 9e-05, 'm_yri_ooa': 0.0, 'm_yri_ceu': 1e-05, 'm_yri_chb': 1e-05, 'm_ceu_chb': 1e-05} -67541.11515972906
x: {'t1': 2.09722, 't2': 2.4141, 't3': 95.15226, 'N_anc': 478.78884, 'N_yri': 387.08207, 'N_ooa': 904.92626, 'N_ceu': 306.48264, 'N_chb': 316.45077, 'gr_ceu': 3e-05, 'gr_chb': 9e-05, 'm_yri_ooa': 0.0, 'm_yri_ceu': 1e-05, 'm_yri_chb': 1e-05, 'm_ceu_chb': 1e-05} -67541.11515972906
x_down: {'t1': 2.09722, 't2': 2.4141, 't3': 95.15226, 'N_anc': 478.78884, 'N_yri': 387.08207, 'N_ooa': 904.92626, 'N_ceu': 306.48264, 'N_chb': 316.45077, 'gr_ceu': 3e-05, 'gr_chb': 9e-05, 'm_yri_ooa': 1e-05, 'm_yri_ceu': 1e-05, 'm_yri_chb': 1e-05, 'm_ceu_chb': 1e-05} -67541.12234920845
 
 
x_up: {'t1': 2.09722, 't2': 2.4141, 't3': 95.15226, 'N_anc': 478.78884, 'N_yri': 387.08207, 'N_ooa': 904.92626, 'N_ceu': 306.48264, 'N_chb': 316.45077, 'gr_ceu': 3e-05, 'gr_chb': 9e-05, 'm_yri_ooa': 0.0, 'm_yri_ceu': 0.0, 'm_yri_chb': 1e-05, 'm_ceu_chb': 1e-05} -67541.11515972966
x: {'t1': 2.09722, 't2': 2.4141, 't3': 95.15226, 'N_anc': 478.78884, 'N_yri': 387.08207, 'N_ooa': 904.92626, 'N_ceu': 306.48264, 'N_chb': 316.45077, 'gr_ceu': 3e-05, 'gr_chb': 9e-05, 'm_yri_ooa': 0.0, 'm_yri_ceu': 1e-05, 'm_yri_chb': 1e-05, 'm_ceu_chb': 1e-05} -67541.11515972906
x_down: {'t1': 2.09722, 't2': 2.4141, 't3': 95.15226, 'N_anc': 478.78884, 'N_yri': 387.08207, 'N_ooa': 904.92626, 'N_ceu': 306.48264, 'N_chb': 316.45077, 'gr_ceu': 3e-05, 'gr_chb': 9e-05, 'm_yri_ooa': 0.0, 'm_yri_ceu': 1e-05, 'm_yri_chb': 1e-05, 'm_ceu_chb': 1e-05} -67541.11515972906
 
 
x_up: {'t1': 2.09722, 't2': 2.4141, 't3': 95.15226, 'N_anc': 478.78884, 'N_yri': 387.08207, 'N_ooa': 904.92626, 'N_ceu': 306.48264, 'N_chb': 316.45077, 'gr_ceu': 3e-05, 'gr_chb': 9e-05, 'm_yri_ooa': 0.0, 'm_yri_ceu': 1e-05, 'm_yri_chb': 0.0, 'm_ceu_chb': 1e-05} -67541.11515972826
x: {'t1': 2.09722, 't2': 2.4141, 't3': 95.15226, 'N_anc': 478.78884, 'N_yri': 387.08207, 'N_ooa': 904.92626, 'N_ceu': 306.48264, 'N_chb': 316.45077, 'gr_ceu': 3e-05, 'gr_chb': 9e-05, 'm_yri_ooa': 0.0, 'm_yri_ceu': 1e-05, 'm_yri_chb': 1e-05, 'm_ceu_chb': 1e-05} -67541.11515972906
x_down: {'t1': 2.09722, 't2': 2.4141, 't3': 95.15226, 'N_anc': 478.78884, 'N_yri': 387.08207, 'N_ooa': 904.92626, 'N_ceu': 306.48264, 'N_chb': 316.45077, 'gr_ceu': 3e-05, 'gr_chb': 9e-05, 'm_yri_ooa': 0.0, 'm_yri_ceu': 1e-05, 'm_yri_chb': 1e-05, 'm_ceu_chb': 1e-05} -67541.11515972906
 
 
x_up: {'t1': 2.09722, 't2': 2.4141, 't3': 95.15226, 'N_anc': 478.78884, 'N_yri': 387.08207, 'N_ooa': 904.92626, 'N_ceu': 306.48264, 'N_chb': 316.45077, 'gr_ceu': 3e-05, 'gr_chb': 9e-05, 'm_yri_ooa': 0.0, 'm_yri_ceu': 1e-05, 'm_yri_chb': 0.0, 'm_ceu_chb': 0.0} -67541.11515972877
x: {'t1': 2.09722, 't2': 2.4141, 't3': 95.15226, 'N_anc': 478.78884, 'N_yri': 387.08207, 'N_ooa': 904.92626, 'N_ceu': 306.48264, 'N_chb': 316.45077, 'gr_ceu': 3e-05, 'gr_chb': 9e-05, 'm_yri_ooa': 0.0, 'm_yri_ceu': 1e-05, 'm_yri_chb': 0.0, 'm_ceu_chb': 1e-05} -67541.11515972826
x_down: {'t1': 2.09722, 't2': 2.4141, 't3': 95.15226, 'N_anc': 478.78884, 'N_yri': 387.08207, 'N_ooa': 904.92626, 'N_ceu': 306.48264, 'N_chb': 316.45077, 'gr_ceu': 3e-05, 'gr_chb': 9e-05, 'm_yri_ooa': 0.0, 'm_yri_ceu': 1e-05, 'm_yri_chb': 0.0, 'm_ceu_chb': 1e-05} -67541.11515972826
 
{'t1': 2.09722, 't2': 2.4141, 't3': 95.15226, 'N_anc': 478.78884, 'N_yri': 387.08207, 'N_ooa': 904.92626, 'N_ceu': 306.48264, 'N_chb': 316.45077, 'gr_ceu': 3e-05, 'gr_chb': 9e-05, 'm_yri_ooa': 0.0, 'm_yri_ceu': 1e-05, 'm_yri_chb': 0.0, 'm_ceu_chb': 1e-05} -67541.11515972826
 
x_up: {'t1': 2.11306, 't2': 2.4141, 't3': 95.15226, 'N_anc': 478.78884, 'N_yri': 387.08207, 'N_ooa': 904.92626, 'N_ceu': 306.48264, 'N_chb': 316.45077, 'gr_ceu': 3e-05, 'gr_chb': 9e-05, 'm_yri_ooa': 0.0, 'm_yri_ceu': 1e-05, 'm_yri_chb': 0.0, 'm_ceu_chb': 1e-05} -67546.69202872332
x: {'t1': 2.09722, 't2': 2.4141, 't3': 95.15226, 'N_anc': 478.78884, 'N_yri': 387.08207, 'N_ooa': 904.92626, 'N_ceu': 306.48264, 'N_chb': 316.45077, 'gr_ceu': 3e-05, 'gr_chb': 9e-05, 'm_yri_ooa': 0.0, 'm_yri_ceu': 1e-05, 'm_yri_chb': 0.0, 'm_ceu_chb': 1e-05} -67541.11515972826
x_down: {'t1': 2.08138, 't2': 2.4141, 't3': 95.15226, 'N_anc': 478.78884, 'N_yri': 387.08207, 'N_ooa': 904.92626, 'N_ceu': 306.48264, 'N_chb': 316.45077, 'gr_ceu': 3e-05, 'gr_chb': 9e-05, 'm_yri_ooa': 0.0, 'm_yri_ceu': 1e-05, 'm_yri_chb': 0.0, 'm_ceu_chb': 1e-05} -67549.0704502186
 
 
x_up: {'t1': 2.09722, 't2': 2.42994, 't3': 95.15226, 'N_anc': 478.78884, 'N_yri': 387.08207, 'N_ooa': 904.92626, 'N_ceu': 306.48264, 'N_chb': 316.45077, 'gr_ceu': 3e-05, 'gr_chb': 9e-05, 'm_yri_ooa': 0.0, 'm_yri_ceu': 1e-05, 'm_yri_chb': 0.0, 'm_ceu_chb': 1e-05} -67550.20449144627
x: {'t1': 2.09722, 't2': 2.4141, 't3': 95.15226, 'N_anc': 478.78884, 'N_yri': 387.08207, 'N_ooa': 904.92626, 'N_ceu': 306.48264, 'N_chb': 316.45077, 'gr_ceu': 3e-05, 'gr_chb': 9e-05, 'm_yri_ooa': 0.0, 'm_yri_ceu': 1e-05, 'm_yri_chb': 0.0, 'm_ceu_chb': 1e-05} -67541.11515972826
x_down: {'t1': 2.09722, 't2': 2.39826, 't3': 95.15226, 'N_anc': 478.78884, 'N_yri': 387.08207, 'N_ooa': 904.92626, 'N_ceu': 306.48264, 'N_chb': 316.45077, 'gr_ceu': 3e-05, 'gr_chb': 9e-05, 'm_yri_ooa': 0.0, 'm_yri_ceu': 1e-05, 'm_yri_chb': 0.0, 'm_ceu_chb': 1e-05} -67544.8400359978
 
 
x_up: {'t1': 2.09722, 't2': 2.4141, 't3': 99.78917, 'N_anc': 478.78884, 'N_yri': 387.08207, 'N_ooa': 904.92626, 'N_ceu': 306.48264, 'N_chb': 316.45077, 'gr_ceu': 3e-05, 'gr_chb': 9e-05, 'm_yri_ooa': 0.0, 'm_yri_ceu': 1e-05, 'm_yri_chb': 0.0, 'm_ceu_chb': 1e-05} -67543.42953002077
x: {'t1': 2.09722, 't2': 2.4141, 't3': 95.15226, 'N_anc': 478.78884, 'N_yri': 387.08207, 'N_ooa': 904.92626, 'N_ceu': 306.48264, 'N_chb': 316.45077, 'gr_ceu': 3e-05, 'gr_chb': 9e-05, 'm_yri_ooa': 0.0, 'm_yri_ceu': 1e-05, 'm_yri_chb': 0.0, 'm_ceu_chb': 1e-05} -67541.11515972826
x_down: {'t1': 2.09722, 't2': 2.4141, 't3': 90.51535, 'N_anc': 478.78884, 'N_yri': 387.08207, 'N_ooa': 904.92626, 'N_ceu': 306.48264, 'N_chb': 316.45077, 'gr_ceu': 3e-05, 'gr_chb': 9e-05, 'm_yri_ooa': 0.0, 'm_yri_ceu': 1e-05, 'm_yri_chb': 0.0, 'm_ceu_chb': 1e-05} -67546.69675004746
 
 
x_up: {'t1': 2.09722, 't2': 2.4141, 't3': 95.15226, 'N_anc': 497.72828, 'N_yri': 387.08207, 'N_ooa': 904.92626, 'N_ceu': 306.48264, 'N_chb': 316.45077, 'gr_ceu': 3e-05, 'gr_chb': 9e-05, 'm_yri_ooa': 0.0, 'm_yri_ceu': 1e-05, 'm_yri_chb': 0.0, 'm_ceu_chb': 1e-05} -67541.14226458273
x: {'t1': 2.09722, 't2': 2.4141, 't3': 95.15226, 'N_anc': 478.78884, 'N_yri': 387.08207, 'N_ooa': 904.92626, 'N_ceu': 306.48264, 'N_chb': 316.45077, 'gr_ceu': 3e-05, 'gr_chb': 9e-05, 'm_yri_ooa': 0.0, 'm_yri_ceu': 1e-05, 'm_yri_chb': 0.0, 'm_ceu_chb': 1e-05} -67541.11515972826
x_down: {'t1': 2.09722, 't2': 2.4141, 't3': 95.15226, 'N_anc': 459.8494, 'N_yri': 387.08207, 'N_ooa': 904.92626, 'N_ceu': 306.48264, 'N_chb': 316.45077, 'gr_ceu': 3e-05, 'gr_chb': 9e-05, 'm_yri_ooa': 0.0, 'm_yri_ceu': 1e-05, 'm_yri_chb': 0.0, 'm_ceu_chb': 1e-05} -67541.39056224219
 
 
x_up: {'t1': 2.09722, 't2': 2.4141, 't3': 95.15226, 'N_anc': 478.78884, 'N_yri': 401.43617, 'N_ooa': 904.92626, 'N_ceu': 306.48264, 'N_chb': 316.45077, 'gr_ceu': 3e-05, 'gr_chb': 9e-05, 'm_yri_ooa': 0.0, 'm_yri_ceu': 1e-05, 'm_yri_chb': 0.0, 'm_ceu_chb': 1e-05} -67543.6739861365
x: {'t1': 2.09722, 't2': 2.4141, 't3': 95.15226, 'N_anc': 478.78884, 'N_yri': 387.08207, 'N_ooa': 904.92626, 'N_ceu': 306.48264, 'N_chb': 316.45077, 'gr_ceu': 3e-05, 'gr_chb': 9e-05, 'm_yri_ooa': 0.0, 'm_yri_ceu': 1e-05, 'm_yri_chb': 0.0, 'm_ceu_chb': 1e-05} -67541.11515972826
x_down: {'t1': 2.09722, 't2': 2.4141, 't3': 95.15226, 'N_anc': 478.78884, 'N_yri': 372.72797, 'N_ooa': 904.92626, 'N_ceu': 306.48264, 'N_chb': 316.45077, 'gr_ceu': 3e-05, 'gr_chb': 9e-05, 'm_yri_ooa': 0.0, 'm_yri_ceu': 1e-05, 'm_yri_chb': 0.0, 'm_ceu_chb': 1e-05} -67543.53496216098
 
 
x_up: {'t1': 2.09722, 't2': 2.4141, 't3': 95.15226, 'N_anc': 478.78884, 'N_yri': 387.08207, 'N_ooa': 945.17257, 'N_ceu': 306.48264, 'N_chb': 316.45077, 'gr_ceu': 3e-05, 'gr_chb': 9e-05, 'm_yri_ooa': 0.0, 'm_yri_ceu': 1e-05, 'm_yri_chb': 0.0, 'm_ceu_chb': 1e-05} -67546.64360461223
x: {'t1': 2.09722, 't2': 2.4141, 't3': 95.15226, 'N_anc': 478.78884, 'N_yri': 387.08207, 'N_ooa': 904.92626, 'N_ceu': 306.48264, 'N_chb': 316.45077, 'gr_ceu': 3e-05, 'gr_chb': 9e-05, 'm_yri_ooa': 0.0, 'm_yri_ceu': 1e-05, 'm_yri_chb': 0.0, 'm_ceu_chb': 1e-05} -67541.11515972826
x_down: {'t1': 2.09722, 't2': 2.4141, 't3': 95.15226, 'N_anc': 478.78884, 'N_yri': 387.08207, 'N_ooa': 864.67995, 'N_ceu': 306.48264, 'N_chb': 316.45077, 'gr_ceu': 3e-05, 'gr_chb': 9e-05, 'm_yri_ooa': 0.0, 'm_yri_ceu': 1e-05, 'm_yri_chb': 0.0, 'm_ceu_chb': 1e-05} -67548.63369911321
 
 
x_up: {'t1': 2.09722, 't2': 2.4141, 't3': 95.15226, 'N_anc': 478.78884, 'N_yri': 387.08207, 'N_ooa': 904.92626, 'N_ceu': 316.80677, 'N_chb': 316.45077, 'gr_ceu': 3e-05, 'gr_chb': 9e-05, 'm_yri_ooa': 0.0, 'm_yri_ceu': 1e-05, 'm_yri_chb': 0.0, 'm_ceu_chb': 1e-05} -67541.95500905704
x: {'t1': 2.09722, 't2': 2.4141, 't3': 95.15226, 'N_anc': 478.78884, 'N_yri': 387.08207, 'N_ooa': 904.92626, 'N_ceu': 306.48264, 'N_chb': 316.45077, 'gr_ceu': 3e-05, 'gr_chb': 9e-05, 'm_yri_ooa': 0.0, 'm_yri_ceu': 1e-05, 'm_yri_chb': 0.0, 'm_ceu_chb': 1e-05} -67541.11515972826
x_down: {'t1': 2.09722, 't2': 2.4141, 't3': 95.15226, 'N_anc': 478.78884, 'N_yri': 387.08207, 'N_ooa': 904.92626, 'N_ceu': 296.15851, 'N_chb': 316.45077, 'gr_ceu': 3e-05, 'gr_chb': 9e-05, 'm_yri_ooa': 0.0, 'm_yri_ceu': 1e-05, 'm_yri_chb': 0.0, 'm_ceu_chb': 1e-05} -67541.3413927541
 
 
x_up: {'t1': 2.09722, 't2': 2.4141, 't3': 95.15226, 'N_anc': 478.78884, 'N_yri': 387.08207, 'N_ooa': 904.92626, 'N_ceu': 306.48264, 'N_chb': 327.27331, 'gr_ceu': 3e-05, 'gr_chb': 9e-05, 'm_yri_ooa': 0.0, 'm_yri_ceu': 1e-05, 'm_yri_chb': 0.0, 'm_ceu_chb': 1e-05} -67542.00168302881
x: {'t1': 2.09722, 't2': 2.4141, 't3': 95.15226, 'N_anc': 478.78884, 'N_yri': 387.08207, 'N_ooa': 904.92626, 'N_ceu': 306.48264, 'N_chb': 316.45077, 'gr_ceu': 3e-05, 'gr_chb': 9e-05, 'm_yri_ooa': 0.0, 'm_yri_ceu': 1e-05, 'm_yri_chb': 0.0, 'm_ceu_chb': 1e-05} -67541.11515972826
x_down: {'t1': 2.09722, 't2': 2.4141, 't3': 95.15226, 'N_anc': 478.78884, 'N_yri': 387.08207, 'N_ooa': 904.92626, 'N_ceu': 306.48264, 'N_chb': 305.62823, 'gr_ceu': 3e-05, 'gr_chb': 9e-05, 'm_yri_ooa': 0.0, 'm_yri_ceu': 1e-05, 'm_yri_chb': 0.0, 'm_ceu_chb': 1e-05} -67541.24283243326
 
 
x_up: {'t1': 2.09722, 't2': 2.4141, 't3': 95.15226, 'N_anc': 478.78884, 'N_yri': 387.08207, 'N_ooa': 904.92626, 'N_ceu': 306.48264, 'N_chb': 316.45077, 'gr_ceu': 5e-05, 'gr_chb': 9e-05, 'm_yri_ooa': 0.0, 'm_yri_ceu': 1e-05, 'm_yri_chb': 0.0, 'm_ceu_chb': 1e-05} -67541.11674862738
x: {'t1': 2.09722, 't2': 2.4141, 't3': 95.15226, 'N_anc': 478.78884, 'N_yri': 387.08207, 'N_ooa': 904.92626, 'N_ceu': 306.48264, 'N_chb': 316.45077, 'gr_ceu': 3e-05, 'gr_chb': 9e-05, 'm_yri_ooa': 0.0, 'm_yri_ceu': 1e-05, 'm_yri_chb': 0.0, 'm_ceu_chb': 1e-05} -67541.11515972826
x_down: {'t1': 2.09722, 't2': 2.4141, 't3': 95.15226, 'N_anc': 478.78884, 'N_yri': 387.08207, 'N_ooa': 904.92626, 'N_ceu': 306.48264, 'N_chb': 316.45077, 'gr_ceu': 2e-05, 'gr_chb': 9e-05, 'm_yri_ooa': 0.0, 'm_yri_ceu': 1e-05, 'm_yri_chb': 0.0, 'm_ceu_chb': 1e-05} -67541.11436555901
 
 
x_up: {'t1': 2.09722, 't2': 2.4141, 't3': 95.15226, 'N_anc': 478.78884, 'N_yri': 387.08207, 'N_ooa': 904.92626, 'N_ceu': 306.48264, 'N_chb': 316.45077, 'gr_ceu': 2e-05, 'gr_chb': 0.00014, 'm_yri_ooa': 0.0, 'm_yri_ceu': 1e-05, 'm_yri_chb': 0.0, 'm_ceu_chb': 1e-05} -67541.11796443936
x: {'t1': 2.09722, 't2': 2.4141, 't3': 95.15226, 'N_anc': 478.78884, 'N_yri': 387.08207, 'N_ooa': 904.92626, 'N_ceu': 306.48264, 'N_chb': 316.45077, 'gr_ceu': 2e-05, 'gr_chb': 9e-05, 'm_yri_ooa': 0.0, 'm_yri_ceu': 1e-05, 'm_yri_chb': 0.0, 'm_ceu_chb': 1e-05} -67541.11436555901
x_down: {'t1': 2.09722, 't2': 2.4141, 't3': 95.15226, 'N_anc': 478.78884, 'N_yri': 387.08207, 'N_ooa': 904.92626, 'N_ceu': 306.48264, 'N_chb': 316.45077, 'gr_ceu': 2e-05, 'gr_chb': 5e-05, 'm_yri_ooa': 0.0, 'm_yri_ceu': 1e-05, 'm_yri_chb': 0.0, 'm_ceu_chb': 1e-05} -67541.1114893208
 
 
x_up: {'t1': 2.09722, 't2': 2.4141, 't3': 95.15226, 'N_anc': 478.78884, 'N_yri': 387.08207, 'N_ooa': 904.92626, 'N_ceu': 306.48264, 'N_chb': 316.45077, 'gr_ceu': 2e-05, 'gr_chb': 5e-05, 'm_yri_ooa': 0.0, 'm_yri_ceu': 1e-05, 'm_yri_chb': 0.0, 'm_ceu_chb': 1e-05} -67541.1114893208
x: {'t1': 2.09722, 't2': 2.4141, 't3': 95.15226, 'N_anc': 478.78884, 'N_yri': 387.08207, 'N_ooa': 904.92626, 'N_ceu': 306.48264, 'N_chb': 316.45077, 'gr_ceu': 2e-05, 'gr_chb': 5e-05, 'm_yri_ooa': 0.0, 'm_yri_ceu': 1e-05, 'm_yri_chb': 0.0, 'm_ceu_chb': 1e-05} -67541.1114893208
x_down: {'t1': 2.09722, 't2': 2.4141, 't3': 95.15226, 'N_anc': 478.78884, 'N_yri': 387.08207, 'N_ooa': 904.92626, 'N_ceu': 306.48264, 'N_chb': 316.45077, 'gr_ceu': 2e-05, 'gr_chb': 5e-05, 'm_yri_ooa': 1e-05, 'm_yri_ceu': 1e-05, 'm_yri_chb': 0.0, 'm_ceu_chb': 1e-05} -67541.11863159742
 
 
x_up: {'t1': 2.09722, 't2': 2.4141, 't3': 95.15226, 'N_anc': 478.78884, 'N_yri': 387.08207, 'N_ooa': 904.92626, 'N_ceu': 306.48264, 'N_chb': 316.45077, 'gr_ceu': 2e-05, 'gr_chb': 5e-05, 'm_yri_ooa': 0.0, 'm_yri_ceu': 0.0, 'm_yri_chb': 0.0, 'm_ceu_chb': 1e-05} -67541.11148932086
x: {'t1': 2.09722, 't2': 2.4141, 't3': 95.15226, 'N_anc': 478.78884, 'N_yri': 387.08207, 'N_ooa': 904.92626, 'N_ceu': 306.48264, 'N_chb': 316.45077, 'gr_ceu': 2e-05, 'gr_chb': 5e-05, 'm_yri_ooa': 0.0, 'm_yri_ceu': 1e-05, 'm_yri_chb': 0.0, 'm_ceu_chb': 1e-05} -67541.1114893208
x_down: {'t1': 2.09722, 't2': 2.4141, 't3': 95.15226, 'N_anc': 478.78884, 'N_yri': 387.08207, 'N_ooa': 904.92626, 'N_ceu': 306.48264, 'N_chb': 316.45077, 'gr_ceu': 2e-05, 'gr_chb': 5e-05, 'm_yri_ooa': 0.0, 'm_yri_ceu': 1e-05, 'm_yri_chb': 0.0, 'm_ceu_chb': 1e-05} -67541.1114893208
 
 
x_up: {'t1': 2.09722, 't2': 2.4141, 't3': 95.15226, 'N_anc': 478.78884, 'N_yri': 387.08207, 'N_ooa': 904.92626, 'N_ceu': 306.48264, 'N_chb': 316.45077, 'gr_ceu': 2e-05, 'gr_chb': 5e-05, 'm_yri_ooa': 0.0, 'm_yri_ceu': 1e-05, 'm_yri_chb': 0.0, 'm_ceu_chb': 1e-05} -67541.1114893208
x: {'t1': 2.09722, 't2': 2.4141, 't3': 95.15226, 'N_anc': 478.78884, 'N_yri': 387.08207, 'N_ooa': 904.92626, 'N_ceu': 306.48264, 'N_chb': 316.45077, 'gr_ceu': 2e-05, 'gr_chb': 5e-05, 'm_yri_ooa': 0.0, 'm_yri_ceu': 1e-05, 'm_yri_chb': 0.0, 'm_ceu_chb': 1e-05} -67541.1114893208
x_down: {'t1': 2.09722, 't2': 2.4141, 't3': 95.15226, 'N_anc': 478.78884, 'N_yri': 387.08207, 'N_ooa': 904.92626, 'N_ceu': 306.48264, 'N_chb': 316.45077, 'gr_ceu': 2e-05, 'gr_chb': 5e-05, 'm_yri_ooa': 0.0, 'm_yri_ceu': 1e-05, 'm_yri_chb': 1e-05, 'm_ceu_chb': 1e-05} -67541.11148932163
 
 
x_up: {'t1': 2.09722, 't2': 2.4141, 't3': 95.15226, 'N_anc': 478.78884, 'N_yri': 387.08207, 'N_ooa': 904.92626, 'N_ceu': 306.48264, 'N_chb': 316.45077, 'gr_ceu': 2e-05, 'gr_chb': 5e-05, 'm_yri_ooa': 0.0, 'm_yri_ceu': 1e-05, 'm_yri_chb': 0.0, 'm_ceu_chb': 0.0} -67541.11148932147
x: {'t1': 2.09722, 't2': 2.4141, 't3': 95.15226, 'N_anc': 478.78884, 'N_yri': 387.08207, 'N_ooa': 904.92626, 'N_ceu': 306.48264, 'N_chb': 316.45077, 'gr_ceu': 2e-05, 'gr_chb': 5e-05, 'm_yri_ooa': 0.0, 'm_yri_ceu': 1e-05, 'm_yri_chb': 0.0, 'm_ceu_chb': 1e-05} -67541.1114893208
x_down: {'t1': 2.09722, 't2': 2.4141, 't3': 95.15226, 'N_anc': 478.78884, 'N_yri': 387.08207, 'N_ooa': 904.92626, 'N_ceu': 306.48264, 'N_chb': 316.45077, 'gr_ceu': 2e-05, 'gr_chb': 5e-05, 'm_yri_ooa': 0.0, 'm_yri_ceu': 1e-05, 'm_yri_chb': 0.0, 'm_ceu_chb': 1e-05} -67541.1114893208
 
{'t1': 2.09722, 't2': 2.4141, 't3': 95.15226, 'N_anc': 478.78884, 'N_yri': 387.08207, 'N_ooa': 904.92626, 'N_ceu': 306.48264, 'N_chb': 316.45077, 'gr_ceu': 2e-05, 'gr_chb': 5e-05, 'm_yri_ooa': 0.0, 'm_yri_ceu': 1e-05, 'm_yri_chb': 0.0, 'm_ceu_chb': 1e-05} -67541.1114893208
 
x_up: {'t1': 2.11306, 't2': 2.4141, 't3': 95.15226, 'N_anc': 478.78884, 'N_yri': 387.08207, 'N_ooa': 904.92626, 'N_ceu': 306.48264, 'N_chb': 316.45077, 'gr_ceu': 2e-05, 'gr_chb': 5e-05, 'm_yri_ooa': 0.0, 'm_yri_ceu': 1e-05, 'm_yri_chb': 0.0, 'm_ceu_chb': 1e-05} -67546.68852676246
x: {'t1': 2.09722, 't2': 2.4141, 't3': 95.15226, 'N_anc': 478.78884, 'N_yri': 387.08207, 'N_ooa': 904.92626, 'N_ceu': 306.48264, 'N_chb': 316.45077, 'gr_ceu': 2e-05, 'gr_chb': 5e-05, 'm_yri_ooa': 0.0, 'm_yri_ceu': 1e-05, 'm_yri_chb': 0.0, 'm_ceu_chb': 1e-05} -67541.1114893208
x_down: {'t1': 2.08138, 't2': 2.4141, 't3': 95.15226, 'N_anc': 478.78884, 'N_yri': 387.08207, 'N_ooa': 904.92626, 'N_ceu': 306.48264, 'N_chb': 316.45077, 'gr_ceu': 2e-05, 'gr_chb': 5e-05, 'm_yri_ooa': 0.0, 'm_yri_ceu': 1e-05, 'm_yri_chb': 0.0, 'm_ceu_chb': 1e-05} -67549.06684400848
 
 
x_up: {'t1': 2.09722, 't2': 2.42994, 't3': 95.15226, 'N_anc': 478.78884, 'N_yri': 387.08207, 'N_ooa': 904.92626, 'N_ceu': 306.48264, 'N_chb': 316.45077, 'gr_ceu': 2e-05, 'gr_chb': 5e-05, 'm_yri_ooa': 0.0, 'm_yri_ceu': 1e-05, 'm_yri_chb': 0.0, 'm_ceu_chb': 1e-05} -67550.20241953379
x: {'t1': 2.09722, 't2': 2.4141, 't3': 95.15226, 'N_anc': 478.78884, 'N_yri': 387.08207, 'N_ooa': 904.92626, 'N_ceu': 306.48264, 'N_chb': 316.45077, 'gr_ceu': 2e-05, 'gr_chb': 5e-05, 'm_yri_ooa': 0.0, 'm_yri_ceu': 1e-05, 'm_yri_chb': 0.0, 'm_ceu_chb': 1e-05} -67541.1114893208
x_down: {'t1': 2.09722, 't2': 2.39826, 't3': 95.15226, 'N_anc': 478.78884, 'N_yri': 387.08207, 'N_ooa': 904.92626, 'N_ceu': 306.48264, 'N_chb': 316.45077, 'gr_ceu': 2e-05, 'gr_chb': 5e-05, 'm_yri_ooa': 0.0, 'm_yri_ceu': 1e-05, 'm_yri_chb': 0.0, 'm_ceu_chb': 1e-05} -67544.83552635861
 
 
x_up: {'t1': 2.09722, 't2': 2.4141, 't3': 99.78917, 'N_anc': 478.78884, 'N_yri': 387.08207, 'N_ooa': 904.92626, 'N_ceu': 306.48264, 'N_chb': 316.45077, 'gr_ceu': 2e-05, 'gr_chb': 5e-05, 'm_yri_ooa': 0.0, 'm_yri_ceu': 1e-05, 'm_yri_chb': 0.0, 'm_ceu_chb': 1e-05} -67543.42585961333
x: {'t1': 2.09722, 't2': 2.4141, 't3': 95.15226, 'N_anc': 478.78884, 'N_yri': 387.08207, 'N_ooa': 904.92626, 'N_ceu': 306.48264, 'N_chb': 316.45077, 'gr_ceu': 2e-05, 'gr_chb': 5e-05, 'm_yri_ooa': 0.0, 'm_yri_ceu': 1e-05, 'm_yri_chb': 0.0, 'm_ceu_chb': 1e-05} -67541.1114893208
x_down: {'t1': 2.09722, 't2': 2.4141, 't3': 90.51535, 'N_anc': 478.78884, 'N_yri': 387.08207, 'N_ooa': 904.92626, 'N_ceu': 306.48264, 'N_chb': 316.45077, 'gr_ceu': 2e-05, 'gr_chb': 5e-05, 'm_yri_ooa': 0.0, 'm_yri_ceu': 1e-05, 'm_yri_chb': 0.0, 'm_ceu_chb': 1e-05} -67546.69307964001
 
 
x_up: {'t1': 2.09722, 't2': 2.4141, 't3': 95.15226, 'N_anc': 497.72828, 'N_yri': 387.08207, 'N_ooa': 904.92626, 'N_ceu': 306.48264, 'N_chb': 316.45077, 'gr_ceu': 2e-05, 'gr_chb': 5e-05, 'm_yri_ooa': 0.0, 'm_yri_ceu': 1e-05, 'm_yri_chb': 0.0, 'm_ceu_chb': 1e-05} -67541.13859417527
x: {'t1': 2.09722, 't2': 2.4141, 't3': 95.15226, 'N_anc': 478.78884, 'N_yri': 387.08207, 'N_ooa': 904.92626, 'N_ceu': 306.48264, 'N_chb': 316.45077, 'gr_ceu': 2e-05, 'gr_chb': 5e-05, 'm_yri_ooa': 0.0, 'm_yri_ceu': 1e-05, 'm_yri_chb': 0.0, 'm_ceu_chb': 1e-05} -67541.1114893208
x_down: {'t1': 2.09722, 't2': 2.4141, 't3': 95.15226, 'N_anc': 459.8494, 'N_yri': 387.08207, 'N_ooa': 904.92626, 'N_ceu': 306.48264, 'N_chb': 316.45077, 'gr_ceu': 2e-05, 'gr_chb': 5e-05, 'm_yri_ooa': 0.0, 'm_yri_ceu': 1e-05, 'm_yri_chb': 0.0, 'm_ceu_chb': 1e-05} -67541.38689183474
 
 
x_up: {'t1': 2.09722, 't2': 2.4141, 't3': 95.15226, 'N_anc': 478.78884, 'N_yri': 401.43617, 'N_ooa': 904.92626, 'N_ceu': 306.48264, 'N_chb': 316.45077, 'gr_ceu': 2e-05, 'gr_chb': 5e-05, 'm_yri_ooa': 0.0, 'm_yri_ceu': 1e-05, 'm_yri_chb': 0.0, 'm_ceu_chb': 1e-05} -67543.66939243233
x: {'t1': 2.09722, 't2': 2.4141, 't3': 95.15226, 'N_anc': 478.78884, 'N_yri': 387.08207, 'N_ooa': 904.92626, 'N_ceu': 306.48264, 'N_chb': 316.45077, 'gr_ceu': 2e-05, 'gr_chb': 5e-05, 'm_yri_ooa': 0.0, 'm_yri_ceu': 1e-05, 'm_yri_chb': 0.0, 'm_ceu_chb': 1e-05} -67541.1114893208
x_down: {'t1': 2.09722, 't2': 2.4141, 't3': 95.15226, 'N_anc': 478.78884, 'N_yri': 372.72797, 'N_ooa': 904.92626, 'N_ceu': 306.48264, 'N_chb': 316.45077, 'gr_ceu': 2e-05, 'gr_chb': 5e-05, 'm_yri_ooa': 0.0, 'm_yri_ceu': 1e-05, 'm_yri_chb': 0.0, 'm_ceu_chb': 1e-05} -67543.53341398787
 
 
x_up: {'t1': 2.09722, 't2': 2.4141, 't3': 95.15226, 'N_anc': 478.78884, 'N_yri': 387.08207, 'N_ooa': 945.17257, 'N_ceu': 306.48264, 'N_chb': 316.45077, 'gr_ceu': 2e-05, 'gr_chb': 5e-05, 'm_yri_ooa': 0.0, 'm_yri_ceu': 1e-05, 'm_yri_chb': 0.0, 'm_ceu_chb': 1e-05} -67546.63989735604
x: {'t1': 2.09722, 't2': 2.4141, 't3': 95.15226, 'N_anc': 478.78884, 'N_yri': 387.08207, 'N_ooa': 904.92626, 'N_ceu': 306.48264, 'N_chb': 316.45077, 'gr_ceu': 2e-05, 'gr_chb': 5e-05, 'm_yri_ooa': 0.0, 'm_yri_ceu': 1e-05, 'm_yri_chb': 0.0, 'm_ceu_chb': 1e-05} -67541.1114893208
x_down: {'t1': 2.09722, 't2': 2.4141, 't3': 95.15226, 'N_anc': 478.78884, 'N_yri': 387.08207, 'N_ooa': 864.67995, 'N_ceu': 306.48264, 'N_chb': 316.45077, 'gr_ceu': 2e-05, 'gr_chb': 5e-05, 'm_yri_ooa': 0.0, 'm_yri_ceu': 1e-05, 'm_yri_chb': 0.0, 'm_ceu_chb': 1e-05} -67548.62987185907
 
 
x_up: {'t1': 2.09722, 't2': 2.4141, 't3': 95.15226, 'N_anc': 478.78884, 'N_yri': 387.08207, 'N_ooa': 904.92626, 'N_ceu': 316.80677, 'N_chb': 316.45077, 'gr_ceu': 2e-05, 'gr_chb': 5e-05, 'm_yri_ooa': 0.0, 'm_yri_ceu': 1e-05, 'm_yri_chb': 0.0, 'm_ceu_chb': 1e-05} -67541.95010620094
x: {'t1': 2.09722, 't2': 2.4141, 't3': 95.15226, 'N_anc': 478.78884, 'N_yri': 387.08207, 'N_ooa': 904.92626, 'N_ceu': 306.48264, 'N_chb': 316.45077, 'gr_ceu': 2e-05, 'gr_chb': 5e-05, 'm_yri_ooa': 0.0, 'm_yri_ceu': 1e-05, 'm_yri_chb': 0.0, 'm_ceu_chb': 1e-05} -67541.1114893208
x_down: {'t1': 2.09722, 't2': 2.4141, 't3': 95.15226, 'N_anc': 478.78884, 'N_yri': 387.08207, 'N_ooa': 904.92626, 'N_ceu': 296.15851, 'N_chb': 316.45077, 'gr_ceu': 2e-05, 'gr_chb': 5e-05, 'm_yri_ooa': 0.0, 'm_yri_ceu': 1e-05, 'm_yri_chb': 0.0, 'm_ceu_chb': 1e-05} -67541.33904188234
 
 
x_up: {'t1': 2.09722, 't2': 2.4141, 't3': 95.15226, 'N_anc': 478.78884, 'N_yri': 387.08207, 'N_ooa': 904.92626, 'N_ceu': 306.48264, 'N_chb': 327.27331, 'gr_ceu': 2e-05, 'gr_chb': 5e-05, 'm_yri_ooa': 0.0, 'm_yri_ceu': 1e-05, 'm_yri_chb': 0.0, 'm_ceu_chb': 1e-05} -67541.99635512724
x: {'t1': 2.09722, 't2': 2.4141, 't3': 95.15226, 'N_anc': 478.78884, 'N_yri': 387.08207, 'N_ooa': 904.92626, 'N_ceu': 306.48264, 'N_chb': 316.45077, 'gr_ceu': 2e-05, 'gr_chb': 5e-05, 'm_yri_ooa': 0.0, 'm_yri_ceu': 1e-05, 'm_yri_chb': 0.0, 'm_ceu_chb': 1e-05} -67541.1114893208
x_down: {'t1': 2.09722, 't2': 2.4141, 't3': 95.15226, 'N_anc': 478.78884, 'N_yri': 387.08207, 'N_ooa': 904.92626, 'N_ceu': 306.48264, 'N_chb': 305.62823, 'gr_ceu': 2e-05, 'gr_chb': 5e-05, 'm_yri_ooa': 0.0, 'm_yri_ceu': 1e-05, 'm_yri_chb': 0.0, 'm_ceu_chb': 1e-05} -67541.24095201647
 
 
x_up: {'t1': 2.09722, 't2': 2.4141, 't3': 95.15226, 'N_anc': 478.78884, 'N_yri': 387.08207, 'N_ooa': 904.92626, 'N_ceu': 306.48264, 'N_chb': 316.45077, 'gr_ceu': 3e-05, 'gr_chb': 5e-05, 'm_yri_ooa': 0.0, 'm_yri_ceu': 1e-05, 'm_yri_chb': 0.0, 'm_ceu_chb': 1e-05} -67541.11228307105
x: {'t1': 2.09722, 't2': 2.4141, 't3': 95.15226, 'N_anc': 478.78884, 'N_yri': 387.08207, 'N_ooa': 904.92626, 'N_ceu': 306.48264, 'N_chb': 316.45077, 'gr_ceu': 2e-05, 'gr_chb': 5e-05, 'm_yri_ooa': 0.0, 'm_yri_ceu': 1e-05, 'm_yri_chb': 0.0, 'm_ceu_chb': 1e-05} -67541.1114893208
x_down: {'t1': 2.09722, 't2': 2.4141, 't3': 95.15226, 'N_anc': 478.78884, 'N_yri': 387.08207, 'N_ooa': 904.92626, 'N_ceu': 306.48264, 'N_chb': 316.45077, 'gr_ceu': 1e-05, 'gr_chb': 5e-05, 'm_yri_ooa': 0.0, 'm_yri_ceu': 1e-05, 'm_yri_chb': 0.0, 'm_ceu_chb': 1e-05} -67541.11069575501
 
 
x_up: {'t1': 2.09722, 't2': 2.4141, 't3': 95.15226, 'N_anc': 478.78884, 'N_yri': 387.08207, 'N_ooa': 904.92626, 'N_ceu': 306.48264, 'N_chb': 316.45077, 'gr_ceu': 1e-05, 'gr_chb': 8e-05, 'm_yri_ooa': 0.0, 'm_yri_ceu': 1e-05, 'm_yri_chb': 0.0, 'm_ceu_chb': 1e-05} -67541.11285238148
x: {'t1': 2.09722, 't2': 2.4141, 't3': 95.15226, 'N_anc': 478.78884, 'N_yri': 387.08207, 'N_ooa': 904.92626, 'N_ceu': 306.48264, 'N_chb': 316.45077, 'gr_ceu': 1e-05, 'gr_chb': 5e-05, 'm_yri_ooa': 0.0, 'm_yri_ceu': 1e-05, 'm_yri_chb': 0.0, 'm_ceu_chb': 1e-05} -67541.11069575501
x_down: {'t1': 2.09722, 't2': 2.4141, 't3': 95.15226, 'N_anc': 478.78884, 'N_yri': 387.08207, 'N_ooa': 904.92626, 'N_ceu': 306.48264, 'N_chb': 316.45077, 'gr_ceu': 1e-05, 'gr_chb': 3e-05, 'm_yri_ooa': 0.0, 'm_yri_ceu': 1e-05, 'm_yri_chb': 0.0, 'm_ceu_chb': 1e-05} -67541.1092588201
 
 
x_up: {'t1': 2.09722, 't2': 2.4141, 't3': 95.15226, 'N_anc': 478.78884, 'N_yri': 387.08207, 'N_ooa': 904.92626, 'N_ceu': 306.48264, 'N_chb': 316.45077, 'gr_ceu': 1e-05, 'gr_chb': 3e-05, 'm_yri_ooa': 0.0, 'm_yri_ceu': 1e-05, 'm_yri_chb': 0.0, 'm_ceu_chb': 1e-05} -67541.1092588201
x: {'t1': 2.09722, 't2': 2.4141, 't3': 95.15226, 'N_anc': 478.78884, 'N_yri': 387.08207, 'N_ooa': 904.92626, 'N_ceu': 306.48264, 'N_chb': 316.45077, 'gr_ceu': 1e-05, 'gr_chb': 3e-05, 'm_yri_ooa': 0.0, 'm_yri_ceu': 1e-05, 'm_yri_chb': 0.0, 'm_ceu_chb': 1e-05} -67541.1092588201
x_down: {'t1': 2.09722, 't2': 2.4141, 't3': 95.15226, 'N_anc': 478.78884, 'N_yri': 387.08207, 'N_ooa': 904.92626, 'N_ceu': 306.48264, 'N_chb': 316.45077, 'gr_ceu': 1e-05, 'gr_chb': 3e-05, 'm_yri_ooa': 1e-05, 'm_yri_ceu': 1e-05, 'm_yri_chb': 0.0, 'm_ceu_chb': 1e-05} -67541.11638974743
 
 
x_up: {'t1': 2.09722, 't2': 2.4141, 't3': 95.15226, 'N_anc': 478.78884, 'N_yri': 387.08207, 'N_ooa': 904.92626, 'N_ceu': 306.48264, 'N_chb': 316.45077, 'gr_ceu': 1e-05, 'gr_chb': 3e-05, 'm_yri_ooa': 0.0, 'm_yri_ceu': 0.0, 'm_yri_chb': 0.0, 'm_ceu_chb': 1e-05} -67541.10925881933
x: {'t1': 2.09722, 't2': 2.4141, 't3': 95.15226, 'N_anc': 478.78884, 'N_yri': 387.08207, 'N_ooa': 904.92626, 'N_ceu': 306.48264, 'N_chb': 316.45077, 'gr_ceu': 1e-05, 'gr_chb': 3e-05, 'm_yri_ooa': 0.0, 'm_yri_ceu': 1e-05, 'm_yri_chb': 0.0, 'm_ceu_chb': 1e-05} -67541.1092588201
x_down: {'t1': 2.09722, 't2': 2.4141, 't3': 95.15226, 'N_anc': 478.78884, 'N_yri': 387.08207, 'N_ooa': 904.92626, 'N_ceu': 306.48264, 'N_chb': 316.45077, 'gr_ceu': 1e-05, 'gr_chb': 3e-05, 'm_yri_ooa': 0.0, 'm_yri_ceu': 1e-05, 'm_yri_chb': 0.0, 'm_ceu_chb': 1e-05} -67541.1092588201
 
 
x_up: {'t1': 2.09722, 't2': 2.4141, 't3': 95.15226, 'N_anc': 478.78884, 'N_yri': 387.08207, 'N_ooa': 904.92626, 'N_ceu': 306.48264, 'N_chb': 316.45077, 'gr_ceu': 1e-05, 'gr_chb': 3e-05, 'm_yri_ooa': 0.0, 'm_yri_ceu': 0.0, 'm_yri_chb': 0.0, 'm_ceu_chb': 1e-05} -67541.10925881933
x: {'t1': 2.09722, 't2': 2.4141, 't3': 95.15226, 'N_anc': 478.78884, 'N_yri': 387.08207, 'N_ooa': 904.92626, 'N_ceu': 306.48264, 'N_chb': 316.45077, 'gr_ceu': 1e-05, 'gr_chb': 3e-05, 'm_yri_ooa': 0.0, 'm_yri_ceu': 0.0, 'm_yri_chb': 0.0, 'm_ceu_chb': 1e-05} -67541.10925881933
x_down: {'t1': 2.09722, 't2': 2.4141, 't3': 95.15226, 'N_anc': 478.78884, 'N_yri': 387.08207, 'N_ooa': 904.92626, 'N_ceu': 306.48264, 'N_chb': 316.45077, 'gr_ceu': 1e-05, 'gr_chb': 3e-05, 'm_yri_ooa': 0.0, 'm_yri_ceu': 0.0, 'm_yri_chb': 1e-05, 'm_ceu_chb': 1e-05} -67541.10925882013
 
 
x_up: {'t1': 2.09722, 't2': 2.4141, 't3': 95.15226, 'N_anc': 478.78884, 'N_yri': 387.08207, 'N_ooa': 904.92626, 'N_ceu': 306.48264, 'N_chb': 316.45077, 'gr_ceu': 1e-05, 'gr_chb': 3e-05, 'm_yri_ooa': 0.0, 'm_yri_ceu': 0.0, 'm_yri_chb': 0.0, 'm_ceu_chb': 0.0} -67541.1092588767
x: {'t1': 2.09722, 't2': 2.4141, 't3': 95.15226, 'N_anc': 478.78884, 'N_yri': 387.08207, 'N_ooa': 904.92626, 'N_ceu': 306.48264, 'N_chb': 316.45077, 'gr_ceu': 1e-05, 'gr_chb': 3e-05, 'm_yri_ooa': 0.0, 'm_yri_ceu': 0.0, 'm_yri_chb': 0.0, 'm_ceu_chb': 1e-05} -67541.10925881933
x_down: {'t1': 2.09722, 't2': 2.4141, 't3': 95.15226, 'N_anc': 478.78884, 'N_yri': 387.08207, 'N_ooa': 904.92626, 'N_ceu': 306.48264, 'N_chb': 316.45077, 'gr_ceu': 1e-05, 'gr_chb': 3e-05, 'm_yri_ooa': 0.0, 'm_yri_ceu': 0.0, 'm_yri_chb': 0.0, 'm_ceu_chb': 1e-05} -67541.10925881933
 
{'t1': 2.09722, 't2': 2.4141, 't3': 95.15226, 'N_anc': 478.78884, 'N_yri': 387.08207, 'N_ooa': 904.92626, 'N_ceu': 306.48264, 'N_chb': 316.45077, 'gr_ceu': 1e-05, 'gr_chb': 3e-05, 'm_yri_ooa': 0.0, 'm_yri_ceu': 0.0, 'm_yri_chb': 0.0, 'm_ceu_chb': 1e-05} -67541.10925881933
 
x_up: {'t1': 2.11306, 't2': 2.4141, 't3': 95.15226, 'N_anc': 478.78884, 'N_yri': 387.08207, 'N_ooa': 904.92626, 'N_ceu': 306.48264, 'N_chb': 316.45077, 'gr_ceu': 1e-05, 'gr_chb': 3e-05, 'm_yri_ooa': 0.0, 'm_yri_ceu': 0.0, 'm_yri_chb': 0.0, 'm_ceu_chb': 1e-05} -67546.68629191096
x: {'t1': 2.09722, 't2': 2.4141, 't3': 95.15226, 'N_anc': 478.78884, 'N_yri': 387.08207, 'N_ooa': 904.92626, 'N_ceu': 306.48264, 'N_chb': 316.45077, 'gr_ceu': 1e-05, 'gr_chb': 3e-05, 'm_yri_ooa': 0.0, 'm_yri_ceu': 0.0, 'm_yri_chb': 0.0, 'm_ceu_chb': 1e-05} -67541.10925881933
x_down: {'t1': 2.08138, 't2': 2.4141, 't3': 95.15226, 'N_anc': 478.78884, 'N_yri': 387.08207, 'N_ooa': 904.92626, 'N_ceu': 306.48264, 'N_chb': 316.45077, 'gr_ceu': 1e-05, 'gr_chb': 3e-05, 'm_yri_ooa': 0.0, 'm_yri_ceu': 0.0, 'm_yri_chb': 0.0, 'm_ceu_chb': 1e-05} -67549.06470202333
 
 
x_up: {'t1': 2.09722, 't2': 2.42994, 't3': 95.15226, 'N_anc': 478.78884, 'N_yri': 387.08207, 'N_ooa': 904.92626, 'N_ceu': 306.48264, 'N_chb': 316.45077, 'gr_ceu': 1e-05, 'gr_chb': 3e-05, 'm_yri_ooa': 0.0, 'm_yri_ceu': 0.0, 'm_yri_chb': 0.0, 'm_ceu_chb': 1e-05} -67550.20120902735
x: {'t1': 2.09722, 't2': 2.4141, 't3': 95.15226, 'N_anc': 478.78884, 'N_yri': 387.08207, 'N_ooa': 904.92626, 'N_ceu': 306.48264, 'N_chb': 316.45077, 'gr_ceu': 1e-05, 'gr_chb': 3e-05, 'm_yri_ooa': 0.0, 'm_yri_ceu': 0.0, 'm_yri_chb': 0.0, 'm_ceu_chb': 1e-05} -67541.10925881933
x_down: {'t1': 2.09722, 't2': 2.39826, 't3': 95.15226, 'N_anc': 478.78884, 'N_yri': 387.08207, 'N_ooa': 904.92626, 'N_ceu': 306.48264, 'N_chb': 316.45077, 'gr_ceu': 1e-05, 'gr_chb': 3e-05, 'm_yri_ooa': 0.0, 'm_yri_ceu': 0.0, 'm_yri_chb': 0.0, 'm_ceu_chb': 1e-05} -67544.83301424027
 
 
x_up: {'t1': 2.09722, 't2': 2.4141, 't3': 99.78917, 'N_anc': 478.78884, 'N_yri': 387.08207, 'N_ooa': 904.92626, 'N_ceu': 306.48264, 'N_chb': 316.45077, 'gr_ceu': 1e-05, 'gr_chb': 3e-05, 'm_yri_ooa': 0.0, 'm_yri_ceu': 0.0, 'm_yri_chb': 0.0, 'm_ceu_chb': 1e-05} -67543.42362911186
x: {'t1': 2.09722, 't2': 2.4141, 't3': 95.15226, 'N_anc': 478.78884, 'N_yri': 387.08207, 'N_ooa': 904.92626, 'N_ceu': 306.48264, 'N_chb': 316.45077, 'gr_ceu': 1e-05, 'gr_chb': 3e-05, 'm_yri_ooa': 0.0, 'm_yri_ceu': 0.0, 'm_yri_chb': 0.0, 'm_ceu_chb': 1e-05} -67541.10925881933
x_down: {'t1': 2.09722, 't2': 2.4141, 't3': 90.51535, 'N_anc': 478.78884, 'N_yri': 387.08207, 'N_ooa': 904.92626, 'N_ceu': 306.48264, 'N_chb': 316.45077, 'gr_ceu': 1e-05, 'gr_chb': 3e-05, 'm_yri_ooa': 0.0, 'm_yri_ceu': 0.0, 'm_yri_chb': 0.0, 'm_ceu_chb': 1e-05} -67546.69084913854
 
 
x_up: {'t1': 2.09722, 't2': 2.4141, 't3': 95.15226, 'N_anc': 497.72828, 'N_yri': 387.08207, 'N_ooa': 904.92626, 'N_ceu': 306.48264, 'N_chb': 316.45077, 'gr_ceu': 1e-05, 'gr_chb': 3e-05, 'm_yri_ooa': 0.0, 'm_yri_ceu': 0.0, 'm_yri_chb': 0.0, 'm_ceu_chb': 1e-05} -67541.13636367381
x: {'t1': 2.09722, 't2': 2.4141, 't3': 95.15226, 'N_anc': 478.78884, 'N_yri': 387.08207, 'N_ooa': 904.92626, 'N_ceu': 306.48264, 'N_chb': 316.45077, 'gr_ceu': 1e-05, 'gr_chb': 3e-05, 'm_yri_ooa': 0.0, 'm_yri_ceu': 0.0, 'm_yri_chb': 0.0, 'm_ceu_chb': 1e-05} -67541.10925881933
x_down: {'t1': 2.09722, 't2': 2.4141, 't3': 95.15226, 'N_anc': 459.8494, 'N_yri': 387.08207, 'N_ooa': 904.92626, 'N_ceu': 306.48264, 'N_chb': 316.45077, 'gr_ceu': 1e-05, 'gr_chb': 3e-05, 'm_yri_ooa': 0.0, 'm_yri_ceu': 0.0, 'm_yri_chb': 0.0, 'm_ceu_chb': 1e-05} -67541.38466133327
 
 
x_up: {'t1': 2.09722, 't2': 2.4141, 't3': 95.15226, 'N_anc': 478.78884, 'N_yri': 401.43617, 'N_ooa': 904.92626, 'N_ceu': 306.48264, 'N_chb': 316.45077, 'gr_ceu': 1e-05, 'gr_chb': 3e-05, 'm_yri_ooa': 0.0, 'm_yri_ceu': 0.0, 'm_yri_chb': 0.0, 'm_ceu_chb': 1e-05} -67543.66675645494
x: {'t1': 2.09722, 't2': 2.4141, 't3': 95.15226, 'N_anc': 478.78884, 'N_yri': 387.08207, 'N_ooa': 904.92626, 'N_ceu': 306.48264, 'N_chb': 316.45077, 'gr_ceu': 1e-05, 'gr_chb': 3e-05, 'm_yri_ooa': 0.0, 'm_yri_ceu': 0.0, 'm_yri_chb': 0.0, 'm_ceu_chb': 1e-05} -67541.10925881933
x_down: {'t1': 2.09722, 't2': 2.4141, 't3': 95.15226, 'N_anc': 478.78884, 'N_yri': 372.72797, 'N_ooa': 904.92626, 'N_ceu': 306.48264, 'N_chb': 316.45077, 'gr_ceu': 1e-05, 'gr_chb': 3e-05, 'm_yri_ooa': 0.0, 'm_yri_ceu': 0.0, 'm_yri_chb': 0.0, 'm_ceu_chb': 1e-05} -67543.53234837948
 
 
x_up: {'t1': 2.09722, 't2': 2.4141, 't3': 95.15226, 'N_anc': 478.78884, 'N_yri': 387.08207, 'N_ooa': 945.17257, 'N_ceu': 306.48264, 'N_chb': 316.45077, 'gr_ceu': 1e-05, 'gr_chb': 3e-05, 'm_yri_ooa': 0.0, 'm_yri_ceu': 0.0, 'm_yri_chb': 0.0, 'm_ceu_chb': 1e-05} -67546.63782764315
x: {'t1': 2.09722, 't2': 2.4141, 't3': 95.15226, 'N_anc': 478.78884, 'N_yri': 387.08207, 'N_ooa': 904.92626, 'N_ceu': 306.48264, 'N_chb': 316.45077, 'gr_ceu': 1e-05, 'gr_chb': 3e-05, 'm_yri_ooa': 0.0, 'm_yri_ceu': 0.0, 'm_yri_chb': 0.0, 'm_ceu_chb': 1e-05} -67541.10925881933
x_down: {'t1': 2.09722, 't2': 2.4141, 't3': 95.15226, 'N_anc': 478.78884, 'N_yri': 387.08207, 'N_ooa': 864.67995, 'N_ceu': 306.48264, 'N_chb': 316.45077, 'gr_ceu': 1e-05, 'gr_chb': 3e-05, 'm_yri_ooa': 0.0, 'm_yri_ceu': 0.0, 'm_yri_chb': 0.0, 'm_ceu_chb': 1e-05} -67548.62754333185
 
 
x_up: {'t1': 2.09722, 't2': 2.4141, 't3': 95.15226, 'N_anc': 478.78884, 'N_yri': 387.08207, 'N_ooa': 904.92626, 'N_ceu': 316.80677, 'N_chb': 316.45077, 'gr_ceu': 1e-05, 'gr_chb': 3e-05, 'm_yri_ooa': 0.0, 'm_yri_ceu': 0.0, 'm_yri_chb': 0.0, 'm_ceu_chb': 1e-05} -67541.94705750831
x: {'t1': 2.09722, 't2': 2.4141, 't3': 95.15226, 'N_anc': 478.78884, 'N_yri': 387.08207, 'N_ooa': 904.92626, 'N_ceu': 306.48264, 'N_chb': 316.45077, 'gr_ceu': 1e-05, 'gr_chb': 3e-05, 'm_yri_ooa': 0.0, 'm_yri_ceu': 0.0, 'm_yri_chb': 0.0, 'm_ceu_chb': 1e-05} -67541.10925881933
x_down: {'t1': 2.09722, 't2': 2.4141, 't3': 95.15226, 'N_anc': 478.78884, 'N_yri': 387.08207, 'N_ooa': 904.92626, 'N_ceu': 296.15851, 'N_chb': 316.45077, 'gr_ceu': 1e-05, 'gr_chb': 3e-05, 'm_yri_ooa': 0.0, 'm_yri_ceu': 0.0, 'm_yri_chb': 0.0, 'm_ceu_chb': 1e-05} -67541.3376872221
 
 
x_up: {'t1': 2.09722, 't2': 2.4141, 't3': 95.15226, 'N_anc': 478.78884, 'N_yri': 387.08207, 'N_ooa': 904.92626, 'N_ceu': 306.48264, 'N_chb': 327.27331, 'gr_ceu': 1e-05, 'gr_chb': 3e-05, 'm_yri_ooa': 0.0, 'm_yri_ceu': 0.0, 'm_yri_chb': 0.0, 'm_ceu_chb': 1e-05} -67541.99319408464
x: {'t1': 2.09722, 't2': 2.4141, 't3': 95.15226, 'N_anc': 478.78884, 'N_yri': 387.08207, 'N_ooa': 904.92626, 'N_ceu': 306.48264, 'N_chb': 316.45077, 'gr_ceu': 1e-05, 'gr_chb': 3e-05, 'm_yri_ooa': 0.0, 'm_yri_ceu': 0.0, 'm_yri_chb': 0.0, 'm_ceu_chb': 1e-05} -67541.10925881933
x_down: {'t1': 2.09722, 't2': 2.4141, 't3': 95.15226, 'N_anc': 478.78884, 'N_yri': 387.08207, 'N_ooa': 904.92626, 'N_ceu': 306.48264, 'N_chb': 305.62823, 'gr_ceu': 1e-05, 'gr_chb': 3e-05, 'm_yri_ooa': 0.0, 'm_yri_ceu': 0.0, 'm_yri_chb': 0.0, 'm_ceu_chb': 1e-05} -67541.23973463828
 
 
x_up: {'t1': 2.09722, 't2': 2.4141, 't3': 95.15226, 'N_anc': 478.78884, 'N_yri': 387.08207, 'N_ooa': 904.92626, 'N_ceu': 306.48264, 'N_chb': 316.45077, 'gr_ceu': 2e-05, 'gr_chb': 3e-05, 'm_yri_ooa': 0.0, 'm_yri_ceu': 0.0, 'm_yri_chb': 0.0, 'm_ceu_chb': 1e-05} -67541.11005215903
x: {'t1': 2.09722, 't2': 2.4141, 't3': 95.15226, 'N_anc': 478.78884, 'N_yri': 387.08207, 'N_ooa': 904.92626, 'N_ceu': 306.48264, 'N_chb': 316.45077, 'gr_ceu': 1e-05, 'gr_chb': 3e-05, 'm_yri_ooa': 0.0, 'm_yri_ceu': 0.0, 'm_yri_chb': 0.0, 'm_ceu_chb': 1e-05} -67541.10925881933
x_down: {'t1': 2.09722, 't2': 2.4141, 't3': 95.15226, 'N_anc': 478.78884, 'N_yri': 387.08207, 'N_ooa': 904.92626, 'N_ceu': 306.48264, 'N_chb': 316.45077, 'gr_ceu': 1e-05, 'gr_chb': 3e-05, 'm_yri_ooa': 0.0, 'm_yri_ceu': 0.0, 'm_yri_chb': 0.0, 'm_ceu_chb': 1e-05} -67541.10925881933
 
 
x_up: {'t1': 2.09722, 't2': 2.4141, 't3': 95.15226, 'N_anc': 478.78884, 'N_yri': 387.08207, 'N_ooa': 904.92626, 'N_ceu': 306.48264, 'N_chb': 316.45077, 'gr_ceu': 1e-05, 'gr_chb': 5e-05, 'm_yri_ooa': 0.0, 'm_yri_ceu': 0.0, 'm_yri_chb': 0.0, 'm_ceu_chb': 1e-05} -67541.11069575483
x: {'t1': 2.09722, 't2': 2.4141, 't3': 95.15226, 'N_anc': 478.78884, 'N_yri': 387.08207, 'N_ooa': 904.92626, 'N_ceu': 306.48264, 'N_chb': 316.45077, 'gr_ceu': 1e-05, 'gr_chb': 3e-05, 'm_yri_ooa': 0.0, 'm_yri_ceu': 0.0, 'm_yri_chb': 0.0, 'm_ceu_chb': 1e-05} -67541.10925881933
x_down: {'t1': 2.09722, 't2': 2.4141, 't3': 95.15226, 'N_anc': 478.78884, 'N_yri': 387.08207, 'N_ooa': 904.92626, 'N_ceu': 306.48264, 'N_chb': 316.45077, 'gr_ceu': 1e-05, 'gr_chb': 2e-05, 'm_yri_ooa': 0.0, 'm_yri_ceu': 0.0, 'm_yri_chb': 0.0, 'm_ceu_chb': 1e-05} -67541.10854056972
 
 
x_up: {'t1': 2.09722, 't2': 2.4141, 't3': 95.15226, 'N_anc': 478.78884, 'N_yri': 387.08207, 'N_ooa': 904.92626, 'N_ceu': 306.48264, 'N_chb': 316.45077, 'gr_ceu': 1e-05, 'gr_chb': 2e-05, 'm_yri_ooa': 0.0, 'm_yri_ceu': 0.0, 'm_yri_chb': 0.0, 'm_ceu_chb': 1e-05} -67541.10854056972
x: {'t1': 2.09722, 't2': 2.4141, 't3': 95.15226, 'N_anc': 478.78884, 'N_yri': 387.08207, 'N_ooa': 904.92626, 'N_ceu': 306.48264, 'N_chb': 316.45077, 'gr_ceu': 1e-05, 'gr_chb': 2e-05, 'm_yri_ooa': 0.0, 'm_yri_ceu': 0.0, 'm_yri_chb': 0.0, 'm_ceu_chb': 1e-05} -67541.10854056972
x_down: {'t1': 2.09722, 't2': 2.4141, 't3': 95.15226, 'N_anc': 478.78884, 'N_yri': 387.08207, 'N_ooa': 904.92626, 'N_ceu': 306.48264, 'N_chb': 316.45077, 'gr_ceu': 1e-05, 'gr_chb': 2e-05, 'm_yri_ooa': 1e-05, 'm_yri_ceu': 0.0, 'm_yri_chb': 0.0, 'm_ceu_chb': 1e-05} -67541.11565358301
 
 
x_up: {'t1': 2.09722, 't2': 2.4141, 't3': 95.15226, 'N_anc': 478.78884, 'N_yri': 387.08207, 'N_ooa': 904.92626, 'N_ceu': 306.48264, 'N_chb': 316.45077, 'gr_ceu': 1e-05, 'gr_chb': 2e-05, 'm_yri_ooa': 0.0, 'm_yri_ceu': 0.0, 'm_yri_chb': 0.0, 'm_ceu_chb': 1e-05} -67541.10854056972
x: {'t1': 2.09722, 't2': 2.4141, 't3': 95.15226, 'N_anc': 478.78884, 'N_yri': 387.08207, 'N_ooa': 904.92626, 'N_ceu': 306.48264, 'N_chb': 316.45077, 'gr_ceu': 1e-05, 'gr_chb': 2e-05, 'm_yri_ooa': 0.0, 'm_yri_ceu': 0.0, 'm_yri_chb': 0.0, 'm_ceu_chb': 1e-05} -67541.10854056972
x_down: {'t1': 2.09722, 't2': 2.4141, 't3': 95.15226, 'N_anc': 478.78884, 'N_yri': 387.08207, 'N_ooa': 904.92626, 'N_ceu': 306.48264, 'N_chb': 316.45077, 'gr_ceu': 1e-05, 'gr_chb': 2e-05, 'm_yri_ooa': 0.0, 'm_yri_ceu': 1e-05, 'm_yri_chb': 0.0, 'm_ceu_chb': 1e-05} -67541.10854057039
 
 
x_up: {'t1': 2.09722, 't2': 2.4141, 't3': 95.15226, 'N_anc': 478.78884, 'N_yri': 387.08207, 'N_ooa': 904.92626, 'N_ceu': 306.48264, 'N_chb': 316.45077, 'gr_ceu': 1e-05, 'gr_chb': 2e-05, 'm_yri_ooa': 0.0, 'm_yri_ceu': 0.0, 'm_yri_chb': 0.0, 'm_ceu_chb': 1e-05} -67541.10854056972
x: {'t1': 2.09722, 't2': 2.4141, 't3': 95.15226, 'N_anc': 478.78884, 'N_yri': 387.08207, 'N_ooa': 904.92626, 'N_ceu': 306.48264, 'N_chb': 316.45077, 'gr_ceu': 1e-05, 'gr_chb': 2e-05, 'm_yri_ooa': 0.0, 'm_yri_ceu': 0.0, 'm_yri_chb': 0.0, 'm_ceu_chb': 1e-05} -67541.10854056972
x_down: {'t1': 2.09722, 't2': 2.4141, 't3': 95.15226, 'N_anc': 478.78884, 'N_yri': 387.08207, 'N_ooa': 904.92626, 'N_ceu': 306.48264, 'N_chb': 316.45077, 'gr_ceu': 1e-05, 'gr_chb': 2e-05, 'm_yri_ooa': 0.0, 'm_yri_ceu': 0.0, 'm_yri_chb': 1e-05, 'm_ceu_chb': 1e-05} -67541.10854057026
 
 
x_up: {'t1': 2.09722, 't2': 2.4141, 't3': 95.15226, 'N_anc': 478.78884, 'N_yri': 387.08207, 'N_ooa': 904.92626, 'N_ceu': 306.48264, 'N_chb': 316.45077, 'gr_ceu': 1e-05, 'gr_chb': 2e-05, 'm_yri_ooa': 0.0, 'm_yri_ceu': 0.0, 'm_yri_chb': 0.0, 'm_ceu_chb': 0.0} -67541.1085406451
x: {'t1': 2.09722, 't2': 2.4141, 't3': 95.15226, 'N_anc': 478.78884, 'N_yri': 387.08207, 'N_ooa': 904.92626, 'N_ceu': 306.48264, 'N_chb': 316.45077, 'gr_ceu': 1e-05, 'gr_chb': 2e-05, 'm_yri_ooa': 0.0, 'm_yri_ceu': 0.0, 'm_yri_chb': 0.0, 'm_ceu_chb': 1e-05} -67541.10854056972
x_down: {'t1': 2.09722, 't2': 2.4141, 't3': 95.15226, 'N_anc': 478.78884, 'N_yri': 387.08207, 'N_ooa': 904.92626, 'N_ceu': 306.48264, 'N_chb': 316.45077, 'gr_ceu': 1e-05, 'gr_chb': 2e-05, 'm_yri_ooa': 0.0, 'm_yri_ceu': 0.0, 'm_yri_chb': 0.0, 'm_ceu_chb': 1e-05} -67541.10854056972
 
{'t1': 2.09722, 't2': 2.4141, 't3': 95.15226, 'N_anc': 478.78884, 'N_yri': 387.08207, 'N_ooa': 904.92626, 'N_ceu': 306.48264, 'N_chb': 316.45077, 'gr_ceu': 1e-05, 'gr_chb': 2e-05, 'm_yri_ooa': 0.0, 'm_yri_ceu': 0.0, 'm_yri_chb': 0.0, 'm_ceu_chb': 1e-05} -67541.10854056972
 
x_up: {'t1': 2.11306, 't2': 2.4141, 't3': 95.15226, 'N_anc': 478.78884, 'N_yri': 387.08207, 'N_ooa': 904.92626, 'N_ceu': 306.48264, 'N_chb': 316.45077, 'gr_ceu': 1e-05, 'gr_chb': 2e-05, 'm_yri_ooa': 0.0, 'm_yri_ceu': 0.0, 'm_yri_chb': 0.0, 'm_ceu_chb': 1e-05} -67546.68565996412
x: {'t1': 2.09722, 't2': 2.4141, 't3': 95.15226, 'N_anc': 478.78884, 'N_yri': 387.08207, 'N_ooa': 904.92626, 'N_ceu': 306.48264, 'N_chb': 316.45077, 'gr_ceu': 1e-05, 'gr_chb': 2e-05, 'm_yri_ooa': 0.0, 'm_yri_ceu': 0.0, 'm_yri_chb': 0.0, 'm_ceu_chb': 1e-05} -67541.10854056972
x_down: {'t1': 2.08138, 't2': 2.4141, 't3': 95.15226, 'N_anc': 478.78884, 'N_yri': 387.08207, 'N_ooa': 904.92626, 'N_ceu': 306.48264, 'N_chb': 316.45077, 'gr_ceu': 1e-05, 'gr_chb': 2e-05, 'm_yri_ooa': 0.0, 'm_yri_ceu': 0.0, 'm_yri_chb': 0.0, 'm_ceu_chb': 1e-05} -67549.06397144
 
 
x_up: {'t1': 2.09722, 't2': 2.42994, 't3': 95.15226, 'N_anc': 478.78884, 'N_yri': 387.08207, 'N_ooa': 904.92626, 'N_ceu': 306.48264, 'N_chb': 316.45077, 'gr_ceu': 1e-05, 'gr_chb': 2e-05, 'm_yri_ooa': 0.0, 'm_yri_ceu': 0.0, 'm_yri_chb': 0.0, 'm_ceu_chb': 1e-05} -67550.20078013785
x: {'t1': 2.09722, 't2': 2.4141, 't3': 95.15226, 'N_anc': 478.78884, 'N_yri': 387.08207, 'N_ooa': 904.92626, 'N_ceu': 306.48264, 'N_chb': 316.45077, 'gr_ceu': 1e-05, 'gr_chb': 2e-05, 'm_yri_ooa': 0.0, 'm_yri_ceu': 0.0, 'm_yri_chb': 0.0, 'm_ceu_chb': 1e-05} -67541.10854056972
x_down: {'t1': 2.09722, 't2': 2.39826, 't3': 95.15226, 'N_anc': 478.78884, 'N_yri': 387.08207, 'N_ooa': 904.92626, 'N_ceu': 306.48264, 'N_chb': 316.45077, 'gr_ceu': 1e-05, 'gr_chb': 2e-05, 'm_yri_ooa': 0.0, 'm_yri_ceu': 0.0, 'm_yri_chb': 0.0, 'm_ceu_chb': 1e-05} -67544.83201719196
 
 
x_up: {'t1': 2.09722, 't2': 2.4141, 't3': 99.78917, 'N_anc': 478.78884, 'N_yri': 387.08207, 'N_ooa': 904.92626, 'N_ceu': 306.48264, 'N_chb': 316.45077, 'gr_ceu': 1e-05, 'gr_chb': 2e-05, 'm_yri_ooa': 0.0, 'm_yri_ceu': 0.0, 'm_yri_chb': 0.0, 'm_ceu_chb': 1e-05} -67543.42291086225
x: {'t1': 2.09722, 't2': 2.4141, 't3': 95.15226, 'N_anc': 478.78884, 'N_yri': 387.08207, 'N_ooa': 904.92626, 'N_ceu': 306.48264, 'N_chb': 316.45077, 'gr_ceu': 1e-05, 'gr_chb': 2e-05, 'm_yri_ooa': 0.0, 'm_yri_ceu': 0.0, 'm_yri_chb': 0.0, 'm_ceu_chb': 1e-05} -67541.10854056972
x_down: {'t1': 2.09722, 't2': 2.4141, 't3': 90.51535, 'N_anc': 478.78884, 'N_yri': 387.08207, 'N_ooa': 904.92626, 'N_ceu': 306.48264, 'N_chb': 316.45077, 'gr_ceu': 1e-05, 'gr_chb': 2e-05, 'm_yri_ooa': 0.0, 'm_yri_ceu': 0.0, 'm_yri_chb': 0.0, 'm_ceu_chb': 1e-05} -67546.69013088894
 
 
x_up: {'t1': 2.09722, 't2': 2.4141, 't3': 95.15226, 'N_anc': 497.72828, 'N_yri': 387.08207, 'N_ooa': 904.92626, 'N_ceu': 306.48264, 'N_chb': 316.45077, 'gr_ceu': 1e-05, 'gr_chb': 2e-05, 'm_yri_ooa': 0.0, 'm_yri_ceu': 0.0, 'm_yri_chb': 0.0, 'm_ceu_chb': 1e-05} -67541.1356454242
x: {'t1': 2.09722, 't2': 2.4141, 't3': 95.15226, 'N_anc': 478.78884, 'N_yri': 387.08207, 'N_ooa': 904.92626, 'N_ceu': 306.48264, 'N_chb': 316.45077, 'gr_ceu': 1e-05, 'gr_chb': 2e-05, 'm_yri_ooa': 0.0, 'm_yri_ceu': 0.0, 'm_yri_chb': 0.0, 'm_ceu_chb': 1e-05} -67541.10854056972
x_down: {'t1': 2.09722, 't2': 2.4141, 't3': 95.15226, 'N_anc': 459.8494, 'N_yri': 387.08207, 'N_ooa': 904.92626, 'N_ceu': 306.48264, 'N_chb': 316.45077, 'gr_ceu': 1e-05, 'gr_chb': 2e-05, 'm_yri_ooa': 0.0, 'm_yri_ceu': 0.0, 'm_yri_chb': 0.0, 'm_ceu_chb': 1e-05} -67541.38394308368
 
 
x_up: {'t1': 2.09722, 't2': 2.4141, 't3': 95.15226, 'N_anc': 478.78884, 'N_yri': 401.43617, 'N_ooa': 904.92626, 'N_ceu': 306.48264, 'N_chb': 316.45077, 'gr_ceu': 1e-05, 'gr_chb': 2e-05, 'm_yri_ooa': 0.0, 'm_yri_ceu': 0.0, 'm_yri_chb': 0.0, 'm_ceu_chb': 1e-05} -67543.6657794977
x: {'t1': 2.09722, 't2': 2.4141, 't3': 95.15226, 'N_anc': 478.78884, 'N_yri': 387.08207, 'N_ooa': 904.92626, 'N_ceu': 306.48264, 'N_chb': 316.45077, 'gr_ceu': 1e-05, 'gr_chb': 2e-05, 'm_yri_ooa': 0.0, 'm_yri_ceu': 0.0, 'm_yri_chb': 0.0, 'm_ceu_chb': 1e-05} -67541.10854056972
x_down: {'t1': 2.09722, 't2': 2.4141, 't3': 95.15226, 'N_anc': 478.78884, 'N_yri': 372.72797, 'N_ooa': 904.92626, 'N_ceu': 306.48264, 'N_chb': 316.45077, 'gr_ceu': 1e-05, 'gr_chb': 2e-05, 'm_yri_ooa': 0.0, 'm_yri_ceu': 0.0, 'm_yri_chb': 0.0, 'm_ceu_chb': 1e-05} -67543.53210864592
 
 
x_up: {'t1': 2.09722, 't2': 2.4141, 't3': 95.15226, 'N_anc': 478.78884, 'N_yri': 387.08207, 'N_ooa': 945.17257, 'N_ceu': 306.48264, 'N_chb': 316.45077, 'gr_ceu': 1e-05, 'gr_chb': 2e-05, 'm_yri_ooa': 0.0, 'm_yri_ceu': 0.0, 'm_yri_chb': 0.0, 'm_ceu_chb': 1e-05} -67546.63701063252
x: {'t1': 2.09722, 't2': 2.4141, 't3': 95.15226, 'N_anc': 478.78884, 'N_yri': 387.08207, 'N_ooa': 904.92626, 'N_ceu': 306.48264, 'N_chb': 316.45077, 'gr_ceu': 1e-05, 'gr_chb': 2e-05, 'm_yri_ooa': 0.0, 'm_yri_ceu': 0.0, 'm_yri_chb': 0.0, 'm_ceu_chb': 1e-05} -67541.10854056972
x_down: {'t1': 2.09722, 't2': 2.4141, 't3': 95.15226, 'N_anc': 478.78884, 'N_yri': 387.08207, 'N_ooa': 864.67995, 'N_ceu': 306.48264, 'N_chb': 316.45077, 'gr_ceu': 1e-05, 'gr_chb': 2e-05, 'm_yri_ooa': 0.0, 'm_yri_ceu': 0.0, 'm_yri_chb': 0.0, 'm_ceu_chb': 1e-05} -67548.62679568239
 
 
x_up: {'t1': 2.09722, 't2': 2.4141, 't3': 95.15226, 'N_anc': 478.78884, 'N_yri': 387.08207, 'N_ooa': 904.92626, 'N_ceu': 316.80677, 'N_chb': 316.45077, 'gr_ceu': 1e-05, 'gr_chb': 2e-05, 'm_yri_ooa': 0.0, 'm_yri_ceu': 0.0, 'm_yri_chb': 0.0, 'm_ceu_chb': 1e-05} -67541.94613202845
x: {'t1': 2.09722, 't2': 2.4141, 't3': 95.15226, 'N_anc': 478.78884, 'N_yri': 387.08207, 'N_ooa': 904.92626, 'N_ceu': 306.48264, 'N_chb': 316.45077, 'gr_ceu': 1e-05, 'gr_chb': 2e-05, 'm_yri_ooa': 0.0, 'm_yri_ceu': 0.0, 'm_yri_chb': 0.0, 'm_ceu_chb': 1e-05} -67541.10854056972
x_down: {'t1': 2.09722, 't2': 2.4141, 't3': 95.15226, 'N_anc': 478.78884, 'N_yri': 387.08207, 'N_ooa': 904.92626, 'N_ceu': 296.15851, 'N_chb': 316.45077, 'gr_ceu': 1e-05, 'gr_chb': 2e-05, 'm_yri_ooa': 0.0, 'm_yri_ceu': 0.0, 'm_yri_chb': 0.0, 'm_ceu_chb': 1e-05} -67541.33719091184
 
 
x_up: {'t1': 2.09722, 't2': 2.4141, 't3': 95.15226, 'N_anc': 478.78884, 'N_yri': 387.08207, 'N_ooa': 904.92626, 'N_ceu': 306.48264, 'N_chb': 327.27331, 'gr_ceu': 1e-05, 'gr_chb': 2e-05, 'm_yri_ooa': 0.0, 'm_yri_ceu': 0.0, 'm_yri_chb': 0.0, 'm_ceu_chb': 1e-05} -67541.99211225596
x: {'t1': 2.09722, 't2': 2.4141, 't3': 95.15226, 'N_anc': 478.78884, 'N_yri': 387.08207, 'N_ooa': 904.92626, 'N_ceu': 306.48264, 'N_chb': 316.45077, 'gr_ceu': 1e-05, 'gr_chb': 2e-05, 'm_yri_ooa': 0.0, 'm_yri_ceu': 0.0, 'm_yri_chb': 0.0, 'm_ceu_chb': 1e-05} -67541.10854056972
x_down: {'t1': 2.09722, 't2': 2.4141, 't3': 95.15226, 'N_anc': 478.78884, 'N_yri': 387.08207, 'N_ooa': 904.92626, 'N_ceu': 306.48264, 'N_chb': 305.62823, 'gr_ceu': 1e-05, 'gr_chb': 2e-05, 'm_yri_ooa': 0.0, 'm_yri_ceu': 0.0, 'm_yri_chb': 0.0, 'm_ceu_chb': 1e-05} -67541.23940494655
 
 
x_up: {'t1': 2.09722, 't2': 2.4141, 't3': 95.15226, 'N_anc': 478.78884, 'N_yri': 387.08207, 'N_ooa': 904.92626, 'N_ceu': 306.48264, 'N_chb': 316.45077, 'gr_ceu': 2e-05, 'gr_chb': 2e-05, 'm_yri_ooa': 0.0, 'm_yri_ceu': 0.0, 'm_yri_chb': 0.0, 'm_ceu_chb': 1e-05} -67541.10933382128
x: {'t1': 2.09722, 't2': 2.4141, 't3': 95.15226, 'N_anc': 478.78884, 'N_yri': 387.08207, 'N_ooa': 904.92626, 'N_ceu': 306.48264, 'N_chb': 316.45077, 'gr_ceu': 1e-05, 'gr_chb': 2e-05, 'm_yri_ooa': 0.0, 'm_yri_ceu': 0.0, 'm_yri_chb': 0.0, 'm_ceu_chb': 1e-05} -67541.10854056972
x_down: {'t1': 2.09722, 't2': 2.4141, 't3': 95.15226, 'N_anc': 478.78884, 'N_yri': 387.08207, 'N_ooa': 904.92626, 'N_ceu': 306.48264, 'N_chb': 316.45077, 'gr_ceu': 1e-05, 'gr_chb': 2e-05, 'm_yri_ooa': 0.0, 'm_yri_ceu': 0.0, 'm_yri_chb': 0.0, 'm_ceu_chb': 1e-05} -67541.10854056972
 
 
x_up: {'t1': 2.09722, 't2': 2.4141, 't3': 95.15226, 'N_anc': 478.78884, 'N_yri': 387.08207, 'N_ooa': 904.92626, 'N_ceu': 306.48264, 'N_chb': 316.45077, 'gr_ceu': 1e-05, 'gr_chb': 3e-05, 'm_yri_ooa': 0.0, 'm_yri_ceu': 0.0, 'm_yri_chb': 0.0, 'm_ceu_chb': 1e-05} -67541.10925881933
x: {'t1': 2.09722, 't2': 2.4141, 't3': 95.15226, 'N_anc': 478.78884, 'N_yri': 387.08207, 'N_ooa': 904.92626, 'N_ceu': 306.48264, 'N_chb': 316.45077, 'gr_ceu': 1e-05, 'gr_chb': 2e-05, 'm_yri_ooa': 0.0, 'm_yri_ceu': 0.0, 'm_yri_chb': 0.0, 'm_ceu_chb': 1e-05} -67541.10854056972
x_down: {'t1': 2.09722, 't2': 2.4141, 't3': 95.15226, 'N_anc': 478.78884, 'N_yri': 387.08207, 'N_ooa': 904.92626, 'N_ceu': 306.48264, 'N_chb': 316.45077, 'gr_ceu': 1e-05, 'gr_chb': 1e-05, 'm_yri_ooa': 0.0, 'm_yri_ceu': 0.0, 'm_yri_chb': 0.0, 'm_ceu_chb': 1e-05} -67541.10782249272
 
 
x_up: {'t1': 2.09722, 't2': 2.4141, 't3': 95.15226, 'N_anc': 478.78884, 'N_yri': 387.08207, 'N_ooa': 904.92626, 'N_ceu': 306.48264, 'N_chb': 316.45077, 'gr_ceu': 1e-05, 'gr_chb': 1e-05, 'm_yri_ooa': 0.0, 'm_yri_ceu': 0.0, 'm_yri_chb': 0.0, 'm_ceu_chb': 1e-05} -67541.10782249272
x: {'t1': 2.09722, 't2': 2.4141, 't3': 95.15226, 'N_anc': 478.78884, 'N_yri': 387.08207, 'N_ooa': 904.92626, 'N_ceu': 306.48264, 'N_chb': 316.45077, 'gr_ceu': 1e-05, 'gr_chb': 1e-05, 'm_yri_ooa': 0.0, 'm_yri_ceu': 0.0, 'm_yri_chb': 0.0, 'm_ceu_chb': 1e-05} -67541.10782249272
x_down: {'t1': 2.09722, 't2': 2.4141, 't3': 95.15226, 'N_anc': 478.78884, 'N_yri': 387.08207, 'N_ooa': 904.92626, 'N_ceu': 306.48264, 'N_chb': 316.45077, 'gr_ceu': 1e-05, 'gr_chb': 1e-05, 'm_yri_ooa': 1e-05, 'm_yri_ceu': 0.0, 'm_yri_chb': 0.0, 'm_ceu_chb': 1e-05} -67541.11491758568
 
 
x_up: {'t1': 2.09722, 't2': 2.4141, 't3': 95.15226, 'N_anc': 478.78884, 'N_yri': 387.08207, 'N_ooa': 904.92626, 'N_ceu': 306.48264, 'N_chb': 316.45077, 'gr_ceu': 1e-05, 'gr_chb': 1e-05, 'm_yri_ooa': 0.0, 'm_yri_ceu': 0.0, 'm_yri_chb': 0.0, 'm_ceu_chb': 1e-05} -67541.10782249272
x: {'t1': 2.09722, 't2': 2.4141, 't3': 95.15226, 'N_anc': 478.78884, 'N_yri': 387.08207, 'N_ooa': 904.92626, 'N_ceu': 306.48264, 'N_chb': 316.45077, 'gr_ceu': 1e-05, 'gr_chb': 1e-05, 'm_yri_ooa': 0.0, 'm_yri_ceu': 0.0, 'm_yri_chb': 0.0, 'm_ceu_chb': 1e-05} -67541.10782249272
x_down: {'t1': 2.09722, 't2': 2.4141, 't3': 95.15226, 'N_anc': 478.78884, 'N_yri': 387.08207, 'N_ooa': 904.92626, 'N_ceu': 306.48264, 'N_chb': 316.45077, 'gr_ceu': 1e-05, 'gr_chb': 1e-05, 'm_yri_ooa': 0.0, 'm_yri_ceu': 1e-05, 'm_yri_chb': 0.0, 'm_ceu_chb': 1e-05} -67541.10782249317
 
 
x_up: {'t1': 2.09722, 't2': 2.4141, 't3': 95.15226, 'N_anc': 478.78884, 'N_yri': 387.08207, 'N_ooa': 904.92626, 'N_ceu': 306.48264, 'N_chb': 316.45077, 'gr_ceu': 1e-05, 'gr_chb': 1e-05, 'm_yri_ooa': 0.0, 'm_yri_ceu': 0.0, 'm_yri_chb': 0.0, 'm_ceu_chb': 1e-05} -67541.10782249272
x: {'t1': 2.09722, 't2': 2.4141, 't3': 95.15226, 'N_anc': 478.78884, 'N_yri': 387.08207, 'N_ooa': 904.92626, 'N_ceu': 306.48264, 'N_chb': 316.45077, 'gr_ceu': 1e-05, 'gr_chb': 1e-05, 'm_yri_ooa': 0.0, 'm_yri_ceu': 0.0, 'm_yri_chb': 0.0, 'm_ceu_chb': 1e-05} -67541.10782249272
x_down: {'t1': 2.09722, 't2': 2.4141, 't3': 95.15226, 'N_anc': 478.78884, 'N_yri': 387.08207, 'N_ooa': 904.92626, 'N_ceu': 306.48264, 'N_chb': 316.45077, 'gr_ceu': 1e-05, 'gr_chb': 1e-05, 'm_yri_ooa': 0.0, 'm_yri_ceu': 0.0, 'm_yri_chb': 1e-05, 'm_ceu_chb': 1e-05} -67541.10782249339
 
 
x_up: {'t1': 2.09722, 't2': 2.4141, 't3': 95.15226, 'N_anc': 478.78884, 'N_yri': 387.08207, 'N_ooa': 904.92626, 'N_ceu': 306.48264, 'N_chb': 316.45077, 'gr_ceu': 1e-05, 'gr_chb': 1e-05, 'm_yri_ooa': 0.0, 'm_yri_ceu': 0.0, 'm_yri_chb': 0.0, 'm_ceu_chb': 0.0} -67541.10782256885
x: {'t1': 2.09722, 't2': 2.4141, 't3': 95.15226, 'N_anc': 478.78884, 'N_yri': 387.08207, 'N_ooa': 904.92626, 'N_ceu': 306.48264, 'N_chb': 316.45077, 'gr_ceu': 1e-05, 'gr_chb': 1e-05, 'm_yri_ooa': 0.0, 'm_yri_ceu': 0.0, 'm_yri_chb': 0.0, 'm_ceu_chb': 1e-05} -67541.10782249272
x_down: {'t1': 2.09722, 't2': 2.4141, 't3': 95.15226, 'N_anc': 478.78884, 'N_yri': 387.08207, 'N_ooa': 904.92626, 'N_ceu': 306.48264, 'N_chb': 316.45077, 'gr_ceu': 1e-05, 'gr_chb': 1e-05, 'm_yri_ooa': 0.0, 'm_yri_ceu': 0.0, 'm_yri_chb': 0.0, 'm_ceu_chb': 1e-05} -67541.10782249272
 
{'t1': 2.09722, 't2': 2.4141, 't3': 95.15226, 'N_anc': 478.78884, 'N_yri': 387.08207, 'N_ooa': 904.92626, 'N_ceu': 306.48264, 'N_chb': 316.45077, 'gr_ceu': 1e-05, 'gr_chb': 1e-05, 'm_yri_ooa': 0.0, 'm_yri_ceu': 0.0, 'm_yri_chb': 0.0, 'm_ceu_chb': 1e-05} -67541.10782249272
2026-09-23 13:33:39,141 - INFO - Finished fitting ARG.
2026-09-23 13:33:39,141 - INFO - Finished in 6h 55m 4.5s
2026-09-23 13:33:39,141 - INFO - Estimated: {'t1': 2.09722, 't2': 2.4141, 't3': 95.15226, 'N_anc': 478.78884, 'N_yri': 387.08207, 'N_ooa': 904.92626, 'N_ceu': 306.48264, 'N_chb': 316.45077, 'gr_ceu': 1e-05, 'gr_chb': 1e-05, 'm_yri_ooa': 0.0, 'm_yri_ceu': 0.0, 'm_yri_chb': 0.0, 'm_ceu_chb': 1e-05}
2026-09-23 13:33:39,141 - INFO - logp = -67541.10782249272  (true = -115987.79849825357)
2026-09-23 13:33:39,141 - INFO - Pipeline executed succesfully.
