2026-09-23 06:41:16,494 - INFO - Beginning execution of simulate_and_fit_ARG.py in directory /home1/mahj/glike_optimize/opt_scripts

2026-09-23 06:41:16,494 - INFO - Progress is being logged to ../opt_results_glike_3G09_no_m1/ntree_10_rep_8_simulate_ARG.log

2026-09-23 06:41:16,495 - INFO - Parsed the following arguments:
	N_SAMPLES = 1000.0
	SEQUENCE_LENGTH = 30000000.0
	RECOMBINATION_RATE = 1e-08
	SEED = 1
	NUM_TREES = 10
	OPTIMIZER = glike
	MODEL = 3G09
	KAPPA = 10000
	outprefix = ../opt_results_glike_3G09_no_m1/ntree_10_rep_8

2026-09-23 06:41:16,534 - INFO - Sampling 1000 individuals with ploidy 1 in population 1 (name='ceu') at time 0
2026-09-23 06:41:16,537 - INFO - Starting replicate 0
2026-09-23 06:41:16,539 - INFO - model[0] {'name': 'hudson'} started at time=0 nodes=1000 edges=0
2026-09-23 06:41:16,539 - INFO - Running model {'name': 'hudson'} until max time: inf
2026-09-23 06:41:16,552 - INFO - Completed at time=825.393 nodes=4008 edges=12940
2026-09-23 06:41:16,624 - INFO - Finished simulating ARG.
[phase from 0.0 to 19.0]
        admix
ns   0.000006
grs  0.078000

[phase from 19.0 to 411.0]
       afr    eur   asia    pol
admix  0.0  0.198  0.334  0.468
        afr       eur     asia       pol
ns   0.0001  0.000075  0.00004  0.000064
grs  0.0000  0.000000  0.00000  0.000000

[phase from 411.0 to 1040.0]
      afr  eur  asia
afr     1    0     0
eur     0    1     0
asia    0    0     1
pol     0    0     1
        afr       eur     asia
ns   0.0001  0.000075  0.00037
grs  0.0000  0.000000  0.00000

[phase from 1040.0 to 2004.0]
      afr  eur
afr     1    0
eur     0    1
asia    0    1
        afr       eur
ns   0.0001  0.000405
grs  0.0000  0.000000

[phase from 2004.0 to inf]
     A
afr  1
eur  1
            A
ns   0.000375
grs  0.000000

2026-09-23 06:41:16,721 - INFO - Starting glike optimization.
{'t1': 10, 't2': 50, 't3': 100, 'N_anc': 10000, 'N_yri': 10000, 'N_ooa': 10000, 'N_ceu': 10000, 'N_chb': 10000, 'gr_ceu': 0.1, 'gr_chb': 0.1, 'm_yri_ooa': 0.0, 'm_yri_ceu': 0.0, 'm_yri_chb': 0.0, 'm_ceu_chb': 0.0} -96342.40048020388
 
x_up: {'t1': 10.9, 't2': 50, 't3': 100, 'N_anc': 10000, 'N_yri': 10000, 'N_ooa': 10000, 'N_ceu': 10000, 'N_chb': 10000, 'gr_ceu': 0.1, 'gr_chb': 0.1, 'm_yri_ooa': 0.0, 'm_yri_ceu': 0.0, 'm_yri_chb': 0.0, 'm_ceu_chb': 0.0} -96876.41547099571
x: {'t1': 10, 't2': 50, 't3': 100, 'N_anc': 10000, 'N_yri': 10000, 'N_ooa': 10000, 'N_ceu': 10000, 'N_chb': 10000, 'gr_ceu': 0.1, 'gr_chb': 0.1, 'm_yri_ooa': 0.0, 'm_yri_ceu': 0.0, 'm_yri_chb': 0.0, 'm_ceu_chb': 0.0} -96342.40048020388
x_down: {'t1': 9.1, 't2': 50, 't3': 100, 'N_anc': 10000, 'N_yri': 10000, 'N_ooa': 10000, 'N_ceu': 10000, 'N_chb': 10000, 'gr_ceu': 0.1, 'gr_chb': 0.1, 'm_yri_ooa': 0.0, 'm_yri_ceu': 0.0, 'm_yri_chb': 0.0, 'm_ceu_chb': 0.0} -95775.48395100416
 
 
x_up: {'t1': 9.1, 't2': 54.09, 't3': 100, 'N_anc': 10000, 'N_yri': 10000, 'N_ooa': 10000, 'N_ceu': 10000, 'N_chb': 10000, 'gr_ceu': 0.1, 'gr_chb': 0.1, 'm_yri_ooa': 0.0, 'm_yri_ceu': 0.0, 'm_yri_chb': 0.0, 'm_ceu_chb': 0.0} -95780.26193916252
x: {'t1': 9.1, 't2': 50, 't3': 100, 'N_anc': 10000, 'N_yri': 10000, 'N_ooa': 10000, 'N_ceu': 10000, 'N_chb': 10000, 'gr_ceu': 0.1, 'gr_chb': 0.1, 'm_yri_ooa': 0.0, 'm_yri_ceu': 0.0, 'm_yri_chb': 0.0, 'm_ceu_chb': 0.0} -95775.48395100416
x_down: {'t1': 9.1, 't2': 45.91, 't3': 100, 'N_anc': 10000, 'N_yri': 10000, 'N_ooa': 10000, 'N_ceu': 10000, 'N_chb': 10000, 'gr_ceu': 0.1, 'gr_chb': 0.1, 'm_yri_ooa': 0.0, 'm_yri_ceu': 0.0, 'm_yri_chb': 0.0, 'm_ceu_chb': 0.0} -95707.12648381879
 
 
x_up: {'t1': 9.1, 't2': 45.91, 't3': 105.409, 'N_anc': 10000, 'N_yri': 10000, 'N_ooa': 10000, 'N_ceu': 10000, 'N_chb': 10000, 'gr_ceu': 0.1, 'gr_chb': 0.1, 'm_yri_ooa': 0.0, 'm_yri_ceu': 0.0, 'm_yri_chb': 0.0, 'm_ceu_chb': 0.0} -95707.12648381879
x: {'t1': 9.1, 't2': 45.91, 't3': 100, 'N_anc': 10000, 'N_yri': 10000, 'N_ooa': 10000, 'N_ceu': 10000, 'N_chb': 10000, 'gr_ceu': 0.1, 'gr_chb': 0.1, 'm_yri_ooa': 0.0, 'm_yri_ceu': 0.0, 'm_yri_chb': 0.0, 'm_ceu_chb': 0.0} -95707.12648381879
x_down: {'t1': 9.1, 't2': 45.91, 't3': 94.591, 'N_anc': 10000, 'N_yri': 10000, 'N_ooa': 10000, 'N_ceu': 10000, 'N_chb': 10000, 'gr_ceu': 0.1, 'gr_chb': 0.1, 'm_yri_ooa': 0.0, 'm_yri_ceu': 0.0, 'm_yri_chb': 0.0, 'm_ceu_chb': 0.0} -95707.12648381879
 
 
x_up: {'t1': 9.1, 't2': 45.91, 't3': 100, 'N_anc': 10990.0, 'N_yri': 10000, 'N_ooa': 10000, 'N_ceu': 10000, 'N_chb': 10000, 'gr_ceu': 0.1, 'gr_chb': 0.1, 'm_yri_ooa': 0.0, 'm_yri_ceu': 0.0, 'm_yri_chb': 0.0, 'm_ceu_chb': 0.0} -95722.43043734759
x: {'t1': 9.1, 't2': 45.91, 't3': 100, 'N_anc': 10000, 'N_yri': 10000, 'N_ooa': 10000, 'N_ceu': 10000, 'N_chb': 10000, 'gr_ceu': 0.1, 'gr_chb': 0.1, 'm_yri_ooa': 0.0, 'm_yri_ceu': 0.0, 'm_yri_chb': 0.0, 'm_ceu_chb': 0.0} -95707.12648381879
x_down: {'t1': 9.1, 't2': 45.91, 't3': 100, 'N_anc': 9010.0, 'N_yri': 10000, 'N_ooa': 10000, 'N_ceu': 10000, 'N_chb': 10000, 'gr_ceu': 0.1, 'gr_chb': 0.1, 'm_yri_ooa': 0.0, 'm_yri_ceu': 0.0, 'm_yri_chb': 0.0, 'm_ceu_chb': 0.0} -95690.31167525836
 
 
x_up: {'t1': 9.1, 't2': 45.91, 't3': 100, 'N_anc': 9010.0, 'N_yri': 10990.0, 'N_ooa': 10000, 'N_ceu': 10000, 'N_chb': 10000, 'gr_ceu': 0.1, 'gr_chb': 0.1, 'm_yri_ooa': 0.0, 'm_yri_ceu': 0.0, 'm_yri_chb': 0.0, 'm_ceu_chb': 0.0} -95846.45977573666
x: {'t1': 9.1, 't2': 45.91, 't3': 100, 'N_anc': 9010.0, 'N_yri': 10000, 'N_ooa': 10000, 'N_ceu': 10000, 'N_chb': 10000, 'gr_ceu': 0.1, 'gr_chb': 0.1, 'm_yri_ooa': 0.0, 'm_yri_ceu': 0.0, 'm_yri_chb': 0.0, 'm_ceu_chb': 0.0} -95690.31167525836
x_down: {'t1': 9.1, 't2': 45.91, 't3': 100, 'N_anc': 9010.0, 'N_yri': 9010.0, 'N_ooa': 10000, 'N_ceu': 10000, 'N_chb': 10000, 'gr_ceu': 0.1, 'gr_chb': 0.1, 'm_yri_ooa': 0.0, 'm_yri_ceu': 0.0, 'm_yri_chb': 0.0, 'm_ceu_chb': 0.0} -95511.63930830821
 
 
x_up: {'t1': 9.1, 't2': 45.91, 't3': 100, 'N_anc': 9010.0, 'N_yri': 9010.0, 'N_ooa': 10990.0, 'N_ceu': 10000, 'N_chb': 10000, 'gr_ceu': 0.1, 'gr_chb': 0.1, 'm_yri_ooa': 0.0, 'm_yri_ceu': 0.0, 'm_yri_chb': 0.0, 'm_ceu_chb': 0.0} -95631.42117292296
x: {'t1': 9.1, 't2': 45.91, 't3': 100, 'N_anc': 9010.0, 'N_yri': 9010.0, 'N_ooa': 10000, 'N_ceu': 10000, 'N_chb': 10000, 'gr_ceu': 0.1, 'gr_chb': 0.1, 'm_yri_ooa': 0.0, 'm_yri_ceu': 0.0, 'm_yri_chb': 0.0, 'm_ceu_chb': 0.0} -95511.63930830821
x_down: {'t1': 9.1, 't2': 45.91, 't3': 100, 'N_anc': 9010.0, 'N_yri': 9010.0, 'N_ooa': 9010.0, 'N_ceu': 10000, 'N_chb': 10000, 'gr_ceu': 0.1, 'gr_chb': 0.1, 'm_yri_ooa': 0.0, 'm_yri_ceu': 0.0, 'm_yri_chb': 0.0, 'm_ceu_chb': 0.0} -95371.01485021775
 
 
x_up: {'t1': 9.1, 't2': 45.91, 't3': 100, 'N_anc': 9010.0, 'N_yri': 9010.0, 'N_ooa': 9010.0, 'N_ceu': 10990.0, 'N_chb': 10000, 'gr_ceu': 0.1, 'gr_chb': 0.1, 'm_yri_ooa': 0.0, 'm_yri_ceu': 0.0, 'm_yri_chb': 0.0, 'm_ceu_chb': 0.0} -95634.4494406334
x: {'t1': 9.1, 't2': 45.91, 't3': 100, 'N_anc': 9010.0, 'N_yri': 9010.0, 'N_ooa': 9010.0, 'N_ceu': 10000, 'N_chb': 10000, 'gr_ceu': 0.1, 'gr_chb': 0.1, 'm_yri_ooa': 0.0, 'm_yri_ceu': 0.0, 'm_yri_chb': 0.0, 'm_ceu_chb': 0.0} -95371.01485021775
x_down: {'t1': 9.1, 't2': 45.91, 't3': 100, 'N_anc': 9010.0, 'N_yri': 9010.0, 'N_ooa': 9010.0, 'N_ceu': 9010.0, 'N_chb': 10000, 'gr_ceu': 0.1, 'gr_chb': 0.1, 'm_yri_ooa': 0.0, 'm_yri_ceu': 0.0, 'm_yri_chb': 0.0, 'm_ceu_chb': 0.0} -94973.19844444694
 
 
x_up: {'t1': 9.1, 't2': 45.91, 't3': 100, 'N_anc': 9010.0, 'N_yri': 9010.0, 'N_ooa': 9010.0, 'N_ceu': 9010.0, 'N_chb': 10990.0, 'gr_ceu': 0.1, 'gr_chb': 0.1, 'm_yri_ooa': 0.0, 'm_yri_ceu': 0.0, 'm_yri_chb': 0.0, 'm_ceu_chb': 0.0} -95179.91315650234
x: {'t1': 9.1, 't2': 45.91, 't3': 100, 'N_anc': 9010.0, 'N_yri': 9010.0, 'N_ooa': 9010.0, 'N_ceu': 9010.0, 'N_chb': 10000, 'gr_ceu': 0.1, 'gr_chb': 0.1, 'm_yri_ooa': 0.0, 'm_yri_ceu': 0.0, 'm_yri_chb': 0.0, 'm_ceu_chb': 0.0} -94973.19844444694
x_down: {'t1': 9.1, 't2': 45.91, 't3': 100, 'N_anc': 9010.0, 'N_yri': 9010.0, 'N_ooa': 9010.0, 'N_ceu': 9010.0, 'N_chb': 9010.0, 'gr_ceu': 0.1, 'gr_chb': 0.1, 'm_yri_ooa': 0.0, 'm_yri_ceu': 0.0, 'm_yri_chb': 0.0, 'm_ceu_chb': 0.0} -94691.05648122884
 
 
x_up: {'t1': 9.1, 't2': 45.91, 't3': 100, 'N_anc': 9010.0, 'N_yri': 9010.0, 'N_ooa': 9010.0, 'N_ceu': 9010.0, 'N_chb': 9010.0, 'gr_ceu': 0.11, 'gr_chb': 0.1, 'm_yri_ooa': 0.0, 'm_yri_ceu': 0.0, 'm_yri_chb': 0.0, 'm_ceu_chb': 0.0} -94890.56378772692
x: {'t1': 9.1, 't2': 45.91, 't3': 100, 'N_anc': 9010.0, 'N_yri': 9010.0, 'N_ooa': 9010.0, 'N_ceu': 9010.0, 'N_chb': 9010.0, 'gr_ceu': 0.1, 'gr_chb': 0.1, 'm_yri_ooa': 0.0, 'm_yri_ceu': 0.0, 'm_yri_chb': 0.0, 'm_ceu_chb': 0.0} -94691.05648122884
x_down: {'t1': 9.1, 't2': 45.91, 't3': 100, 'N_anc': 9010.0, 'N_yri': 9010.0, 'N_ooa': 9010.0, 'N_ceu': 9010.0, 'N_chb': 9010.0, 'gr_ceu': 0.09, 'gr_chb': 0.1, 'm_yri_ooa': 0.0, 'm_yri_ceu': 0.0, 'm_yri_chb': 0.0, 'm_ceu_chb': 0.0} -94440.28689347005
 
 
x_up: {'t1': 9.1, 't2': 45.91, 't3': 100, 'N_anc': 9010.0, 'N_yri': 9010.0, 'N_ooa': 9010.0, 'N_ceu': 9010.0, 'N_chb': 9010.0, 'gr_ceu': 0.09, 'gr_chb': 0.11, 'm_yri_ooa': 0.0, 'm_yri_ceu': 0.0, 'm_yri_chb': 0.0, 'm_ceu_chb': 0.0} -94598.80535995871
x: {'t1': 9.1, 't2': 45.91, 't3': 100, 'N_anc': 9010.0, 'N_yri': 9010.0, 'N_ooa': 9010.0, 'N_ceu': 9010.0, 'N_chb': 9010.0, 'gr_ceu': 0.09, 'gr_chb': 0.1, 'm_yri_ooa': 0.0, 'm_yri_ceu': 0.0, 'm_yri_chb': 0.0, 'm_ceu_chb': 0.0} -94440.28689347005
x_down: {'t1': 9.1, 't2': 45.91, 't3': 100, 'N_anc': 9010.0, 'N_yri': 9010.0, 'N_ooa': 9010.0, 'N_ceu': 9010.0, 'N_chb': 9010.0, 'gr_ceu': 0.09, 'gr_chb': 0.09, 'm_yri_ooa': 0.0, 'm_yri_ceu': 0.0, 'm_yri_chb': 0.0, 'm_ceu_chb': 0.0} -94244.44494990374
 
 
x_up: {'t1': 9.1, 't2': 45.91, 't3': 100, 'N_anc': 9010.0, 'N_yri': 9010.0, 'N_ooa': 9010.0, 'N_ceu': 9010.0, 'N_chb': 9010.0, 'gr_ceu': 0.09, 'gr_chb': 0.09, 'm_yri_ooa': 0.0, 'm_yri_ceu': 0.0, 'm_yri_chb': 0.0, 'm_ceu_chb': 0.0} -94244.44494990374
x: {'t1': 9.1, 't2': 45.91, 't3': 100, 'N_anc': 9010.0, 'N_yri': 9010.0, 'N_ooa': 9010.0, 'N_ceu': 9010.0, 'N_chb': 9010.0, 'gr_ceu': 0.09, 'gr_chb': 0.09, 'm_yri_ooa': 0.0, 'm_yri_ceu': 0.0, 'm_yri_chb': 0.0, 'm_ceu_chb': 0.0} -94244.44494990374
x_down: {'t1': 9.1, 't2': 45.91, 't3': 100, 'N_anc': 9010.0, 'N_yri': 9010.0, 'N_ooa': 9010.0, 'N_ceu': 9010.0, 'N_chb': 9010.0, 'gr_ceu': 0.09, 'gr_chb': 0.09, 'm_yri_ooa': 1e-05, 'm_yri_ceu': 0.0, 'm_yri_chb': 0.0, 'm_ceu_chb': 0.0} -94156.44121993014
 
 
x_up: {'t1': 9.1, 't2': 45.91, 't3': 100, 'N_anc': 9010.0, 'N_yri': 9010.0, 'N_ooa': 9010.0, 'N_ceu': 9010.0, 'N_chb': 9010.0, 'gr_ceu': 0.09, 'gr_chb': 0.09, 'm_yri_ooa': 1e-05, 'm_yri_ceu': 0.0, 'm_yri_chb': 0.0, 'm_ceu_chb': 0.0} -94156.44121993014
x: {'t1': 9.1, 't2': 45.91, 't3': 100, 'N_anc': 9010.0, 'N_yri': 9010.0, 'N_ooa': 9010.0, 'N_ceu': 9010.0, 'N_chb': 9010.0, 'gr_ceu': 0.09, 'gr_chb': 0.09, 'm_yri_ooa': 1e-05, 'm_yri_ceu': 0.0, 'm_yri_chb': 0.0, 'm_ceu_chb': 0.0} -94156.44121993014
x_down: {'t1': 9.1, 't2': 45.91, 't3': 100, 'N_anc': 9010.0, 'N_yri': 9010.0, 'N_ooa': 9010.0, 'N_ceu': 9010.0, 'N_chb': 9010.0, 'gr_ceu': 0.09, 'gr_chb': 0.09, 'm_yri_ooa': 1e-05, 'm_yri_ceu': 1e-05, 'm_yri_chb': 0.0, 'm_ceu_chb': 0.0} -94156.44121992818
 
 
x_up: {'t1': 9.1, 't2': 45.91, 't3': 100, 'N_anc': 9010.0, 'N_yri': 9010.0, 'N_ooa': 9010.0, 'N_ceu': 9010.0, 'N_chb': 9010.0, 'gr_ceu': 0.09, 'gr_chb': 0.09, 'm_yri_ooa': 1e-05, 'm_yri_ceu': 1e-05, 'm_yri_chb': 0.0, 'm_ceu_chb': 0.0} -94156.44121992818
x: {'t1': 9.1, 't2': 45.91, 't3': 100, 'N_anc': 9010.0, 'N_yri': 9010.0, 'N_ooa': 9010.0, 'N_ceu': 9010.0, 'N_chb': 9010.0, 'gr_ceu': 0.09, 'gr_chb': 0.09, 'm_yri_ooa': 1e-05, 'm_yri_ceu': 1e-05, 'm_yri_chb': 0.0, 'm_ceu_chb': 0.0} -94156.44121992818
x_down: {'t1': 9.1, 't2': 45.91, 't3': 100, 'N_anc': 9010.0, 'N_yri': 9010.0, 'N_ooa': 9010.0, 'N_ceu': 9010.0, 'N_chb': 9010.0, 'gr_ceu': 0.09, 'gr_chb': 0.09, 'm_yri_ooa': 1e-05, 'm_yri_ceu': 1e-05, 'm_yri_chb': 1e-05, 'm_ceu_chb': 0.0} -94156.44121992879
 
 
x_up: {'t1': 9.1, 't2': 45.91, 't3': 100, 'N_anc': 9010.0, 'N_yri': 9010.0, 'N_ooa': 9010.0, 'N_ceu': 9010.0, 'N_chb': 9010.0, 'gr_ceu': 0.09, 'gr_chb': 0.09, 'm_yri_ooa': 1e-05, 'm_yri_ceu': 1e-05, 'm_yri_chb': 0.0, 'm_ceu_chb': 0.0} -94156.44121992818
x: {'t1': 9.1, 't2': 45.91, 't3': 100, 'N_anc': 9010.0, 'N_yri': 9010.0, 'N_ooa': 9010.0, 'N_ceu': 9010.0, 'N_chb': 9010.0, 'gr_ceu': 0.09, 'gr_chb': 0.09, 'm_yri_ooa': 1e-05, 'm_yri_ceu': 1e-05, 'm_yri_chb': 0.0, 'm_ceu_chb': 0.0} -94156.44121992818
x_down: {'t1': 9.1, 't2': 45.91, 't3': 100, 'N_anc': 9010.0, 'N_yri': 9010.0, 'N_ooa': 9010.0, 'N_ceu': 9010.0, 'N_chb': 9010.0, 'gr_ceu': 0.09, 'gr_chb': 0.09, 'm_yri_ooa': 1e-05, 'm_yri_ceu': 1e-05, 'm_yri_chb': 0.0, 'm_ceu_chb': 1e-05} -94156.44121992806
 
{'t1': 9.1, 't2': 45.91, 't3': 100, 'N_anc': 9010.0, 'N_yri': 9010.0, 'N_ooa': 9010.0, 'N_ceu': 9010.0, 'N_chb': 9010.0, 'gr_ceu': 0.09, 'gr_chb': 0.09, 'm_yri_ooa': 1e-05, 'm_yri_ceu': 1e-05, 'm_yri_chb': 0.0, 'm_ceu_chb': 1e-05} -94156.44121992806
 
x_up: {'t1': 10.315, 't2': 45.91, 't3': 100, 'N_anc': 9010.0, 'N_yri': 9010.0, 'N_ooa': 9010.0, 'N_ceu': 9010.0, 'N_chb': 9010.0, 'gr_ceu': 0.09, 'gr_chb': 0.09, 'm_yri_ooa': 1e-05, 'm_yri_ceu': 1e-05, 'm_yri_chb': 0.0, 'm_ceu_chb': 1e-05} -94742.59702935856
x: {'t1': 9.1, 't2': 45.91, 't3': 100, 'N_anc': 9010.0, 'N_yri': 9010.0, 'N_ooa': 9010.0, 'N_ceu': 9010.0, 'N_chb': 9010.0, 'gr_ceu': 0.09, 'gr_chb': 0.09, 'm_yri_ooa': 1e-05, 'm_yri_ceu': 1e-05, 'm_yri_chb': 0.0, 'm_ceu_chb': 1e-05} -94156.44121992806
x_down: {'t1': 7.885, 't2': 45.91, 't3': 100, 'N_anc': 9010.0, 'N_yri': 9010.0, 'N_ooa': 9010.0, 'N_ceu': 9010.0, 'N_chb': 9010.0, 'gr_ceu': 0.09, 'gr_chb': 0.09, 'm_yri_ooa': 1e-05, 'm_yri_ceu': 1e-05, 'm_yri_chb': 0.0, 'm_ceu_chb': 1e-05} -93444.68849773741
 
 
x_up: {'t1': 7.885, 't2': 51.61375, 't3': 100, 'N_anc': 9010.0, 'N_yri': 9010.0, 'N_ooa': 9010.0, 'N_ceu': 9010.0, 'N_chb': 9010.0, 'gr_ceu': 0.09, 'gr_chb': 0.09, 'm_yri_ooa': 1e-05, 'm_yri_ceu': 1e-05, 'm_yri_chb': 0.0, 'm_ceu_chb': 1e-05} -93504.46403571546
x: {'t1': 7.885, 't2': 45.91, 't3': 100, 'N_anc': 9010.0, 'N_yri': 9010.0, 'N_ooa': 9010.0, 'N_ceu': 9010.0, 'N_chb': 9010.0, 'gr_ceu': 0.09, 'gr_chb': 0.09, 'm_yri_ooa': 1e-05, 'm_yri_ceu': 1e-05, 'm_yri_chb': 0.0, 'm_ceu_chb': 1e-05} -93444.68849773741
x_down: {'t1': 7.885, 't2': 40.20625, 't3': 100, 'N_anc': 9010.0, 'N_yri': 9010.0, 'N_ooa': 9010.0, 'N_ceu': 9010.0, 'N_chb': 9010.0, 'gr_ceu': 0.09, 'gr_chb': 0.09, 'm_yri_ooa': 1e-05, 'm_yri_ceu': 1e-05, 'm_yri_chb': 0.0, 'm_ceu_chb': 1e-05} -93286.99897236176
 
 
x_up: {'t1': 7.885, 't2': 40.20625, 't3': 102.98969, 'N_anc': 9010.0, 'N_yri': 9010.0, 'N_ooa': 9010.0, 'N_ceu': 9010.0, 'N_chb': 9010.0, 'gr_ceu': 0.09, 'gr_chb': 0.09, 'm_yri_ooa': 1e-05, 'm_yri_ceu': 1e-05, 'm_yri_chb': 0.0, 'm_ceu_chb': 1e-05} -93286.99897236176
x: {'t1': 7.885, 't2': 40.20625, 't3': 100, 'N_anc': 9010.0, 'N_yri': 9010.0, 'N_ooa': 9010.0, 'N_ceu': 9010.0, 'N_chb': 9010.0, 'gr_ceu': 0.09, 'gr_chb': 0.09, 'm_yri_ooa': 1e-05, 'm_yri_ceu': 1e-05, 'm_yri_chb': 0.0, 'm_ceu_chb': 1e-05} -93286.99897236176
x_down: {'t1': 7.885, 't2': 40.20625, 't3': 97.01031, 'N_anc': 9010.0, 'N_yri': 9010.0, 'N_ooa': 9010.0, 'N_ceu': 9010.0, 'N_chb': 9010.0, 'gr_ceu': 0.09, 'gr_chb': 0.09, 'm_yri_ooa': 1e-05, 'm_yri_ceu': 1e-05, 'm_yri_chb': 0.0, 'm_ceu_chb': 1e-05} -93286.99897236176
 
 
x_up: {'t1': 7.885, 't2': 40.20625, 't3': 100, 'N_anc': 10346.5, 'N_yri': 9010.0, 'N_ooa': 9010.0, 'N_ceu': 9010.0, 'N_chb': 9010.0, 'gr_ceu': 0.09, 'gr_chb': 0.09, 'm_yri_ooa': 1e-05, 'm_yri_ceu': 1e-05, 'm_yri_chb': 0.0, 'm_ceu_chb': 1e-05} -93309.32787029177
x: {'t1': 7.885, 't2': 40.20625, 't3': 100, 'N_anc': 9010.0, 'N_yri': 9010.0, 'N_ooa': 9010.0, 'N_ceu': 9010.0, 'N_chb': 9010.0, 'gr_ceu': 0.09, 'gr_chb': 0.09, 'm_yri_ooa': 1e-05, 'm_yri_ceu': 1e-05, 'm_yri_chb': 0.0, 'm_ceu_chb': 1e-05} -93286.99897236176
x_down: {'t1': 7.885, 't2': 40.20625, 't3': 100, 'N_anc': 7673.5, 'N_yri': 9010.0, 'N_ooa': 9010.0, 'N_ceu': 9010.0, 'N_chb': 9010.0, 'gr_ceu': 0.09, 'gr_chb': 0.09, 'm_yri_ooa': 1e-05, 'm_yri_ceu': 1e-05, 'm_yri_chb': 0.0, 'm_ceu_chb': 1e-05} -93261.30030137047
 
 
x_up: {'t1': 7.885, 't2': 40.20625, 't3': 100, 'N_anc': 7673.5, 'N_yri': 10346.5, 'N_ooa': 9010.0, 'N_ceu': 9010.0, 'N_chb': 9010.0, 'gr_ceu': 0.09, 'gr_chb': 0.09, 'm_yri_ooa': 1e-05, 'm_yri_ceu': 1e-05, 'm_yri_chb': 0.0, 'm_ceu_chb': 1e-05} -93530.97298692357
x: {'t1': 7.885, 't2': 40.20625, 't3': 100, 'N_anc': 7673.5, 'N_yri': 9010.0, 'N_ooa': 9010.0, 'N_ceu': 9010.0, 'N_chb': 9010.0, 'gr_ceu': 0.09, 'gr_chb': 0.09, 'm_yri_ooa': 1e-05, 'm_yri_ceu': 1e-05, 'm_yri_chb': 0.0, 'm_ceu_chb': 1e-05} -93261.30030137047
x_down: {'t1': 7.885, 't2': 40.20625, 't3': 100, 'N_anc': 7673.5, 'N_yri': 7673.5, 'N_ooa': 9010.0, 'N_ceu': 9010.0, 'N_chb': 9010.0, 'gr_ceu': 0.09, 'gr_chb': 0.09, 'm_yri_ooa': 1e-05, 'm_yri_ceu': 1e-05, 'm_yri_chb': 0.0, 'm_ceu_chb': 1e-05} -92932.0349911616
 
 
x_up: {'t1': 7.885, 't2': 40.20625, 't3': 100, 'N_anc': 7673.5, 'N_yri': 7673.5, 'N_ooa': 10346.5, 'N_ceu': 9010.0, 'N_chb': 9010.0, 'gr_ceu': 0.09, 'gr_chb': 0.09, 'm_yri_ooa': 1e-05, 'm_yri_ceu': 1e-05, 'm_yri_chb': 0.0, 'm_ceu_chb': 1e-05} -93145.74064202963
x: {'t1': 7.885, 't2': 40.20625, 't3': 100, 'N_anc': 7673.5, 'N_yri': 7673.5, 'N_ooa': 9010.0, 'N_ceu': 9010.0, 'N_chb': 9010.0, 'gr_ceu': 0.09, 'gr_chb': 0.09, 'm_yri_ooa': 1e-05, 'm_yri_ceu': 1e-05, 'm_yri_chb': 0.0, 'm_ceu_chb': 1e-05} -92932.0349911616
x_down: {'t1': 7.885, 't2': 40.20625, 't3': 100, 'N_anc': 7673.5, 'N_yri': 7673.5, 'N_ooa': 7673.5, 'N_ceu': 9010.0, 'N_chb': 9010.0, 'gr_ceu': 0.09, 'gr_chb': 0.09, 'm_yri_ooa': 1e-05, 'm_yri_ceu': 1e-05, 'm_yri_chb': 0.0, 'm_ceu_chb': 1e-05} -92692.9060401796
 
 
x_up: {'t1': 7.885, 't2': 40.20625, 't3': 100, 'N_anc': 7673.5, 'N_yri': 7673.5, 'N_ooa': 7673.5, 'N_ceu': 10346.5, 'N_chb': 9010.0, 'gr_ceu': 0.09, 'gr_chb': 0.09, 'm_yri_ooa': 1e-05, 'm_yri_ceu': 1e-05, 'm_yri_chb': 0.0, 'm_ceu_chb': 1e-05} -93066.32700334342
x: {'t1': 7.885, 't2': 40.20625, 't3': 100, 'N_anc': 7673.5, 'N_yri': 7673.5, 'N_ooa': 7673.5, 'N_ceu': 9010.0, 'N_chb': 9010.0, 'gr_ceu': 0.09, 'gr_chb': 0.09, 'm_yri_ooa': 1e-05, 'm_yri_ceu': 1e-05, 'm_yri_chb': 0.0, 'm_ceu_chb': 1e-05} -92692.9060401796
x_down: {'t1': 7.885, 't2': 40.20625, 't3': 100, 'N_anc': 7673.5, 'N_yri': 7673.5, 'N_ooa': 7673.5, 'N_ceu': 7673.5, 'N_chb': 9010.0, 'gr_ceu': 0.09, 'gr_chb': 0.09, 'm_yri_ooa': 1e-05, 'm_yri_ceu': 1e-05, 'm_yri_chb': 0.0, 'm_ceu_chb': 1e-05} -92169.22879460556
 
 
x_up: {'t1': 7.885, 't2': 40.20625, 't3': 100, 'N_anc': 7673.5, 'N_yri': 7673.5, 'N_ooa': 7673.5, 'N_ceu': 7673.5, 'N_chb': 10346.5, 'gr_ceu': 0.09, 'gr_chb': 0.09, 'm_yri_ooa': 1e-05, 'm_yri_ceu': 1e-05, 'm_yri_chb': 0.0, 'm_ceu_chb': 1e-05} -92465.19903831084
x: {'t1': 7.885, 't2': 40.20625, 't3': 100, 'N_anc': 7673.5, 'N_yri': 7673.5, 'N_ooa': 7673.5, 'N_ceu': 7673.5, 'N_chb': 9010.0, 'gr_ceu': 0.09, 'gr_chb': 0.09, 'm_yri_ooa': 1e-05, 'm_yri_ceu': 1e-05, 'm_yri_chb': 0.0, 'm_ceu_chb': 1e-05} -92169.22879460556
x_down: {'t1': 7.885, 't2': 40.20625, 't3': 100, 'N_anc': 7673.5, 'N_yri': 7673.5, 'N_ooa': 7673.5, 'N_ceu': 7673.5, 'N_chb': 7673.5, 'gr_ceu': 0.09, 'gr_chb': 0.09, 'm_yri_ooa': 1e-05, 'm_yri_ceu': 1e-05, 'm_yri_chb': 0.0, 'm_ceu_chb': 1e-05} -91732.4940313477
 
 
x_up: {'t1': 7.885, 't2': 40.20625, 't3': 100, 'N_anc': 7673.5, 'N_yri': 7673.5, 'N_ooa': 7673.5, 'N_ceu': 7673.5, 'N_chb': 7673.5, 'gr_ceu': 0.1035, 'gr_chb': 0.09, 'm_yri_ooa': 1e-05, 'm_yri_ceu': 1e-05, 'm_yri_chb': 0.0, 'm_ceu_chb': 1e-05} -91950.74132684112
x: {'t1': 7.885, 't2': 40.20625, 't3': 100, 'N_anc': 7673.5, 'N_yri': 7673.5, 'N_ooa': 7673.5, 'N_ceu': 7673.5, 'N_chb': 7673.5, 'gr_ceu': 0.09, 'gr_chb': 0.09, 'm_yri_ooa': 1e-05, 'm_yri_ceu': 1e-05, 'm_yri_chb': 0.0, 'm_ceu_chb': 1e-05} -91732.4940313477
x_down: {'t1': 7.885, 't2': 40.20625, 't3': 100, 'N_anc': 7673.5, 'N_yri': 7673.5, 'N_ooa': 7673.5, 'N_ceu': 7673.5, 'N_chb': 7673.5, 'gr_ceu': 0.0765, 'gr_chb': 0.09, 'm_yri_ooa': 1e-05, 'm_yri_ceu': 1e-05, 'm_yri_chb': 0.0, 'm_ceu_chb': 1e-05} -91484.06672289081
 
 
x_up: {'t1': 7.885, 't2': 40.20625, 't3': 100, 'N_anc': 7673.5, 'N_yri': 7673.5, 'N_ooa': 7673.5, 'N_ceu': 7673.5, 'N_chb': 7673.5, 'gr_ceu': 0.0765, 'gr_chb': 0.1035, 'm_yri_ooa': 1e-05, 'm_yri_ceu': 1e-05, 'm_yri_chb': 0.0, 'm_ceu_chb': 1e-05} -91682.4255560475
x: {'t1': 7.885, 't2': 40.20625, 't3': 100, 'N_anc': 7673.5, 'N_yri': 7673.5, 'N_ooa': 7673.5, 'N_ceu': 7673.5, 'N_chb': 7673.5, 'gr_ceu': 0.0765, 'gr_chb': 0.09, 'm_yri_ooa': 1e-05, 'm_yri_ceu': 1e-05, 'm_yri_chb': 0.0, 'm_ceu_chb': 1e-05} -91484.06672289081
x_down: {'t1': 7.885, 't2': 40.20625, 't3': 100, 'N_anc': 7673.5, 'N_yri': 7673.5, 'N_ooa': 7673.5, 'N_ceu': 7673.5, 'N_chb': 7673.5, 'gr_ceu': 0.0765, 'gr_chb': 0.0765, 'm_yri_ooa': 1e-05, 'm_yri_ceu': 1e-05, 'm_yri_chb': 0.0, 'm_ceu_chb': 1e-05} -91263.59426550404
 
 
x_up: {'t1': 7.885, 't2': 40.20625, 't3': 100, 'N_anc': 7673.5, 'N_yri': 7673.5, 'N_ooa': 7673.5, 'N_ceu': 7673.5, 'N_chb': 7673.5, 'gr_ceu': 0.0765, 'gr_chb': 0.0765, 'm_yri_ooa': 0.0, 'm_yri_ceu': 1e-05, 'm_yri_chb': 0.0, 'm_ceu_chb': 1e-05} -91311.80687215828
x: {'t1': 7.885, 't2': 40.20625, 't3': 100, 'N_anc': 7673.5, 'N_yri': 7673.5, 'N_ooa': 7673.5, 'N_ceu': 7673.5, 'N_chb': 7673.5, 'gr_ceu': 0.0765, 'gr_chb': 0.0765, 'm_yri_ooa': 1e-05, 'm_yri_ceu': 1e-05, 'm_yri_chb': 0.0, 'm_ceu_chb': 1e-05} -91263.59426550404
x_down: {'t1': 7.885, 't2': 40.20625, 't3': 100, 'N_anc': 7673.5, 'N_yri': 7673.5, 'N_ooa': 7673.5, 'N_ceu': 7673.5, 'N_chb': 7673.5, 'gr_ceu': 0.0765, 'gr_chb': 0.0765, 'm_yri_ooa': 1e-05, 'm_yri_ceu': 1e-05, 'm_yri_chb': 0.0, 'm_ceu_chb': 1e-05} -91263.59426550404
 
 
x_up: {'t1': 7.885, 't2': 40.20625, 't3': 100, 'N_anc': 7673.5, 'N_yri': 7673.5, 'N_ooa': 7673.5, 'N_ceu': 7673.5, 'N_chb': 7673.5, 'gr_ceu': 0.0765, 'gr_chb': 0.0765, 'm_yri_ooa': 1e-05, 'm_yri_ceu': 0.0, 'm_yri_chb': 0.0, 'm_ceu_chb': 1e-05} -91263.59426550406
x: {'t1': 7.885, 't2': 40.20625, 't3': 100, 'N_anc': 7673.5, 'N_yri': 7673.5, 'N_ooa': 7673.5, 'N_ceu': 7673.5, 'N_chb': 7673.5, 'gr_ceu': 0.0765, 'gr_chb': 0.0765, 'm_yri_ooa': 1e-05, 'm_yri_ceu': 1e-05, 'm_yri_chb': 0.0, 'm_ceu_chb': 1e-05} -91263.59426550404
x_down: {'t1': 7.885, 't2': 40.20625, 't3': 100, 'N_anc': 7673.5, 'N_yri': 7673.5, 'N_ooa': 7673.5, 'N_ceu': 7673.5, 'N_chb': 7673.5, 'gr_ceu': 0.0765, 'gr_chb': 0.0765, 'm_yri_ooa': 1e-05, 'm_yri_ceu': 1e-05, 'm_yri_chb': 0.0, 'm_ceu_chb': 1e-05} -91263.59426550404
 
 
x_up: {'t1': 7.885, 't2': 40.20625, 't3': 100, 'N_anc': 7673.5, 'N_yri': 7673.5, 'N_ooa': 7673.5, 'N_ceu': 7673.5, 'N_chb': 7673.5, 'gr_ceu': 0.0765, 'gr_chb': 0.0765, 'm_yri_ooa': 1e-05, 'm_yri_ceu': 1e-05, 'm_yri_chb': 0.0, 'm_ceu_chb': 1e-05} -91263.59426550404
x: {'t1': 7.885, 't2': 40.20625, 't3': 100, 'N_anc': 7673.5, 'N_yri': 7673.5, 'N_ooa': 7673.5, 'N_ceu': 7673.5, 'N_chb': 7673.5, 'gr_ceu': 0.0765, 'gr_chb': 0.0765, 'm_yri_ooa': 1e-05, 'm_yri_ceu': 1e-05, 'm_yri_chb': 0.0, 'm_ceu_chb': 1e-05} -91263.59426550404
x_down: {'t1': 7.885, 't2': 40.20625, 't3': 100, 'N_anc': 7673.5, 'N_yri': 7673.5, 'N_ooa': 7673.5, 'N_ceu': 7673.5, 'N_chb': 7673.5, 'gr_ceu': 0.0765, 'gr_chb': 0.0765, 'm_yri_ooa': 1e-05, 'm_yri_ceu': 1e-05, 'm_yri_chb': 1e-05, 'm_ceu_chb': 1e-05} -91263.59426550395
 
 
x_up: {'t1': 7.885, 't2': 40.20625, 't3': 100, 'N_anc': 7673.5, 'N_yri': 7673.5, 'N_ooa': 7673.5, 'N_ceu': 7673.5, 'N_chb': 7673.5, 'gr_ceu': 0.0765, 'gr_chb': 0.0765, 'm_yri_ooa': 1e-05, 'm_yri_ceu': 1e-05, 'm_yri_chb': 1e-05, 'm_ceu_chb': 0.0} -91263.59426550448
x: {'t1': 7.885, 't2': 40.20625, 't3': 100, 'N_anc': 7673.5, 'N_yri': 7673.5, 'N_ooa': 7673.5, 'N_ceu': 7673.5, 'N_chb': 7673.5, 'gr_ceu': 0.0765, 'gr_chb': 0.0765, 'm_yri_ooa': 1e-05, 'm_yri_ceu': 1e-05, 'm_yri_chb': 1e-05, 'm_ceu_chb': 1e-05} -91263.59426550395
x_down: {'t1': 7.885, 't2': 40.20625, 't3': 100, 'N_anc': 7673.5, 'N_yri': 7673.5, 'N_ooa': 7673.5, 'N_ceu': 7673.5, 'N_chb': 7673.5, 'gr_ceu': 0.0765, 'gr_chb': 0.0765, 'm_yri_ooa': 1e-05, 'm_yri_ceu': 1e-05, 'm_yri_chb': 1e-05, 'm_ceu_chb': 1e-05} -91263.59426550395
 
{'t1': 7.885, 't2': 40.20625, 't3': 100, 'N_anc': 7673.5, 'N_yri': 7673.5, 'N_ooa': 7673.5, 'N_ceu': 7673.5, 'N_chb': 7673.5, 'gr_ceu': 0.0765, 'gr_chb': 0.0765, 'm_yri_ooa': 1e-05, 'm_yri_ceu': 1e-05, 'm_yri_chb': 1e-05, 'm_ceu_chb': 1e-05} -91263.59426550395
 
x_up: {'t1': 9.43412, 't2': 40.20625, 't3': 100, 'N_anc': 7673.5, 'N_yri': 7673.5, 'N_ooa': 7673.5, 'N_ceu': 7673.5, 'N_chb': 7673.5, 'gr_ceu': 0.0765, 'gr_chb': 0.0765, 'm_yri_ooa': 1e-05, 'm_yri_ceu': 1e-05, 'm_yri_chb': 1e-05, 'm_ceu_chb': 1e-05} -91958.84041160779
x: {'t1': 7.885, 't2': 40.20625, 't3': 100, 'N_anc': 7673.5, 'N_yri': 7673.5, 'N_ooa': 7673.5, 'N_ceu': 7673.5, 'N_chb': 7673.5, 'gr_ceu': 0.0765, 'gr_chb': 0.0765, 'm_yri_ooa': 1e-05, 'm_yri_ceu': 1e-05, 'm_yri_chb': 1e-05, 'm_ceu_chb': 1e-05} -91263.59426550395
x_down: {'t1': 6.33587, 't2': 40.20625, 't3': 100, 'N_anc': 7673.5, 'N_yri': 7673.5, 'N_ooa': 7673.5, 'N_ceu': 7673.5, 'N_chb': 7673.5, 'gr_ceu': 0.0765, 'gr_chb': 0.0765, 'm_yri_ooa': 1e-05, 'm_yri_ceu': 1e-05, 'm_yri_chb': 1e-05, 'm_ceu_chb': 1e-05} -90421.5723625631
 
 
x_up: {'t1': 6.33587, 't2': 47.82709, 't3': 100, 'N_anc': 7673.5, 'N_yri': 7673.5, 'N_ooa': 7673.5, 'N_ceu': 7673.5, 'N_chb': 7673.5, 'gr_ceu': 0.0765, 'gr_chb': 0.0765, 'm_yri_ooa': 1e-05, 'm_yri_ceu': 1e-05, 'm_yri_chb': 1e-05, 'm_ceu_chb': 1e-05} -90529.33742559496
x: {'t1': 6.33587, 't2': 40.20625, 't3': 100, 'N_anc': 7673.5, 'N_yri': 7673.5, 'N_ooa': 7673.5, 'N_ceu': 7673.5, 'N_chb': 7673.5, 'gr_ceu': 0.0765, 'gr_chb': 0.0765, 'm_yri_ooa': 1e-05, 'm_yri_ceu': 1e-05, 'm_yri_chb': 1e-05, 'm_ceu_chb': 1e-05} -90421.5723625631
x_down: {'t1': 6.33587, 't2': 32.58541, 't3': 100, 'N_anc': 7673.5, 'N_yri': 7673.5, 'N_ooa': 7673.5, 'N_ceu': 7673.5, 'N_chb': 7673.5, 'gr_ceu': 0.0765, 'gr_chb': 0.0765, 'm_yri_ooa': 1e-05, 'm_yri_ceu': 1e-05, 'm_yri_chb': 1e-05, 'm_ceu_chb': 1e-05} -90310.37629576419
 
 
x_up: {'t1': 6.33587, 't2': 32.58541, 't3': 103.37073, 'N_anc': 7673.5, 'N_yri': 7673.5, 'N_ooa': 7673.5, 'N_ceu': 7673.5, 'N_chb': 7673.5, 'gr_ceu': 0.0765, 'gr_chb': 0.0765, 'm_yri_ooa': 1e-05, 'm_yri_ceu': 1e-05, 'm_yri_chb': 1e-05, 'm_ceu_chb': 1e-05} -90310.37629576419
x: {'t1': 6.33587, 't2': 32.58541, 't3': 100, 'N_anc': 7673.5, 'N_yri': 7673.5, 'N_ooa': 7673.5, 'N_ceu': 7673.5, 'N_chb': 7673.5, 'gr_ceu': 0.0765, 'gr_chb': 0.0765, 'm_yri_ooa': 1e-05, 'm_yri_ceu': 1e-05, 'm_yri_chb': 1e-05, 'm_ceu_chb': 1e-05} -90310.37629576419
x_down: {'t1': 6.33587, 't2': 32.58541, 't3': 96.62927, 'N_anc': 7673.5, 'N_yri': 7673.5, 'N_ooa': 7673.5, 'N_ceu': 7673.5, 'N_chb': 7673.5, 'gr_ceu': 0.0765, 'gr_chb': 0.0765, 'm_yri_ooa': 1e-05, 'm_yri_ceu': 1e-05, 'm_yri_chb': 1e-05, 'm_ceu_chb': 1e-05} -90310.37629576419
 
 
x_up: {'t1': 6.33587, 't2': 32.58541, 't3': 100, 'N_anc': 9377.5375, 'N_yri': 7673.5, 'N_ooa': 7673.5, 'N_ceu': 7673.5, 'N_chb': 7673.5, 'gr_ceu': 0.0765, 'gr_chb': 0.0765, 'm_yri_ooa': 1e-05, 'm_yri_ceu': 1e-05, 'm_yri_chb': 1e-05, 'm_ceu_chb': 1e-05} -90342.51257891807
x: {'t1': 6.33587, 't2': 32.58541, 't3': 100, 'N_anc': 7673.5, 'N_yri': 7673.5, 'N_ooa': 7673.5, 'N_ceu': 7673.5, 'N_chb': 7673.5, 'gr_ceu': 0.0765, 'gr_chb': 0.0765, 'm_yri_ooa': 1e-05, 'm_yri_ceu': 1e-05, 'm_yri_chb': 1e-05, 'm_ceu_chb': 1e-05} -90310.37629576419
x_down: {'t1': 6.33587, 't2': 32.58541, 't3': 100, 'N_anc': 5969.4625, 'N_yri': 7673.5, 'N_ooa': 7673.5, 'N_ceu': 7673.5, 'N_chb': 7673.5, 'gr_ceu': 0.0765, 'gr_chb': 0.0765, 'm_yri_ooa': 1e-05, 'm_yri_ceu': 1e-05, 'm_yri_chb': 1e-05, 'm_ceu_chb': 1e-05} -90270.75970853056
 
 
x_up: {'t1': 6.33587, 't2': 32.58541, 't3': 100, 'N_anc': 5969.4625, 'N_yri': 9377.5375, 'N_ooa': 7673.5, 'N_ceu': 7673.5, 'N_chb': 7673.5, 'gr_ceu': 0.0765, 'gr_chb': 0.0765, 'm_yri_ooa': 1e-05, 'm_yri_ceu': 1e-05, 'm_yri_chb': 1e-05, 'm_ceu_chb': 1e-05} -90616.22442109097
x: {'t1': 6.33587, 't2': 32.58541, 't3': 100, 'N_anc': 5969.4625, 'N_yri': 7673.5, 'N_ooa': 7673.5, 'N_ceu': 7673.5, 'N_chb': 7673.5, 'gr_ceu': 0.0765, 'gr_chb': 0.0765, 'm_yri_ooa': 1e-05, 'm_yri_ceu': 1e-05, 'm_yri_chb': 1e-05, 'm_ceu_chb': 1e-05} -90270.75970853056
x_down: {'t1': 6.33587, 't2': 32.58541, 't3': 100, 'N_anc': 5969.4625, 'N_yri': 5969.4625, 'N_ooa': 7673.5, 'N_ceu': 7673.5, 'N_chb': 7673.5, 'gr_ceu': 0.0765, 'gr_chb': 0.0765, 'm_yri_ooa': 1e-05, 'm_yri_ceu': 1e-05, 'm_yri_chb': 1e-05, 'm_ceu_chb': 1e-05} -89827.63590925318
 
 
x_up: {'t1': 6.33587, 't2': 32.58541, 't3': 100, 'N_anc': 5969.4625, 'N_yri': 5969.4625, 'N_ooa': 9377.5375, 'N_ceu': 7673.5, 'N_chb': 7673.5, 'gr_ceu': 0.0765, 'gr_chb': 0.0765, 'm_yri_ooa': 1e-05, 'm_yri_ceu': 1e-05, 'm_yri_chb': 1e-05, 'm_ceu_chb': 1e-05} -90177.72307053604
x: {'t1': 6.33587, 't2': 32.58541, 't3': 100, 'N_anc': 5969.4625, 'N_yri': 5969.4625, 'N_ooa': 7673.5, 'N_ceu': 7673.5, 'N_chb': 7673.5, 'gr_ceu': 0.0765, 'gr_chb': 0.0765, 'm_yri_ooa': 1e-05, 'm_yri_ceu': 1e-05, 'm_yri_chb': 1e-05, 'm_ceu_chb': 1e-05} -89827.63590925318
x_down: {'t1': 6.33587, 't2': 32.58541, 't3': 100, 'N_anc': 5969.4625, 'N_yri': 5969.4625, 'N_ooa': 5969.4625, 'N_ceu': 7673.5, 'N_chb': 7673.5, 'gr_ceu': 0.0765, 'gr_chb': 0.0765, 'm_yri_ooa': 1e-05, 'm_yri_ceu': 1e-05, 'm_yri_chb': 1e-05, 'm_ceu_chb': 1e-05} -89380.55330354575
 
 
x_up: {'t1': 6.33587, 't2': 32.58541, 't3': 100, 'N_anc': 5969.4625, 'N_yri': 5969.4625, 'N_ooa': 5969.4625, 'N_ceu': 9377.5375, 'N_chb': 7673.5, 'gr_ceu': 0.0765, 'gr_chb': 0.0765, 'm_yri_ooa': 1e-05, 'm_yri_ceu': 1e-05, 'm_yri_chb': 1e-05, 'm_ceu_chb': 1e-05} -89865.9998679681
x: {'t1': 6.33587, 't2': 32.58541, 't3': 100, 'N_anc': 5969.4625, 'N_yri': 5969.4625, 'N_ooa': 5969.4625, 'N_ceu': 7673.5, 'N_chb': 7673.5, 'gr_ceu': 0.0765, 'gr_chb': 0.0765, 'm_yri_ooa': 1e-05, 'm_yri_ceu': 1e-05, 'm_yri_chb': 1e-05, 'm_ceu_chb': 1e-05} -89380.55330354575
x_down: {'t1': 6.33587, 't2': 32.58541, 't3': 100, 'N_anc': 5969.4625, 'N_yri': 5969.4625, 'N_ooa': 5969.4625, 'N_ceu': 5969.4625, 'N_chb': 7673.5, 'gr_ceu': 0.0765, 'gr_chb': 0.0765, 'm_yri_ooa': 1e-05, 'm_yri_ceu': 1e-05, 'm_yri_chb': 1e-05, 'm_ceu_chb': 1e-05} -88520.80197011493
 
 
x_up: {'t1': 6.33587, 't2': 32.58541, 't3': 100, 'N_anc': 5969.4625, 'N_yri': 5969.4625, 'N_ooa': 5969.4625, 'N_ceu': 5969.4625, 'N_chb': 9377.5375, 'gr_ceu': 0.0765, 'gr_chb': 0.0765, 'm_yri_ooa': 1e-05, 'm_yri_ceu': 1e-05, 'm_yri_chb': 1e-05, 'm_ceu_chb': 1e-05} -88917.32502258309
x: {'t1': 6.33587, 't2': 32.58541, 't3': 100, 'N_anc': 5969.4625, 'N_yri': 5969.4625, 'N_ooa': 5969.4625, 'N_ceu': 5969.4625, 'N_chb': 7673.5, 'gr_ceu': 0.0765, 'gr_chb': 0.0765, 'm_yri_ooa': 1e-05, 'm_yri_ceu': 1e-05, 'm_yri_chb': 1e-05, 'm_ceu_chb': 1e-05} -88520.80197011493
x_down: {'t1': 6.33587, 't2': 32.58541, 't3': 100, 'N_anc': 5969.4625, 'N_yri': 5969.4625, 'N_ooa': 5969.4625, 'N_ceu': 5969.4625, 'N_chb': 5969.4625, 'gr_ceu': 0.0765, 'gr_chb': 0.0765, 'm_yri_ooa': 1e-05, 'm_yri_ceu': 1e-05, 'm_yri_chb': 1e-05, 'm_ceu_chb': 1e-05} -87937.09221469646
 
 
x_up: {'t1': 6.33587, 't2': 32.58541, 't3': 100, 'N_anc': 5969.4625, 'N_yri': 5969.4625, 'N_ooa': 5969.4625, 'N_ceu': 5969.4625, 'N_chb': 5969.4625, 'gr_ceu': 0.09371, 'gr_chb': 0.0765, 'm_yri_ooa': 1e-05, 'm_yri_ceu': 1e-05, 'm_yri_chb': 1e-05, 'm_ceu_chb': 1e-05} -88139.6231217666
x: {'t1': 6.33587, 't2': 32.58541, 't3': 100, 'N_anc': 5969.4625, 'N_yri': 5969.4625, 'N_ooa': 5969.4625, 'N_ceu': 5969.4625, 'N_chb': 5969.4625, 'gr_ceu': 0.0765, 'gr_chb': 0.0765, 'm_yri_ooa': 1e-05, 'm_yri_ceu': 1e-05, 'm_yri_chb': 1e-05, 'm_ceu_chb': 1e-05} -87937.09221469646
x_down: {'t1': 6.33587, 't2': 32.58541, 't3': 100, 'N_anc': 5969.4625, 'N_yri': 5969.4625, 'N_ooa': 5969.4625, 'N_ceu': 5969.4625, 'N_chb': 5969.4625, 'gr_ceu': 0.05929, 'gr_chb': 0.0765, 'm_yri_ooa': 1e-05, 'm_yri_ceu': 1e-05, 'm_yri_chb': 1e-05, 'm_ceu_chb': 1e-05} -87694.52564307257
 
 
x_up: {'t1': 6.33587, 't2': 32.58541, 't3': 100, 'N_anc': 5969.4625, 'N_yri': 5969.4625, 'N_ooa': 5969.4625, 'N_ceu': 5969.4625, 'N_chb': 5969.4625, 'gr_ceu': 0.05929, 'gr_chb': 0.09371, 'm_yri_ooa': 1e-05, 'm_yri_ceu': 1e-05, 'm_yri_chb': 1e-05, 'm_ceu_chb': 1e-05} -87870.81559534936
x: {'t1': 6.33587, 't2': 32.58541, 't3': 100, 'N_anc': 5969.4625, 'N_yri': 5969.4625, 'N_ooa': 5969.4625, 'N_ceu': 5969.4625, 'N_chb': 5969.4625, 'gr_ceu': 0.05929, 'gr_chb': 0.0765, 'm_yri_ooa': 1e-05, 'm_yri_ceu': 1e-05, 'm_yri_chb': 1e-05, 'm_ceu_chb': 1e-05} -87694.52564307257
x_down: {'t1': 6.33587, 't2': 32.58541, 't3': 100, 'N_anc': 5969.4625, 'N_yri': 5969.4625, 'N_ooa': 5969.4625, 'N_ceu': 5969.4625, 'N_chb': 5969.4625, 'gr_ceu': 0.05929, 'gr_chb': 0.05929, 'm_yri_ooa': 1e-05, 'm_yri_ceu': 1e-05, 'm_yri_chb': 1e-05, 'm_ceu_chb': 1e-05} -87486.42102600301
 
 
x_up: {'t1': 6.33587, 't2': 32.58541, 't3': 100, 'N_anc': 5969.4625, 'N_yri': 5969.4625, 'N_ooa': 5969.4625, 'N_ceu': 5969.4625, 'N_chb': 5969.4625, 'gr_ceu': 0.05929, 'gr_chb': 0.05929, 'm_yri_ooa': 0.0, 'm_yri_ceu': 1e-05, 'm_yri_chb': 1e-05, 'm_ceu_chb': 1e-05} -87491.81645149726
x: {'t1': 6.33587, 't2': 32.58541, 't3': 100, 'N_anc': 5969.4625, 'N_yri': 5969.4625, 'N_ooa': 5969.4625, 'N_ceu': 5969.4625, 'N_chb': 5969.4625, 'gr_ceu': 0.05929, 'gr_chb': 0.05929, 'm_yri_ooa': 1e-05, 'm_yri_ceu': 1e-05, 'm_yri_chb': 1e-05, 'm_ceu_chb': 1e-05} -87486.42102600301
x_down: {'t1': 6.33587, 't2': 32.58541, 't3': 100, 'N_anc': 5969.4625, 'N_yri': 5969.4625, 'N_ooa': 5969.4625, 'N_ceu': 5969.4625, 'N_chb': 5969.4625, 'gr_ceu': 0.05929, 'gr_chb': 0.05929, 'm_yri_ooa': 1e-05, 'm_yri_ceu': 1e-05, 'm_yri_chb': 1e-05, 'm_ceu_chb': 1e-05} -87486.42102600301
 
 
x_up: {'t1': 6.33587, 't2': 32.58541, 't3': 100, 'N_anc': 5969.4625, 'N_yri': 5969.4625, 'N_ooa': 5969.4625, 'N_ceu': 5969.4625, 'N_chb': 5969.4625, 'gr_ceu': 0.05929, 'gr_chb': 0.05929, 'm_yri_ooa': 1e-05, 'm_yri_ceu': 0.0, 'm_yri_chb': 1e-05, 'm_ceu_chb': 1e-05} -87486.42102600509
x: {'t1': 6.33587, 't2': 32.58541, 't3': 100, 'N_anc': 5969.4625, 'N_yri': 5969.4625, 'N_ooa': 5969.4625, 'N_ceu': 5969.4625, 'N_chb': 5969.4625, 'gr_ceu': 0.05929, 'gr_chb': 0.05929, 'm_yri_ooa': 1e-05, 'm_yri_ceu': 1e-05, 'm_yri_chb': 1e-05, 'm_ceu_chb': 1e-05} -87486.42102600301
x_down: {'t1': 6.33587, 't2': 32.58541, 't3': 100, 'N_anc': 5969.4625, 'N_yri': 5969.4625, 'N_ooa': 5969.4625, 'N_ceu': 5969.4625, 'N_chb': 5969.4625, 'gr_ceu': 0.05929, 'gr_chb': 0.05929, 'm_yri_ooa': 1e-05, 'm_yri_ceu': 1e-05, 'm_yri_chb': 1e-05, 'm_ceu_chb': 1e-05} -87486.42102600301
 
 
x_up: {'t1': 6.33587, 't2': 32.58541, 't3': 100, 'N_anc': 5969.4625, 'N_yri': 5969.4625, 'N_ooa': 5969.4625, 'N_ceu': 5969.4625, 'N_chb': 5969.4625, 'gr_ceu': 0.05929, 'gr_chb': 0.05929, 'm_yri_ooa': 1e-05, 'm_yri_ceu': 1e-05, 'm_yri_chb': 0.0, 'm_ceu_chb': 1e-05} -87486.42102600538
x: {'t1': 6.33587, 't2': 32.58541, 't3': 100, 'N_anc': 5969.4625, 'N_yri': 5969.4625, 'N_ooa': 5969.4625, 'N_ceu': 5969.4625, 'N_chb': 5969.4625, 'gr_ceu': 0.05929, 'gr_chb': 0.05929, 'm_yri_ooa': 1e-05, 'm_yri_ceu': 1e-05, 'm_yri_chb': 1e-05, 'm_ceu_chb': 1e-05} -87486.42102600301
x_down: {'t1': 6.33587, 't2': 32.58541, 't3': 100, 'N_anc': 5969.4625, 'N_yri': 5969.4625, 'N_ooa': 5969.4625, 'N_ceu': 5969.4625, 'N_chb': 5969.4625, 'gr_ceu': 0.05929, 'gr_chb': 0.05929, 'm_yri_ooa': 1e-05, 'm_yri_ceu': 1e-05, 'm_yri_chb': 1e-05, 'm_ceu_chb': 1e-05} -87486.42102600301
 
 
x_up: {'t1': 6.33587, 't2': 32.58541, 't3': 100, 'N_anc': 5969.4625, 'N_yri': 5969.4625, 'N_ooa': 5969.4625, 'N_ceu': 5969.4625, 'N_chb': 5969.4625, 'gr_ceu': 0.05929, 'gr_chb': 0.05929, 'm_yri_ooa': 1e-05, 'm_yri_ceu': 1e-05, 'm_yri_chb': 1e-05, 'm_ceu_chb': 0.0} -87486.42102600336
x: {'t1': 6.33587, 't2': 32.58541, 't3': 100, 'N_anc': 5969.4625, 'N_yri': 5969.4625, 'N_ooa': 5969.4625, 'N_ceu': 5969.4625, 'N_chb': 5969.4625, 'gr_ceu': 0.05929, 'gr_chb': 0.05929, 'm_yri_ooa': 1e-05, 'm_yri_ceu': 1e-05, 'm_yri_chb': 1e-05, 'm_ceu_chb': 1e-05} -87486.42102600301
x_down: {'t1': 6.33587, 't2': 32.58541, 't3': 100, 'N_anc': 5969.4625, 'N_yri': 5969.4625, 'N_ooa': 5969.4625, 'N_ceu': 5969.4625, 'N_chb': 5969.4625, 'gr_ceu': 0.05929, 'gr_chb': 0.05929, 'm_yri_ooa': 1e-05, 'm_yri_ceu': 1e-05, 'm_yri_chb': 1e-05, 'm_ceu_chb': 1e-05} -87486.42102600301
 
{'t1': 6.33587, 't2': 32.58541, 't3': 100, 'N_anc': 5969.4625, 'N_yri': 5969.4625, 'N_ooa': 5969.4625, 'N_ceu': 5969.4625, 'N_chb': 5969.4625, 'gr_ceu': 0.05929, 'gr_chb': 0.05929, 'm_yri_ooa': 1e-05, 'm_yri_ceu': 1e-05, 'm_yri_chb': 1e-05, 'm_ceu_chb': 1e-05} -87486.42102600301
 
x_up: {'t1': 8.13673, 't2': 32.58541, 't3': 100, 'N_anc': 5969.4625, 'N_yri': 5969.4625, 'N_ooa': 5969.4625, 'N_ceu': 5969.4625, 'N_chb': 5969.4625, 'gr_ceu': 0.05929, 'gr_chb': 0.05929, 'm_yri_ooa': 1e-05, 'm_yri_ceu': 1e-05, 'm_yri_chb': 1e-05, 'm_ceu_chb': 1e-05} -88259.64047014434
x: {'t1': 6.33587, 't2': 32.58541, 't3': 100, 'N_anc': 5969.4625, 'N_yri': 5969.4625, 'N_ooa': 5969.4625, 'N_ceu': 5969.4625, 'N_chb': 5969.4625, 'gr_ceu': 0.05929, 'gr_chb': 0.05929, 'm_yri_ooa': 1e-05, 'm_yri_ceu': 1e-05, 'm_yri_chb': 1e-05, 'm_ceu_chb': 1e-05} -87486.42102600301
x_down: {'t1': 4.53501, 't2': 32.58541, 't3': 100, 'N_anc': 5969.4625, 'N_yri': 5969.4625, 'N_ooa': 5969.4625, 'N_ceu': 5969.4625, 'N_chb': 5969.4625, 'gr_ceu': 0.05929, 'gr_chb': 0.05929, 'm_yri_ooa': 1e-05, 'm_yri_ceu': 1e-05, 'm_yri_chb': 1e-05, 'm_ceu_chb': 1e-05} -86602.63755806623
 
 
x_up: {'t1': 4.53501, 't2': 42.05242, 't3': 100, 'N_anc': 5969.4625, 'N_yri': 5969.4625, 'N_ooa': 5969.4625, 'N_ceu': 5969.4625, 'N_chb': 5969.4625, 'gr_ceu': 0.05929, 'gr_chb': 0.05929, 'm_yri_ooa': 1e-05, 'm_yri_ceu': 1e-05, 'm_yri_chb': 1e-05, 'm_ceu_chb': 1e-05} -86713.06300591084
x: {'t1': 4.53501, 't2': 32.58541, 't3': 100, 'N_anc': 5969.4625, 'N_yri': 5969.4625, 'N_ooa': 5969.4625, 'N_ceu': 5969.4625, 'N_chb': 5969.4625, 'gr_ceu': 0.05929, 'gr_chb': 0.05929, 'm_yri_ooa': 1e-05, 'm_yri_ceu': 1e-05, 'm_yri_chb': 1e-05, 'm_ceu_chb': 1e-05} -86602.63755806623
x_down: {'t1': 4.53501, 't2': 23.1184, 't3': 100, 'N_anc': 5969.4625, 'N_yri': 5969.4625, 'N_ooa': 5969.4625, 'N_ceu': 5969.4625, 'N_chb': 5969.4625, 'gr_ceu': 0.05929, 'gr_chb': 0.05929, 'm_yri_ooa': 1e-05, 'm_yri_ceu': 1e-05, 'm_yri_chb': 1e-05, 'm_ceu_chb': 1e-05} -86493.74546088664
 
 
x_up: {'t1': 4.53501, 't2': 23.1184, 't3': 103.84408, 'N_anc': 5969.4625, 'N_yri': 5969.4625, 'N_ooa': 5969.4625, 'N_ceu': 5969.4625, 'N_chb': 5969.4625, 'gr_ceu': 0.05929, 'gr_chb': 0.05929, 'm_yri_ooa': 1e-05, 'm_yri_ceu': 1e-05, 'm_yri_chb': 1e-05, 'm_ceu_chb': 1e-05} -86493.74546088664
x: {'t1': 4.53501, 't2': 23.1184, 't3': 100, 'N_anc': 5969.4625, 'N_yri': 5969.4625, 'N_ooa': 5969.4625, 'N_ceu': 5969.4625, 'N_chb': 5969.4625, 'gr_ceu': 0.05929, 'gr_chb': 0.05929, 'm_yri_ooa': 1e-05, 'm_yri_ceu': 1e-05, 'm_yri_chb': 1e-05, 'm_ceu_chb': 1e-05} -86493.74546088664
x_down: {'t1': 4.53501, 't2': 23.1184, 't3': 96.15592, 'N_anc': 5969.4625, 'N_yri': 5969.4625, 'N_ooa': 5969.4625, 'N_ceu': 5969.4625, 'N_chb': 5969.4625, 'gr_ceu': 0.05929, 'gr_chb': 0.05929, 'm_yri_ooa': 1e-05, 'm_yri_ceu': 1e-05, 'm_yri_chb': 1e-05, 'm_ceu_chb': 1e-05} -86493.74546088664
 
 
x_up: {'t1': 4.53501, 't2': 23.1184, 't3': 100, 'N_anc': 7950.40609, 'N_yri': 5969.4625, 'N_ooa': 5969.4625, 'N_ceu': 5969.4625, 'N_chb': 5969.4625, 'gr_ceu': 0.05929, 'gr_chb': 0.05929, 'm_yri_ooa': 1e-05, 'm_yri_ceu': 1e-05, 'm_yri_chb': 1e-05, 'm_ceu_chb': 1e-05} -86539.01362246346
x: {'t1': 4.53501, 't2': 23.1184, 't3': 100, 'N_anc': 5969.4625, 'N_yri': 5969.4625, 'N_ooa': 5969.4625, 'N_ceu': 5969.4625, 'N_chb': 5969.4625, 'gr_ceu': 0.05929, 'gr_chb': 0.05929, 'm_yri_ooa': 1e-05, 'm_yri_ceu': 1e-05, 'm_yri_chb': 1e-05, 'm_ceu_chb': 1e-05} -86493.74546088664
x_down: {'t1': 4.53501, 't2': 23.1184, 't3': 100, 'N_anc': 3988.51891, 'N_yri': 5969.4625, 'N_ooa': 5969.4625, 'N_ceu': 5969.4625, 'N_chb': 5969.4625, 'gr_ceu': 0.05929, 'gr_chb': 0.05929, 'm_yri_ooa': 1e-05, 'm_yri_ceu': 1e-05, 'm_yri_chb': 1e-05, 'm_ceu_chb': 1e-05} -86432.06831687986
 
 
x_up: {'t1': 4.53501, 't2': 23.1184, 't3': 100, 'N_anc': 3988.51891, 'N_yri': 7950.40609, 'N_ooa': 5969.4625, 'N_ceu': 5969.4625, 'N_chb': 5969.4625, 'gr_ceu': 0.05929, 'gr_chb': 0.05929, 'm_yri_ooa': 1e-05, 'm_yri_ceu': 1e-05, 'm_yri_chb': 1e-05, 'm_ceu_chb': 1e-05} -86761.3114434594
x: {'t1': 4.53501, 't2': 23.1184, 't3': 100, 'N_anc': 3988.51891, 'N_yri': 5969.4625, 'N_ooa': 5969.4625, 'N_ceu': 5969.4625, 'N_chb': 5969.4625, 'gr_ceu': 0.05929, 'gr_chb': 0.05929, 'm_yri_ooa': 1e-05, 'm_yri_ceu': 1e-05, 'm_yri_chb': 1e-05, 'm_ceu_chb': 1e-05} -86432.06831687986
x_down: {'t1': 4.53501, 't2': 23.1184, 't3': 100, 'N_anc': 3988.51891, 'N_yri': 3988.51891, 'N_ooa': 5969.4625, 'N_ceu': 5969.4625, 'N_chb': 5969.4625, 'gr_ceu': 0.05929, 'gr_chb': 0.05929, 'm_yri_ooa': 1e-05, 'm_yri_ceu': 1e-05, 'm_yri_chb': 1e-05, 'm_ceu_chb': 1e-05} -85827.13729144433
 
 
x_up: {'t1': 4.53501, 't2': 23.1184, 't3': 100, 'N_anc': 3988.51891, 'N_yri': 3988.51891, 'N_ooa': 7950.40609, 'N_ceu': 5969.4625, 'N_chb': 5969.4625, 'gr_ceu': 0.05929, 'gr_chb': 0.05929, 'm_yri_ooa': 1e-05, 'm_yri_ceu': 1e-05, 'm_yri_chb': 1e-05, 'm_ceu_chb': 1e-05} -86495.26357619652
x: {'t1': 4.53501, 't2': 23.1184, 't3': 100, 'N_anc': 3988.51891, 'N_yri': 3988.51891, 'N_ooa': 5969.4625, 'N_ceu': 5969.4625, 'N_chb': 5969.4625, 'gr_ceu': 0.05929, 'gr_chb': 0.05929, 'm_yri_ooa': 1e-05, 'm_yri_ceu': 1e-05, 'm_yri_chb': 1e-05, 'm_ceu_chb': 1e-05} -85827.13729144433
x_down: {'t1': 4.53501, 't2': 23.1184, 't3': 100, 'N_anc': 3988.51891, 'N_yri': 3988.51891, 'N_ooa': 3988.51891, 'N_ceu': 5969.4625, 'N_chb': 5969.4625, 'gr_ceu': 0.05929, 'gr_chb': 0.05929, 'm_yri_ooa': 1e-05, 'm_yri_ceu': 1e-05, 'm_yri_chb': 1e-05, 'm_ceu_chb': 1e-05} -84947.75646301718
 
 
x_up: {'t1': 4.53501, 't2': 23.1184, 't3': 100, 'N_anc': 3988.51891, 'N_yri': 3988.51891, 'N_ooa': 3988.51891, 'N_ceu': 7950.40609, 'N_chb': 5969.4625, 'gr_ceu': 0.05929, 'gr_chb': 0.05929, 'm_yri_ooa': 1e-05, 'm_yri_ceu': 1e-05, 'm_yri_chb': 1e-05, 'm_ceu_chb': 1e-05} -85563.22613269695
x: {'t1': 4.53501, 't2': 23.1184, 't3': 100, 'N_anc': 3988.51891, 'N_yri': 3988.51891, 'N_ooa': 3988.51891, 'N_ceu': 5969.4625, 'N_chb': 5969.4625, 'gr_ceu': 0.05929, 'gr_chb': 0.05929, 'm_yri_ooa': 1e-05, 'm_yri_ceu': 1e-05, 'm_yri_chb': 1e-05, 'm_ceu_chb': 1e-05} -84947.75646301718
x_down: {'t1': 4.53501, 't2': 23.1184, 't3': 100, 'N_anc': 3988.51891, 'N_yri': 3988.51891, 'N_ooa': 3988.51891, 'N_ceu': 3988.51891, 'N_chb': 5969.4625, 'gr_ceu': 0.05929, 'gr_chb': 0.05929, 'm_yri_ooa': 1e-05, 'm_yri_ceu': 1e-05, 'm_yri_chb': 1e-05, 'm_ceu_chb': 1e-05} -83651.7065999594
 
 
x_up: {'t1': 4.53501, 't2': 23.1184, 't3': 100, 'N_anc': 3988.51891, 'N_yri': 3988.51891, 'N_ooa': 3988.51891, 'N_ceu': 3988.51891, 'N_chb': 7950.40609, 'gr_ceu': 0.05929, 'gr_chb': 0.05929, 'm_yri_ooa': 1e-05, 'm_yri_ceu': 1e-05, 'm_yri_chb': 1e-05, 'm_ceu_chb': 1e-05} -84180.58877249881
x: {'t1': 4.53501, 't2': 23.1184, 't3': 100, 'N_anc': 3988.51891, 'N_yri': 3988.51891, 'N_ooa': 3988.51891, 'N_ceu': 3988.51891, 'N_chb': 5969.4625, 'gr_ceu': 0.05929, 'gr_chb': 0.05929, 'm_yri_ooa': 1e-05, 'm_yri_ceu': 1e-05, 'm_yri_chb': 1e-05, 'm_ceu_chb': 1e-05} -83651.7065999594
x_down: {'t1': 4.53501, 't2': 23.1184, 't3': 100, 'N_anc': 3988.51891, 'N_yri': 3988.51891, 'N_ooa': 3988.51891, 'N_ceu': 3988.51891, 'N_chb': 3988.51891, 'gr_ceu': 0.05929, 'gr_chb': 0.05929, 'm_yri_ooa': 1e-05, 'm_yri_ceu': 1e-05, 'm_yri_chb': 1e-05, 'm_ceu_chb': 1e-05} -82819.65304348424
 
 
x_up: {'t1': 4.53501, 't2': 23.1184, 't3': 100, 'N_anc': 3988.51891, 'N_yri': 3988.51891, 'N_ooa': 3988.51891, 'N_ceu': 3988.51891, 'N_chb': 3988.51891, 'gr_ceu': 0.0793, 'gr_chb': 0.05929, 'm_yri_ooa': 1e-05, 'm_yri_ceu': 1e-05, 'm_yri_chb': 1e-05, 'm_ceu_chb': 1e-05} -82972.26339618728
x: {'t1': 4.53501, 't2': 23.1184, 't3': 100, 'N_anc': 3988.51891, 'N_yri': 3988.51891, 'N_ooa': 3988.51891, 'N_ceu': 3988.51891, 'N_chb': 3988.51891, 'gr_ceu': 0.05929, 'gr_chb': 0.05929, 'm_yri_ooa': 1e-05, 'm_yri_ceu': 1e-05, 'm_yri_chb': 1e-05, 'm_ceu_chb': 1e-05} -82819.65304348424
x_down: {'t1': 4.53501, 't2': 23.1184, 't3': 100, 'N_anc': 3988.51891, 'N_yri': 3988.51891, 'N_ooa': 3988.51891, 'N_ceu': 3988.51891, 'N_chb': 3988.51891, 'gr_ceu': 0.03928, 'gr_chb': 0.05929, 'm_yri_ooa': 1e-05, 'm_yri_ceu': 1e-05, 'm_yri_chb': 1e-05, 'm_ceu_chb': 1e-05} -82651.061647348
 
 
x_up: {'t1': 4.53501, 't2': 23.1184, 't3': 100, 'N_anc': 3988.51891, 'N_yri': 3988.51891, 'N_ooa': 3988.51891, 'N_ceu': 3988.51891, 'N_chb': 3988.51891, 'gr_ceu': 0.03928, 'gr_chb': 0.0793, 'm_yri_ooa': 1e-05, 'm_yri_ceu': 1e-05, 'm_yri_chb': 1e-05, 'm_ceu_chb': 1e-05} -82789.3834604565
x: {'t1': 4.53501, 't2': 23.1184, 't3': 100, 'N_anc': 3988.51891, 'N_yri': 3988.51891, 'N_ooa': 3988.51891, 'N_ceu': 3988.51891, 'N_chb': 3988.51891, 'gr_ceu': 0.03928, 'gr_chb': 0.05929, 'm_yri_ooa': 1e-05, 'm_yri_ceu': 1e-05, 'm_yri_chb': 1e-05, 'm_ceu_chb': 1e-05} -82651.061647348
x_down: {'t1': 4.53501, 't2': 23.1184, 't3': 100, 'N_anc': 3988.51891, 'N_yri': 3988.51891, 'N_ooa': 3988.51891, 'N_ceu': 3988.51891, 'N_chb': 3988.51891, 'gr_ceu': 0.03928, 'gr_chb': 0.03928, 'm_yri_ooa': 1e-05, 'm_yri_ceu': 1e-05, 'm_yri_chb': 1e-05, 'm_ceu_chb': 1e-05} -82497.58266486801
 
 
x_up: {'t1': 4.53501, 't2': 23.1184, 't3': 100, 'N_anc': 3988.51891, 'N_yri': 3988.51891, 'N_ooa': 3988.51891, 'N_ceu': 3988.51891, 'N_chb': 3988.51891, 'gr_ceu': 0.03928, 'gr_chb': 0.03928, 'm_yri_ooa': 0.0, 'm_yri_ceu': 1e-05, 'm_yri_chb': 1e-05, 'm_ceu_chb': 1e-05} -82497.96691069881
x: {'t1': 4.53501, 't2': 23.1184, 't3': 100, 'N_anc': 3988.51891, 'N_yri': 3988.51891, 'N_ooa': 3988.51891, 'N_ceu': 3988.51891, 'N_chb': 3988.51891, 'gr_ceu': 0.03928, 'gr_chb': 0.03928, 'm_yri_ooa': 1e-05, 'm_yri_ceu': 1e-05, 'm_yri_chb': 1e-05, 'm_ceu_chb': 1e-05} -82497.58266486801
x_down: {'t1': 4.53501, 't2': 23.1184, 't3': 100, 'N_anc': 3988.51891, 'N_yri': 3988.51891, 'N_ooa': 3988.51891, 'N_ceu': 3988.51891, 'N_chb': 3988.51891, 'gr_ceu': 0.03928, 'gr_chb': 0.03928, 'm_yri_ooa': 1e-05, 'm_yri_ceu': 1e-05, 'm_yri_chb': 1e-05, 'm_ceu_chb': 1e-05} -82497.58266486801
 
 
x_up: {'t1': 4.53501, 't2': 23.1184, 't3': 100, 'N_anc': 3988.51891, 'N_yri': 3988.51891, 'N_ooa': 3988.51891, 'N_ceu': 3988.51891, 'N_chb': 3988.51891, 'gr_ceu': 0.03928, 'gr_chb': 0.03928, 'm_yri_ooa': 1e-05, 'm_yri_ceu': 0.0, 'm_yri_chb': 1e-05, 'm_ceu_chb': 1e-05} -82497.5826648737
x: {'t1': 4.53501, 't2': 23.1184, 't3': 100, 'N_anc': 3988.51891, 'N_yri': 3988.51891, 'N_ooa': 3988.51891, 'N_ceu': 3988.51891, 'N_chb': 3988.51891, 'gr_ceu': 0.03928, 'gr_chb': 0.03928, 'm_yri_ooa': 1e-05, 'm_yri_ceu': 1e-05, 'm_yri_chb': 1e-05, 'm_ceu_chb': 1e-05} -82497.58266486801
x_down: {'t1': 4.53501, 't2': 23.1184, 't3': 100, 'N_anc': 3988.51891, 'N_yri': 3988.51891, 'N_ooa': 3988.51891, 'N_ceu': 3988.51891, 'N_chb': 3988.51891, 'gr_ceu': 0.03928, 'gr_chb': 0.03928, 'm_yri_ooa': 1e-05, 'm_yri_ceu': 1e-05, 'm_yri_chb': 1e-05, 'm_ceu_chb': 1e-05} -82497.58266486801
 
 
x_up: {'t1': 4.53501, 't2': 23.1184, 't3': 100, 'N_anc': 3988.51891, 'N_yri': 3988.51891, 'N_ooa': 3988.51891, 'N_ceu': 3988.51891, 'N_chb': 3988.51891, 'gr_ceu': 0.03928, 'gr_chb': 0.03928, 'm_yri_ooa': 1e-05, 'm_yri_ceu': 1e-05, 'm_yri_chb': 0.0, 'm_ceu_chb': 1e-05} -82497.58266487365
x: {'t1': 4.53501, 't2': 23.1184, 't3': 100, 'N_anc': 3988.51891, 'N_yri': 3988.51891, 'N_ooa': 3988.51891, 'N_ceu': 3988.51891, 'N_chb': 3988.51891, 'gr_ceu': 0.03928, 'gr_chb': 0.03928, 'm_yri_ooa': 1e-05, 'm_yri_ceu': 1e-05, 'm_yri_chb': 1e-05, 'm_ceu_chb': 1e-05} -82497.58266486801
x_down: {'t1': 4.53501, 't2': 23.1184, 't3': 100, 'N_anc': 3988.51891, 'N_yri': 3988.51891, 'N_ooa': 3988.51891, 'N_ceu': 3988.51891, 'N_chb': 3988.51891, 'gr_ceu': 0.03928, 'gr_chb': 0.03928, 'm_yri_ooa': 1e-05, 'm_yri_ceu': 1e-05, 'm_yri_chb': 1e-05, 'm_ceu_chb': 1e-05} -82497.58266486801
 
 
x_up: {'t1': 4.53501, 't2': 23.1184, 't3': 100, 'N_anc': 3988.51891, 'N_yri': 3988.51891, 'N_ooa': 3988.51891, 'N_ceu': 3988.51891, 'N_chb': 3988.51891, 'gr_ceu': 0.03928, 'gr_chb': 0.03928, 'm_yri_ooa': 1e-05, 'm_yri_ceu': 1e-05, 'm_yri_chb': 1e-05, 'm_ceu_chb': 0.0} -82497.58266486824
x: {'t1': 4.53501, 't2': 23.1184, 't3': 100, 'N_anc': 3988.51891, 'N_yri': 3988.51891, 'N_ooa': 3988.51891, 'N_ceu': 3988.51891, 'N_chb': 3988.51891, 'gr_ceu': 0.03928, 'gr_chb': 0.03928, 'm_yri_ooa': 1e-05, 'm_yri_ceu': 1e-05, 'm_yri_chb': 1e-05, 'm_ceu_chb': 1e-05} -82497.58266486801
x_down: {'t1': 4.53501, 't2': 23.1184, 't3': 100, 'N_anc': 3988.51891, 'N_yri': 3988.51891, 'N_ooa': 3988.51891, 'N_ceu': 3988.51891, 'N_chb': 3988.51891, 'gr_ceu': 0.03928, 'gr_chb': 0.03928, 'm_yri_ooa': 1e-05, 'm_yri_ceu': 1e-05, 'm_yri_chb': 1e-05, 'm_ceu_chb': 1e-05} -82497.58266486801
 
{'t1': 4.53501, 't2': 23.1184, 't3': 100, 'N_anc': 3988.51891, 'N_yri': 3988.51891, 'N_ooa': 3988.51891, 'N_ceu': 3988.51891, 'N_chb': 3988.51891, 'gr_ceu': 0.03928, 'gr_chb': 0.03928, 'm_yri_ooa': 1e-05, 'm_yri_ceu': 1e-05, 'm_yri_chb': 1e-05, 'm_ceu_chb': 1e-05} -82497.58266486801
 
x_up: {'t1': 6.30251, 't2': 23.1184, 't3': 100, 'N_anc': 3988.51891, 'N_yri': 3988.51891, 'N_ooa': 3988.51891, 'N_ceu': 3988.51891, 'N_chb': 3988.51891, 'gr_ceu': 0.03928, 'gr_chb': 0.03928, 'm_yri_ooa': 1e-05, 'm_yri_ceu': 1e-05, 'm_yri_chb': 1e-05, 'm_ceu_chb': 1e-05} -83127.5391260711
x: {'t1': 4.53501, 't2': 23.1184, 't3': 100, 'N_anc': 3988.51891, 'N_yri': 3988.51891, 'N_ooa': 3988.51891, 'N_ceu': 3988.51891, 'N_chb': 3988.51891, 'gr_ceu': 0.03928, 'gr_chb': 0.03928, 'm_yri_ooa': 1e-05, 'm_yri_ceu': 1e-05, 'm_yri_chb': 1e-05, 'm_ceu_chb': 1e-05} -82497.58266486801
x_down: {'t1': 2.7675, 't2': 23.1184, 't3': 100, 'N_anc': 3988.51891, 'N_yri': 3988.51891, 'N_ooa': 3988.51891, 'N_ceu': 3988.51891, 'N_chb': 3988.51891, 'gr_ceu': 0.03928, 'gr_chb': 0.03928, 'm_yri_ooa': 1e-05, 'm_yri_ceu': 1e-05, 'm_yri_chb': 1e-05, 'm_ceu_chb': 1e-05} -81550.65821194321
 
 
x_up: {'t1': 2.7675, 't2': 33.29385, 't3': 100, 'N_anc': 3988.51891, 'N_yri': 3988.51891, 'N_ooa': 3988.51891, 'N_ceu': 3988.51891, 'N_chb': 3988.51891, 'gr_ceu': 0.03928, 'gr_chb': 0.03928, 'm_yri_ooa': 1e-05, 'm_yri_ceu': 1e-05, 'm_yri_chb': 1e-05, 'm_ceu_chb': 1e-05} -81646.00387321741
x: {'t1': 2.7675, 't2': 23.1184, 't3': 100, 'N_anc': 3988.51891, 'N_yri': 3988.51891, 'N_ooa': 3988.51891, 'N_ceu': 3988.51891, 'N_chb': 3988.51891, 'gr_ceu': 0.03928, 'gr_chb': 0.03928, 'm_yri_ooa': 1e-05, 'm_yri_ceu': 1e-05, 'm_yri_chb': 1e-05, 'm_ceu_chb': 1e-05} -81550.65821194321
x_down: {'t1': 2.7675, 't2': 12.94295, 't3': 100, 'N_anc': 3988.51891, 'N_yri': 3988.51891, 'N_ooa': 3988.51891, 'N_ceu': 3988.51891, 'N_chb': 3988.51891, 'gr_ceu': 0.03928, 'gr_chb': 0.03928, 'm_yri_ooa': 1e-05, 'm_yri_ceu': 1e-05, 'm_yri_chb': 1e-05, 'm_ceu_chb': 1e-05} -81263.73949452875
 
 
x_up: {'t1': 2.7675, 't2': 12.94295, 't3': 104.35285, 'N_anc': 3988.51891, 'N_yri': 3988.51891, 'N_ooa': 3988.51891, 'N_ceu': 3988.51891, 'N_chb': 3988.51891, 'gr_ceu': 0.03928, 'gr_chb': 0.03928, 'm_yri_ooa': 1e-05, 'm_yri_ceu': 1e-05, 'm_yri_chb': 1e-05, 'm_ceu_chb': 1e-05} -81263.73949452875
x: {'t1': 2.7675, 't2': 12.94295, 't3': 100, 'N_anc': 3988.51891, 'N_yri': 3988.51891, 'N_ooa': 3988.51891, 'N_ceu': 3988.51891, 'N_chb': 3988.51891, 'gr_ceu': 0.03928, 'gr_chb': 0.03928, 'm_yri_ooa': 1e-05, 'm_yri_ceu': 1e-05, 'm_yri_chb': 1e-05, 'm_ceu_chb': 1e-05} -81263.73949452875
x_down: {'t1': 2.7675, 't2': 12.94295, 't3': 95.64715, 'N_anc': 3988.51891, 'N_yri': 3988.51891, 'N_ooa': 3988.51891, 'N_ceu': 3988.51891, 'N_chb': 3988.51891, 'gr_ceu': 0.03928, 'gr_chb': 0.03928, 'm_yri_ooa': 1e-05, 'm_yri_ceu': 1e-05, 'm_yri_chb': 1e-05, 'm_ceu_chb': 1e-05} -81263.73949452875
 
 
x_up: {'t1': 2.7675, 't2': 12.94295, 't3': 100, 'N_anc': 5932.77837, 'N_yri': 3988.51891, 'N_ooa': 3988.51891, 'N_ceu': 3988.51891, 'N_chb': 3988.51891, 'gr_ceu': 0.03928, 'gr_chb': 0.03928, 'm_yri_ooa': 1e-05, 'm_yri_ceu': 1e-05, 'm_yri_chb': 1e-05, 'm_ceu_chb': 1e-05} -81324.45428315327
x: {'t1': 2.7675, 't2': 12.94295, 't3': 100, 'N_anc': 3988.51891, 'N_yri': 3988.51891, 'N_ooa': 3988.51891, 'N_ceu': 3988.51891, 'N_chb': 3988.51891, 'gr_ceu': 0.03928, 'gr_chb': 0.03928, 'm_yri_ooa': 1e-05, 'm_yri_ceu': 1e-05, 'm_yri_chb': 1e-05, 'm_ceu_chb': 1e-05} -81263.73949452875
x_down: {'t1': 2.7675, 't2': 12.94295, 't3': 100, 'N_anc': 2044.25945, 'N_yri': 3988.51891, 'N_ooa': 3988.51891, 'N_ceu': 3988.51891, 'N_chb': 3988.51891, 'gr_ceu': 0.03928, 'gr_chb': 0.03928, 'm_yri_ooa': 1e-05, 'm_yri_ceu': 1e-05, 'm_yri_chb': 1e-05, 'm_ceu_chb': 1e-05} -81169.8127871933
 
 
x_up: {'t1': 2.7675, 't2': 12.94295, 't3': 100, 'N_anc': 2044.25945, 'N_yri': 5932.77837, 'N_ooa': 3988.51891, 'N_ceu': 3988.51891, 'N_chb': 3988.51891, 'gr_ceu': 0.03928, 'gr_chb': 0.03928, 'm_yri_ooa': 1e-05, 'm_yri_ceu': 1e-05, 'm_yri_chb': 1e-05, 'm_ceu_chb': 1e-05} -81578.3823307117
x: {'t1': 2.7675, 't2': 12.94295, 't3': 100, 'N_anc': 2044.25945, 'N_yri': 3988.51891, 'N_ooa': 3988.51891, 'N_ceu': 3988.51891, 'N_chb': 3988.51891, 'gr_ceu': 0.03928, 'gr_chb': 0.03928, 'm_yri_ooa': 1e-05, 'm_yri_ceu': 1e-05, 'm_yri_chb': 1e-05, 'm_ceu_chb': 1e-05} -81169.8127871933
x_down: {'t1': 2.7675, 't2': 12.94295, 't3': 100, 'N_anc': 2044.25945, 'N_yri': 2044.25945, 'N_ooa': 3988.51891, 'N_ceu': 3988.51891, 'N_chb': 3988.51891, 'gr_ceu': 0.03928, 'gr_chb': 0.03928, 'm_yri_ooa': 1e-05, 'm_yri_ceu': 1e-05, 'm_yri_chb': 1e-05, 'm_ceu_chb': 1e-05} -80227.66610959552
 
 
x_up: {'t1': 2.7675, 't2': 12.94295, 't3': 100, 'N_anc': 2044.25945, 'N_yri': 2044.25945, 'N_ooa': 5932.77837, 'N_ceu': 3988.51891, 'N_chb': 3988.51891, 'gr_ceu': 0.03928, 'gr_chb': 0.03928, 'm_yri_ooa': 1e-05, 'm_yri_ceu': 1e-05, 'm_yri_chb': 1e-05, 'm_ceu_chb': 1e-05} -81456.28450832007
x: {'t1': 2.7675, 't2': 12.94295, 't3': 100, 'N_anc': 2044.25945, 'N_yri': 2044.25945, 'N_ooa': 3988.51891, 'N_ceu': 3988.51891, 'N_chb': 3988.51891, 'gr_ceu': 0.03928, 'gr_chb': 0.03928, 'm_yri_ooa': 1e-05, 'm_yri_ceu': 1e-05, 'm_yri_chb': 1e-05, 'm_ceu_chb': 1e-05} -80227.66610959552
x_down: {'t1': 2.7675, 't2': 12.94295, 't3': 100, 'N_anc': 2044.25945, 'N_yri': 2044.25945, 'N_ooa': 2044.25945, 'N_ceu': 3988.51891, 'N_chb': 3988.51891, 'gr_ceu': 0.03928, 'gr_chb': 0.03928, 'm_yri_ooa': 1e-05, 'm_yri_ceu': 1e-05, 'm_yri_chb': 1e-05, 'm_ceu_chb': 1e-05} -78420.99381794773
 
 
x_up: {'t1': 2.7675, 't2': 12.94295, 't3': 100, 'N_anc': 2044.25945, 'N_yri': 2044.25945, 'N_ooa': 2044.25945, 'N_ceu': 5932.77837, 'N_chb': 3988.51891, 'gr_ceu': 0.03928, 'gr_chb': 0.03928, 'm_yri_ooa': 1e-05, 'm_yri_ceu': 1e-05, 'm_yri_chb': 1e-05, 'm_ceu_chb': 1e-05} -79105.84111382662
x: {'t1': 2.7675, 't2': 12.94295, 't3': 100, 'N_anc': 2044.25945, 'N_yri': 2044.25945, 'N_ooa': 2044.25945, 'N_ceu': 3988.51891, 'N_chb': 3988.51891, 'gr_ceu': 0.03928, 'gr_chb': 0.03928, 'm_yri_ooa': 1e-05, 'm_yri_ceu': 1e-05, 'm_yri_chb': 1e-05, 'm_ceu_chb': 1e-05} -78420.99381794773
x_down: {'t1': 2.7675, 't2': 12.94295, 't3': 100, 'N_anc': 2044.25945, 'N_yri': 2044.25945, 'N_ooa': 2044.25945, 'N_ceu': 2044.25945, 'N_chb': 3988.51891, 'gr_ceu': 0.03928, 'gr_chb': 0.03928, 'm_yri_ooa': 1e-05, 'm_yri_ceu': 1e-05, 'm_yri_chb': 1e-05, 'm_ceu_chb': 1e-05} -76769.01932229628
 
 
x_up: {'t1': 2.7675, 't2': 12.94295, 't3': 100, 'N_anc': 2044.25945, 'N_yri': 2044.25945, 'N_ooa': 2044.25945, 'N_ceu': 2044.25945, 'N_chb': 5932.77837, 'gr_ceu': 0.03928, 'gr_chb': 0.03928, 'm_yri_ooa': 1e-05, 'm_yri_ceu': 1e-05, 'm_yri_chb': 1e-05, 'm_ceu_chb': 1e-05} -77338.22836499826
x: {'t1': 2.7675, 't2': 12.94295, 't3': 100, 'N_anc': 2044.25945, 'N_yri': 2044.25945, 'N_ooa': 2044.25945, 'N_ceu': 2044.25945, 'N_chb': 3988.51891, 'gr_ceu': 0.03928, 'gr_chb': 0.03928, 'm_yri_ooa': 1e-05, 'm_yri_ceu': 1e-05, 'm_yri_chb': 1e-05, 'm_ceu_chb': 1e-05} -76769.01932229628
x_down: {'t1': 2.7675, 't2': 12.94295, 't3': 100, 'N_anc': 2044.25945, 'N_yri': 2044.25945, 'N_ooa': 2044.25945, 'N_ceu': 2044.25945, 'N_chb': 2044.25945, 'gr_ceu': 0.03928, 'gr_chb': 0.03928, 'm_yri_ooa': 1e-05, 'm_yri_ceu': 1e-05, 'm_yri_chb': 1e-05, 'm_ceu_chb': 1e-05} -75753.89699089553
 
 
x_up: {'t1': 2.7675, 't2': 12.94295, 't3': 100, 'N_anc': 2044.25945, 'N_yri': 2044.25945, 'N_ooa': 2044.25945, 'N_ceu': 2044.25945, 'N_chb': 2044.25945, 'gr_ceu': 0.05892, 'gr_chb': 0.03928, 'm_yri_ooa': 1e-05, 'm_yri_ceu': 1e-05, 'm_yri_chb': 1e-05, 'm_ceu_chb': 1e-05} -75819.78842884999
x: {'t1': 2.7675, 't2': 12.94295, 't3': 100, 'N_anc': 2044.25945, 'N_yri': 2044.25945, 'N_ooa': 2044.25945, 'N_ceu': 2044.25945, 'N_chb': 2044.25945, 'gr_ceu': 0.03928, 'gr_chb': 0.03928, 'm_yri_ooa': 1e-05, 'm_yri_ceu': 1e-05, 'm_yri_chb': 1e-05, 'm_ceu_chb': 1e-05} -75753.89699089553
x_down: {'t1': 2.7675, 't2': 12.94295, 't3': 100, 'N_anc': 2044.25945, 'N_yri': 2044.25945, 'N_ooa': 2044.25945, 'N_ceu': 2044.25945, 'N_chb': 2044.25945, 'gr_ceu': 0.01964, 'gr_chb': 0.03928, 'm_yri_ooa': 1e-05, 'm_yri_ceu': 1e-05, 'm_yri_chb': 1e-05, 'm_ceu_chb': 1e-05} -75685.49317450344
 
 
x_up: {'t1': 2.7675, 't2': 12.94295, 't3': 100, 'N_anc': 2044.25945, 'N_yri': 2044.25945, 'N_ooa': 2044.25945, 'N_ceu': 2044.25945, 'N_chb': 2044.25945, 'gr_ceu': 0.01964, 'gr_chb': 0.05892, 'm_yri_ooa': 1e-05, 'm_yri_ceu': 1e-05, 'm_yri_chb': 1e-05, 'm_ceu_chb': 1e-05} -75748.50737179481
x: {'t1': 2.7675, 't2': 12.94295, 't3': 100, 'N_anc': 2044.25945, 'N_yri': 2044.25945, 'N_ooa': 2044.25945, 'N_ceu': 2044.25945, 'N_chb': 2044.25945, 'gr_ceu': 0.01964, 'gr_chb': 0.03928, 'm_yri_ooa': 1e-05, 'm_yri_ceu': 1e-05, 'm_yri_chb': 1e-05, 'm_ceu_chb': 1e-05} -75685.49317450344
x_down: {'t1': 2.7675, 't2': 12.94295, 't3': 100, 'N_anc': 2044.25945, 'N_yri': 2044.25945, 'N_ooa': 2044.25945, 'N_ceu': 2044.25945, 'N_chb': 2044.25945, 'gr_ceu': 0.01964, 'gr_chb': 0.01964, 'm_yri_ooa': 1e-05, 'm_yri_ceu': 1e-05, 'm_yri_chb': 1e-05, 'm_ceu_chb': 1e-05} -75619.93498863369
 
 
x_up: {'t1': 2.7675, 't2': 12.94295, 't3': 100, 'N_anc': 2044.25945, 'N_yri': 2044.25945, 'N_ooa': 2044.25945, 'N_ceu': 2044.25945, 'N_chb': 2044.25945, 'gr_ceu': 0.01964, 'gr_chb': 0.01964, 'm_yri_ooa': 0.0, 'm_yri_ceu': 1e-05, 'm_yri_chb': 1e-05, 'm_ceu_chb': 1e-05} -75619.88039884454
x: {'t1': 2.7675, 't2': 12.94295, 't3': 100, 'N_anc': 2044.25945, 'N_yri': 2044.25945, 'N_ooa': 2044.25945, 'N_ceu': 2044.25945, 'N_chb': 2044.25945, 'gr_ceu': 0.01964, 'gr_chb': 0.01964, 'm_yri_ooa': 1e-05, 'm_yri_ceu': 1e-05, 'm_yri_chb': 1e-05, 'm_ceu_chb': 1e-05} -75619.93498863369
x_down: {'t1': 2.7675, 't2': 12.94295, 't3': 100, 'N_anc': 2044.25945, 'N_yri': 2044.25945, 'N_ooa': 2044.25945, 'N_ceu': 2044.25945, 'N_chb': 2044.25945, 'gr_ceu': 0.01964, 'gr_chb': 0.01964, 'm_yri_ooa': 1e-05, 'm_yri_ceu': 1e-05, 'm_yri_chb': 1e-05, 'm_ceu_chb': 1e-05} -75619.93498863369
 
 
x_up: {'t1': 2.7675, 't2': 12.94295, 't3': 100, 'N_anc': 2044.25945, 'N_yri': 2044.25945, 'N_ooa': 2044.25945, 'N_ceu': 2044.25945, 'N_chb': 2044.25945, 'gr_ceu': 0.01964, 'gr_chb': 0.01964, 'm_yri_ooa': 0.0, 'm_yri_ceu': 0.0, 'm_yri_chb': 1e-05, 'm_ceu_chb': 1e-05} -75619.88039885162
x: {'t1': 2.7675, 't2': 12.94295, 't3': 100, 'N_anc': 2044.25945, 'N_yri': 2044.25945, 'N_ooa': 2044.25945, 'N_ceu': 2044.25945, 'N_chb': 2044.25945, 'gr_ceu': 0.01964, 'gr_chb': 0.01964, 'm_yri_ooa': 0.0, 'm_yri_ceu': 1e-05, 'm_yri_chb': 1e-05, 'm_ceu_chb': 1e-05} -75619.88039884454
x_down: {'t1': 2.7675, 't2': 12.94295, 't3': 100, 'N_anc': 2044.25945, 'N_yri': 2044.25945, 'N_ooa': 2044.25945, 'N_ceu': 2044.25945, 'N_chb': 2044.25945, 'gr_ceu': 0.01964, 'gr_chb': 0.01964, 'm_yri_ooa': 0.0, 'm_yri_ceu': 1e-05, 'm_yri_chb': 1e-05, 'm_ceu_chb': 1e-05} -75619.88039884454
 
 
x_up: {'t1': 2.7675, 't2': 12.94295, 't3': 100, 'N_anc': 2044.25945, 'N_yri': 2044.25945, 'N_ooa': 2044.25945, 'N_ceu': 2044.25945, 'N_chb': 2044.25945, 'gr_ceu': 0.01964, 'gr_chb': 0.01964, 'm_yri_ooa': 0.0, 'm_yri_ceu': 1e-05, 'm_yri_chb': 0.0, 'm_ceu_chb': 1e-05} -75619.88039885135
x: {'t1': 2.7675, 't2': 12.94295, 't3': 100, 'N_anc': 2044.25945, 'N_yri': 2044.25945, 'N_ooa': 2044.25945, 'N_ceu': 2044.25945, 'N_chb': 2044.25945, 'gr_ceu': 0.01964, 'gr_chb': 0.01964, 'm_yri_ooa': 0.0, 'm_yri_ceu': 1e-05, 'm_yri_chb': 1e-05, 'm_ceu_chb': 1e-05} -75619.88039884454
x_down: {'t1': 2.7675, 't2': 12.94295, 't3': 100, 'N_anc': 2044.25945, 'N_yri': 2044.25945, 'N_ooa': 2044.25945, 'N_ceu': 2044.25945, 'N_chb': 2044.25945, 'gr_ceu': 0.01964, 'gr_chb': 0.01964, 'm_yri_ooa': 0.0, 'm_yri_ceu': 1e-05, 'm_yri_chb': 1e-05, 'm_ceu_chb': 1e-05} -75619.88039884454
 
 
x_up: {'t1': 2.7675, 't2': 12.94295, 't3': 100, 'N_anc': 2044.25945, 'N_yri': 2044.25945, 'N_ooa': 2044.25945, 'N_ceu': 2044.25945, 'N_chb': 2044.25945, 'gr_ceu': 0.01964, 'gr_chb': 0.01964, 'm_yri_ooa': 0.0, 'm_yri_ceu': 1e-05, 'm_yri_chb': 1e-05, 'm_ceu_chb': 0.0} -75619.88039884489
x: {'t1': 2.7675, 't2': 12.94295, 't3': 100, 'N_anc': 2044.25945, 'N_yri': 2044.25945, 'N_ooa': 2044.25945, 'N_ceu': 2044.25945, 'N_chb': 2044.25945, 'gr_ceu': 0.01964, 'gr_chb': 0.01964, 'm_yri_ooa': 0.0, 'm_yri_ceu': 1e-05, 'm_yri_chb': 1e-05, 'm_ceu_chb': 1e-05} -75619.88039884454
x_down: {'t1': 2.7675, 't2': 12.94295, 't3': 100, 'N_anc': 2044.25945, 'N_yri': 2044.25945, 'N_ooa': 2044.25945, 'N_ceu': 2044.25945, 'N_chb': 2044.25945, 'gr_ceu': 0.01964, 'gr_chb': 0.01964, 'm_yri_ooa': 0.0, 'm_yri_ceu': 1e-05, 'm_yri_chb': 1e-05, 'm_ceu_chb': 1e-05} -75619.88039884454
 
{'t1': 2.7675, 't2': 12.94295, 't3': 100, 'N_anc': 2044.25945, 'N_yri': 2044.25945, 'N_ooa': 2044.25945, 'N_ceu': 2044.25945, 'N_chb': 2044.25945, 'gr_ceu': 0.01964, 'gr_chb': 0.01964, 'm_yri_ooa': 0.0, 'm_yri_ceu': 1e-05, 'm_yri_chb': 1e-05, 'm_ceu_chb': 1e-05} -75619.88039884454
 
x_up: {'t1': 3.65125, 't2': 12.94295, 't3': 100, 'N_anc': 2044.25945, 'N_yri': 2044.25945, 'N_ooa': 2044.25945, 'N_ceu': 2044.25945, 'N_chb': 2044.25945, 'gr_ceu': 0.01964, 'gr_chb': 0.01964, 'm_yri_ooa': 0.0, 'm_yri_ceu': 1e-05, 'm_yri_chb': 1e-05, 'm_ceu_chb': 1e-05} -75986.36857263248
x: {'t1': 2.7675, 't2': 12.94295, 't3': 100, 'N_anc': 2044.25945, 'N_yri': 2044.25945, 'N_ooa': 2044.25945, 'N_ceu': 2044.25945, 'N_chb': 2044.25945, 'gr_ceu': 0.01964, 'gr_chb': 0.01964, 'm_yri_ooa': 0.0, 'm_yri_ceu': 1e-05, 'm_yri_chb': 1e-05, 'm_ceu_chb': 1e-05} -75619.88039884454
x_down: {'t1': 1.88375, 't2': 12.94295, 't3': 100, 'N_anc': 2044.25945, 'N_yri': 2044.25945, 'N_ooa': 2044.25945, 'N_ceu': 2044.25945, 'N_chb': 2044.25945, 'gr_ceu': 0.01964, 'gr_chb': 0.01964, 'm_yri_ooa': 0.0, 'm_yri_ceu': 1e-05, 'm_yri_chb': 1e-05, 'm_ceu_chb': 1e-05} -75208.02052295694
 
 
x_up: {'t1': 1.88375, 't2': 18.47255, 't3': 100, 'N_anc': 2044.25945, 'N_yri': 2044.25945, 'N_ooa': 2044.25945, 'N_ceu': 2044.25945, 'N_chb': 2044.25945, 'gr_ceu': 0.01964, 'gr_chb': 0.01964, 'm_yri_ooa': 0.0, 'm_yri_ceu': 1e-05, 'm_yri_chb': 1e-05, 'm_ceu_chb': 1e-05} -75428.13578864568
x: {'t1': 1.88375, 't2': 12.94295, 't3': 100, 'N_anc': 2044.25945, 'N_yri': 2044.25945, 'N_ooa': 2044.25945, 'N_ceu': 2044.25945, 'N_chb': 2044.25945, 'gr_ceu': 0.01964, 'gr_chb': 0.01964, 'm_yri_ooa': 0.0, 'm_yri_ceu': 1e-05, 'm_yri_chb': 1e-05, 'm_ceu_chb': 1e-05} -75208.02052295694
x_down: {'t1': 1.88375, 't2': 7.41335, 't3': 100, 'N_anc': 2044.25945, 'N_yri': 2044.25945, 'N_ooa': 2044.25945, 'N_ceu': 2044.25945, 'N_chb': 2044.25945, 'gr_ceu': 0.01964, 'gr_chb': 0.01964, 'm_yri_ooa': 0.0, 'm_yri_ceu': 1e-05, 'm_yri_chb': 1e-05, 'm_ceu_chb': 1e-05} -74833.61580422039
 
 
x_up: {'t1': 1.88375, 't2': 7.41335, 't3': 104.62933, 'N_anc': 2044.25945, 'N_yri': 2044.25945, 'N_ooa': 2044.25945, 'N_ceu': 2044.25945, 'N_chb': 2044.25945, 'gr_ceu': 0.01964, 'gr_chb': 0.01964, 'm_yri_ooa': 0.0, 'm_yri_ceu': 1e-05, 'm_yri_chb': 1e-05, 'm_ceu_chb': 1e-05} -74833.61580422039
x: {'t1': 1.88375, 't2': 7.41335, 't3': 100, 'N_anc': 2044.25945, 'N_yri': 2044.25945, 'N_ooa': 2044.25945, 'N_ceu': 2044.25945, 'N_chb': 2044.25945, 'gr_ceu': 0.01964, 'gr_chb': 0.01964, 'm_yri_ooa': 0.0, 'm_yri_ceu': 1e-05, 'm_yri_chb': 1e-05, 'm_ceu_chb': 1e-05} -74833.61580422039
x_down: {'t1': 1.88375, 't2': 7.41335, 't3': 95.37067, 'N_anc': 2044.25945, 'N_yri': 2044.25945, 'N_ooa': 2044.25945, 'N_ceu': 2044.25945, 'N_chb': 2044.25945, 'gr_ceu': 0.01964, 'gr_chb': 0.01964, 'm_yri_ooa': 0.0, 'm_yri_ceu': 1e-05, 'm_yri_chb': 1e-05, 'm_ceu_chb': 1e-05} -74833.61580422039
 
 
x_up: {'t1': 1.88375, 't2': 7.41335, 't3': 100, 'N_anc': 3016.38918, 'N_yri': 2044.25945, 'N_ooa': 2044.25945, 'N_ceu': 2044.25945, 'N_chb': 2044.25945, 'gr_ceu': 0.01964, 'gr_chb': 0.01964, 'm_yri_ooa': 0.0, 'm_yri_ceu': 1e-05, 'm_yri_chb': 1e-05, 'm_ceu_chb': 1e-05} -74886.72645354296
x: {'t1': 1.88375, 't2': 7.41335, 't3': 100, 'N_anc': 2044.25945, 'N_yri': 2044.25945, 'N_ooa': 2044.25945, 'N_ceu': 2044.25945, 'N_chb': 2044.25945, 'gr_ceu': 0.01964, 'gr_chb': 0.01964, 'm_yri_ooa': 0.0, 'm_yri_ceu': 1e-05, 'm_yri_chb': 1e-05, 'm_ceu_chb': 1e-05} -74833.61580422039
x_down: {'t1': 1.88375, 't2': 7.41335, 't3': 100, 'N_anc': 1072.12973, 'N_yri': 2044.25945, 'N_ooa': 2044.25945, 'N_ceu': 2044.25945, 'N_chb': 2044.25945, 'gr_ceu': 0.01964, 'gr_chb': 0.01964, 'm_yri_ooa': 0.0, 'm_yri_ceu': 1e-05, 'm_yri_chb': 1e-05, 'm_ceu_chb': 1e-05} -74760.54101861027
 
 
x_up: {'t1': 1.88375, 't2': 7.41335, 't3': 100, 'N_anc': 1072.12973, 'N_yri': 3016.38918, 'N_ooa': 2044.25945, 'N_ceu': 2044.25945, 'N_chb': 2044.25945, 'gr_ceu': 0.01964, 'gr_chb': 0.01964, 'm_yri_ooa': 0.0, 'm_yri_ceu': 1e-05, 'm_yri_chb': 1e-05, 'm_ceu_chb': 1e-05} -75199.46583915592
x: {'t1': 1.88375, 't2': 7.41335, 't3': 100, 'N_anc': 1072.12973, 'N_yri': 2044.25945, 'N_ooa': 2044.25945, 'N_ceu': 2044.25945, 'N_chb': 2044.25945, 'gr_ceu': 0.01964, 'gr_chb': 0.01964, 'm_yri_ooa': 0.0, 'm_yri_ceu': 1e-05, 'm_yri_chb': 1e-05, 'm_ceu_chb': 1e-05} -74760.54101861027
x_down: {'t1': 1.88375, 't2': 7.41335, 't3': 100, 'N_anc': 1072.12973, 'N_yri': 1072.12973, 'N_ooa': 2044.25945, 'N_ceu': 2044.25945, 'N_chb': 2044.25945, 'gr_ceu': 0.01964, 'gr_chb': 0.01964, 'm_yri_ooa': 0.0, 'm_yri_ceu': 1e-05, 'm_yri_chb': 1e-05, 'm_ceu_chb': 1e-05} -73923.14208236552
 
 
x_up: {'t1': 1.88375, 't2': 7.41335, 't3': 100, 'N_anc': 1072.12973, 'N_yri': 1072.12973, 'N_ooa': 3016.38918, 'N_ceu': 2044.25945, 'N_chb': 2044.25945, 'gr_ceu': 0.01964, 'gr_chb': 0.01964, 'm_yri_ooa': 0.0, 'm_yri_ceu': 1e-05, 'm_yri_chb': 1e-05, 'm_ceu_chb': 1e-05} -75162.89811525907
x: {'t1': 1.88375, 't2': 7.41335, 't3': 100, 'N_anc': 1072.12973, 'N_yri': 1072.12973, 'N_ooa': 2044.25945, 'N_ceu': 2044.25945, 'N_chb': 2044.25945, 'gr_ceu': 0.01964, 'gr_chb': 0.01964, 'm_yri_ooa': 0.0, 'm_yri_ceu': 1e-05, 'm_yri_chb': 1e-05, 'm_ceu_chb': 1e-05} -73923.14208236552
x_down: {'t1': 1.88375, 't2': 7.41335, 't3': 100, 'N_anc': 1072.12973, 'N_yri': 1072.12973, 'N_ooa': 1072.12973, 'N_ceu': 2044.25945, 'N_chb': 2044.25945, 'gr_ceu': 0.01964, 'gr_chb': 0.01964, 'm_yri_ooa': 0.0, 'm_yri_ceu': 1e-05, 'm_yri_chb': 1e-05, 'm_ceu_chb': 1e-05} -72506.56980949287
 
 
x_up: {'t1': 1.88375, 't2': 7.41335, 't3': 100, 'N_anc': 1072.12973, 'N_yri': 1072.12973, 'N_ooa': 1072.12973, 'N_ceu': 3016.38918, 'N_chb': 2044.25945, 'gr_ceu': 0.01964, 'gr_chb': 0.01964, 'm_yri_ooa': 0.0, 'm_yri_ceu': 1e-05, 'm_yri_chb': 1e-05, 'm_ceu_chb': 1e-05} -73006.24288497353
x: {'t1': 1.88375, 't2': 7.41335, 't3': 100, 'N_anc': 1072.12973, 'N_yri': 1072.12973, 'N_ooa': 1072.12973, 'N_ceu': 2044.25945, 'N_chb': 2044.25945, 'gr_ceu': 0.01964, 'gr_chb': 0.01964, 'm_yri_ooa': 0.0, 'm_yri_ceu': 1e-05, 'm_yri_chb': 1e-05, 'm_ceu_chb': 1e-05} -72506.56980949287
x_down: {'t1': 1.88375, 't2': 7.41335, 't3': 100, 'N_anc': 1072.12973, 'N_yri': 1072.12973, 'N_ooa': 1072.12973, 'N_ceu': 1072.12973, 'N_chb': 2044.25945, 'gr_ceu': 0.01964, 'gr_chb': 0.01964, 'm_yri_ooa': 0.0, 'm_yri_ceu': 1e-05, 'm_yri_chb': 1e-05, 'm_ceu_chb': 1e-05} -71441.96963447117
 
 
x_up: {'t1': 1.88375, 't2': 7.41335, 't3': 100, 'N_anc': 1072.12973, 'N_yri': 1072.12973, 'N_ooa': 1072.12973, 'N_ceu': 1072.12973, 'N_chb': 3016.38918, 'gr_ceu': 0.01964, 'gr_chb': 0.01964, 'm_yri_ooa': 0.0, 'm_yri_ceu': 1e-05, 'm_yri_chb': 1e-05, 'm_ceu_chb': 1e-05} -71848.58033943668
x: {'t1': 1.88375, 't2': 7.41335, 't3': 100, 'N_anc': 1072.12973, 'N_yri': 1072.12973, 'N_ooa': 1072.12973, 'N_ceu': 1072.12973, 'N_chb': 2044.25945, 'gr_ceu': 0.01964, 'gr_chb': 0.01964, 'm_yri_ooa': 0.0, 'm_yri_ceu': 1e-05, 'm_yri_chb': 1e-05, 'm_ceu_chb': 1e-05} -71441.96963447117
x_down: {'t1': 1.88375, 't2': 7.41335, 't3': 100, 'N_anc': 1072.12973, 'N_yri': 1072.12973, 'N_ooa': 1072.12973, 'N_ceu': 1072.12973, 'N_chb': 1072.12973, 'gr_ceu': 0.01964, 'gr_chb': 0.01964, 'm_yri_ooa': 0.0, 'm_yri_ceu': 1e-05, 'm_yri_chb': 1e-05, 'm_ceu_chb': 1e-05} -70765.2064464765
 
 
x_up: {'t1': 1.88375, 't2': 7.41335, 't3': 100, 'N_anc': 1072.12973, 'N_yri': 1072.12973, 'N_ooa': 1072.12973, 'N_ceu': 1072.12973, 'N_chb': 1072.12973, 'gr_ceu': 0.02946, 'gr_chb': 0.01964, 'm_yri_ooa': 0.0, 'm_yri_ceu': 1e-05, 'm_yri_chb': 1e-05, 'm_ceu_chb': 1e-05} -70779.27705786699
x: {'t1': 1.88375, 't2': 7.41335, 't3': 100, 'N_anc': 1072.12973, 'N_yri': 1072.12973, 'N_ooa': 1072.12973, 'N_ceu': 1072.12973, 'N_chb': 1072.12973, 'gr_ceu': 0.01964, 'gr_chb': 0.01964, 'm_yri_ooa': 0.0, 'm_yri_ceu': 1e-05, 'm_yri_chb': 1e-05, 'm_ceu_chb': 1e-05} -70765.2064464765
x_down: {'t1': 1.88375, 't2': 7.41335, 't3': 100, 'N_anc': 1072.12973, 'N_yri': 1072.12973, 'N_ooa': 1072.12973, 'N_ceu': 1072.12973, 'N_chb': 1072.12973, 'gr_ceu': 0.00982, 'gr_chb': 0.01964, 'm_yri_ooa': 0.0, 'm_yri_ceu': 1e-05, 'm_yri_chb': 1e-05, 'm_ceu_chb': 1e-05} -70751.04595274388
 
 
x_up: {'t1': 1.88375, 't2': 7.41335, 't3': 100, 'N_anc': 1072.12973, 'N_yri': 1072.12973, 'N_ooa': 1072.12973, 'N_ceu': 1072.12973, 'N_chb': 1072.12973, 'gr_ceu': 0.00982, 'gr_chb': 0.02946, 'm_yri_ooa': 0.0, 'm_yri_ceu': 1e-05, 'm_yri_chb': 1e-05, 'm_ceu_chb': 1e-05} -70764.8948988119
x: {'t1': 1.88375, 't2': 7.41335, 't3': 100, 'N_anc': 1072.12973, 'N_yri': 1072.12973, 'N_ooa': 1072.12973, 'N_ceu': 1072.12973, 'N_chb': 1072.12973, 'gr_ceu': 0.00982, 'gr_chb': 0.01964, 'm_yri_ooa': 0.0, 'm_yri_ceu': 1e-05, 'm_yri_chb': 1e-05, 'm_ceu_chb': 1e-05} -70751.04595274388
x_down: {'t1': 1.88375, 't2': 7.41335, 't3': 100, 'N_anc': 1072.12973, 'N_yri': 1072.12973, 'N_ooa': 1072.12973, 'N_ceu': 1072.12973, 'N_chb': 1072.12973, 'gr_ceu': 0.00982, 'gr_chb': 0.00982, 'm_yri_ooa': 0.0, 'm_yri_ceu': 1e-05, 'm_yri_chb': 1e-05, 'm_ceu_chb': 1e-05} -70737.10520861535
 
 
x_up: {'t1': 1.88375, 't2': 7.41335, 't3': 100, 'N_anc': 1072.12973, 'N_yri': 1072.12973, 'N_ooa': 1072.12973, 'N_ceu': 1072.12973, 'N_chb': 1072.12973, 'gr_ceu': 0.00982, 'gr_chb': 0.00982, 'm_yri_ooa': 0.0, 'm_yri_ceu': 1e-05, 'm_yri_chb': 1e-05, 'm_ceu_chb': 1e-05} -70737.10520861535
x: {'t1': 1.88375, 't2': 7.41335, 't3': 100, 'N_anc': 1072.12973, 'N_yri': 1072.12973, 'N_ooa': 1072.12973, 'N_ceu': 1072.12973, 'N_chb': 1072.12973, 'gr_ceu': 0.00982, 'gr_chb': 0.00982, 'm_yri_ooa': 0.0, 'm_yri_ceu': 1e-05, 'm_yri_chb': 1e-05, 'm_ceu_chb': 1e-05} -70737.10520861535
x_down: {'t1': 1.88375, 't2': 7.41335, 't3': 100, 'N_anc': 1072.12973, 'N_yri': 1072.12973, 'N_ooa': 1072.12973, 'N_ceu': 1072.12973, 'N_chb': 1072.12973, 'gr_ceu': 0.00982, 'gr_chb': 0.00982, 'm_yri_ooa': 1e-05, 'm_yri_ceu': 1e-05, 'm_yri_chb': 1e-05, 'm_ceu_chb': 1e-05} -70737.08318230114
 
 
x_up: {'t1': 1.88375, 't2': 7.41335, 't3': 100, 'N_anc': 1072.12973, 'N_yri': 1072.12973, 'N_ooa': 1072.12973, 'N_ceu': 1072.12973, 'N_chb': 1072.12973, 'gr_ceu': 0.00982, 'gr_chb': 0.00982, 'm_yri_ooa': 1e-05, 'm_yri_ceu': 0.0, 'm_yri_chb': 1e-05, 'm_ceu_chb': 1e-05} -70737.08318230834
x: {'t1': 1.88375, 't2': 7.41335, 't3': 100, 'N_anc': 1072.12973, 'N_yri': 1072.12973, 'N_ooa': 1072.12973, 'N_ceu': 1072.12973, 'N_chb': 1072.12973, 'gr_ceu': 0.00982, 'gr_chb': 0.00982, 'm_yri_ooa': 1e-05, 'm_yri_ceu': 1e-05, 'm_yri_chb': 1e-05, 'm_ceu_chb': 1e-05} -70737.08318230114
x_down: {'t1': 1.88375, 't2': 7.41335, 't3': 100, 'N_anc': 1072.12973, 'N_yri': 1072.12973, 'N_ooa': 1072.12973, 'N_ceu': 1072.12973, 'N_chb': 1072.12973, 'gr_ceu': 0.00982, 'gr_chb': 0.00982, 'm_yri_ooa': 1e-05, 'm_yri_ceu': 1e-05, 'm_yri_chb': 1e-05, 'm_ceu_chb': 1e-05} -70737.08318230114
 
 
x_up: {'t1': 1.88375, 't2': 7.41335, 't3': 100, 'N_anc': 1072.12973, 'N_yri': 1072.12973, 'N_ooa': 1072.12973, 'N_ceu': 1072.12973, 'N_chb': 1072.12973, 'gr_ceu': 0.00982, 'gr_chb': 0.00982, 'm_yri_ooa': 1e-05, 'm_yri_ceu': 1e-05, 'm_yri_chb': 0.0, 'm_ceu_chb': 1e-05} -70737.08318230826
x: {'t1': 1.88375, 't2': 7.41335, 't3': 100, 'N_anc': 1072.12973, 'N_yri': 1072.12973, 'N_ooa': 1072.12973, 'N_ceu': 1072.12973, 'N_chb': 1072.12973, 'gr_ceu': 0.00982, 'gr_chb': 0.00982, 'm_yri_ooa': 1e-05, 'm_yri_ceu': 1e-05, 'm_yri_chb': 1e-05, 'm_ceu_chb': 1e-05} -70737.08318230114
x_down: {'t1': 1.88375, 't2': 7.41335, 't3': 100, 'N_anc': 1072.12973, 'N_yri': 1072.12973, 'N_ooa': 1072.12973, 'N_ceu': 1072.12973, 'N_chb': 1072.12973, 'gr_ceu': 0.00982, 'gr_chb': 0.00982, 'm_yri_ooa': 1e-05, 'm_yri_ceu': 1e-05, 'm_yri_chb': 1e-05, 'm_ceu_chb': 1e-05} -70737.08318230114
 
 
x_up: {'t1': 1.88375, 't2': 7.41335, 't3': 100, 'N_anc': 1072.12973, 'N_yri': 1072.12973, 'N_ooa': 1072.12973, 'N_ceu': 1072.12973, 'N_chb': 1072.12973, 'gr_ceu': 0.00982, 'gr_chb': 0.00982, 'm_yri_ooa': 1e-05, 'm_yri_ceu': 1e-05, 'm_yri_chb': 1e-05, 'm_ceu_chb': 0.0} -70737.08318230147
x: {'t1': 1.88375, 't2': 7.41335, 't3': 100, 'N_anc': 1072.12973, 'N_yri': 1072.12973, 'N_ooa': 1072.12973, 'N_ceu': 1072.12973, 'N_chb': 1072.12973, 'gr_ceu': 0.00982, 'gr_chb': 0.00982, 'm_yri_ooa': 1e-05, 'm_yri_ceu': 1e-05, 'm_yri_chb': 1e-05, 'm_ceu_chb': 1e-05} -70737.08318230114
x_down: {'t1': 1.88375, 't2': 7.41335, 't3': 100, 'N_anc': 1072.12973, 'N_yri': 1072.12973, 'N_ooa': 1072.12973, 'N_ceu': 1072.12973, 'N_chb': 1072.12973, 'gr_ceu': 0.00982, 'gr_chb': 0.00982, 'm_yri_ooa': 1e-05, 'm_yri_ceu': 1e-05, 'm_yri_chb': 1e-05, 'm_ceu_chb': 1e-05} -70737.08318230114
 
{'t1': 1.88375, 't2': 7.41335, 't3': 100, 'N_anc': 1072.12973, 'N_yri': 1072.12973, 'N_ooa': 1072.12973, 'N_ceu': 1072.12973, 'N_chb': 1072.12973, 'gr_ceu': 0.00982, 'gr_chb': 0.00982, 'm_yri_ooa': 1e-05, 'm_yri_ceu': 1e-05, 'm_yri_chb': 1e-05, 'm_ceu_chb': 1e-05} -70737.08318230114
 
x_up: {'t1': 2.32563, 't2': 7.41335, 't3': 100, 'N_anc': 1072.12973, 'N_yri': 1072.12973, 'N_ooa': 1072.12973, 'N_ceu': 1072.12973, 'N_chb': 1072.12973, 'gr_ceu': 0.00982, 'gr_chb': 0.00982, 'm_yri_ooa': 1e-05, 'm_yri_ceu': 1e-05, 'm_yri_chb': 1e-05, 'm_ceu_chb': 1e-05} -70814.77346541446
x: {'t1': 1.88375, 't2': 7.41335, 't3': 100, 'N_anc': 1072.12973, 'N_yri': 1072.12973, 'N_ooa': 1072.12973, 'N_ceu': 1072.12973, 'N_chb': 1072.12973, 'gr_ceu': 0.00982, 'gr_chb': 0.00982, 'm_yri_ooa': 1e-05, 'm_yri_ceu': 1e-05, 'm_yri_chb': 1e-05, 'm_ceu_chb': 1e-05} -70737.08318230114
x_down: {'t1': 1.44188, 't2': 7.41335, 't3': 100, 'N_anc': 1072.12973, 'N_yri': 1072.12973, 'N_ooa': 1072.12973, 'N_ceu': 1072.12973, 'N_chb': 1072.12973, 'gr_ceu': 0.00982, 'gr_chb': 0.00982, 'm_yri_ooa': 1e-05, 'm_yri_ceu': 1e-05, 'm_yri_chb': 1e-05, 'm_ceu_chb': 1e-05} -70657.79628337365
 
 
x_up: {'t1': 1.44188, 't2': 10.39908, 't3': 100, 'N_anc': 1072.12973, 'N_yri': 1072.12973, 'N_ooa': 1072.12973, 'N_ceu': 1072.12973, 'N_chb': 1072.12973, 'gr_ceu': 0.00982, 'gr_chb': 0.00982, 'm_yri_ooa': 1e-05, 'm_yri_ceu': 1e-05, 'm_yri_chb': 1e-05, 'm_ceu_chb': 1e-05} -71012.91987001449
x: {'t1': 1.44188, 't2': 7.41335, 't3': 100, 'N_anc': 1072.12973, 'N_yri': 1072.12973, 'N_ooa': 1072.12973, 'N_ceu': 1072.12973, 'N_chb': 1072.12973, 'gr_ceu': 0.00982, 'gr_chb': 0.00982, 'm_yri_ooa': 1e-05, 'm_yri_ceu': 1e-05, 'm_yri_chb': 1e-05, 'm_ceu_chb': 1e-05} -70657.79628337365
x_down: {'t1': 1.44188, 't2': 4.42762, 't3': 100, 'N_anc': 1072.12973, 'N_yri': 1072.12973, 'N_ooa': 1072.12973, 'N_ceu': 1072.12973, 'N_chb': 1072.12973, 'gr_ceu': 0.00982, 'gr_chb': 0.00982, 'm_yri_ooa': 1e-05, 'm_yri_ceu': 1e-05, 'm_yri_chb': 1e-05, 'm_ceu_chb': 1e-05} -70260.36090870839
 
 
x_up: {'t1': 1.44188, 't2': 4.42762, 't3': 104.77862, 'N_anc': 1072.12973, 'N_yri': 1072.12973, 'N_ooa': 1072.12973, 'N_ceu': 1072.12973, 'N_chb': 1072.12973, 'gr_ceu': 0.00982, 'gr_chb': 0.00982, 'm_yri_ooa': 1e-05, 'm_yri_ceu': 1e-05, 'm_yri_chb': 1e-05, 'm_ceu_chb': 1e-05} -70260.36090870839
x: {'t1': 1.44188, 't2': 4.42762, 't3': 100, 'N_anc': 1072.12973, 'N_yri': 1072.12973, 'N_ooa': 1072.12973, 'N_ceu': 1072.12973, 'N_chb': 1072.12973, 'gr_ceu': 0.00982, 'gr_chb': 0.00982, 'm_yri_ooa': 1e-05, 'm_yri_ceu': 1e-05, 'm_yri_chb': 1e-05, 'm_ceu_chb': 1e-05} -70260.36090870839
x_down: {'t1': 1.44188, 't2': 4.42762, 't3': 95.22138, 'N_anc': 1072.12973, 'N_yri': 1072.12973, 'N_ooa': 1072.12973, 'N_ceu': 1072.12973, 'N_chb': 1072.12973, 'gr_ceu': 0.00982, 'gr_chb': 0.00982, 'm_yri_ooa': 1e-05, 'm_yri_ceu': 1e-05, 'm_yri_chb': 1e-05, 'm_ceu_chb': 1e-05} -70260.36090870839
 
 
x_up: {'t1': 1.44188, 't2': 4.42762, 't3': 100, 'N_anc': 1558.1946, 'N_yri': 1072.12973, 'N_ooa': 1072.12973, 'N_ceu': 1072.12973, 'N_chb': 1072.12973, 'gr_ceu': 0.00982, 'gr_chb': 0.00982, 'm_yri_ooa': 1e-05, 'm_yri_ceu': 1e-05, 'm_yri_chb': 1e-05, 'm_ceu_chb': 1e-05} -70299.88505053232
x: {'t1': 1.44188, 't2': 4.42762, 't3': 100, 'N_anc': 1072.12973, 'N_yri': 1072.12973, 'N_ooa': 1072.12973, 'N_ceu': 1072.12973, 'N_chb': 1072.12973, 'gr_ceu': 0.00982, 'gr_chb': 0.00982, 'm_yri_ooa': 1e-05, 'm_yri_ceu': 1e-05, 'm_yri_chb': 1e-05, 'm_ceu_chb': 1e-05} -70260.36090870839
x_down: {'t1': 1.44188, 't2': 4.42762, 't3': 100, 'N_anc': 586.06487, 'N_yri': 1072.12973, 'N_ooa': 1072.12973, 'N_ceu': 1072.12973, 'N_chb': 1072.12973, 'gr_ceu': 0.00982, 'gr_chb': 0.00982, 'm_yri_ooa': 1e-05, 'm_yri_ceu': 1e-05, 'm_yri_chb': 1e-05, 'm_ceu_chb': 1e-05} -70221.59009249671
 
 
x_up: {'t1': 1.44188, 't2': 4.42762, 't3': 100, 'N_anc': 586.06487, 'N_yri': 1558.1946, 'N_ooa': 1072.12973, 'N_ceu': 1072.12973, 'N_chb': 1072.12973, 'gr_ceu': 0.00982, 'gr_chb': 0.00982, 'm_yri_ooa': 1e-05, 'm_yri_ceu': 1e-05, 'm_yri_chb': 1e-05, 'm_ceu_chb': 1e-05} -70602.08888161129
x: {'t1': 1.44188, 't2': 4.42762, 't3': 100, 'N_anc': 586.06487, 'N_yri': 1072.12973, 'N_ooa': 1072.12973, 'N_ceu': 1072.12973, 'N_chb': 1072.12973, 'gr_ceu': 0.00982, 'gr_chb': 0.00982, 'm_yri_ooa': 1e-05, 'm_yri_ceu': 1e-05, 'm_yri_chb': 1e-05, 'm_ceu_chb': 1e-05} -70221.59009249671
x_down: {'t1': 1.44188, 't2': 4.42762, 't3': 100, 'N_anc': 586.06487, 'N_yri': 586.06487, 'N_ooa': 1072.12973, 'N_ceu': 1072.12973, 'N_chb': 1072.12973, 'gr_ceu': 0.00982, 'gr_chb': 0.00982, 'm_yri_ooa': 1e-05, 'm_yri_ceu': 1e-05, 'm_yri_chb': 1e-05, 'm_ceu_chb': 1e-05} -69587.44439378937
 
 
x_up: {'t1': 1.44188, 't2': 4.42762, 't3': 100, 'N_anc': 586.06487, 'N_yri': 586.06487, 'N_ooa': 1558.1946, 'N_ceu': 1072.12973, 'N_chb': 1072.12973, 'gr_ceu': 0.00982, 'gr_chb': 0.00982, 'm_yri_ooa': 1e-05, 'm_yri_ceu': 1e-05, 'm_yri_chb': 1e-05, 'm_ceu_chb': 1e-05} -70326.43066264545
x: {'t1': 1.44188, 't2': 4.42762, 't3': 100, 'N_anc': 586.06487, 'N_yri': 586.06487, 'N_ooa': 1072.12973, 'N_ceu': 1072.12973, 'N_chb': 1072.12973, 'gr_ceu': 0.00982, 'gr_chb': 0.00982, 'm_yri_ooa': 1e-05, 'm_yri_ceu': 1e-05, 'm_yri_chb': 1e-05, 'm_ceu_chb': 1e-05} -69587.44439378937
x_down: {'t1': 1.44188, 't2': 4.42762, 't3': 100, 'N_anc': 586.06487, 'N_yri': 586.06487, 'N_ooa': 586.06487, 'N_ceu': 1072.12973, 'N_chb': 1072.12973, 'gr_ceu': 0.00982, 'gr_chb': 0.00982, 'm_yri_ooa': 1e-05, 'm_yri_ceu': 1e-05, 'm_yri_chb': 1e-05, 'm_ceu_chb': 1e-05} -69611.44742546222
 
 
x_up: {'t1': 1.44188, 't2': 4.42762, 't3': 100, 'N_anc': 586.06487, 'N_yri': 586.06487, 'N_ooa': 1072.12973, 'N_ceu': 1558.1946, 'N_chb': 1072.12973, 'gr_ceu': 0.00982, 'gr_chb': 0.00982, 'm_yri_ooa': 1e-05, 'm_yri_ceu': 1e-05, 'm_yri_chb': 1e-05, 'm_ceu_chb': 1e-05} -69922.37756071857
x: {'t1': 1.44188, 't2': 4.42762, 't3': 100, 'N_anc': 586.06487, 'N_yri': 586.06487, 'N_ooa': 1072.12973, 'N_ceu': 1072.12973, 'N_chb': 1072.12973, 'gr_ceu': 0.00982, 'gr_chb': 0.00982, 'm_yri_ooa': 1e-05, 'm_yri_ceu': 1e-05, 'm_yri_chb': 1e-05, 'm_ceu_chb': 1e-05} -69587.44439378937
x_down: {'t1': 1.44188, 't2': 4.42762, 't3': 100, 'N_anc': 586.06487, 'N_yri': 586.06487, 'N_ooa': 1072.12973, 'N_ceu': 586.06487, 'N_chb': 1072.12973, 'gr_ceu': 0.00982, 'gr_chb': 0.00982, 'm_yri_ooa': 1e-05, 'm_yri_ceu': 1e-05, 'm_yri_chb': 1e-05, 'm_ceu_chb': 1e-05} -69014.49277383562
 
 
x_up: {'t1': 1.44188, 't2': 4.42762, 't3': 100, 'N_anc': 586.06487, 'N_yri': 586.06487, 'N_ooa': 1072.12973, 'N_ceu': 586.06487, 'N_chb': 1558.1946, 'gr_ceu': 0.00982, 'gr_chb': 0.00982, 'm_yri_ooa': 1e-05, 'm_yri_ceu': 1e-05, 'm_yri_chb': 1e-05, 'm_ceu_chb': 1e-05} -69276.20803663372
x: {'t1': 1.44188, 't2': 4.42762, 't3': 100, 'N_anc': 586.06487, 'N_yri': 586.06487, 'N_ooa': 1072.12973, 'N_ceu': 586.06487, 'N_chb': 1072.12973, 'gr_ceu': 0.00982, 'gr_chb': 0.00982, 'm_yri_ooa': 1e-05, 'm_yri_ceu': 1e-05, 'm_yri_chb': 1e-05, 'm_ceu_chb': 1e-05} -69014.49277383562
x_down: {'t1': 1.44188, 't2': 4.42762, 't3': 100, 'N_anc': 586.06487, 'N_yri': 586.06487, 'N_ooa': 1072.12973, 'N_ceu': 586.06487, 'N_chb': 586.06487, 'gr_ceu': 0.00982, 'gr_chb': 0.00982, 'm_yri_ooa': 1e-05, 'm_yri_ceu': 1e-05, 'm_yri_chb': 1e-05, 'm_ceu_chb': 1e-05} -68668.91912845493
 
 
x_up: {'t1': 1.44188, 't2': 4.42762, 't3': 100, 'N_anc': 586.06487, 'N_yri': 586.06487, 'N_ooa': 1072.12973, 'N_ceu': 586.06487, 'N_chb': 586.06487, 'gr_ceu': 0.01473, 'gr_chb': 0.00982, 'm_yri_ooa': 1e-05, 'm_yri_ceu': 1e-05, 'm_yri_chb': 1e-05, 'm_ceu_chb': 1e-05} -68671.3497931287
x: {'t1': 1.44188, 't2': 4.42762, 't3': 100, 'N_anc': 586.06487, 'N_yri': 586.06487, 'N_ooa': 1072.12973, 'N_ceu': 586.06487, 'N_chb': 586.06487, 'gr_ceu': 0.00982, 'gr_chb': 0.00982, 'm_yri_ooa': 1e-05, 'm_yri_ceu': 1e-05, 'm_yri_chb': 1e-05, 'm_ceu_chb': 1e-05} -68668.91912845493
x_down: {'t1': 1.44188, 't2': 4.42762, 't3': 100, 'N_anc': 586.06487, 'N_yri': 586.06487, 'N_ooa': 1072.12973, 'N_ceu': 586.06487, 'N_chb': 586.06487, 'gr_ceu': 0.00491, 'gr_chb': 0.00982, 'm_yri_ooa': 1e-05, 'm_yri_ceu': 1e-05, 'm_yri_chb': 1e-05, 'm_ceu_chb': 1e-05} -68666.4895977774
 
 
x_up: {'t1': 1.44188, 't2': 4.42762, 't3': 100, 'N_anc': 586.06487, 'N_yri': 586.06487, 'N_ooa': 1072.12973, 'N_ceu': 586.06487, 'N_chb': 586.06487, 'gr_ceu': 0.00491, 'gr_chb': 0.01473, 'm_yri_ooa': 1e-05, 'm_yri_ceu': 1e-05, 'm_yri_chb': 1e-05, 'm_ceu_chb': 1e-05} -68668.91611003799
x: {'t1': 1.44188, 't2': 4.42762, 't3': 100, 'N_anc': 586.06487, 'N_yri': 586.06487, 'N_ooa': 1072.12973, 'N_ceu': 586.06487, 'N_chb': 586.06487, 'gr_ceu': 0.00491, 'gr_chb': 0.00982, 'm_yri_ooa': 1e-05, 'm_yri_ceu': 1e-05, 'm_yri_chb': 1e-05, 'm_ceu_chb': 1e-05} -68666.4895977774
x_down: {'t1': 1.44188, 't2': 4.42762, 't3': 100, 'N_anc': 586.06487, 'N_yri': 586.06487, 'N_ooa': 1072.12973, 'N_ceu': 586.06487, 'N_chb': 586.06487, 'gr_ceu': 0.00491, 'gr_chb': 0.00491, 'm_yri_ooa': 1e-05, 'm_yri_ceu': 1e-05, 'm_yri_chb': 1e-05, 'm_ceu_chb': 1e-05} -68664.06463414853
 
 
x_up: {'t1': 1.44188, 't2': 4.42762, 't3': 100, 'N_anc': 586.06487, 'N_yri': 586.06487, 'N_ooa': 1072.12973, 'N_ceu': 586.06487, 'N_chb': 586.06487, 'gr_ceu': 0.00491, 'gr_chb': 0.00491, 'm_yri_ooa': 0.0, 'm_yri_ceu': 1e-05, 'm_yri_chb': 1e-05, 'm_ceu_chb': 1e-05} -68664.01776559804
x: {'t1': 1.44188, 't2': 4.42762, 't3': 100, 'N_anc': 586.06487, 'N_yri': 586.06487, 'N_ooa': 1072.12973, 'N_ceu': 586.06487, 'N_chb': 586.06487, 'gr_ceu': 0.00491, 'gr_chb': 0.00491, 'm_yri_ooa': 1e-05, 'm_yri_ceu': 1e-05, 'm_yri_chb': 1e-05, 'm_ceu_chb': 1e-05} -68664.06463414853
x_down: {'t1': 1.44188, 't2': 4.42762, 't3': 100, 'N_anc': 586.06487, 'N_yri': 586.06487, 'N_ooa': 1072.12973, 'N_ceu': 586.06487, 'N_chb': 586.06487, 'gr_ceu': 0.00491, 'gr_chb': 0.00491, 'm_yri_ooa': 1e-05, 'm_yri_ceu': 1e-05, 'm_yri_chb': 1e-05, 'm_ceu_chb': 1e-05} -68664.06463414853
 
 
x_up: {'t1': 1.44188, 't2': 4.42762, 't3': 100, 'N_anc': 586.06487, 'N_yri': 586.06487, 'N_ooa': 1072.12973, 'N_ceu': 586.06487, 'N_chb': 586.06487, 'gr_ceu': 0.00491, 'gr_chb': 0.00491, 'm_yri_ooa': 0.0, 'm_yri_ceu': 0.0, 'm_yri_chb': 1e-05, 'm_ceu_chb': 1e-05} -68664.0177656026
x: {'t1': 1.44188, 't2': 4.42762, 't3': 100, 'N_anc': 586.06487, 'N_yri': 586.06487, 'N_ooa': 1072.12973, 'N_ceu': 586.06487, 'N_chb': 586.06487, 'gr_ceu': 0.00491, 'gr_chb': 0.00491, 'm_yri_ooa': 0.0, 'm_yri_ceu': 1e-05, 'm_yri_chb': 1e-05, 'm_ceu_chb': 1e-05} -68664.01776559804
x_down: {'t1': 1.44188, 't2': 4.42762, 't3': 100, 'N_anc': 586.06487, 'N_yri': 586.06487, 'N_ooa': 1072.12973, 'N_ceu': 586.06487, 'N_chb': 586.06487, 'gr_ceu': 0.00491, 'gr_chb': 0.00491, 'm_yri_ooa': 0.0, 'm_yri_ceu': 1e-05, 'm_yri_chb': 1e-05, 'm_ceu_chb': 1e-05} -68664.01776559804
 
 
x_up: {'t1': 1.44188, 't2': 4.42762, 't3': 100, 'N_anc': 586.06487, 'N_yri': 586.06487, 'N_ooa': 1072.12973, 'N_ceu': 586.06487, 'N_chb': 586.06487, 'gr_ceu': 0.00491, 'gr_chb': 0.00491, 'm_yri_ooa': 0.0, 'm_yri_ceu': 1e-05, 'm_yri_chb': 0.0, 'm_ceu_chb': 1e-05} -68664.01776560354
x: {'t1': 1.44188, 't2': 4.42762, 't3': 100, 'N_anc': 586.06487, 'N_yri': 586.06487, 'N_ooa': 1072.12973, 'N_ceu': 586.06487, 'N_chb': 586.06487, 'gr_ceu': 0.00491, 'gr_chb': 0.00491, 'm_yri_ooa': 0.0, 'm_yri_ceu': 1e-05, 'm_yri_chb': 1e-05, 'm_ceu_chb': 1e-05} -68664.01776559804
x_down: {'t1': 1.44188, 't2': 4.42762, 't3': 100, 'N_anc': 586.06487, 'N_yri': 586.06487, 'N_ooa': 1072.12973, 'N_ceu': 586.06487, 'N_chb': 586.06487, 'gr_ceu': 0.00491, 'gr_chb': 0.00491, 'm_yri_ooa': 0.0, 'm_yri_ceu': 1e-05, 'm_yri_chb': 1e-05, 'm_ceu_chb': 1e-05} -68664.01776559804
 
 
x_up: {'t1': 1.44188, 't2': 4.42762, 't3': 100, 'N_anc': 586.06487, 'N_yri': 586.06487, 'N_ooa': 1072.12973, 'N_ceu': 586.06487, 'N_chb': 586.06487, 'gr_ceu': 0.00491, 'gr_chb': 0.00491, 'm_yri_ooa': 0.0, 'm_yri_ceu': 1e-05, 'm_yri_chb': 1e-05, 'm_ceu_chb': 0.0} -68664.01776559788
x: {'t1': 1.44188, 't2': 4.42762, 't3': 100, 'N_anc': 586.06487, 'N_yri': 586.06487, 'N_ooa': 1072.12973, 'N_ceu': 586.06487, 'N_chb': 586.06487, 'gr_ceu': 0.00491, 'gr_chb': 0.00491, 'm_yri_ooa': 0.0, 'm_yri_ceu': 1e-05, 'm_yri_chb': 1e-05, 'm_ceu_chb': 1e-05} -68664.01776559804
x_down: {'t1': 1.44188, 't2': 4.42762, 't3': 100, 'N_anc': 586.06487, 'N_yri': 586.06487, 'N_ooa': 1072.12973, 'N_ceu': 586.06487, 'N_chb': 586.06487, 'gr_ceu': 0.00491, 'gr_chb': 0.00491, 'm_yri_ooa': 0.0, 'm_yri_ceu': 1e-05, 'm_yri_chb': 1e-05, 'm_ceu_chb': 1e-05} -68664.01776559804
 
{'t1': 1.44188, 't2': 4.42762, 't3': 100, 'N_anc': 586.06487, 'N_yri': 586.06487, 'N_ooa': 1072.12973, 'N_ceu': 586.06487, 'N_chb': 586.06487, 'gr_ceu': 0.00491, 'gr_chb': 0.00491, 'm_yri_ooa': 0.0, 'm_yri_ceu': 1e-05, 'm_yri_chb': 1e-05, 'm_ceu_chb': 0.0} -68664.01776559788
 
x_up: {'t1': 1.66282, 't2': 4.42762, 't3': 100, 'N_anc': 586.06487, 'N_yri': 586.06487, 'N_ooa': 1072.12973, 'N_ceu': 586.06487, 'N_chb': 586.06487, 'gr_ceu': 0.00491, 'gr_chb': 0.00491, 'm_yri_ooa': 0.0, 'm_yri_ceu': 1e-05, 'm_yri_chb': 1e-05, 'm_ceu_chb': 0.0} -68619.50542589318
x: {'t1': 1.44188, 't2': 4.42762, 't3': 100, 'N_anc': 586.06487, 'N_yri': 586.06487, 'N_ooa': 1072.12973, 'N_ceu': 586.06487, 'N_chb': 586.06487, 'gr_ceu': 0.00491, 'gr_chb': 0.00491, 'm_yri_ooa': 0.0, 'm_yri_ceu': 1e-05, 'm_yri_chb': 1e-05, 'm_ceu_chb': 0.0} -68664.01776559788
x_down: {'t1': 1.22094, 't2': 4.42762, 't3': 100, 'N_anc': 586.06487, 'N_yri': 586.06487, 'N_ooa': 1072.12973, 'N_ceu': 586.06487, 'N_chb': 586.06487, 'gr_ceu': 0.00491, 'gr_chb': 0.00491, 'm_yri_ooa': 0.0, 'm_yri_ceu': 1e-05, 'm_yri_chb': 1e-05, 'm_ceu_chb': 0.0} -68695.33739262623
 
 
x_up: {'t1': 1.66282, 't2': 5.81002, 't3': 100, 'N_anc': 586.06487, 'N_yri': 586.06487, 'N_ooa': 1072.12973, 'N_ceu': 586.06487, 'N_chb': 586.06487, 'gr_ceu': 0.00491, 'gr_chb': 0.00491, 'm_yri_ooa': 0.0, 'm_yri_ceu': 1e-05, 'm_yri_chb': 1e-05, 'm_ceu_chb': 0.0} -68751.63124905292
x: {'t1': 1.66282, 't2': 4.42762, 't3': 100, 'N_anc': 586.06487, 'N_yri': 586.06487, 'N_ooa': 1072.12973, 'N_ceu': 586.06487, 'N_chb': 586.06487, 'gr_ceu': 0.00491, 'gr_chb': 0.00491, 'm_yri_ooa': 0.0, 'm_yri_ceu': 1e-05, 'm_yri_chb': 1e-05, 'm_ceu_chb': 0.0} -68619.50542589318
x_down: {'t1': 1.66282, 't2': 3.04522, 't3': 100, 'N_anc': 586.06487, 'N_yri': 586.06487, 'N_ooa': 1072.12973, 'N_ceu': 586.06487, 'N_chb': 586.06487, 'gr_ceu': 0.00491, 'gr_chb': 0.00491, 'm_yri_ooa': 0.0, 'm_yri_ceu': 1e-05, 'm_yri_chb': 1e-05, 'm_ceu_chb': 0.0} -68403.50874507788
 
 
x_up: {'t1': 1.66282, 't2': 3.04522, 't3': 104.84774, 'N_anc': 586.06487, 'N_yri': 586.06487, 'N_ooa': 1072.12973, 'N_ceu': 586.06487, 'N_chb': 586.06487, 'gr_ceu': 0.00491, 'gr_chb': 0.00491, 'm_yri_ooa': 0.0, 'm_yri_ceu': 1e-05, 'm_yri_chb': 1e-05, 'm_ceu_chb': 0.0} -68404.82508251884
x: {'t1': 1.66282, 't2': 3.04522, 't3': 100, 'N_anc': 586.06487, 'N_yri': 586.06487, 'N_ooa': 1072.12973, 'N_ceu': 586.06487, 'N_chb': 586.06487, 'gr_ceu': 0.00491, 'gr_chb': 0.00491, 'm_yri_ooa': 0.0, 'm_yri_ceu': 1e-05, 'm_yri_chb': 1e-05, 'm_ceu_chb': 0.0} -68403.50874507788
x_down: {'t1': 1.66282, 't2': 3.04522, 't3': 95.15226, 'N_anc': 586.06487, 'N_yri': 586.06487, 'N_ooa': 1072.12973, 'N_ceu': 586.06487, 'N_chb': 586.06487, 'gr_ceu': 0.00491, 'gr_chb': 0.00491, 'm_yri_ooa': 0.0, 'm_yri_ceu': 1e-05, 'm_yri_chb': 1e-05, 'm_ceu_chb': 0.0} -68399.6858454795
 
 
x_up: {'t1': 1.66282, 't2': 3.04522, 't3': 95.15226, 'N_anc': 829.09731, 'N_yri': 586.06487, 'N_ooa': 1072.12973, 'N_ceu': 586.06487, 'N_chb': 586.06487, 'gr_ceu': 0.00491, 'gr_chb': 0.00491, 'm_yri_ooa': 0.0, 'm_yri_ceu': 1e-05, 'm_yri_chb': 1e-05, 'm_ceu_chb': 0.0} -68419.07228221315
x: {'t1': 1.66282, 't2': 3.04522, 't3': 95.15226, 'N_anc': 586.06487, 'N_yri': 586.06487, 'N_ooa': 1072.12973, 'N_ceu': 586.06487, 'N_chb': 586.06487, 'gr_ceu': 0.00491, 'gr_chb': 0.00491, 'm_yri_ooa': 0.0, 'm_yri_ceu': 1e-05, 'm_yri_chb': 1e-05, 'm_ceu_chb': 0.0} -68399.6858454795
x_down: {'t1': 1.66282, 't2': 3.04522, 't3': 95.15226, 'N_anc': 343.03244, 'N_yri': 586.06487, 'N_ooa': 1072.12973, 'N_ceu': 586.06487, 'N_chb': 586.06487, 'gr_ceu': 0.00491, 'gr_chb': 0.00491, 'm_yri_ooa': 0.0, 'm_yri_ceu': 1e-05, 'm_yri_chb': 1e-05, 'm_ceu_chb': 0.0} -68409.463698101
 
 
x_up: {'t1': 1.66282, 't2': 3.04522, 't3': 95.15226, 'N_anc': 586.06487, 'N_yri': 829.09731, 'N_ooa': 1072.12973, 'N_ceu': 586.06487, 'N_chb': 586.06487, 'gr_ceu': 0.00491, 'gr_chb': 0.00491, 'm_yri_ooa': 0.0, 'm_yri_ceu': 1e-05, 'm_yri_chb': 1e-05, 'm_ceu_chb': 0.0} -68689.40219241513
x: {'t1': 1.66282, 't2': 3.04522, 't3': 95.15226, 'N_anc': 586.06487, 'N_yri': 586.06487, 'N_ooa': 1072.12973, 'N_ceu': 586.06487, 'N_chb': 586.06487, 'gr_ceu': 0.00491, 'gr_chb': 0.00491, 'm_yri_ooa': 0.0, 'm_yri_ceu': 1e-05, 'm_yri_chb': 1e-05, 'm_ceu_chb': 0.0} -68399.6858454795
x_down: {'t1': 1.66282, 't2': 3.04522, 't3': 95.15226, 'N_anc': 586.06487, 'N_yri': 343.03244, 'N_ooa': 1072.12973, 'N_ceu': 586.06487, 'N_chb': 586.06487, 'gr_ceu': 0.00491, 'gr_chb': 0.00491, 'm_yri_ooa': 0.0, 'm_yri_ceu': 1e-05, 'm_yri_chb': 1e-05, 'm_ceu_chb': 0.0} -68112.67468250584
 
 
x_up: {'t1': 1.66282, 't2': 3.04522, 't3': 95.15226, 'N_anc': 586.06487, 'N_yri': 343.03244, 'N_ooa': 1315.16216, 'N_ceu': 586.06487, 'N_chb': 586.06487, 'gr_ceu': 0.00491, 'gr_chb': 0.00491, 'm_yri_ooa': 0.0, 'm_yri_ceu': 1e-05, 'm_yri_chb': 1e-05, 'm_ceu_chb': 0.0} -68384.64762923992
x: {'t1': 1.66282, 't2': 3.04522, 't3': 95.15226, 'N_anc': 586.06487, 'N_yri': 343.03244, 'N_ooa': 1072.12973, 'N_ceu': 586.06487, 'N_chb': 586.06487, 'gr_ceu': 0.00491, 'gr_chb': 0.00491, 'm_yri_ooa': 0.0, 'm_yri_ceu': 1e-05, 'm_yri_chb': 1e-05, 'm_ceu_chb': 0.0} -68112.67468250584
x_down: {'t1': 1.66282, 't2': 3.04522, 't3': 95.15226, 'N_anc': 586.06487, 'N_yri': 343.03244, 'N_ooa': 829.0973, 'N_ceu': 586.06487, 'N_chb': 586.06487, 'gr_ceu': 0.00491, 'gr_chb': 0.00491, 'm_yri_ooa': 0.0, 'm_yri_ceu': 1e-05, 'm_yri_chb': 1e-05, 'm_ceu_chb': 0.0} -68003.7447259823
 
 
x_up: {'t1': 1.66282, 't2': 3.04522, 't3': 95.15226, 'N_anc': 586.06487, 'N_yri': 343.03244, 'N_ooa': 829.0973, 'N_ceu': 829.09731, 'N_chb': 586.06487, 'gr_ceu': 0.00491, 'gr_chb': 0.00491, 'm_yri_ooa': 0.0, 'm_yri_ceu': 1e-05, 'm_yri_chb': 1e-05, 'm_ceu_chb': 0.0} -68221.21065054688
x: {'t1': 1.66282, 't2': 3.04522, 't3': 95.15226, 'N_anc': 586.06487, 'N_yri': 343.03244, 'N_ooa': 829.0973, 'N_ceu': 586.06487, 'N_chb': 586.06487, 'gr_ceu': 0.00491, 'gr_chb': 0.00491, 'm_yri_ooa': 0.0, 'm_yri_ceu': 1e-05, 'm_yri_chb': 1e-05, 'm_ceu_chb': 0.0} -68003.7447259823
x_down: {'t1': 1.66282, 't2': 3.04522, 't3': 95.15226, 'N_anc': 586.06487, 'N_yri': 343.03244, 'N_ooa': 829.0973, 'N_ceu': 343.03244, 'N_chb': 586.06487, 'gr_ceu': 0.00491, 'gr_chb': 0.00491, 'm_yri_ooa': 0.0, 'm_yri_ceu': 1e-05, 'm_yri_chb': 1e-05, 'm_ceu_chb': 0.0} -67755.6279090396
 
 
x_up: {'t1': 1.66282, 't2': 3.04522, 't3': 95.15226, 'N_anc': 586.06487, 'N_yri': 343.03244, 'N_ooa': 829.0973, 'N_ceu': 343.03244, 'N_chb': 829.09731, 'gr_ceu': 0.00491, 'gr_chb': 0.00491, 'm_yri_ooa': 0.0, 'm_yri_ceu': 1e-05, 'm_yri_chb': 1e-05, 'm_ceu_chb': 0.0} -67923.96207827519
x: {'t1': 1.66282, 't2': 3.04522, 't3': 95.15226, 'N_anc': 586.06487, 'N_yri': 343.03244, 'N_ooa': 829.0973, 'N_ceu': 343.03244, 'N_chb': 586.06487, 'gr_ceu': 0.00491, 'gr_chb': 0.00491, 'm_yri_ooa': 0.0, 'm_yri_ceu': 1e-05, 'm_yri_chb': 1e-05, 'm_ceu_chb': 0.0} -67755.6279090396
x_down: {'t1': 1.66282, 't2': 3.04522, 't3': 95.15226, 'N_anc': 586.06487, 'N_yri': 343.03244, 'N_ooa': 829.0973, 'N_ceu': 343.03244, 'N_chb': 343.03244, 'gr_ceu': 0.00491, 'gr_chb': 0.00491, 'm_yri_ooa': 0.0, 'm_yri_ceu': 1e-05, 'm_yri_chb': 1e-05, 'm_ceu_chb': 0.0} -67641.27319204876
 
 
x_up: {'t1': 1.66282, 't2': 3.04522, 't3': 95.15226, 'N_anc': 586.06487, 'N_yri': 343.03244, 'N_ooa': 829.0973, 'N_ceu': 343.03244, 'N_chb': 343.03244, 'gr_ceu': 0.00737, 'gr_chb': 0.00491, 'm_yri_ooa': 0.0, 'm_yri_ceu': 1e-05, 'm_yri_chb': 1e-05, 'm_ceu_chb': 0.0} -67641.42464993286
x: {'t1': 1.66282, 't2': 3.04522, 't3': 95.15226, 'N_anc': 586.06487, 'N_yri': 343.03244, 'N_ooa': 829.0973, 'N_ceu': 343.03244, 'N_chb': 343.03244, 'gr_ceu': 0.00491, 'gr_chb': 0.00491, 'm_yri_ooa': 0.0, 'm_yri_ceu': 1e-05, 'm_yri_chb': 1e-05, 'm_ceu_chb': 0.0} -67641.27319204876
x_down: {'t1': 1.66282, 't2': 3.04522, 't3': 95.15226, 'N_anc': 586.06487, 'N_yri': 343.03244, 'N_ooa': 829.0973, 'N_ceu': 343.03244, 'N_chb': 343.03244, 'gr_ceu': 0.00246, 'gr_chb': 0.00491, 'm_yri_ooa': 0.0, 'm_yri_ceu': 1e-05, 'm_yri_chb': 1e-05, 'm_ceu_chb': 0.0} -67641.12628888508
 
 
x_up: {'t1': 1.66282, 't2': 3.04522, 't3': 95.15226, 'N_anc': 586.06487, 'N_yri': 343.03244, 'N_ooa': 829.0973, 'N_ceu': 343.03244, 'N_chb': 343.03244, 'gr_ceu': 0.00246, 'gr_chb': 0.00737, 'm_yri_ooa': 0.0, 'm_yri_ceu': 1e-05, 'm_yri_chb': 1e-05, 'm_ceu_chb': 0.0} -67641.30469678121
x: {'t1': 1.66282, 't2': 3.04522, 't3': 95.15226, 'N_anc': 586.06487, 'N_yri': 343.03244, 'N_ooa': 829.0973, 'N_ceu': 343.03244, 'N_chb': 343.03244, 'gr_ceu': 0.00246, 'gr_chb': 0.00491, 'm_yri_ooa': 0.0, 'm_yri_ceu': 1e-05, 'm_yri_chb': 1e-05, 'm_ceu_chb': 0.0} -67641.12628888508
x_down: {'t1': 1.66282, 't2': 3.04522, 't3': 95.15226, 'N_anc': 586.06487, 'N_yri': 343.03244, 'N_ooa': 829.0973, 'N_ceu': 343.03244, 'N_chb': 343.03244, 'gr_ceu': 0.00246, 'gr_chb': 0.00246, 'm_yri_ooa': 0.0, 'm_yri_ceu': 1e-05, 'm_yri_chb': 1e-05, 'm_ceu_chb': 0.0} -67640.95347574218
 
 
x_up: {'t1': 1.66282, 't2': 3.04522, 't3': 95.15226, 'N_anc': 586.06487, 'N_yri': 343.03244, 'N_ooa': 829.0973, 'N_ceu': 343.03244, 'N_chb': 343.03244, 'gr_ceu': 0.00246, 'gr_chb': 0.00246, 'm_yri_ooa': 0.0, 'm_yri_ceu': 1e-05, 'm_yri_chb': 1e-05, 'm_ceu_chb': 0.0} -67640.95347574218
x: {'t1': 1.66282, 't2': 3.04522, 't3': 95.15226, 'N_anc': 586.06487, 'N_yri': 343.03244, 'N_ooa': 829.0973, 'N_ceu': 343.03244, 'N_chb': 343.03244, 'gr_ceu': 0.00246, 'gr_chb': 0.00246, 'm_yri_ooa': 0.0, 'm_yri_ceu': 1e-05, 'm_yri_chb': 1e-05, 'm_ceu_chb': 0.0} -67640.95347574218
x_down: {'t1': 1.66282, 't2': 3.04522, 't3': 95.15226, 'N_anc': 586.06487, 'N_yri': 343.03244, 'N_ooa': 829.0973, 'N_ceu': 343.03244, 'N_chb': 343.03244, 'gr_ceu': 0.00246, 'gr_chb': 0.00246, 'm_yri_ooa': 1e-05, 'm_yri_ceu': 1e-05, 'm_yri_chb': 1e-05, 'm_ceu_chb': 0.0} -67640.97491930642
 
 
x_up: {'t1': 1.66282, 't2': 3.04522, 't3': 95.15226, 'N_anc': 586.06487, 'N_yri': 343.03244, 'N_ooa': 829.0973, 'N_ceu': 343.03244, 'N_chb': 343.03244, 'gr_ceu': 0.00246, 'gr_chb': 0.00246, 'm_yri_ooa': 0.0, 'm_yri_ceu': 0.0, 'm_yri_chb': 1e-05, 'm_ceu_chb': 0.0} -67640.95347574248
x: {'t1': 1.66282, 't2': 3.04522, 't3': 95.15226, 'N_anc': 586.06487, 'N_yri': 343.03244, 'N_ooa': 829.0973, 'N_ceu': 343.03244, 'N_chb': 343.03244, 'gr_ceu': 0.00246, 'gr_chb': 0.00246, 'm_yri_ooa': 0.0, 'm_yri_ceu': 1e-05, 'm_yri_chb': 1e-05, 'm_ceu_chb': 0.0} -67640.95347574218
x_down: {'t1': 1.66282, 't2': 3.04522, 't3': 95.15226, 'N_anc': 586.06487, 'N_yri': 343.03244, 'N_ooa': 829.0973, 'N_ceu': 343.03244, 'N_chb': 343.03244, 'gr_ceu': 0.00246, 'gr_chb': 0.00246, 'm_yri_ooa': 0.0, 'm_yri_ceu': 1e-05, 'm_yri_chb': 1e-05, 'm_ceu_chb': 0.0} -67640.95347574218
 
 
x_up: {'t1': 1.66282, 't2': 3.04522, 't3': 95.15226, 'N_anc': 586.06487, 'N_yri': 343.03244, 'N_ooa': 829.0973, 'N_ceu': 343.03244, 'N_chb': 343.03244, 'gr_ceu': 0.00246, 'gr_chb': 0.00246, 'm_yri_ooa': 0.0, 'm_yri_ceu': 1e-05, 'm_yri_chb': 0.0, 'm_ceu_chb': 0.0} -67640.95347574234
x: {'t1': 1.66282, 't2': 3.04522, 't3': 95.15226, 'N_anc': 586.06487, 'N_yri': 343.03244, 'N_ooa': 829.0973, 'N_ceu': 343.03244, 'N_chb': 343.03244, 'gr_ceu': 0.00246, 'gr_chb': 0.00246, 'm_yri_ooa': 0.0, 'm_yri_ceu': 1e-05, 'm_yri_chb': 1e-05, 'm_ceu_chb': 0.0} -67640.95347574218
x_down: {'t1': 1.66282, 't2': 3.04522, 't3': 95.15226, 'N_anc': 586.06487, 'N_yri': 343.03244, 'N_ooa': 829.0973, 'N_ceu': 343.03244, 'N_chb': 343.03244, 'gr_ceu': 0.00246, 'gr_chb': 0.00246, 'm_yri_ooa': 0.0, 'm_yri_ceu': 1e-05, 'm_yri_chb': 1e-05, 'm_ceu_chb': 0.0} -67640.95347574218
 
 
x_up: {'t1': 1.66282, 't2': 3.04522, 't3': 95.15226, 'N_anc': 586.06487, 'N_yri': 343.03244, 'N_ooa': 829.0973, 'N_ceu': 343.03244, 'N_chb': 343.03244, 'gr_ceu': 0.00246, 'gr_chb': 0.00246, 'm_yri_ooa': 0.0, 'm_yri_ceu': 1e-05, 'm_yri_chb': 1e-05, 'm_ceu_chb': 0.0} -67640.95347574218
x: {'t1': 1.66282, 't2': 3.04522, 't3': 95.15226, 'N_anc': 586.06487, 'N_yri': 343.03244, 'N_ooa': 829.0973, 'N_ceu': 343.03244, 'N_chb': 343.03244, 'gr_ceu': 0.00246, 'gr_chb': 0.00246, 'm_yri_ooa': 0.0, 'm_yri_ceu': 1e-05, 'm_yri_chb': 1e-05, 'm_ceu_chb': 0.0} -67640.95347574218
x_down: {'t1': 1.66282, 't2': 3.04522, 't3': 95.15226, 'N_anc': 586.06487, 'N_yri': 343.03244, 'N_ooa': 829.0973, 'N_ceu': 343.03244, 'N_chb': 343.03244, 'gr_ceu': 0.00246, 'gr_chb': 0.00246, 'm_yri_ooa': 0.0, 'm_yri_ceu': 1e-05, 'm_yri_chb': 1e-05, 'm_ceu_chb': 1e-05} -67640.95347574231
 
{'t1': 1.66282, 't2': 3.04522, 't3': 95.15226, 'N_anc': 586.06487, 'N_yri': 343.03244, 'N_ooa': 829.0973, 'N_ceu': 343.03244, 'N_chb': 343.03244, 'gr_ceu': 0.00246, 'gr_chb': 0.00246, 'm_yri_ooa': 0.0, 'm_yri_ceu': 1e-05, 'm_yri_chb': 1e-05, 'm_ceu_chb': 0.0} -67640.95347574218
 
x_up: {'t1': 1.99423, 't2': 3.04522, 't3': 95.15226, 'N_anc': 586.06487, 'N_yri': 343.03244, 'N_ooa': 829.0973, 'N_ceu': 343.03244, 'N_chb': 343.03244, 'gr_ceu': 0.00246, 'gr_chb': 0.00246, 'm_yri_ooa': 0.0, 'm_yri_ceu': 1e-05, 'm_yri_chb': 1e-05, 'm_ceu_chb': 0.0} -67626.74406861812
x: {'t1': 1.66282, 't2': 3.04522, 't3': 95.15226, 'N_anc': 586.06487, 'N_yri': 343.03244, 'N_ooa': 829.0973, 'N_ceu': 343.03244, 'N_chb': 343.03244, 'gr_ceu': 0.00246, 'gr_chb': 0.00246, 'm_yri_ooa': 0.0, 'm_yri_ceu': 1e-05, 'm_yri_chb': 1e-05, 'm_ceu_chb': 0.0} -67640.95347574218
x_down: {'t1': 1.33141, 't2': 3.04522, 't3': 95.15226, 'N_anc': 586.06487, 'N_yri': 343.03244, 'N_ooa': 829.0973, 'N_ceu': 343.03244, 'N_chb': 343.03244, 'gr_ceu': 0.00246, 'gr_chb': 0.00246, 'm_yri_ooa': 0.0, 'm_yri_ceu': 1e-05, 'm_yri_chb': 1e-05, 'm_ceu_chb': 0.0} -67696.77527740726
 
 
x_up: {'t1': 1.99423, 't2': 3.57071, 't3': 95.15226, 'N_anc': 586.06487, 'N_yri': 343.03244, 'N_ooa': 829.0973, 'N_ceu': 343.03244, 'N_chb': 343.03244, 'gr_ceu': 0.00246, 'gr_chb': 0.00246, 'm_yri_ooa': 0.0, 'm_yri_ceu': 1e-05, 'm_yri_chb': 1e-05, 'm_ceu_chb': 0.0} -67641.05504230675
x: {'t1': 1.99423, 't2': 3.04522, 't3': 95.15226, 'N_anc': 586.06487, 'N_yri': 343.03244, 'N_ooa': 829.0973, 'N_ceu': 343.03244, 'N_chb': 343.03244, 'gr_ceu': 0.00246, 'gr_chb': 0.00246, 'm_yri_ooa': 0.0, 'm_yri_ceu': 1e-05, 'm_yri_chb': 1e-05, 'm_ceu_chb': 0.0} -67626.74406861812
x_down: {'t1': 1.99423, 't2': 2.51973, 't3': 95.15226, 'N_anc': 586.06487, 'N_yri': 343.03244, 'N_ooa': 829.0973, 'N_ceu': 343.03244, 'N_chb': 343.03244, 'gr_ceu': 0.00246, 'gr_chb': 0.00246, 'm_yri_ooa': 0.0, 'm_yri_ceu': 1e-05, 'm_yri_chb': 1e-05, 'm_ceu_chb': 0.0} -67595.58351133708
 
 
x_up: {'t1': 1.99423, 't2': 2.51973, 't3': 102.0997, 'N_anc': 586.06487, 'N_yri': 343.03244, 'N_ooa': 829.0973, 'N_ceu': 343.03244, 'N_chb': 343.03244, 'gr_ceu': 0.00246, 'gr_chb': 0.00246, 'm_yri_ooa': 0.0, 'm_yri_ceu': 1e-05, 'm_yri_chb': 1e-05, 'm_ceu_chb': 0.0} -67598.52468017291
x: {'t1': 1.99423, 't2': 2.51973, 't3': 95.15226, 'N_anc': 586.06487, 'N_yri': 343.03244, 'N_ooa': 829.0973, 'N_ceu': 343.03244, 'N_chb': 343.03244, 'gr_ceu': 0.00246, 'gr_chb': 0.00246, 'm_yri_ooa': 0.0, 'm_yri_ceu': 1e-05, 'm_yri_chb': 1e-05, 'm_ceu_chb': 0.0} -67595.58351133708
x_down: {'t1': 1.99423, 't2': 2.51973, 't3': 88.20482, 'N_anc': 586.06487, 'N_yri': 343.03244, 'N_ooa': 829.0973, 'N_ceu': 343.03244, 'N_chb': 343.03244, 'gr_ceu': 0.00246, 'gr_chb': 0.00246, 'm_yri_ooa': 0.0, 'm_yri_ceu': 1e-05, 'm_yri_chb': 1e-05, 'm_ceu_chb': 0.0} -67598.51896872972
 
 
x_up: {'t1': 1.99423, 't2': 2.51973, 't3': 95.15226, 'N_anc': 707.58109, 'N_yri': 343.03244, 'N_ooa': 829.0973, 'N_ceu': 343.03244, 'N_chb': 343.03244, 'gr_ceu': 0.00246, 'gr_chb': 0.00246, 'm_yri_ooa': 0.0, 'm_yri_ceu': 1e-05, 'm_yri_chb': 1e-05, 'm_ceu_chb': 0.0} -67604.17009711558
x: {'t1': 1.99423, 't2': 2.51973, 't3': 95.15226, 'N_anc': 586.06487, 'N_yri': 343.03244, 'N_ooa': 829.0973, 'N_ceu': 343.03244, 'N_chb': 343.03244, 'gr_ceu': 0.00246, 'gr_chb': 0.00246, 'm_yri_ooa': 0.0, 'm_yri_ceu': 1e-05, 'm_yri_chb': 1e-05, 'm_ceu_chb': 0.0} -67595.58351133708
x_down: {'t1': 1.99423, 't2': 2.51973, 't3': 95.15226, 'N_anc': 464.54865, 'N_yri': 343.03244, 'N_ooa': 829.0973, 'N_ceu': 343.03244, 'N_chb': 343.03244, 'gr_ceu': 0.00246, 'gr_chb': 0.00246, 'm_yri_ooa': 0.0, 'm_yri_ceu': 1e-05, 'm_yri_chb': 1e-05, 'm_ceu_chb': 0.0} -67592.72095707532
 
 
x_up: {'t1': 1.99423, 't2': 2.51973, 't3': 95.15226, 'N_anc': 464.54865, 'N_yri': 464.54866, 'N_ooa': 829.0973, 'N_ceu': 343.03244, 'N_chb': 343.03244, 'gr_ceu': 0.00246, 'gr_chb': 0.00246, 'm_yri_ooa': 0.0, 'm_yri_ceu': 1e-05, 'm_yri_chb': 1e-05, 'm_ceu_chb': 0.0} -67623.07506921313
x: {'t1': 1.99423, 't2': 2.51973, 't3': 95.15226, 'N_anc': 464.54865, 'N_yri': 343.03244, 'N_ooa': 829.0973, 'N_ceu': 343.03244, 'N_chb': 343.03244, 'gr_ceu': 0.00246, 'gr_chb': 0.00246, 'm_yri_ooa': 0.0, 'm_yri_ceu': 1e-05, 'm_yri_chb': 1e-05, 'm_ceu_chb': 0.0} -67592.72095707532
x_down: {'t1': 1.99423, 't2': 2.51973, 't3': 95.15226, 'N_anc': 464.54865, 'N_yri': 221.51622, 'N_ooa': 829.0973, 'N_ceu': 343.03244, 'N_chb': 343.03244, 'gr_ceu': 0.00246, 'gr_chb': 0.00246, 'm_yri_ooa': 0.0, 'm_yri_ceu': 1e-05, 'm_yri_chb': 1e-05, 'm_ceu_chb': 0.0} -67782.51980634441
 
 
x_up: {'t1': 1.99423, 't2': 2.51973, 't3': 95.15226, 'N_anc': 464.54865, 'N_yri': 343.03244, 'N_ooa': 1102.50879, 'N_ceu': 343.03244, 'N_chb': 343.03244, 'gr_ceu': 0.00246, 'gr_chb': 0.00246, 'm_yri_ooa': 0.0, 'm_yri_ceu': 1e-05, 'm_yri_chb': 1e-05, 'm_ceu_chb': 0.0} -67661.52969898909
x: {'t1': 1.99423, 't2': 2.51973, 't3': 95.15226, 'N_anc': 464.54865, 'N_yri': 343.03244, 'N_ooa': 829.0973, 'N_ceu': 343.03244, 'N_chb': 343.03244, 'gr_ceu': 0.00246, 'gr_chb': 0.00246, 'm_yri_ooa': 0.0, 'm_yri_ceu': 1e-05, 'm_yri_chb': 1e-05, 'm_ceu_chb': 0.0} -67592.72095707532
x_down: {'t1': 1.99423, 't2': 2.51973, 't3': 95.15226, 'N_anc': 464.54865, 'N_yri': 343.03244, 'N_ooa': 555.68581, 'N_ceu': 343.03244, 'N_chb': 343.03244, 'gr_ceu': 0.00246, 'gr_chb': 0.00246, 'm_yri_ooa': 0.0, 'm_yri_ceu': 1e-05, 'm_yri_chb': 1e-05, 'm_ceu_chb': 0.0} -68205.35773458907
 
 
x_up: {'t1': 1.99423, 't2': 2.51973, 't3': 95.15226, 'N_anc': 464.54865, 'N_yri': 343.03244, 'N_ooa': 829.0973, 'N_ceu': 464.54866, 'N_chb': 343.03244, 'gr_ceu': 0.00246, 'gr_chb': 0.00246, 'm_yri_ooa': 0.0, 'm_yri_ceu': 1e-05, 'm_yri_chb': 1e-05, 'm_ceu_chb': 0.0} -67663.06191154597
x: {'t1': 1.99423, 't2': 2.51973, 't3': 95.15226, 'N_anc': 464.54865, 'N_yri': 343.03244, 'N_ooa': 829.0973, 'N_ceu': 343.03244, 'N_chb': 343.03244, 'gr_ceu': 0.00246, 'gr_chb': 0.00246, 'm_yri_ooa': 0.0, 'm_yri_ceu': 1e-05, 'm_yri_chb': 1e-05, 'm_ceu_chb': 0.0} -67592.72095707532
x_down: {'t1': 1.99423, 't2': 2.51973, 't3': 95.15226, 'N_anc': 464.54865, 'N_yri': 343.03244, 'N_ooa': 829.0973, 'N_ceu': 221.51622, 'N_chb': 343.03244, 'gr_ceu': 0.00246, 'gr_chb': 0.00246, 'm_yri_ooa': 0.0, 'm_yri_ceu': 1e-05, 'm_yri_chb': 1e-05, 'm_ceu_chb': 0.0} -67627.23463138149
 
 
x_up: {'t1': 1.99423, 't2': 2.51973, 't3': 95.15226, 'N_anc': 464.54865, 'N_yri': 343.03244, 'N_ooa': 829.0973, 'N_ceu': 343.03244, 'N_chb': 464.54866, 'gr_ceu': 0.00246, 'gr_chb': 0.00246, 'm_yri_ooa': 0.0, 'm_yri_ceu': 1e-05, 'm_yri_chb': 1e-05, 'm_ceu_chb': 0.0} -67657.65659334052
x: {'t1': 1.99423, 't2': 2.51973, 't3': 95.15226, 'N_anc': 464.54865, 'N_yri': 343.03244, 'N_ooa': 829.0973, 'N_ceu': 343.03244, 'N_chb': 343.03244, 'gr_ceu': 0.00246, 'gr_chb': 0.00246, 'm_yri_ooa': 0.0, 'm_yri_ceu': 1e-05, 'm_yri_chb': 1e-05, 'm_ceu_chb': 0.0} -67592.72095707532
x_down: {'t1': 1.99423, 't2': 2.51973, 't3': 95.15226, 'N_anc': 464.54865, 'N_yri': 343.03244, 'N_ooa': 829.0973, 'N_ceu': 343.03244, 'N_chb': 221.51622, 'gr_ceu': 0.00246, 'gr_chb': 0.00246, 'm_yri_ooa': 0.0, 'm_yri_ceu': 1e-05, 'm_yri_chb': 1e-05, 'm_ceu_chb': 0.0} -67623.53675772918
 
 
x_up: {'t1': 1.99423, 't2': 2.51973, 't3': 95.15226, 'N_anc': 464.54865, 'N_yri': 343.03244, 'N_ooa': 829.0973, 'N_ceu': 343.03244, 'N_chb': 343.03244, 'gr_ceu': 0.00369, 'gr_chb': 0.00246, 'm_yri_ooa': 0.0, 'm_yri_ceu': 1e-05, 'm_yri_chb': 1e-05, 'm_ceu_chb': 0.0} -67592.96421078806
x: {'t1': 1.99423, 't2': 2.51973, 't3': 95.15226, 'N_anc': 464.54865, 'N_yri': 343.03244, 'N_ooa': 829.0973, 'N_ceu': 343.03244, 'N_chb': 343.03244, 'gr_ceu': 0.00246, 'gr_chb': 0.00246, 'm_yri_ooa': 0.0, 'm_yri_ceu': 1e-05, 'm_yri_chb': 1e-05, 'm_ceu_chb': 0.0} -67592.72095707532
x_down: {'t1': 1.99423, 't2': 2.51973, 't3': 95.15226, 'N_anc': 464.54865, 'N_yri': 343.03244, 'N_ooa': 829.0973, 'N_ceu': 343.03244, 'N_chb': 343.03244, 'gr_ceu': 0.00123, 'gr_chb': 0.00246, 'm_yri_ooa': 0.0, 'm_yri_ceu': 1e-05, 'm_yri_chb': 1e-05, 'm_ceu_chb': 0.0} -67592.4797484096
 
 
x_up: {'t1': 1.99423, 't2': 2.51973, 't3': 95.15226, 'N_anc': 464.54865, 'N_yri': 343.03244, 'N_ooa': 829.0973, 'N_ceu': 343.03244, 'N_chb': 343.03244, 'gr_ceu': 0.00123, 'gr_chb': 0.00369, 'm_yri_ooa': 0.0, 'm_yri_ceu': 1e-05, 'm_yri_chb': 1e-05, 'm_ceu_chb': 0.0} -67592.65255896136
x: {'t1': 1.99423, 't2': 2.51973, 't3': 95.15226, 'N_anc': 464.54865, 'N_yri': 343.03244, 'N_ooa': 829.0973, 'N_ceu': 343.03244, 'N_chb': 343.03244, 'gr_ceu': 0.00123, 'gr_chb': 0.00246, 'm_yri_ooa': 0.0, 'm_yri_ceu': 1e-05, 'm_yri_chb': 1e-05, 'm_ceu_chb': 0.0} -67592.4797484096
x_down: {'t1': 1.99423, 't2': 2.51973, 't3': 95.15226, 'N_anc': 464.54865, 'N_yri': 343.03244, 'N_ooa': 829.0973, 'N_ceu': 343.03244, 'N_chb': 343.03244, 'gr_ceu': 0.00123, 'gr_chb': 0.00123, 'm_yri_ooa': 0.0, 'm_yri_ceu': 1e-05, 'm_yri_chb': 1e-05, 'm_ceu_chb': 0.0} -67592.30890543107
 
 
x_up: {'t1': 1.99423, 't2': 2.51973, 't3': 95.15226, 'N_anc': 464.54865, 'N_yri': 343.03244, 'N_ooa': 829.0973, 'N_ceu': 343.03244, 'N_chb': 343.03244, 'gr_ceu': 0.00123, 'gr_chb': 0.00123, 'm_yri_ooa': 0.0, 'm_yri_ceu': 1e-05, 'm_yri_chb': 1e-05, 'm_ceu_chb': 0.0} -67592.30890543107
x: {'t1': 1.99423, 't2': 2.51973, 't3': 95.15226, 'N_anc': 464.54865, 'N_yri': 343.03244, 'N_ooa': 829.0973, 'N_ceu': 343.03244, 'N_chb': 343.03244, 'gr_ceu': 0.00123, 'gr_chb': 0.00123, 'm_yri_ooa': 0.0, 'm_yri_ceu': 1e-05, 'm_yri_chb': 1e-05, 'm_ceu_chb': 0.0} -67592.30890543107
x_down: {'t1': 1.99423, 't2': 2.51973, 't3': 95.15226, 'N_anc': 464.54865, 'N_yri': 343.03244, 'N_ooa': 829.0973, 'N_ceu': 343.03244, 'N_chb': 343.03244, 'gr_ceu': 0.00123, 'gr_chb': 0.00123, 'm_yri_ooa': 1e-05, 'm_yri_ceu': 1e-05, 'm_yri_chb': 1e-05, 'm_ceu_chb': 0.0} -67592.32397298067
 
 
x_up: {'t1': 1.99423, 't2': 2.51973, 't3': 95.15226, 'N_anc': 464.54865, 'N_yri': 343.03244, 'N_ooa': 829.0973, 'N_ceu': 343.03244, 'N_chb': 343.03244, 'gr_ceu': 0.00123, 'gr_chb': 0.00123, 'm_yri_ooa': 0.0, 'm_yri_ceu': 0.0, 'm_yri_chb': 1e-05, 'm_ceu_chb': 0.0} -67592.30890543155
x: {'t1': 1.99423, 't2': 2.51973, 't3': 95.15226, 'N_anc': 464.54865, 'N_yri': 343.03244, 'N_ooa': 829.0973, 'N_ceu': 343.03244, 'N_chb': 343.03244, 'gr_ceu': 0.00123, 'gr_chb': 0.00123, 'm_yri_ooa': 0.0, 'm_yri_ceu': 1e-05, 'm_yri_chb': 1e-05, 'm_ceu_chb': 0.0} -67592.30890543107
x_down: {'t1': 1.99423, 't2': 2.51973, 't3': 95.15226, 'N_anc': 464.54865, 'N_yri': 343.03244, 'N_ooa': 829.0973, 'N_ceu': 343.03244, 'N_chb': 343.03244, 'gr_ceu': 0.00123, 'gr_chb': 0.00123, 'm_yri_ooa': 0.0, 'm_yri_ceu': 1e-05, 'm_yri_chb': 1e-05, 'm_ceu_chb': 0.0} -67592.30890543107
 
 
x_up: {'t1': 1.99423, 't2': 2.51973, 't3': 95.15226, 'N_anc': 464.54865, 'N_yri': 343.03244, 'N_ooa': 829.0973, 'N_ceu': 343.03244, 'N_chb': 343.03244, 'gr_ceu': 0.00123, 'gr_chb': 0.00123, 'm_yri_ooa': 0.0, 'm_yri_ceu': 1e-05, 'm_yri_chb': 0.0, 'm_ceu_chb': 0.0} -67592.30890543154
x: {'t1': 1.99423, 't2': 2.51973, 't3': 95.15226, 'N_anc': 464.54865, 'N_yri': 343.03244, 'N_ooa': 829.0973, 'N_ceu': 343.03244, 'N_chb': 343.03244, 'gr_ceu': 0.00123, 'gr_chb': 0.00123, 'm_yri_ooa': 0.0, 'm_yri_ceu': 1e-05, 'm_yri_chb': 1e-05, 'm_ceu_chb': 0.0} -67592.30890543107
x_down: {'t1': 1.99423, 't2': 2.51973, 't3': 95.15226, 'N_anc': 464.54865, 'N_yri': 343.03244, 'N_ooa': 829.0973, 'N_ceu': 343.03244, 'N_chb': 343.03244, 'gr_ceu': 0.00123, 'gr_chb': 0.00123, 'm_yri_ooa': 0.0, 'm_yri_ceu': 1e-05, 'm_yri_chb': 1e-05, 'm_ceu_chb': 0.0} -67592.30890543107
 
 
x_up: {'t1': 1.99423, 't2': 2.51973, 't3': 95.15226, 'N_anc': 464.54865, 'N_yri': 343.03244, 'N_ooa': 829.0973, 'N_ceu': 343.03244, 'N_chb': 343.03244, 'gr_ceu': 0.00123, 'gr_chb': 0.00123, 'm_yri_ooa': 0.0, 'm_yri_ceu': 1e-05, 'm_yri_chb': 1e-05, 'm_ceu_chb': 0.0} -67592.30890543107
x: {'t1': 1.99423, 't2': 2.51973, 't3': 95.15226, 'N_anc': 464.54865, 'N_yri': 343.03244, 'N_ooa': 829.0973, 'N_ceu': 343.03244, 'N_chb': 343.03244, 'gr_ceu': 0.00123, 'gr_chb': 0.00123, 'm_yri_ooa': 0.0, 'm_yri_ceu': 1e-05, 'm_yri_chb': 1e-05, 'm_ceu_chb': 0.0} -67592.30890543107
x_down: {'t1': 1.99423, 't2': 2.51973, 't3': 95.15226, 'N_anc': 464.54865, 'N_yri': 343.03244, 'N_ooa': 829.0973, 'N_ceu': 343.03244, 'N_chb': 343.03244, 'gr_ceu': 0.00123, 'gr_chb': 0.00123, 'm_yri_ooa': 0.0, 'm_yri_ceu': 1e-05, 'm_yri_chb': 1e-05, 'm_ceu_chb': 1e-05} -67592.3089054309
 
{'t1': 1.99423, 't2': 2.51973, 't3': 95.15226, 'N_anc': 464.54865, 'N_yri': 343.03244, 'N_ooa': 829.0973, 'N_ceu': 343.03244, 'N_chb': 343.03244, 'gr_ceu': 0.00123, 'gr_chb': 0.00123, 'm_yri_ooa': 0.0, 'm_yri_ceu': 1e-05, 'm_yri_chb': 1e-05, 'm_ceu_chb': 1e-05} -67592.3089054309
 
x_up: {'t1': 2.25698, 't2': 2.51973, 't3': 95.15226, 'N_anc': 464.54865, 'N_yri': 343.03244, 'N_ooa': 829.0973, 'N_ceu': 343.03244, 'N_chb': 343.03244, 'gr_ceu': 0.00123, 'gr_chb': 0.00123, 'm_yri_ooa': 0.0, 'm_yri_ceu': 1e-05, 'm_yri_chb': 1e-05, 'm_ceu_chb': 1e-05} -67597.87256514319
x: {'t1': 1.99423, 't2': 2.51973, 't3': 95.15226, 'N_anc': 464.54865, 'N_yri': 343.03244, 'N_ooa': 829.0973, 'N_ceu': 343.03244, 'N_chb': 343.03244, 'gr_ceu': 0.00123, 'gr_chb': 0.00123, 'm_yri_ooa': 0.0, 'm_yri_ceu': 1e-05, 'm_yri_chb': 1e-05, 'm_ceu_chb': 1e-05} -67592.3089054309
x_down: {'t1': 1.73148, 't2': 2.51973, 't3': 95.15226, 'N_anc': 464.54865, 'N_yri': 343.03244, 'N_ooa': 829.0973, 'N_ceu': 343.03244, 'N_chb': 343.03244, 'gr_ceu': 0.00123, 'gr_chb': 0.00123, 'm_yri_ooa': 0.0, 'm_yri_ceu': 1e-05, 'm_yri_chb': 1e-05, 'm_ceu_chb': 1e-05} -67574.30762137196
 
 
x_up: {'t1': 1.73148, 't2': 2.91385, 't3': 95.15226, 'N_anc': 464.54865, 'N_yri': 343.03244, 'N_ooa': 829.0973, 'N_ceu': 343.03244, 'N_chb': 343.03244, 'gr_ceu': 0.00123, 'gr_chb': 0.00123, 'm_yri_ooa': 0.0, 'm_yri_ceu': 1e-05, 'm_yri_chb': 1e-05, 'm_ceu_chb': 1e-05} -67636.84502347563
x: {'t1': 1.73148, 't2': 2.51973, 't3': 95.15226, 'N_anc': 464.54865, 'N_yri': 343.03244, 'N_ooa': 829.0973, 'N_ceu': 343.03244, 'N_chb': 343.03244, 'gr_ceu': 0.00123, 'gr_chb': 0.00123, 'm_yri_ooa': 0.0, 'm_yri_ceu': 1e-05, 'm_yri_chb': 1e-05, 'm_ceu_chb': 1e-05} -67574.30762137196
x_down: {'t1': 1.73148, 't2': 2.12561, 't3': 95.15226, 'N_anc': 464.54865, 'N_yri': 343.03244, 'N_ooa': 829.0973, 'N_ceu': 343.03244, 'N_chb': 343.03244, 'gr_ceu': 0.00123, 'gr_chb': 0.00123, 'm_yri_ooa': 0.0, 'm_yri_ceu': 1e-05, 'm_yri_chb': 1e-05, 'm_ceu_chb': 1e-05} -67611.02598390671
 
 
x_up: {'t1': 1.73148, 't2': 2.51973, 't3': 99.78389, 'N_anc': 464.54865, 'N_yri': 343.03244, 'N_ooa': 829.0973, 'N_ceu': 343.03244, 'N_chb': 343.03244, 'gr_ceu': 0.00123, 'gr_chb': 0.00123, 'm_yri_ooa': 0.0, 'm_yri_ceu': 1e-05, 'm_yri_chb': 1e-05, 'm_ceu_chb': 1e-05} -67576.00914199145
x: {'t1': 1.73148, 't2': 2.51973, 't3': 95.15226, 'N_anc': 464.54865, 'N_yri': 343.03244, 'N_ooa': 829.0973, 'N_ceu': 343.03244, 'N_chb': 343.03244, 'gr_ceu': 0.00123, 'gr_chb': 0.00123, 'm_yri_ooa': 0.0, 'm_yri_ceu': 1e-05, 'm_yri_chb': 1e-05, 'm_ceu_chb': 1e-05} -67574.30762137196
x_down: {'t1': 1.73148, 't2': 2.51973, 't3': 90.52063, 'N_anc': 464.54865, 'N_yri': 343.03244, 'N_ooa': 829.0973, 'N_ceu': 343.03244, 'N_chb': 343.03244, 'gr_ceu': 0.00123, 'gr_chb': 0.00123, 'm_yri_ooa': 0.0, 'm_yri_ceu': 1e-05, 'm_yri_chb': 1e-05, 'm_ceu_chb': 1e-05} -67580.4151800201
 
 
x_up: {'t1': 1.73148, 't2': 2.51973, 't3': 95.15226, 'N_anc': 601.25439, 'N_yri': 343.03244, 'N_ooa': 829.0973, 'N_ceu': 343.03244, 'N_chb': 343.03244, 'gr_ceu': 0.00123, 'gr_chb': 0.00123, 'm_yri_ooa': 0.0, 'm_yri_ceu': 1e-05, 'm_yri_chb': 1e-05, 'm_ceu_chb': 1e-05} -67578.03496578573
x: {'t1': 1.73148, 't2': 2.51973, 't3': 95.15226, 'N_anc': 464.54865, 'N_yri': 343.03244, 'N_ooa': 829.0973, 'N_ceu': 343.03244, 'N_chb': 343.03244, 'gr_ceu': 0.00123, 'gr_chb': 0.00123, 'm_yri_ooa': 0.0, 'm_yri_ceu': 1e-05, 'm_yri_chb': 1e-05, 'm_ceu_chb': 1e-05} -67574.30762137196
x_down: {'t1': 1.73148, 't2': 2.51973, 't3': 95.15226, 'N_anc': 327.84291, 'N_yri': 343.03244, 'N_ooa': 829.0973, 'N_ceu': 343.03244, 'N_chb': 343.03244, 'gr_ceu': 0.00123, 'gr_chb': 0.00123, 'm_yri_ooa': 0.0, 'm_yri_ceu': 1e-05, 'm_yri_chb': 1e-05, 'm_ceu_chb': 1e-05} -67590.76159282893
 
 
x_up: {'t1': 1.73148, 't2': 2.51973, 't3': 95.15226, 'N_anc': 464.54865, 'N_yri': 403.79055, 'N_ooa': 829.0973, 'N_ceu': 343.03244, 'N_chb': 343.03244, 'gr_ceu': 0.00123, 'gr_chb': 0.00123, 'm_yri_ooa': 0.0, 'm_yri_ceu': 1e-05, 'm_yri_chb': 1e-05, 'm_ceu_chb': 1e-05} -67589.53445914936
x: {'t1': 1.73148, 't2': 2.51973, 't3': 95.15226, 'N_anc': 464.54865, 'N_yri': 343.03244, 'N_ooa': 829.0973, 'N_ceu': 343.03244, 'N_chb': 343.03244, 'gr_ceu': 0.00123, 'gr_chb': 0.00123, 'm_yri_ooa': 0.0, 'm_yri_ceu': 1e-05, 'm_yri_chb': 1e-05, 'm_ceu_chb': 1e-05} -67574.30762137196
x_down: {'t1': 1.73148, 't2': 2.51973, 't3': 95.15226, 'N_anc': 464.54865, 'N_yri': 282.27433, 'N_ooa': 829.0973, 'N_ceu': 343.03244, 'N_chb': 343.03244, 'gr_ceu': 0.00123, 'gr_chb': 0.00123, 'm_yri_ooa': 0.0, 'm_yri_ceu': 1e-05, 'm_yri_chb': 1e-05, 'm_ceu_chb': 1e-05} -67601.08673923358
 
 
x_up: {'t1': 1.73148, 't2': 2.51973, 't3': 95.15226, 'N_anc': 464.54865, 'N_yri': 343.03244, 'N_ooa': 965.80304, 'N_ceu': 343.03244, 'N_chb': 343.03244, 'gr_ceu': 0.00123, 'gr_chb': 0.00123, 'm_yri_ooa': 0.0, 'm_yri_ceu': 1e-05, 'm_yri_chb': 1e-05, 'm_ceu_chb': 1e-05} -67572.12126351689
x: {'t1': 1.73148, 't2': 2.51973, 't3': 95.15226, 'N_anc': 464.54865, 'N_yri': 343.03244, 'N_ooa': 829.0973, 'N_ceu': 343.03244, 'N_chb': 343.03244, 'gr_ceu': 0.00123, 'gr_chb': 0.00123, 'm_yri_ooa': 0.0, 'm_yri_ceu': 1e-05, 'm_yri_chb': 1e-05, 'm_ceu_chb': 1e-05} -67574.30762137196
x_down: {'t1': 1.73148, 't2': 2.51973, 't3': 95.15226, 'N_anc': 464.54865, 'N_yri': 343.03244, 'N_ooa': 692.39156, 'N_ceu': 343.03244, 'N_chb': 343.03244, 'gr_ceu': 0.00123, 'gr_chb': 0.00123, 'm_yri_ooa': 0.0, 'm_yri_ceu': 1e-05, 'm_yri_chb': 1e-05, 'm_ceu_chb': 1e-05} -67731.9204137187
 
 
x_up: {'t1': 1.73148, 't2': 2.51973, 't3': 95.15226, 'N_anc': 464.54865, 'N_yri': 343.03244, 'N_ooa': 965.80304, 'N_ceu': 403.79055, 'N_chb': 343.03244, 'gr_ceu': 0.00123, 'gr_chb': 0.00123, 'm_yri_ooa': 0.0, 'm_yri_ceu': 1e-05, 'm_yri_chb': 1e-05, 'm_ceu_chb': 1e-05} -67591.37401410169
x: {'t1': 1.73148, 't2': 2.51973, 't3': 95.15226, 'N_anc': 464.54865, 'N_yri': 343.03244, 'N_ooa': 965.80304, 'N_ceu': 343.03244, 'N_chb': 343.03244, 'gr_ceu': 0.00123, 'gr_chb': 0.00123, 'm_yri_ooa': 0.0, 'm_yri_ceu': 1e-05, 'm_yri_chb': 1e-05, 'm_ceu_chb': 1e-05} -67572.12126351689
x_down: {'t1': 1.73148, 't2': 2.51973, 't3': 95.15226, 'N_anc': 464.54865, 'N_yri': 343.03244, 'N_ooa': 965.80304, 'N_ceu': 282.27433, 'N_chb': 343.03244, 'gr_ceu': 0.00123, 'gr_chb': 0.00123, 'm_yri_ooa': 0.0, 'm_yri_ceu': 1e-05, 'm_yri_chb': 1e-05, 'm_ceu_chb': 1e-05} -67575.50054655471
 
 
x_up: {'t1': 1.73148, 't2': 2.51973, 't3': 95.15226, 'N_anc': 464.54865, 'N_yri': 343.03244, 'N_ooa': 965.80304, 'N_ceu': 343.03244, 'N_chb': 403.79055, 'gr_ceu': 0.00123, 'gr_chb': 0.00123, 'm_yri_ooa': 0.0, 'm_yri_ceu': 1e-05, 'm_yri_chb': 1e-05, 'm_ceu_chb': 1e-05} -67596.5608471036
x: {'t1': 1.73148, 't2': 2.51973, 't3': 95.15226, 'N_anc': 464.54865, 'N_yri': 343.03244, 'N_ooa': 965.80304, 'N_ceu': 343.03244, 'N_chb': 343.03244, 'gr_ceu': 0.00123, 'gr_chb': 0.00123, 'm_yri_ooa': 0.0, 'm_yri_ceu': 1e-05, 'm_yri_chb': 1e-05, 'm_ceu_chb': 1e-05} -67572.12126351689
x_down: {'t1': 1.73148, 't2': 2.51973, 't3': 95.15226, 'N_anc': 464.54865, 'N_yri': 343.03244, 'N_ooa': 965.80304, 'N_ceu': 343.03244, 'N_chb': 282.27433, 'gr_ceu': 0.00123, 'gr_chb': 0.00123, 'm_yri_ooa': 0.0, 'm_yri_ceu': 1e-05, 'm_yri_chb': 1e-05, 'm_ceu_chb': 1e-05} -67569.13174189285
 
 
x_up: {'t1': 1.73148, 't2': 2.51973, 't3': 95.15226, 'N_anc': 464.54865, 'N_yri': 343.03244, 'N_ooa': 965.80304, 'N_ceu': 343.03244, 'N_chb': 282.27433, 'gr_ceu': 0.00184, 'gr_chb': 0.00123, 'm_yri_ooa': 0.0, 'm_yri_ceu': 1e-05, 'm_yri_chb': 1e-05, 'm_ceu_chb': 1e-05} -67569.1175078729
x: {'t1': 1.73148, 't2': 2.51973, 't3': 95.15226, 'N_anc': 464.54865, 'N_yri': 343.03244, 'N_ooa': 965.80304, 'N_ceu': 343.03244, 'N_chb': 282.27433, 'gr_ceu': 0.00123, 'gr_chb': 0.00123, 'm_yri_ooa': 0.0, 'm_yri_ceu': 1e-05, 'm_yri_chb': 1e-05, 'm_ceu_chb': 1e-05} -67569.13174189285
x_down: {'t1': 1.73148, 't2': 2.51973, 't3': 95.15226, 'N_anc': 464.54865, 'N_yri': 343.03244, 'N_ooa': 965.80304, 'N_ceu': 343.03244, 'N_chb': 282.27433, 'gr_ceu': 0.00061, 'gr_chb': 0.00123, 'm_yri_ooa': 0.0, 'm_yri_ceu': 1e-05, 'm_yri_chb': 1e-05, 'm_ceu_chb': 1e-05} -67569.14664643402
 
 
x_up: {'t1': 1.73148, 't2': 2.51973, 't3': 95.15226, 'N_anc': 464.54865, 'N_yri': 343.03244, 'N_ooa': 965.80304, 'N_ceu': 343.03244, 'N_chb': 282.27433, 'gr_ceu': 0.00184, 'gr_chb': 0.00184, 'm_yri_ooa': 0.0, 'm_yri_ceu': 1e-05, 'm_yri_chb': 1e-05, 'm_ceu_chb': 1e-05} -67569.09606288999
x: {'t1': 1.73148, 't2': 2.51973, 't3': 95.15226, 'N_anc': 464.54865, 'N_yri': 343.03244, 'N_ooa': 965.80304, 'N_ceu': 343.03244, 'N_chb': 282.27433, 'gr_ceu': 0.00184, 'gr_chb': 0.00123, 'm_yri_ooa': 0.0, 'm_yri_ceu': 1e-05, 'm_yri_chb': 1e-05, 'm_ceu_chb': 1e-05} -67569.1175078729
x_down: {'t1': 1.73148, 't2': 2.51973, 't3': 95.15226, 'N_anc': 464.54865, 'N_yri': 343.03244, 'N_ooa': 965.80304, 'N_ceu': 343.03244, 'N_chb': 282.27433, 'gr_ceu': 0.00184, 'gr_chb': 0.00061, 'm_yri_ooa': 0.0, 'm_yri_ceu': 1e-05, 'm_yri_chb': 1e-05, 'm_ceu_chb': 1e-05} -67569.13976332499
 
 
x_up: {'t1': 1.73148, 't2': 2.51973, 't3': 95.15226, 'N_anc': 464.54865, 'N_yri': 343.03244, 'N_ooa': 965.80304, 'N_ceu': 343.03244, 'N_chb': 282.27433, 'gr_ceu': 0.00184, 'gr_chb': 0.00184, 'm_yri_ooa': 0.0, 'm_yri_ceu': 1e-05, 'm_yri_chb': 1e-05, 'm_ceu_chb': 1e-05} -67569.09606288999
x: {'t1': 1.73148, 't2': 2.51973, 't3': 95.15226, 'N_anc': 464.54865, 'N_yri': 343.03244, 'N_ooa': 965.80304, 'N_ceu': 343.03244, 'N_chb': 282.27433, 'gr_ceu': 0.00184, 'gr_chb': 0.00184, 'm_yri_ooa': 0.0, 'm_yri_ceu': 1e-05, 'm_yri_chb': 1e-05, 'm_ceu_chb': 1e-05} -67569.09606288999
x_down: {'t1': 1.73148, 't2': 2.51973, 't3': 95.15226, 'N_anc': 464.54865, 'N_yri': 343.03244, 'N_ooa': 965.80304, 'N_ceu': 343.03244, 'N_chb': 282.27433, 'gr_ceu': 0.00184, 'gr_chb': 0.00184, 'm_yri_ooa': 1e-05, 'm_yri_ceu': 1e-05, 'm_yri_chb': 1e-05, 'm_ceu_chb': 1e-05} -67569.08182796997
 
 
x_up: {'t1': 1.73148, 't2': 2.51973, 't3': 95.15226, 'N_anc': 464.54865, 'N_yri': 343.03244, 'N_ooa': 965.80304, 'N_ceu': 343.03244, 'N_chb': 282.27433, 'gr_ceu': 0.00184, 'gr_chb': 0.00184, 'm_yri_ooa': 1e-05, 'm_yri_ceu': 0.0, 'm_yri_chb': 1e-05, 'm_ceu_chb': 1e-05} -67569.08182797012
x: {'t1': 1.73148, 't2': 2.51973, 't3': 95.15226, 'N_anc': 464.54865, 'N_yri': 343.03244, 'N_ooa': 965.80304, 'N_ceu': 343.03244, 'N_chb': 282.27433, 'gr_ceu': 0.00184, 'gr_chb': 0.00184, 'm_yri_ooa': 1e-05, 'm_yri_ceu': 1e-05, 'm_yri_chb': 1e-05, 'm_ceu_chb': 1e-05} -67569.08182796997
x_down: {'t1': 1.73148, 't2': 2.51973, 't3': 95.15226, 'N_anc': 464.54865, 'N_yri': 343.03244, 'N_ooa': 965.80304, 'N_ceu': 343.03244, 'N_chb': 282.27433, 'gr_ceu': 0.00184, 'gr_chb': 0.00184, 'm_yri_ooa': 1e-05, 'm_yri_ceu': 1e-05, 'm_yri_chb': 1e-05, 'm_ceu_chb': 1e-05} -67569.08182796997
 
 
x_up: {'t1': 1.73148, 't2': 2.51973, 't3': 95.15226, 'N_anc': 464.54865, 'N_yri': 343.03244, 'N_ooa': 965.80304, 'N_ceu': 343.03244, 'N_chb': 282.27433, 'gr_ceu': 0.00184, 'gr_chb': 0.00184, 'm_yri_ooa': 1e-05, 'm_yri_ceu': 1e-05, 'm_yri_chb': 0.0, 'm_ceu_chb': 1e-05} -67569.08182797016
x: {'t1': 1.73148, 't2': 2.51973, 't3': 95.15226, 'N_anc': 464.54865, 'N_yri': 343.03244, 'N_ooa': 965.80304, 'N_ceu': 343.03244, 'N_chb': 282.27433, 'gr_ceu': 0.00184, 'gr_chb': 0.00184, 'm_yri_ooa': 1e-05, 'm_yri_ceu': 1e-05, 'm_yri_chb': 1e-05, 'm_ceu_chb': 1e-05} -67569.08182796997
x_down: {'t1': 1.73148, 't2': 2.51973, 't3': 95.15226, 'N_anc': 464.54865, 'N_yri': 343.03244, 'N_ooa': 965.80304, 'N_ceu': 343.03244, 'N_chb': 282.27433, 'gr_ceu': 0.00184, 'gr_chb': 0.00184, 'm_yri_ooa': 1e-05, 'm_yri_ceu': 1e-05, 'm_yri_chb': 1e-05, 'm_ceu_chb': 1e-05} -67569.08182796997
 
 
x_up: {'t1': 1.73148, 't2': 2.51973, 't3': 95.15226, 'N_anc': 464.54865, 'N_yri': 343.03244, 'N_ooa': 965.80304, 'N_ceu': 343.03244, 'N_chb': 282.27433, 'gr_ceu': 0.00184, 'gr_chb': 0.00184, 'm_yri_ooa': 1e-05, 'm_yri_ceu': 1e-05, 'm_yri_chb': 1e-05, 'm_ceu_chb': 0.0} -67569.08182796944
x: {'t1': 1.73148, 't2': 2.51973, 't3': 95.15226, 'N_anc': 464.54865, 'N_yri': 343.03244, 'N_ooa': 965.80304, 'N_ceu': 343.03244, 'N_chb': 282.27433, 'gr_ceu': 0.00184, 'gr_chb': 0.00184, 'm_yri_ooa': 1e-05, 'm_yri_ceu': 1e-05, 'm_yri_chb': 1e-05, 'm_ceu_chb': 1e-05} -67569.08182796997
x_down: {'t1': 1.73148, 't2': 2.51973, 't3': 95.15226, 'N_anc': 464.54865, 'N_yri': 343.03244, 'N_ooa': 965.80304, 'N_ceu': 343.03244, 'N_chb': 282.27433, 'gr_ceu': 0.00184, 'gr_chb': 0.00184, 'm_yri_ooa': 1e-05, 'm_yri_ceu': 1e-05, 'm_yri_chb': 1e-05, 'm_ceu_chb': 1e-05} -67569.08182796997
 
{'t1': 1.73148, 't2': 2.51973, 't3': 95.15226, 'N_anc': 464.54865, 'N_yri': 343.03244, 'N_ooa': 965.80304, 'N_ceu': 343.03244, 'N_chb': 282.27433, 'gr_ceu': 0.00184, 'gr_chb': 0.00184, 'm_yri_ooa': 1e-05, 'm_yri_ceu': 1e-05, 'm_yri_chb': 1e-05, 'm_ceu_chb': 0.0} -67569.08182796944
 
x_up: {'t1': 2.09722, 't2': 2.51973, 't3': 95.15226, 'N_anc': 464.54865, 'N_yri': 343.03244, 'N_ooa': 965.80304, 'N_ceu': 343.03244, 'N_chb': 282.27433, 'gr_ceu': 0.00184, 'gr_chb': 0.00184, 'm_yri_ooa': 1e-05, 'm_yri_ceu': 1e-05, 'm_yri_chb': 1e-05, 'm_ceu_chb': 0.0} -67569.28872464472
x: {'t1': 1.73148, 't2': 2.51973, 't3': 95.15226, 'N_anc': 464.54865, 'N_yri': 343.03244, 'N_ooa': 965.80304, 'N_ceu': 343.03244, 'N_chb': 282.27433, 'gr_ceu': 0.00184, 'gr_chb': 0.00184, 'm_yri_ooa': 1e-05, 'm_yri_ceu': 1e-05, 'm_yri_chb': 1e-05, 'm_ceu_chb': 0.0} -67569.08182796944
x_down: {'t1': 1.36574, 't2': 2.51973, 't3': 95.15226, 'N_anc': 464.54865, 'N_yri': 343.03244, 'N_ooa': 965.80304, 'N_ceu': 343.03244, 'N_chb': 282.27433, 'gr_ceu': 0.00184, 'gr_chb': 0.00184, 'm_yri_ooa': 1e-05, 'm_yri_ceu': 1e-05, 'm_yri_chb': 1e-05, 'm_ceu_chb': 0.0} -67637.31877986065
 
 
x_up: {'t1': 1.73148, 't2': 2.71679, 't3': 95.15226, 'N_anc': 464.54865, 'N_yri': 343.03244, 'N_ooa': 965.80304, 'N_ceu': 343.03244, 'N_chb': 282.27433, 'gr_ceu': 0.00184, 'gr_chb': 0.00184, 'm_yri_ooa': 1e-05, 'm_yri_ceu': 1e-05, 'm_yri_chb': 1e-05, 'm_ceu_chb': 0.0} -67607.23207078228
x: {'t1': 1.73148, 't2': 2.51973, 't3': 95.15226, 'N_anc': 464.54865, 'N_yri': 343.03244, 'N_ooa': 965.80304, 'N_ceu': 343.03244, 'N_chb': 282.27433, 'gr_ceu': 0.00184, 'gr_chb': 0.00184, 'm_yri_ooa': 1e-05, 'm_yri_ceu': 1e-05, 'm_yri_chb': 1e-05, 'm_ceu_chb': 0.0} -67569.08182796944
x_down: {'t1': 1.73148, 't2': 2.32267, 't3': 95.15226, 'N_anc': 464.54865, 'N_yri': 343.03244, 'N_ooa': 965.80304, 'N_ceu': 343.03244, 'N_chb': 282.27433, 'gr_ceu': 0.00184, 'gr_chb': 0.00184, 'm_yri_ooa': 1e-05, 'm_yri_ceu': 1e-05, 'm_yri_chb': 1e-05, 'm_ceu_chb': 0.0} -67557.07270292773
 
 
x_up: {'t1': 1.73148, 't2': 2.32267, 't3': 99.79374, 'N_anc': 464.54865, 'N_yri': 343.03244, 'N_ooa': 965.80304, 'N_ceu': 343.03244, 'N_chb': 282.27433, 'gr_ceu': 0.00184, 'gr_chb': 0.00184, 'm_yri_ooa': 1e-05, 'm_yri_ceu': 1e-05, 'm_yri_chb': 1e-05, 'm_ceu_chb': 0.0} -67559.83404747557
x: {'t1': 1.73148, 't2': 2.32267, 't3': 95.15226, 'N_anc': 464.54865, 'N_yri': 343.03244, 'N_ooa': 965.80304, 'N_ceu': 343.03244, 'N_chb': 282.27433, 'gr_ceu': 0.00184, 'gr_chb': 0.00184, 'm_yri_ooa': 1e-05, 'm_yri_ceu': 1e-05, 'm_yri_chb': 1e-05, 'm_ceu_chb': 0.0} -67557.07270292773
x_down: {'t1': 1.73148, 't2': 2.32267, 't3': 90.51078, 'N_anc': 464.54865, 'N_yri': 343.03244, 'N_ooa': 965.80304, 'N_ceu': 343.03244, 'N_chb': 282.27433, 'gr_ceu': 0.00184, 'gr_chb': 0.00184, 'm_yri_ooa': 1e-05, 'm_yri_ceu': 1e-05, 'm_yri_chb': 1e-05, 'm_ceu_chb': 0.0} -67563.37908504557
 
 
x_up: {'t1': 1.73148, 't2': 2.32267, 't3': 95.15226, 'N_anc': 532.90152, 'N_yri': 343.03244, 'N_ooa': 965.80304, 'N_ceu': 343.03244, 'N_chb': 282.27433, 'gr_ceu': 0.00184, 'gr_chb': 0.00184, 'm_yri_ooa': 1e-05, 'm_yri_ceu': 1e-05, 'm_yri_chb': 1e-05, 'm_ceu_chb': 0.0} -67557.63290885849
x: {'t1': 1.73148, 't2': 2.32267, 't3': 95.15226, 'N_anc': 464.54865, 'N_yri': 343.03244, 'N_ooa': 965.80304, 'N_ceu': 343.03244, 'N_chb': 282.27433, 'gr_ceu': 0.00184, 'gr_chb': 0.00184, 'm_yri_ooa': 1e-05, 'm_yri_ceu': 1e-05, 'm_yri_chb': 1e-05, 'm_ceu_chb': 0.0} -67557.07270292773
x_down: {'t1': 1.73148, 't2': 2.32267, 't3': 95.15226, 'N_anc': 396.19578, 'N_yri': 343.03244, 'N_ooa': 965.80304, 'N_ceu': 343.03244, 'N_chb': 282.27433, 'gr_ceu': 0.00184, 'gr_chb': 0.00184, 'm_yri_ooa': 1e-05, 'm_yri_ceu': 1e-05, 'm_yri_chb': 1e-05, 'm_ceu_chb': 0.0} -67561.08342213693
 
 
x_up: {'t1': 1.73148, 't2': 2.32267, 't3': 95.15226, 'N_anc': 464.54865, 'N_yri': 373.4115, 'N_ooa': 965.80304, 'N_ceu': 343.03244, 'N_chb': 282.27433, 'gr_ceu': 0.00184, 'gr_chb': 0.00184, 'm_yri_ooa': 1e-05, 'm_yri_ceu': 1e-05, 'm_yri_chb': 1e-05, 'm_ceu_chb': 0.0} -67554.06183417089
x: {'t1': 1.73148, 't2': 2.32267, 't3': 95.15226, 'N_anc': 464.54865, 'N_yri': 343.03244, 'N_ooa': 965.80304, 'N_ceu': 343.03244, 'N_chb': 282.27433, 'gr_ceu': 0.00184, 'gr_chb': 0.00184, 'm_yri_ooa': 1e-05, 'm_yri_ceu': 1e-05, 'm_yri_chb': 1e-05, 'm_ceu_chb': 0.0} -67557.07270292773
x_down: {'t1': 1.73148, 't2': 2.32267, 't3': 95.15226, 'N_anc': 464.54865, 'N_yri': 312.65339, 'N_ooa': 965.80304, 'N_ceu': 343.03244, 'N_chb': 282.27433, 'gr_ceu': 0.00184, 'gr_chb': 0.00184, 'm_yri_ooa': 1e-05, 'm_yri_ceu': 1e-05, 'm_yri_chb': 1e-05, 'm_ceu_chb': 0.0} -67565.57401224723
 
 
x_up: {'t1': 1.73148, 't2': 2.32267, 't3': 95.15226, 'N_anc': 464.54865, 'N_yri': 373.4115, 'N_ooa': 1209.31014, 'N_ceu': 343.03244, 'N_chb': 282.27433, 'gr_ceu': 0.00184, 'gr_chb': 0.00184, 'm_yri_ooa': 1e-05, 'm_yri_ceu': 1e-05, 'm_yri_chb': 1e-05, 'm_ceu_chb': 0.0} -67737.07617907837
x: {'t1': 1.73148, 't2': 2.32267, 't3': 95.15226, 'N_anc': 464.54865, 'N_yri': 373.4115, 'N_ooa': 965.80304, 'N_ceu': 343.03244, 'N_chb': 282.27433, 'gr_ceu': 0.00184, 'gr_chb': 0.00184, 'm_yri_ooa': 1e-05, 'm_yri_ceu': 1e-05, 'm_yri_chb': 1e-05, 'm_ceu_chb': 0.0} -67554.06183417089
x_down: {'t1': 1.73148, 't2': 2.32267, 't3': 95.15226, 'N_anc': 464.54865, 'N_yri': 373.4115, 'N_ooa': 722.29593, 'N_ceu': 343.03244, 'N_chb': 282.27433, 'gr_ceu': 0.00184, 'gr_chb': 0.00184, 'm_yri_ooa': 1e-05, 'm_yri_ceu': 1e-05, 'm_yri_chb': 1e-05, 'm_ceu_chb': 0.0} -67671.73495977282
 
 
x_up: {'t1': 1.73148, 't2': 2.32267, 't3': 95.15226, 'N_anc': 464.54865, 'N_yri': 373.4115, 'N_ooa': 965.80304, 'N_ceu': 373.4115, 'N_chb': 282.27433, 'gr_ceu': 0.00184, 'gr_chb': 0.00184, 'm_yri_ooa': 1e-05, 'm_yri_ceu': 1e-05, 'm_yri_chb': 1e-05, 'm_ceu_chb': 0.0} -67559.34855393704
x: {'t1': 1.73148, 't2': 2.32267, 't3': 95.15226, 'N_anc': 464.54865, 'N_yri': 373.4115, 'N_ooa': 965.80304, 'N_ceu': 343.03244, 'N_chb': 282.27433, 'gr_ceu': 0.00184, 'gr_chb': 0.00184, 'm_yri_ooa': 1e-05, 'm_yri_ceu': 1e-05, 'm_yri_chb': 1e-05, 'm_ceu_chb': 0.0} -67554.06183417089
x_down: {'t1': 1.73148, 't2': 2.32267, 't3': 95.15226, 'N_anc': 464.54865, 'N_yri': 373.4115, 'N_ooa': 965.80304, 'N_ceu': 312.65339, 'N_chb': 282.27433, 'gr_ceu': 0.00184, 'gr_chb': 0.00184, 'm_yri_ooa': 1e-05, 'm_yri_ceu': 1e-05, 'm_yri_chb': 1e-05, 'm_ceu_chb': 0.0} -67555.00620177884
 
 
x_up: {'t1': 1.73148, 't2': 2.32267, 't3': 95.15226, 'N_anc': 464.54865, 'N_yri': 373.4115, 'N_ooa': 965.80304, 'N_ceu': 343.03244, 'N_chb': 350.6272, 'gr_ceu': 0.00184, 'gr_chb': 0.00184, 'm_yri_ooa': 1e-05, 'm_yri_ceu': 1e-05, 'm_yri_chb': 1e-05, 'm_ceu_chb': 0.0} -67561.7389990962
x: {'t1': 1.73148, 't2': 2.32267, 't3': 95.15226, 'N_anc': 464.54865, 'N_yri': 373.4115, 'N_ooa': 965.80304, 'N_ceu': 343.03244, 'N_chb': 282.27433, 'gr_ceu': 0.00184, 'gr_chb': 0.00184, 'm_yri_ooa': 1e-05, 'm_yri_ceu': 1e-05, 'm_yri_chb': 1e-05, 'm_ceu_chb': 0.0} -67554.06183417089
x_down: {'t1': 1.73148, 't2': 2.32267, 't3': 95.15226, 'N_anc': 464.54865, 'N_yri': 373.4115, 'N_ooa': 965.80304, 'N_ceu': 343.03244, 'N_chb': 213.92146, 'gr_ceu': 0.00184, 'gr_chb': 0.00184, 'm_yri_ooa': 1e-05, 'm_yri_ceu': 1e-05, 'm_yri_chb': 1e-05, 'm_ceu_chb': 0.0} -67599.20659675474
 
 
x_up: {'t1': 1.73148, 't2': 2.32267, 't3': 95.15226, 'N_anc': 464.54865, 'N_yri': 373.4115, 'N_ooa': 965.80304, 'N_ceu': 343.03244, 'N_chb': 282.27433, 'gr_ceu': 0.00276, 'gr_chb': 0.00184, 'm_yri_ooa': 1e-05, 'm_yri_ceu': 1e-05, 'm_yri_chb': 1e-05, 'm_ceu_chb': 0.0} -67554.12896787016
x: {'t1': 1.73148, 't2': 2.32267, 't3': 95.15226, 'N_anc': 464.54865, 'N_yri': 373.4115, 'N_ooa': 965.80304, 'N_ceu': 343.03244, 'N_chb': 282.27433, 'gr_ceu': 0.00184, 'gr_chb': 0.00184, 'm_yri_ooa': 1e-05, 'm_yri_ceu': 1e-05, 'm_yri_chb': 1e-05, 'm_ceu_chb': 0.0} -67554.06183417089
x_down: {'t1': 1.73148, 't2': 2.32267, 't3': 95.15226, 'N_anc': 464.54865, 'N_yri': 373.4115, 'N_ooa': 965.80304, 'N_ceu': 343.03244, 'N_chb': 282.27433, 'gr_ceu': 0.00092, 'gr_chb': 0.00184, 'm_yri_ooa': 1e-05, 'm_yri_ceu': 1e-05, 'm_yri_chb': 1e-05, 'm_ceu_chb': 0.0} -67553.99559184948
 
 
x_up: {'t1': 1.73148, 't2': 2.32267, 't3': 95.15226, 'N_anc': 464.54865, 'N_yri': 373.4115, 'N_ooa': 965.80304, 'N_ceu': 343.03244, 'N_chb': 282.27433, 'gr_ceu': 0.00092, 'gr_chb': 0.00276, 'm_yri_ooa': 1e-05, 'm_yri_ceu': 1e-05, 'm_yri_chb': 1e-05, 'm_ceu_chb': 0.0} -67554.00630039677
x: {'t1': 1.73148, 't2': 2.32267, 't3': 95.15226, 'N_anc': 464.54865, 'N_yri': 373.4115, 'N_ooa': 965.80304, 'N_ceu': 343.03244, 'N_chb': 282.27433, 'gr_ceu': 0.00092, 'gr_chb': 0.00184, 'm_yri_ooa': 1e-05, 'm_yri_ceu': 1e-05, 'm_yri_chb': 1e-05, 'm_ceu_chb': 0.0} -67553.99559184948
x_down: {'t1': 1.73148, 't2': 2.32267, 't3': 95.15226, 'N_anc': 464.54865, 'N_yri': 373.4115, 'N_ooa': 965.80304, 'N_ceu': 343.03244, 'N_chb': 282.27433, 'gr_ceu': 0.00092, 'gr_chb': 0.00092, 'm_yri_ooa': 1e-05, 'm_yri_ceu': 1e-05, 'm_yri_chb': 1e-05, 'm_ceu_chb': 0.0} -67553.98576242944
 
 
x_up: {'t1': 1.73148, 't2': 2.32267, 't3': 95.15226, 'N_anc': 464.54865, 'N_yri': 373.4115, 'N_ooa': 965.80304, 'N_ceu': 343.03244, 'N_chb': 282.27433, 'gr_ceu': 0.00092, 'gr_chb': 0.00092, 'm_yri_ooa': 0.0, 'm_yri_ceu': 1e-05, 'm_yri_chb': 1e-05, 'm_ceu_chb': 0.0} -67553.98945085914
x: {'t1': 1.73148, 't2': 2.32267, 't3': 95.15226, 'N_anc': 464.54865, 'N_yri': 373.4115, 'N_ooa': 965.80304, 'N_ceu': 343.03244, 'N_chb': 282.27433, 'gr_ceu': 0.00092, 'gr_chb': 0.00092, 'm_yri_ooa': 1e-05, 'm_yri_ceu': 1e-05, 'm_yri_chb': 1e-05, 'm_ceu_chb': 0.0} -67553.98576242944
x_down: {'t1': 1.73148, 't2': 2.32267, 't3': 95.15226, 'N_anc': 464.54865, 'N_yri': 373.4115, 'N_ooa': 965.80304, 'N_ceu': 343.03244, 'N_chb': 282.27433, 'gr_ceu': 0.00092, 'gr_chb': 0.00092, 'm_yri_ooa': 1e-05, 'm_yri_ceu': 1e-05, 'm_yri_chb': 1e-05, 'm_ceu_chb': 0.0} -67553.98576242944
 
 
x_up: {'t1': 1.73148, 't2': 2.32267, 't3': 95.15226, 'N_anc': 464.54865, 'N_yri': 373.4115, 'N_ooa': 965.80304, 'N_ceu': 343.03244, 'N_chb': 282.27433, 'gr_ceu': 0.00092, 'gr_chb': 0.00092, 'm_yri_ooa': 1e-05, 'm_yri_ceu': 0.0, 'm_yri_chb': 1e-05, 'm_ceu_chb': 0.0} -67553.9857624298
x: {'t1': 1.73148, 't2': 2.32267, 't3': 95.15226, 'N_anc': 464.54865, 'N_yri': 373.4115, 'N_ooa': 965.80304, 'N_ceu': 343.03244, 'N_chb': 282.27433, 'gr_ceu': 0.00092, 'gr_chb': 0.00092, 'm_yri_ooa': 1e-05, 'm_yri_ceu': 1e-05, 'm_yri_chb': 1e-05, 'm_ceu_chb': 0.0} -67553.98576242944
x_down: {'t1': 1.73148, 't2': 2.32267, 't3': 95.15226, 'N_anc': 464.54865, 'N_yri': 373.4115, 'N_ooa': 965.80304, 'N_ceu': 343.03244, 'N_chb': 282.27433, 'gr_ceu': 0.00092, 'gr_chb': 0.00092, 'm_yri_ooa': 1e-05, 'm_yri_ceu': 1e-05, 'm_yri_chb': 1e-05, 'm_ceu_chb': 0.0} -67553.98576242944
 
 
x_up: {'t1': 1.73148, 't2': 2.32267, 't3': 95.15226, 'N_anc': 464.54865, 'N_yri': 373.4115, 'N_ooa': 965.80304, 'N_ceu': 343.03244, 'N_chb': 282.27433, 'gr_ceu': 0.00092, 'gr_chb': 0.00092, 'm_yri_ooa': 1e-05, 'm_yri_ceu': 1e-05, 'm_yri_chb': 0.0, 'm_ceu_chb': 0.0} -67553.98576243078
x: {'t1': 1.73148, 't2': 2.32267, 't3': 95.15226, 'N_anc': 464.54865, 'N_yri': 373.4115, 'N_ooa': 965.80304, 'N_ceu': 343.03244, 'N_chb': 282.27433, 'gr_ceu': 0.00092, 'gr_chb': 0.00092, 'm_yri_ooa': 1e-05, 'm_yri_ceu': 1e-05, 'm_yri_chb': 1e-05, 'm_ceu_chb': 0.0} -67553.98576242944
x_down: {'t1': 1.73148, 't2': 2.32267, 't3': 95.15226, 'N_anc': 464.54865, 'N_yri': 373.4115, 'N_ooa': 965.80304, 'N_ceu': 343.03244, 'N_chb': 282.27433, 'gr_ceu': 0.00092, 'gr_chb': 0.00092, 'm_yri_ooa': 1e-05, 'm_yri_ceu': 1e-05, 'm_yri_chb': 1e-05, 'm_ceu_chb': 0.0} -67553.98576242944
 
 
x_up: {'t1': 1.73148, 't2': 2.32267, 't3': 95.15226, 'N_anc': 464.54865, 'N_yri': 373.4115, 'N_ooa': 965.80304, 'N_ceu': 343.03244, 'N_chb': 282.27433, 'gr_ceu': 0.00092, 'gr_chb': 0.00092, 'm_yri_ooa': 1e-05, 'm_yri_ceu': 1e-05, 'm_yri_chb': 1e-05, 'm_ceu_chb': 0.0} -67553.98576242944
x: {'t1': 1.73148, 't2': 2.32267, 't3': 95.15226, 'N_anc': 464.54865, 'N_yri': 373.4115, 'N_ooa': 965.80304, 'N_ceu': 343.03244, 'N_chb': 282.27433, 'gr_ceu': 0.00092, 'gr_chb': 0.00092, 'm_yri_ooa': 1e-05, 'm_yri_ceu': 1e-05, 'm_yri_chb': 1e-05, 'm_ceu_chb': 0.0} -67553.98576242944
x_down: {'t1': 1.73148, 't2': 2.32267, 't3': 95.15226, 'N_anc': 464.54865, 'N_yri': 373.4115, 'N_ooa': 965.80304, 'N_ceu': 343.03244, 'N_chb': 282.27433, 'gr_ceu': 0.00092, 'gr_chb': 0.00092, 'm_yri_ooa': 1e-05, 'm_yri_ceu': 1e-05, 'm_yri_chb': 1e-05, 'm_ceu_chb': 1e-05} -67553.98576242993
 
{'t1': 1.73148, 't2': 2.32267, 't3': 95.15226, 'N_anc': 464.54865, 'N_yri': 373.4115, 'N_ooa': 965.80304, 'N_ceu': 343.03244, 'N_chb': 282.27433, 'gr_ceu': 0.00092, 'gr_chb': 0.00092, 'm_yri_ooa': 1e-05, 'm_yri_ceu': 1e-05, 'm_yri_chb': 1e-05, 'm_ceu_chb': 0.0} -67553.98576242944
 
x_up: {'t1': 1.87928, 't2': 2.32267, 't3': 95.15226, 'N_anc': 464.54865, 'N_yri': 373.4115, 'N_ooa': 965.80304, 'N_ceu': 343.03244, 'N_chb': 282.27433, 'gr_ceu': 0.00092, 'gr_chb': 0.00092, 'm_yri_ooa': 1e-05, 'm_yri_ceu': 1e-05, 'm_yri_chb': 1e-05, 'm_ceu_chb': 0.0} -67554.30162814655
x: {'t1': 1.73148, 't2': 2.32267, 't3': 95.15226, 'N_anc': 464.54865, 'N_yri': 373.4115, 'N_ooa': 965.80304, 'N_ceu': 343.03244, 'N_chb': 282.27433, 'gr_ceu': 0.00092, 'gr_chb': 0.00092, 'm_yri_ooa': 1e-05, 'm_yri_ceu': 1e-05, 'm_yri_chb': 1e-05, 'm_ceu_chb': 0.0} -67553.98576242944
x_down: {'t1': 1.58368, 't2': 2.32267, 't3': 95.15226, 'N_anc': 464.54865, 'N_yri': 373.4115, 'N_ooa': 965.80304, 'N_ceu': 343.03244, 'N_chb': 282.27433, 'gr_ceu': 0.00092, 'gr_chb': 0.00092, 'm_yri_ooa': 1e-05, 'm_yri_ceu': 1e-05, 'm_yri_chb': 1e-05, 'm_ceu_chb': 0.0} -67573.73232031663
 
 
x_up: {'t1': 1.73148, 't2': 2.54437, 't3': 95.15226, 'N_anc': 464.54865, 'N_yri': 373.4115, 'N_ooa': 965.80304, 'N_ceu': 343.03244, 'N_chb': 282.27433, 'gr_ceu': 0.00092, 'gr_chb': 0.00092, 'm_yri_ooa': 1e-05, 'm_yri_ceu': 1e-05, 'm_yri_chb': 1e-05, 'm_ceu_chb': 0.0} -67575.77956998454
x: {'t1': 1.73148, 't2': 2.32267, 't3': 95.15226, 'N_anc': 464.54865, 'N_yri': 373.4115, 'N_ooa': 965.80304, 'N_ceu': 343.03244, 'N_chb': 282.27433, 'gr_ceu': 0.00092, 'gr_chb': 0.00092, 'm_yri_ooa': 1e-05, 'm_yri_ceu': 1e-05, 'm_yri_chb': 1e-05, 'm_ceu_chb': 0.0} -67553.98576242944
x_down: {'t1': 1.73148, 't2': 2.10097, 't3': 95.15226, 'N_anc': 464.54865, 'N_yri': 373.4115, 'N_ooa': 965.80304, 'N_ceu': 343.03244, 'N_chb': 282.27433, 'gr_ceu': 0.00092, 'gr_chb': 0.00092, 'm_yri_ooa': 1e-05, 'm_yri_ceu': 1e-05, 'm_yri_chb': 1e-05, 'm_ceu_chb': 0.0} -67583.97074333849
 
 
x_up: {'t1': 1.73148, 't2': 2.32267, 't3': 99.79374, 'N_anc': 464.54865, 'N_yri': 373.4115, 'N_ooa': 965.80304, 'N_ceu': 343.03244, 'N_chb': 282.27433, 'gr_ceu': 0.00092, 'gr_chb': 0.00092, 'm_yri_ooa': 1e-05, 'm_yri_ceu': 1e-05, 'm_yri_chb': 1e-05, 'm_ceu_chb': 0.0} -67556.74710697729
x: {'t1': 1.73148, 't2': 2.32267, 't3': 95.15226, 'N_anc': 464.54865, 'N_yri': 373.4115, 'N_ooa': 965.80304, 'N_ceu': 343.03244, 'N_chb': 282.27433, 'gr_ceu': 0.00092, 'gr_chb': 0.00092, 'm_yri_ooa': 1e-05, 'm_yri_ceu': 1e-05, 'm_yri_chb': 1e-05, 'm_ceu_chb': 0.0} -67553.98576242944
x_down: {'t1': 1.73148, 't2': 2.32267, 't3': 90.51078, 'N_anc': 464.54865, 'N_yri': 373.4115, 'N_ooa': 965.80304, 'N_ceu': 343.03244, 'N_chb': 282.27433, 'gr_ceu': 0.00092, 'gr_chb': 0.00092, 'm_yri_ooa': 1e-05, 'm_yri_ceu': 1e-05, 'm_yri_chb': 1e-05, 'm_ceu_chb': 0.0} -67560.29214454727
 
 
x_up: {'t1': 1.73148, 't2': 2.32267, 't3': 95.15226, 'N_anc': 498.72509, 'N_yri': 373.4115, 'N_ooa': 965.80304, 'N_ceu': 343.03244, 'N_chb': 282.27433, 'gr_ceu': 0.00092, 'gr_chb': 0.00092, 'm_yri_ooa': 1e-05, 'm_yri_ceu': 1e-05, 'm_yri_chb': 1e-05, 'm_ceu_chb': 0.0} -67553.8456368881
x: {'t1': 1.73148, 't2': 2.32267, 't3': 95.15226, 'N_anc': 464.54865, 'N_yri': 373.4115, 'N_ooa': 965.80304, 'N_ceu': 343.03244, 'N_chb': 282.27433, 'gr_ceu': 0.00092, 'gr_chb': 0.00092, 'm_yri_ooa': 1e-05, 'm_yri_ceu': 1e-05, 'm_yri_chb': 1e-05, 'm_ceu_chb': 0.0} -67553.98576242944
x_down: {'t1': 1.73148, 't2': 2.32267, 't3': 95.15226, 'N_anc': 430.37221, 'N_yri': 373.4115, 'N_ooa': 965.80304, 'N_ceu': 343.03244, 'N_chb': 282.27433, 'gr_ceu': 0.00092, 'gr_chb': 0.00092, 'm_yri_ooa': 1e-05, 'm_yri_ceu': 1e-05, 'm_yri_chb': 1e-05, 'm_ceu_chb': 0.0} -67555.24162666789
 
 
x_up: {'t1': 1.73148, 't2': 2.32267, 't3': 95.15226, 'N_anc': 498.72509, 'N_yri': 424.67616, 'N_ooa': 965.80304, 'N_ceu': 343.03244, 'N_chb': 282.27433, 'gr_ceu': 0.00092, 'gr_chb': 0.00092, 'm_yri_ooa': 1e-05, 'm_yri_ceu': 1e-05, 'm_yri_chb': 1e-05, 'm_ceu_chb': 0.0} -67560.74771734823
x: {'t1': 1.73148, 't2': 2.32267, 't3': 95.15226, 'N_anc': 498.72509, 'N_yri': 373.4115, 'N_ooa': 965.80304, 'N_ceu': 343.03244, 'N_chb': 282.27433, 'gr_ceu': 0.00092, 'gr_chb': 0.00092, 'm_yri_ooa': 1e-05, 'm_yri_ceu': 1e-05, 'm_yri_chb': 1e-05, 'm_ceu_chb': 0.0} -67553.8456368881
x_down: {'t1': 1.73148, 't2': 2.32267, 't3': 95.15226, 'N_anc': 498.72509, 'N_yri': 322.14684, 'N_ooa': 965.80304, 'N_ceu': 343.03244, 'N_chb': 282.27433, 'gr_ceu': 0.00092, 'gr_chb': 0.00092, 'm_yri_ooa': 1e-05, 'm_yri_ceu': 1e-05, 'm_yri_chb': 1e-05, 'm_ceu_chb': 0.0} -67561.35489762362
 
 
x_up: {'t1': 1.73148, 't2': 2.32267, 't3': 95.15226, 'N_anc': 498.72509, 'N_yri': 373.4115, 'N_ooa': 1087.55659, 'N_ceu': 343.03244, 'N_chb': 282.27433, 'gr_ceu': 0.00092, 'gr_chb': 0.00092, 'm_yri_ooa': 1e-05, 'm_yri_ceu': 1e-05, 'm_yri_chb': 1e-05, 'm_ceu_chb': 0.0} -67625.62866890298
x: {'t1': 1.73148, 't2': 2.32267, 't3': 95.15226, 'N_anc': 498.72509, 'N_yri': 373.4115, 'N_ooa': 965.80304, 'N_ceu': 343.03244, 'N_chb': 282.27433, 'gr_ceu': 0.00092, 'gr_chb': 0.00092, 'm_yri_ooa': 1e-05, 'm_yri_ceu': 1e-05, 'm_yri_chb': 1e-05, 'm_ceu_chb': 0.0} -67553.8456368881
x_down: {'t1': 1.73148, 't2': 2.32267, 't3': 95.15226, 'N_anc': 498.72509, 'N_yri': 373.4115, 'N_ooa': 844.04949, 'N_ceu': 343.03244, 'N_chb': 282.27433, 'gr_ceu': 0.00092, 'gr_chb': 0.00092, 'm_yri_ooa': 1e-05, 'm_yri_ceu': 1e-05, 'm_yri_chb': 1e-05, 'm_ceu_chb': 0.0} -67550.2042847094
 
 
x_up: {'t1': 1.73148, 't2': 2.32267, 't3': 95.15226, 'N_anc': 498.72509, 'N_yri': 373.4115, 'N_ooa': 844.04949, 'N_ceu': 358.22197, 'N_chb': 282.27433, 'gr_ceu': 0.00092, 'gr_chb': 0.00092, 'm_yri_ooa': 1e-05, 'm_yri_ceu': 1e-05, 'm_yri_chb': 1e-05, 'm_ceu_chb': 0.0} -67551.56250437691
x: {'t1': 1.73148, 't2': 2.32267, 't3': 95.15226, 'N_anc': 498.72509, 'N_yri': 373.4115, 'N_ooa': 844.04949, 'N_ceu': 343.03244, 'N_chb': 282.27433, 'gr_ceu': 0.00092, 'gr_chb': 0.00092, 'm_yri_ooa': 1e-05, 'm_yri_ceu': 1e-05, 'm_yri_chb': 1e-05, 'm_ceu_chb': 0.0} -67550.2042847094
x_down: {'t1': 1.73148, 't2': 2.32267, 't3': 95.15226, 'N_anc': 498.72509, 'N_yri': 373.4115, 'N_ooa': 844.04949, 'N_ceu': 327.84291, 'N_chb': 282.27433, 'gr_ceu': 0.00092, 'gr_chb': 0.00092, 'm_yri_ooa': 1e-05, 'm_yri_ceu': 1e-05, 'm_yri_chb': 1e-05, 'm_ceu_chb': 0.0} -67550.62599177308
 
 
x_up: {'t1': 1.73148, 't2': 2.32267, 't3': 95.15226, 'N_anc': 498.72509, 'N_yri': 373.4115, 'N_ooa': 844.04949, 'N_ceu': 343.03244, 'N_chb': 316.45077, 'gr_ceu': 0.00092, 'gr_chb': 0.00092, 'm_yri_ooa': 1e-05, 'm_yri_ceu': 1e-05, 'm_yri_chb': 1e-05, 'm_ceu_chb': 0.0} -67553.16521450711
x: {'t1': 1.73148, 't2': 2.32267, 't3': 95.15226, 'N_anc': 498.72509, 'N_yri': 373.4115, 'N_ooa': 844.04949, 'N_ceu': 343.03244, 'N_chb': 282.27433, 'gr_ceu': 0.00092, 'gr_chb': 0.00092, 'm_yri_ooa': 1e-05, 'm_yri_ceu': 1e-05, 'm_yri_chb': 1e-05, 'm_ceu_chb': 0.0} -67550.2042847094
x_down: {'t1': 1.73148, 't2': 2.32267, 't3': 95.15226, 'N_anc': 498.72509, 'N_yri': 373.4115, 'N_ooa': 844.04949, 'N_ceu': 343.03244, 'N_chb': 248.09789, 'gr_ceu': 0.00092, 'gr_chb': 0.00092, 'm_yri_ooa': 1e-05, 'm_yri_ceu': 1e-05, 'm_yri_chb': 1e-05, 'm_ceu_chb': 0.0} -67561.46750646207
 
 
x_up: {'t1': 1.73148, 't2': 2.32267, 't3': 95.15226, 'N_anc': 498.72509, 'N_yri': 373.4115, 'N_ooa': 844.04949, 'N_ceu': 343.03244, 'N_chb': 282.27433, 'gr_ceu': 0.00138, 'gr_chb': 0.00092, 'm_yri_ooa': 1e-05, 'm_yri_ceu': 1e-05, 'm_yri_chb': 1e-05, 'm_ceu_chb': 0.0} -67550.22596234689
x: {'t1': 1.73148, 't2': 2.32267, 't3': 95.15226, 'N_anc': 498.72509, 'N_yri': 373.4115, 'N_ooa': 844.04949, 'N_ceu': 343.03244, 'N_chb': 282.27433, 'gr_ceu': 0.00092, 'gr_chb': 0.00092, 'm_yri_ooa': 1e-05, 'm_yri_ceu': 1e-05, 'm_yri_chb': 1e-05, 'm_ceu_chb': 0.0} -67550.2042847094
x_down: {'t1': 1.73148, 't2': 2.32267, 't3': 95.15226, 'N_anc': 498.72509, 'N_yri': 373.4115, 'N_ooa': 844.04949, 'N_ceu': 343.03244, 'N_chb': 282.27433, 'gr_ceu': 0.00046, 'gr_chb': 0.00092, 'm_yri_ooa': 1e-05, 'm_yri_ceu': 1e-05, 'm_yri_chb': 1e-05, 'm_ceu_chb': 0.0} -67550.1828105158
 
 
x_up: {'t1': 1.73148, 't2': 2.32267, 't3': 95.15226, 'N_anc': 498.72509, 'N_yri': 373.4115, 'N_ooa': 844.04949, 'N_ceu': 343.03244, 'N_chb': 282.27433, 'gr_ceu': 0.00046, 'gr_chb': 0.00138, 'm_yri_ooa': 1e-05, 'm_yri_ceu': 1e-05, 'm_yri_chb': 1e-05, 'm_ceu_chb': 0.0} -67550.1993655717
x: {'t1': 1.73148, 't2': 2.32267, 't3': 95.15226, 'N_anc': 498.72509, 'N_yri': 373.4115, 'N_ooa': 844.04949, 'N_ceu': 343.03244, 'N_chb': 282.27433, 'gr_ceu': 0.00046, 'gr_chb': 0.00092, 'm_yri_ooa': 1e-05, 'm_yri_ceu': 1e-05, 'm_yri_chb': 1e-05, 'm_ceu_chb': 0.0} -67550.1828105158
x_down: {'t1': 1.73148, 't2': 2.32267, 't3': 95.15226, 'N_anc': 498.72509, 'N_yri': 373.4115, 'N_ooa': 844.04949, 'N_ceu': 343.03244, 'N_chb': 282.27433, 'gr_ceu': 0.00046, 'gr_chb': 0.00046, 'm_yri_ooa': 1e-05, 'm_yri_ceu': 1e-05, 'm_yri_chb': 1e-05, 'm_ceu_chb': 0.0} -67550.16647993488
 
 
x_up: {'t1': 1.73148, 't2': 2.32267, 't3': 95.15226, 'N_anc': 498.72509, 'N_yri': 373.4115, 'N_ooa': 844.04949, 'N_ceu': 343.03244, 'N_chb': 282.27433, 'gr_ceu': 0.00046, 'gr_chb': 0.00046, 'm_yri_ooa': 0.0, 'm_yri_ceu': 1e-05, 'm_yri_chb': 1e-05, 'm_ceu_chb': 0.0} -67550.16406229505
x: {'t1': 1.73148, 't2': 2.32267, 't3': 95.15226, 'N_anc': 498.72509, 'N_yri': 373.4115, 'N_ooa': 844.04949, 'N_ceu': 343.03244, 'N_chb': 282.27433, 'gr_ceu': 0.00046, 'gr_chb': 0.00046, 'm_yri_ooa': 1e-05, 'm_yri_ceu': 1e-05, 'm_yri_chb': 1e-05, 'm_ceu_chb': 0.0} -67550.16647993488
x_down: {'t1': 1.73148, 't2': 2.32267, 't3': 95.15226, 'N_anc': 498.72509, 'N_yri': 373.4115, 'N_ooa': 844.04949, 'N_ceu': 343.03244, 'N_chb': 282.27433, 'gr_ceu': 0.00046, 'gr_chb': 0.00046, 'm_yri_ooa': 1e-05, 'm_yri_ceu': 1e-05, 'm_yri_chb': 1e-05, 'm_ceu_chb': 0.0} -67550.16647993488
 
 
x_up: {'t1': 1.73148, 't2': 2.32267, 't3': 95.15226, 'N_anc': 498.72509, 'N_yri': 373.4115, 'N_ooa': 844.04949, 'N_ceu': 343.03244, 'N_chb': 282.27433, 'gr_ceu': 0.00046, 'gr_chb': 0.00046, 'm_yri_ooa': 0.0, 'm_yri_ceu': 0.0, 'm_yri_chb': 1e-05, 'm_ceu_chb': 0.0} -67550.1640622953
x: {'t1': 1.73148, 't2': 2.32267, 't3': 95.15226, 'N_anc': 498.72509, 'N_yri': 373.4115, 'N_ooa': 844.04949, 'N_ceu': 343.03244, 'N_chb': 282.27433, 'gr_ceu': 0.00046, 'gr_chb': 0.00046, 'm_yri_ooa': 0.0, 'm_yri_ceu': 1e-05, 'm_yri_chb': 1e-05, 'm_ceu_chb': 0.0} -67550.16406229505
x_down: {'t1': 1.73148, 't2': 2.32267, 't3': 95.15226, 'N_anc': 498.72509, 'N_yri': 373.4115, 'N_ooa': 844.04949, 'N_ceu': 343.03244, 'N_chb': 282.27433, 'gr_ceu': 0.00046, 'gr_chb': 0.00046, 'm_yri_ooa': 0.0, 'm_yri_ceu': 1e-05, 'm_yri_chb': 1e-05, 'm_ceu_chb': 0.0} -67550.16406229505
 
 
x_up: {'t1': 1.73148, 't2': 2.32267, 't3': 95.15226, 'N_anc': 498.72509, 'N_yri': 373.4115, 'N_ooa': 844.04949, 'N_ceu': 343.03244, 'N_chb': 282.27433, 'gr_ceu': 0.00046, 'gr_chb': 0.00046, 'm_yri_ooa': 0.0, 'm_yri_ceu': 1e-05, 'm_yri_chb': 0.0, 'm_ceu_chb': 0.0} -67550.16406229457
x: {'t1': 1.73148, 't2': 2.32267, 't3': 95.15226, 'N_anc': 498.72509, 'N_yri': 373.4115, 'N_ooa': 844.04949, 'N_ceu': 343.03244, 'N_chb': 282.27433, 'gr_ceu': 0.00046, 'gr_chb': 0.00046, 'm_yri_ooa': 0.0, 'm_yri_ceu': 1e-05, 'm_yri_chb': 1e-05, 'm_ceu_chb': 0.0} -67550.16406229505
x_down: {'t1': 1.73148, 't2': 2.32267, 't3': 95.15226, 'N_anc': 498.72509, 'N_yri': 373.4115, 'N_ooa': 844.04949, 'N_ceu': 343.03244, 'N_chb': 282.27433, 'gr_ceu': 0.00046, 'gr_chb': 0.00046, 'm_yri_ooa': 0.0, 'm_yri_ceu': 1e-05, 'm_yri_chb': 1e-05, 'm_ceu_chb': 0.0} -67550.16406229505
 
 
x_up: {'t1': 1.73148, 't2': 2.32267, 't3': 95.15226, 'N_anc': 498.72509, 'N_yri': 373.4115, 'N_ooa': 844.04949, 'N_ceu': 343.03244, 'N_chb': 282.27433, 'gr_ceu': 0.00046, 'gr_chb': 0.00046, 'm_yri_ooa': 0.0, 'm_yri_ceu': 1e-05, 'm_yri_chb': 0.0, 'm_ceu_chb': 0.0} -67550.16406229457
x: {'t1': 1.73148, 't2': 2.32267, 't3': 95.15226, 'N_anc': 498.72509, 'N_yri': 373.4115, 'N_ooa': 844.04949, 'N_ceu': 343.03244, 'N_chb': 282.27433, 'gr_ceu': 0.00046, 'gr_chb': 0.00046, 'm_yri_ooa': 0.0, 'm_yri_ceu': 1e-05, 'm_yri_chb': 0.0, 'm_ceu_chb': 0.0} -67550.16406229457
x_down: {'t1': 1.73148, 't2': 2.32267, 't3': 95.15226, 'N_anc': 498.72509, 'N_yri': 373.4115, 'N_ooa': 844.04949, 'N_ceu': 343.03244, 'N_chb': 282.27433, 'gr_ceu': 0.00046, 'gr_chb': 0.00046, 'm_yri_ooa': 0.0, 'm_yri_ceu': 1e-05, 'm_yri_chb': 0.0, 'm_ceu_chb': 1e-05} -67550.16406229492
 
{'t1': 1.73148, 't2': 2.32267, 't3': 95.15226, 'N_anc': 498.72509, 'N_yri': 373.4115, 'N_ooa': 844.04949, 'N_ceu': 343.03244, 'N_chb': 282.27433, 'gr_ceu': 0.00046, 'gr_chb': 0.00046, 'm_yri_ooa': 0.0, 'm_yri_ceu': 1e-05, 'm_yri_chb': 0.0, 'm_ceu_chb': 0.0} -67550.16406229457
 
x_up: {'t1': 1.80538, 't2': 2.32267, 't3': 95.15226, 'N_anc': 498.72509, 'N_yri': 373.4115, 'N_ooa': 844.04949, 'N_ceu': 343.03244, 'N_chb': 282.27433, 'gr_ceu': 0.00046, 'gr_chb': 0.00046, 'm_yri_ooa': 0.0, 'm_yri_ceu': 1e-05, 'm_yri_chb': 0.0, 'm_ceu_chb': 0.0} -67553.45604139016
x: {'t1': 1.73148, 't2': 2.32267, 't3': 95.15226, 'N_anc': 498.72509, 'N_yri': 373.4115, 'N_ooa': 844.04949, 'N_ceu': 343.03244, 'N_chb': 282.27433, 'gr_ceu': 0.00046, 'gr_chb': 0.00046, 'm_yri_ooa': 0.0, 'm_yri_ceu': 1e-05, 'm_yri_chb': 0.0, 'm_ceu_chb': 0.0} -67550.16406229457
x_down: {'t1': 1.65758, 't2': 2.32267, 't3': 95.15226, 'N_anc': 498.72509, 'N_yri': 373.4115, 'N_ooa': 844.04949, 'N_ceu': 343.03244, 'N_chb': 282.27433, 'gr_ceu': 0.00046, 'gr_chb': 0.00046, 'm_yri_ooa': 0.0, 'm_yri_ceu': 1e-05, 'm_yri_chb': 0.0, 'm_ceu_chb': 0.0} -67559.90422965452
 
 
x_up: {'t1': 1.73148, 't2': 2.43352, 't3': 95.15226, 'N_anc': 498.72509, 'N_yri': 373.4115, 'N_ooa': 844.04949, 'N_ceu': 343.03244, 'N_chb': 282.27433, 'gr_ceu': 0.00046, 'gr_chb': 0.00046, 'm_yri_ooa': 0.0, 'm_yri_ceu': 1e-05, 'm_yri_chb': 0.0, 'm_ceu_chb': 0.0} -67560.3555064431
x: {'t1': 1.73148, 't2': 2.32267, 't3': 95.15226, 'N_anc': 498.72509, 'N_yri': 373.4115, 'N_ooa': 844.04949, 'N_ceu': 343.03244, 'N_chb': 282.27433, 'gr_ceu': 0.00046, 'gr_chb': 0.00046, 'm_yri_ooa': 0.0, 'm_yri_ceu': 1e-05, 'm_yri_chb': 0.0, 'm_ceu_chb': 0.0} -67550.16406229457
x_down: {'t1': 1.73148, 't2': 2.21182, 't3': 95.15226, 'N_anc': 498.72509, 'N_yri': 373.4115, 'N_ooa': 844.04949, 'N_ceu': 343.03244, 'N_chb': 282.27433, 'gr_ceu': 0.00046, 'gr_chb': 0.00046, 'm_yri_ooa': 0.0, 'm_yri_ceu': 1e-05, 'm_yri_chb': 0.0, 'm_ceu_chb': 0.0} -67576.81698313158
 
 
x_up: {'t1': 1.73148, 't2': 2.32267, 't3': 99.79374, 'N_anc': 498.72509, 'N_yri': 373.4115, 'N_ooa': 844.04949, 'N_ceu': 343.03244, 'N_chb': 282.27433, 'gr_ceu': 0.00046, 'gr_chb': 0.00046, 'm_yri_ooa': 0.0, 'm_yri_ceu': 1e-05, 'm_yri_chb': 0.0, 'm_ceu_chb': 0.0} -67552.01155238063
x: {'t1': 1.73148, 't2': 2.32267, 't3': 95.15226, 'N_anc': 498.72509, 'N_yri': 373.4115, 'N_ooa': 844.04949, 'N_ceu': 343.03244, 'N_chb': 282.27433, 'gr_ceu': 0.00046, 'gr_chb': 0.00046, 'm_yri_ooa': 0.0, 'm_yri_ceu': 1e-05, 'm_yri_chb': 0.0, 'm_ceu_chb': 0.0} -67550.16406229457
x_down: {'t1': 1.73148, 't2': 2.32267, 't3': 90.51078, 'N_anc': 498.72509, 'N_yri': 373.4115, 'N_ooa': 844.04949, 'N_ceu': 343.03244, 'N_chb': 282.27433, 'gr_ceu': 0.00046, 'gr_chb': 0.00046, 'm_yri_ooa': 0.0, 'm_yri_ceu': 1e-05, 'm_yri_chb': 0.0, 'm_ceu_chb': 0.0} -67554.85097291105
 
 
x_up: {'t1': 1.73148, 't2': 2.32267, 't3': 95.15226, 'N_anc': 554.79581, 'N_yri': 373.4115, 'N_ooa': 844.04949, 'N_ceu': 343.03244, 'N_chb': 282.27433, 'gr_ceu': 0.00046, 'gr_chb': 0.00046, 'm_yri_ooa': 0.0, 'm_yri_ceu': 1e-05, 'm_yri_chb': 0.0, 'm_ceu_chb': 0.0} -67551.65913227874
x: {'t1': 1.73148, 't2': 2.32267, 't3': 95.15226, 'N_anc': 498.72509, 'N_yri': 373.4115, 'N_ooa': 844.04949, 'N_ceu': 343.03244, 'N_chb': 282.27433, 'gr_ceu': 0.00046, 'gr_chb': 0.00046, 'm_yri_ooa': 0.0, 'm_yri_ceu': 1e-05, 'm_yri_chb': 0.0, 'm_ceu_chb': 0.0} -67550.16406229457
x_down: {'t1': 1.73148, 't2': 2.32267, 't3': 95.15226, 'N_anc': 442.65437, 'N_yri': 373.4115, 'N_ooa': 844.04949, 'N_ceu': 343.03244, 'N_chb': 282.27433, 'gr_ceu': 0.00046, 'gr_chb': 0.00046, 'm_yri_ooa': 0.0, 'm_yri_ceu': 1e-05, 'm_yri_chb': 0.0, 'm_ceu_chb': 0.0} -67550.95897483443
 
 
x_up: {'t1': 1.73148, 't2': 2.32267, 't3': 95.15226, 'N_anc': 498.72509, 'N_yri': 399.04383, 'N_ooa': 844.04949, 'N_ceu': 343.03244, 'N_chb': 282.27433, 'gr_ceu': 0.00046, 'gr_chb': 0.00046, 'm_yri_ooa': 0.0, 'm_yri_ceu': 1e-05, 'm_yri_chb': 0.0, 'm_ceu_chb': 0.0} -67556.31258671814
x: {'t1': 1.73148, 't2': 2.32267, 't3': 95.15226, 'N_anc': 498.72509, 'N_yri': 373.4115, 'N_ooa': 844.04949, 'N_ceu': 343.03244, 'N_chb': 282.27433, 'gr_ceu': 0.00046, 'gr_chb': 0.00046, 'm_yri_ooa': 0.0, 'm_yri_ceu': 1e-05, 'm_yri_chb': 0.0, 'm_ceu_chb': 0.0} -67550.16406229457
x_down: {'t1': 1.73148, 't2': 2.32267, 't3': 95.15226, 'N_anc': 498.72509, 'N_yri': 347.77917, 'N_ooa': 844.04949, 'N_ceu': 343.03244, 'N_chb': 282.27433, 'gr_ceu': 0.00046, 'gr_chb': 0.00046, 'm_yri_ooa': 0.0, 'm_yri_ceu': 1e-05, 'm_yri_chb': 0.0, 'm_ceu_chb': 0.0} -67554.9046473917
 
 
x_up: {'t1': 1.73148, 't2': 2.32267, 't3': 95.15226, 'N_anc': 498.72509, 'N_yri': 373.4115, 'N_ooa': 1000.99743, 'N_ceu': 343.03244, 'N_chb': 282.27433, 'gr_ceu': 0.00046, 'gr_chb': 0.00046, 'm_yri_ooa': 0.0, 'm_yri_ceu': 1e-05, 'm_yri_chb': 0.0, 'm_ceu_chb': 0.0} -67561.80115442278
x: {'t1': 1.73148, 't2': 2.32267, 't3': 95.15226, 'N_anc': 498.72509, 'N_yri': 373.4115, 'N_ooa': 844.04949, 'N_ceu': 343.03244, 'N_chb': 282.27433, 'gr_ceu': 0.00046, 'gr_chb': 0.00046, 'm_yri_ooa': 0.0, 'm_yri_ceu': 1e-05, 'm_yri_chb': 0.0, 'm_ceu_chb': 0.0} -67550.16406229457
x_down: {'t1': 1.73148, 't2': 2.32267, 't3': 95.15226, 'N_anc': 498.72509, 'N_yri': 373.4115, 'N_ooa': 687.10155, 'N_ceu': 343.03244, 'N_chb': 282.27433, 'gr_ceu': 0.00046, 'gr_chb': 0.00046, 'm_yri_ooa': 0.0, 'm_yri_ceu': 1e-05, 'm_yri_chb': 0.0, 'm_ceu_chb': 0.0} -67741.22074305118
 
 
x_up: {'t1': 1.73148, 't2': 2.32267, 't3': 95.15226, 'N_anc': 498.72509, 'N_yri': 373.4115, 'N_ooa': 844.04949, 'N_ceu': 355.18406, 'N_chb': 282.27433, 'gr_ceu': 0.00046, 'gr_chb': 0.00046, 'm_yri_ooa': 0.0, 'm_yri_ceu': 1e-05, 'm_yri_chb': 0.0, 'm_ceu_chb': 0.0} -67551.09570898887
x: {'t1': 1.73148, 't2': 2.32267, 't3': 95.15226, 'N_anc': 498.72509, 'N_yri': 373.4115, 'N_ooa': 844.04949, 'N_ceu': 343.03244, 'N_chb': 282.27433, 'gr_ceu': 0.00046, 'gr_chb': 0.00046, 'm_yri_ooa': 0.0, 'm_yri_ceu': 1e-05, 'm_yri_chb': 0.0, 'm_ceu_chb': 0.0} -67550.16406229457
x_down: {'t1': 1.73148, 't2': 2.32267, 't3': 95.15226, 'N_anc': 498.72509, 'N_yri': 373.4115, 'N_ooa': 844.04949, 'N_ceu': 330.88082, 'N_chb': 282.27433, 'gr_ceu': 0.00046, 'gr_chb': 0.00046, 'm_yri_ooa': 0.0, 'm_yri_ceu': 1e-05, 'm_yri_chb': 0.0, 'm_ceu_chb': 0.0} -67550.37261206283
 
 
x_up: {'t1': 1.73148, 't2': 2.32267, 't3': 95.15226, 'N_anc': 498.72509, 'N_yri': 373.4115, 'N_ooa': 844.04949, 'N_ceu': 343.03244, 'N_chb': 299.36255, 'gr_ceu': 0.00046, 'gr_chb': 0.00046, 'm_yri_ooa': 0.0, 'm_yri_ceu': 1e-05, 'm_yri_chb': 0.0, 'm_ceu_chb': 0.0} -67550.51089966585
x: {'t1': 1.73148, 't2': 2.32267, 't3': 95.15226, 'N_anc': 498.72509, 'N_yri': 373.4115, 'N_ooa': 844.04949, 'N_ceu': 343.03244, 'N_chb': 282.27433, 'gr_ceu': 0.00046, 'gr_chb': 0.00046, 'm_yri_ooa': 0.0, 'm_yri_ceu': 1e-05, 'm_yri_chb': 0.0, 'm_ceu_chb': 0.0} -67550.16406229457
x_down: {'t1': 1.73148, 't2': 2.32267, 't3': 95.15226, 'N_anc': 498.72509, 'N_yri': 373.4115, 'N_ooa': 844.04949, 'N_ceu': 343.03244, 'N_chb': 265.18611, 'gr_ceu': 0.00046, 'gr_chb': 0.00046, 'm_yri_ooa': 0.0, 'm_yri_ceu': 1e-05, 'm_yri_chb': 0.0, 'm_ceu_chb': 0.0} -67553.35551870172
 
 
x_up: {'t1': 1.73148, 't2': 2.32267, 't3': 95.15226, 'N_anc': 498.72509, 'N_yri': 373.4115, 'N_ooa': 844.04949, 'N_ceu': 343.03244, 'N_chb': 282.27433, 'gr_ceu': 0.00069, 'gr_chb': 0.00046, 'm_yri_ooa': 0.0, 'm_yri_ceu': 1e-05, 'm_yri_chb': 0.0, 'm_ceu_chb': 0.0} -67550.17469722085
x: {'t1': 1.73148, 't2': 2.32267, 't3': 95.15226, 'N_anc': 498.72509, 'N_yri': 373.4115, 'N_ooa': 844.04949, 'N_ceu': 343.03244, 'N_chb': 282.27433, 'gr_ceu': 0.00046, 'gr_chb': 0.00046, 'm_yri_ooa': 0.0, 'm_yri_ceu': 1e-05, 'm_yri_chb': 0.0, 'm_ceu_chb': 0.0} -67550.16406229457
x_down: {'t1': 1.73148, 't2': 2.32267, 't3': 95.15226, 'N_anc': 498.72509, 'N_yri': 373.4115, 'N_ooa': 844.04949, 'N_ceu': 343.03244, 'N_chb': 282.27433, 'gr_ceu': 0.00023, 'gr_chb': 0.00046, 'm_yri_ooa': 0.0, 'm_yri_ceu': 1e-05, 'm_yri_chb': 0.0, 'm_ceu_chb': 0.0} -67550.15347836181
 
 
x_up: {'t1': 1.73148, 't2': 2.32267, 't3': 95.15226, 'N_anc': 498.72509, 'N_yri': 373.4115, 'N_ooa': 844.04949, 'N_ceu': 343.03244, 'N_chb': 282.27433, 'gr_ceu': 0.00023, 'gr_chb': 0.00069, 'm_yri_ooa': 0.0, 'm_yri_ceu': 1e-05, 'm_yri_chb': 0.0, 'm_ceu_chb': 0.0} -67550.16157784151
x: {'t1': 1.73148, 't2': 2.32267, 't3': 95.15226, 'N_anc': 498.72509, 'N_yri': 373.4115, 'N_ooa': 844.04949, 'N_ceu': 343.03244, 'N_chb': 282.27433, 'gr_ceu': 0.00023, 'gr_chb': 0.00046, 'm_yri_ooa': 0.0, 'm_yri_ceu': 1e-05, 'm_yri_chb': 0.0, 'm_ceu_chb': 0.0} -67550.15347836181
x_down: {'t1': 1.73148, 't2': 2.32267, 't3': 95.15226, 'N_anc': 498.72509, 'N_yri': 373.4115, 'N_ooa': 844.04949, 'N_ceu': 343.03244, 'N_chb': 282.27433, 'gr_ceu': 0.00023, 'gr_chb': 0.00023, 'm_yri_ooa': 0.0, 'm_yri_ceu': 1e-05, 'm_yri_chb': 0.0, 'm_ceu_chb': 0.0} -67550.14543517175
 
 
x_up: {'t1': 1.73148, 't2': 2.32267, 't3': 95.15226, 'N_anc': 498.72509, 'N_yri': 373.4115, 'N_ooa': 844.04949, 'N_ceu': 343.03244, 'N_chb': 282.27433, 'gr_ceu': 0.00023, 'gr_chb': 0.00023, 'm_yri_ooa': 0.0, 'm_yri_ceu': 1e-05, 'm_yri_chb': 0.0, 'm_ceu_chb': 0.0} -67550.14543517175
x: {'t1': 1.73148, 't2': 2.32267, 't3': 95.15226, 'N_anc': 498.72509, 'N_yri': 373.4115, 'N_ooa': 844.04949, 'N_ceu': 343.03244, 'N_chb': 282.27433, 'gr_ceu': 0.00023, 'gr_chb': 0.00023, 'm_yri_ooa': 0.0, 'm_yri_ceu': 1e-05, 'm_yri_chb': 0.0, 'm_ceu_chb': 0.0} -67550.14543517175
x_down: {'t1': 1.73148, 't2': 2.32267, 't3': 95.15226, 'N_anc': 498.72509, 'N_yri': 373.4115, 'N_ooa': 844.04949, 'N_ceu': 343.03244, 'N_chb': 282.27433, 'gr_ceu': 0.00023, 'gr_chb': 0.00023, 'm_yri_ooa': 1e-05, 'm_yri_ceu': 1e-05, 'm_yri_chb': 0.0, 'm_ceu_chb': 0.0} -67550.14785038475
 
 
x_up: {'t1': 1.73148, 't2': 2.32267, 't3': 95.15226, 'N_anc': 498.72509, 'N_yri': 373.4115, 'N_ooa': 844.04949, 'N_ceu': 343.03244, 'N_chb': 282.27433, 'gr_ceu': 0.00023, 'gr_chb': 0.00023, 'm_yri_ooa': 0.0, 'm_yri_ceu': 0.0, 'm_yri_chb': 0.0, 'm_ceu_chb': 0.0} -67550.14543517288
x: {'t1': 1.73148, 't2': 2.32267, 't3': 95.15226, 'N_anc': 498.72509, 'N_yri': 373.4115, 'N_ooa': 844.04949, 'N_ceu': 343.03244, 'N_chb': 282.27433, 'gr_ceu': 0.00023, 'gr_chb': 0.00023, 'm_yri_ooa': 0.0, 'm_yri_ceu': 1e-05, 'm_yri_chb': 0.0, 'm_ceu_chb': 0.0} -67550.14543517175
x_down: {'t1': 1.73148, 't2': 2.32267, 't3': 95.15226, 'N_anc': 498.72509, 'N_yri': 373.4115, 'N_ooa': 844.04949, 'N_ceu': 343.03244, 'N_chb': 282.27433, 'gr_ceu': 0.00023, 'gr_chb': 0.00023, 'm_yri_ooa': 0.0, 'm_yri_ceu': 1e-05, 'm_yri_chb': 0.0, 'm_ceu_chb': 0.0} -67550.14543517175
 
 
x_up: {'t1': 1.73148, 't2': 2.32267, 't3': 95.15226, 'N_anc': 498.72509, 'N_yri': 373.4115, 'N_ooa': 844.04949, 'N_ceu': 343.03244, 'N_chb': 282.27433, 'gr_ceu': 0.00023, 'gr_chb': 0.00023, 'm_yri_ooa': 0.0, 'm_yri_ceu': 1e-05, 'm_yri_chb': 0.0, 'm_ceu_chb': 0.0} -67550.14543517175
x: {'t1': 1.73148, 't2': 2.32267, 't3': 95.15226, 'N_anc': 498.72509, 'N_yri': 373.4115, 'N_ooa': 844.04949, 'N_ceu': 343.03244, 'N_chb': 282.27433, 'gr_ceu': 0.00023, 'gr_chb': 0.00023, 'm_yri_ooa': 0.0, 'm_yri_ceu': 1e-05, 'm_yri_chb': 0.0, 'm_ceu_chb': 0.0} -67550.14543517175
x_down: {'t1': 1.73148, 't2': 2.32267, 't3': 95.15226, 'N_anc': 498.72509, 'N_yri': 373.4115, 'N_ooa': 844.04949, 'N_ceu': 343.03244, 'N_chb': 282.27433, 'gr_ceu': 0.00023, 'gr_chb': 0.00023, 'm_yri_ooa': 0.0, 'm_yri_ceu': 1e-05, 'm_yri_chb': 1e-05, 'm_ceu_chb': 0.0} -67550.14543517126
 
 
x_up: {'t1': 1.73148, 't2': 2.32267, 't3': 95.15226, 'N_anc': 498.72509, 'N_yri': 373.4115, 'N_ooa': 844.04949, 'N_ceu': 343.03244, 'N_chb': 282.27433, 'gr_ceu': 0.00023, 'gr_chb': 0.00023, 'm_yri_ooa': 0.0, 'm_yri_ceu': 1e-05, 'm_yri_chb': 1e-05, 'm_ceu_chb': 0.0} -67550.14543517126
x: {'t1': 1.73148, 't2': 2.32267, 't3': 95.15226, 'N_anc': 498.72509, 'N_yri': 373.4115, 'N_ooa': 844.04949, 'N_ceu': 343.03244, 'N_chb': 282.27433, 'gr_ceu': 0.00023, 'gr_chb': 0.00023, 'm_yri_ooa': 0.0, 'm_yri_ceu': 1e-05, 'm_yri_chb': 1e-05, 'm_ceu_chb': 0.0} -67550.14543517126
x_down: {'t1': 1.73148, 't2': 2.32267, 't3': 95.15226, 'N_anc': 498.72509, 'N_yri': 373.4115, 'N_ooa': 844.04949, 'N_ceu': 343.03244, 'N_chb': 282.27433, 'gr_ceu': 0.00023, 'gr_chb': 0.00023, 'm_yri_ooa': 0.0, 'm_yri_ceu': 1e-05, 'm_yri_chb': 1e-05, 'm_ceu_chb': 1e-05} -67550.14543517145
 
{'t1': 1.73148, 't2': 2.32267, 't3': 95.15226, 'N_anc': 498.72509, 'N_yri': 373.4115, 'N_ooa': 844.04949, 'N_ceu': 343.03244, 'N_chb': 282.27433, 'gr_ceu': 0.00023, 'gr_chb': 0.00023, 'm_yri_ooa': 0.0, 'm_yri_ceu': 1e-05, 'm_yri_chb': 1e-05, 'm_ceu_chb': 0.0} -67550.14543517126
 
x_up: {'t1': 1.76843, 't2': 2.32267, 't3': 95.15226, 'N_anc': 498.72509, 'N_yri': 373.4115, 'N_ooa': 844.04949, 'N_ceu': 343.03244, 'N_chb': 282.27433, 'gr_ceu': 0.00023, 'gr_chb': 0.00023, 'm_yri_ooa': 0.0, 'm_yri_ceu': 1e-05, 'm_yri_chb': 1e-05, 'm_ceu_chb': 0.0} -67551.11742322297
x: {'t1': 1.73148, 't2': 2.32267, 't3': 95.15226, 'N_anc': 498.72509, 'N_yri': 373.4115, 'N_ooa': 844.04949, 'N_ceu': 343.03244, 'N_chb': 282.27433, 'gr_ceu': 0.00023, 'gr_chb': 0.00023, 'm_yri_ooa': 0.0, 'm_yri_ceu': 1e-05, 'm_yri_chb': 1e-05, 'm_ceu_chb': 0.0} -67550.14543517126
x_down: {'t1': 1.69453, 't2': 2.32267, 't3': 95.15226, 'N_anc': 498.72509, 'N_yri': 373.4115, 'N_ooa': 844.04949, 'N_ceu': 343.03244, 'N_chb': 282.27433, 'gr_ceu': 0.00023, 'gr_chb': 0.00023, 'm_yri_ooa': 0.0, 'm_yri_ceu': 1e-05, 'm_yri_chb': 1e-05, 'm_ceu_chb': 0.0} -67549.67291384246
 
 
x_up: {'t1': 1.69453, 't2': 2.38156, 't3': 95.15226, 'N_anc': 498.72509, 'N_yri': 373.4115, 'N_ooa': 844.04949, 'N_ceu': 343.03244, 'N_chb': 282.27433, 'gr_ceu': 0.00023, 'gr_chb': 0.00023, 'm_yri_ooa': 0.0, 'm_yri_ceu': 1e-05, 'm_yri_chb': 1e-05, 'm_ceu_chb': 0.0} -67547.78484692489
x: {'t1': 1.69453, 't2': 2.32267, 't3': 95.15226, 'N_anc': 498.72509, 'N_yri': 373.4115, 'N_ooa': 844.04949, 'N_ceu': 343.03244, 'N_chb': 282.27433, 'gr_ceu': 0.00023, 'gr_chb': 0.00023, 'm_yri_ooa': 0.0, 'm_yri_ceu': 1e-05, 'm_yri_chb': 1e-05, 'm_ceu_chb': 0.0} -67549.67291384246
x_down: {'t1': 1.69453, 't2': 2.26378, 't3': 95.15226, 'N_anc': 498.72509, 'N_yri': 373.4115, 'N_ooa': 844.04949, 'N_ceu': 343.03244, 'N_chb': 282.27433, 'gr_ceu': 0.00023, 'gr_chb': 0.00023, 'm_yri_ooa': 0.0, 'm_yri_ceu': 1e-05, 'm_yri_chb': 1e-05, 'm_ceu_chb': 0.0} -67559.688202955
 
 
x_up: {'t1': 1.69453, 't2': 2.38156, 't3': 99.7908, 'N_anc': 498.72509, 'N_yri': 373.4115, 'N_ooa': 844.04949, 'N_ceu': 343.03244, 'N_chb': 282.27433, 'gr_ceu': 0.00023, 'gr_chb': 0.00023, 'm_yri_ooa': 0.0, 'm_yri_ceu': 1e-05, 'm_yri_chb': 1e-05, 'm_ceu_chb': 0.0} -67549.63612357336
x: {'t1': 1.69453, 't2': 2.38156, 't3': 95.15226, 'N_anc': 498.72509, 'N_yri': 373.4115, 'N_ooa': 844.04949, 'N_ceu': 343.03244, 'N_chb': 282.27433, 'gr_ceu': 0.00023, 'gr_chb': 0.00023, 'm_yri_ooa': 0.0, 'm_yri_ceu': 1e-05, 'm_yri_chb': 1e-05, 'm_ceu_chb': 0.0} -67547.78484692489
x_down: {'t1': 1.69453, 't2': 2.38156, 't3': 90.51372, 'N_anc': 498.72509, 'N_yri': 373.4115, 'N_ooa': 844.04949, 'N_ceu': 343.03244, 'N_chb': 282.27433, 'gr_ceu': 0.00023, 'gr_chb': 0.00023, 'm_yri_ooa': 0.0, 'm_yri_ceu': 1e-05, 'm_yri_chb': 1e-05, 'm_ceu_chb': 0.0} -67552.46700866151
 
 
x_up: {'t1': 1.69453, 't2': 2.38156, 't3': 95.15226, 'N_anc': 526.76045, 'N_yri': 373.4115, 'N_ooa': 844.04949, 'N_ceu': 343.03244, 'N_chb': 282.27433, 'gr_ceu': 0.00023, 'gr_chb': 0.00023, 'm_yri_ooa': 0.0, 'm_yri_ceu': 1e-05, 'm_yri_chb': 1e-05, 'm_ceu_chb': 0.0} -67548.30719368183
x: {'t1': 1.69453, 't2': 2.38156, 't3': 95.15226, 'N_anc': 498.72509, 'N_yri': 373.4115, 'N_ooa': 844.04949, 'N_ceu': 343.03244, 'N_chb': 282.27433, 'gr_ceu': 0.00023, 'gr_chb': 0.00023, 'm_yri_ooa': 0.0, 'm_yri_ceu': 1e-05, 'm_yri_chb': 1e-05, 'm_ceu_chb': 0.0} -67547.78484692489
x_down: {'t1': 1.69453, 't2': 2.38156, 't3': 95.15226, 'N_anc': 470.68973, 'N_yri': 373.4115, 'N_ooa': 844.04949, 'N_ceu': 343.03244, 'N_chb': 282.27433, 'gr_ceu': 0.00023, 'gr_chb': 0.00023, 'm_yri_ooa': 0.0, 'm_yri_ceu': 1e-05, 'm_yri_chb': 1e-05, 'm_ceu_chb': 0.0} -67547.82672652783
 
 
x_up: {'t1': 1.69453, 't2': 2.38156, 't3': 95.15226, 'N_anc': 498.72509, 'N_yri': 387.08207, 'N_ooa': 844.04949, 'N_ceu': 343.03244, 'N_chb': 282.27433, 'gr_ceu': 0.00023, 'gr_chb': 0.00023, 'm_yri_ooa': 0.0, 'm_yri_ceu': 1e-05, 'm_yri_chb': 1e-05, 'm_ceu_chb': 0.0} -67547.1201482363
x: {'t1': 1.69453, 't2': 2.38156, 't3': 95.15226, 'N_anc': 498.72509, 'N_yri': 373.4115, 'N_ooa': 844.04949, 'N_ceu': 343.03244, 'N_chb': 282.27433, 'gr_ceu': 0.00023, 'gr_chb': 0.00023, 'm_yri_ooa': 0.0, 'm_yri_ceu': 1e-05, 'm_yri_chb': 1e-05, 'm_ceu_chb': 0.0} -67547.78484692489
x_down: {'t1': 1.69453, 't2': 2.38156, 't3': 95.15226, 'N_anc': 498.72509, 'N_yri': 359.74093, 'N_ooa': 844.04949, 'N_ceu': 343.03244, 'N_chb': 282.27433, 'gr_ceu': 0.00023, 'gr_chb': 0.00023, 'm_yri_ooa': 0.0, 'm_yri_ceu': 1e-05, 'm_yri_chb': 1e-05, 'm_ceu_chb': 0.0} -67546.74903478741
 
 
x_up: {'t1': 1.69453, 't2': 2.38156, 't3': 95.15226, 'N_anc': 498.72509, 'N_yri': 359.74093, 'N_ooa': 922.52346, 'N_ceu': 343.03244, 'N_chb': 282.27433, 'gr_ceu': 0.00023, 'gr_chb': 0.00023, 'm_yri_ooa': 0.0, 'm_yri_ceu': 1e-05, 'm_yri_chb': 1e-05, 'm_ceu_chb': 0.0} -67542.72737073453
x: {'t1': 1.69453, 't2': 2.38156, 't3': 95.15226, 'N_anc': 498.72509, 'N_yri': 359.74093, 'N_ooa': 844.04949, 'N_ceu': 343.03244, 'N_chb': 282.27433, 'gr_ceu': 0.00023, 'gr_chb': 0.00023, 'm_yri_ooa': 0.0, 'm_yri_ceu': 1e-05, 'm_yri_chb': 1e-05, 'm_ceu_chb': 0.0} -67546.74903478741
x_down: {'t1': 1.69453, 't2': 2.38156, 't3': 95.15226, 'N_anc': 498.72509, 'N_yri': 359.74093, 'N_ooa': 765.57552, 'N_ceu': 343.03244, 'N_chb': 282.27433, 'gr_ceu': 0.00023, 'gr_chb': 0.00023, 'm_yri_ooa': 0.0, 'm_yri_ceu': 1e-05, 'm_yri_chb': 1e-05, 'm_ceu_chb': 0.0} -67603.25542547632
 
 
x_up: {'t1': 1.69453, 't2': 2.38156, 't3': 95.15226, 'N_anc': 498.72509, 'N_yri': 359.74093, 'N_ooa': 922.52346, 'N_ceu': 355.18406, 'N_chb': 282.27433, 'gr_ceu': 0.00023, 'gr_chb': 0.00023, 'm_yri_ooa': 0.0, 'm_yri_ceu': 1e-05, 'm_yri_chb': 1e-05, 'm_ceu_chb': 0.0} -67543.10246505133
x: {'t1': 1.69453, 't2': 2.38156, 't3': 95.15226, 'N_anc': 498.72509, 'N_yri': 359.74093, 'N_ooa': 922.52346, 'N_ceu': 343.03244, 'N_chb': 282.27433, 'gr_ceu': 0.00023, 'gr_chb': 0.00023, 'm_yri_ooa': 0.0, 'm_yri_ceu': 1e-05, 'm_yri_chb': 1e-05, 'm_ceu_chb': 0.0} -67542.72737073453
x_down: {'t1': 1.69453, 't2': 2.38156, 't3': 95.15226, 'N_anc': 498.72509, 'N_yri': 359.74093, 'N_ooa': 922.52346, 'N_ceu': 330.88082, 'N_chb': 282.27433, 'gr_ceu': 0.00023, 'gr_chb': 0.00023, 'm_yri_ooa': 0.0, 'm_yri_ceu': 1e-05, 'm_yri_chb': 1e-05, 'm_ceu_chb': 0.0} -67543.33261013204
 
 
x_up: {'t1': 1.69453, 't2': 2.38156, 't3': 95.15226, 'N_anc': 498.72509, 'N_yri': 359.74093, 'N_ooa': 922.52346, 'N_ceu': 343.03244, 'N_chb': 291.38805, 'gr_ceu': 0.00023, 'gr_chb': 0.00023, 'm_yri_ooa': 0.0, 'm_yri_ceu': 1e-05, 'm_yri_chb': 1e-05, 'm_ceu_chb': 0.0} -67541.44208903062
x: {'t1': 1.69453, 't2': 2.38156, 't3': 95.15226, 'N_anc': 498.72509, 'N_yri': 359.74093, 'N_ooa': 922.52346, 'N_ceu': 343.03244, 'N_chb': 282.27433, 'gr_ceu': 0.00023, 'gr_chb': 0.00023, 'm_yri_ooa': 0.0, 'm_yri_ceu': 1e-05, 'm_yri_chb': 1e-05, 'm_ceu_chb': 0.0} -67542.72737073453
x_down: {'t1': 1.69453, 't2': 2.38156, 't3': 95.15226, 'N_anc': 498.72509, 'N_yri': 359.74093, 'N_ooa': 922.52346, 'N_ceu': 343.03244, 'N_chb': 273.16061, 'gr_ceu': 0.00023, 'gr_chb': 0.00023, 'm_yri_ooa': 0.0, 'm_yri_ceu': 1e-05, 'm_yri_chb': 1e-05, 'm_ceu_chb': 0.0} -67544.86013060852
 
 
x_up: {'t1': 1.69453, 't2': 2.38156, 't3': 95.15226, 'N_anc': 498.72509, 'N_yri': 359.74093, 'N_ooa': 922.52346, 'N_ceu': 343.03244, 'N_chb': 291.38805, 'gr_ceu': 0.00035, 'gr_chb': 0.00023, 'm_yri_ooa': 0.0, 'm_yri_ceu': 1e-05, 'm_yri_chb': 1e-05, 'm_ceu_chb': 0.0} -67541.44591371602
x: {'t1': 1.69453, 't2': 2.38156, 't3': 95.15226, 'N_anc': 498.72509, 'N_yri': 359.74093, 'N_ooa': 922.52346, 'N_ceu': 343.03244, 'N_chb': 291.38805, 'gr_ceu': 0.00023, 'gr_chb': 0.00023, 'm_yri_ooa': 0.0, 'm_yri_ceu': 1e-05, 'm_yri_chb': 1e-05, 'm_ceu_chb': 0.0} -67541.44208903062
x_down: {'t1': 1.69453, 't2': 2.38156, 't3': 95.15226, 'N_anc': 498.72509, 'N_yri': 359.74093, 'N_ooa': 922.52346, 'N_ceu': 343.03244, 'N_chb': 291.38805, 'gr_ceu': 0.00012, 'gr_chb': 0.00023, 'm_yri_ooa': 0.0, 'm_yri_ceu': 1e-05, 'm_yri_chb': 1e-05, 'm_ceu_chb': 0.0} -67541.43859409021
 
 
x_up: {'t1': 1.69453, 't2': 2.38156, 't3': 95.15226, 'N_anc': 498.72509, 'N_yri': 359.74093, 'N_ooa': 922.52346, 'N_ceu': 343.03244, 'N_chb': 291.38805, 'gr_ceu': 0.00012, 'gr_chb': 0.00035, 'm_yri_ooa': 0.0, 'm_yri_ceu': 1e-05, 'm_yri_chb': 1e-05, 'm_ceu_chb': 0.0} -67541.44123572775
x: {'t1': 1.69453, 't2': 2.38156, 't3': 95.15226, 'N_anc': 498.72509, 'N_yri': 359.74093, 'N_ooa': 922.52346, 'N_ceu': 343.03244, 'N_chb': 291.38805, 'gr_ceu': 0.00012, 'gr_chb': 0.00023, 'm_yri_ooa': 0.0, 'm_yri_ceu': 1e-05, 'm_yri_chb': 1e-05, 'm_ceu_chb': 0.0} -67541.43859409021
x_down: {'t1': 1.69453, 't2': 2.38156, 't3': 95.15226, 'N_anc': 498.72509, 'N_yri': 359.74093, 'N_ooa': 922.52346, 'N_ceu': 343.03244, 'N_chb': 291.38805, 'gr_ceu': 0.00012, 'gr_chb': 0.00012, 'm_yri_ooa': 0.0, 'm_yri_ceu': 1e-05, 'm_yri_chb': 1e-05, 'm_ceu_chb': 0.0} -67541.43618443003
 
 
x_up: {'t1': 1.69453, 't2': 2.38156, 't3': 95.15226, 'N_anc': 498.72509, 'N_yri': 359.74093, 'N_ooa': 922.52346, 'N_ceu': 343.03244, 'N_chb': 291.38805, 'gr_ceu': 0.00012, 'gr_chb': 0.00012, 'm_yri_ooa': 0.0, 'm_yri_ceu': 1e-05, 'm_yri_chb': 1e-05, 'm_ceu_chb': 0.0} -67541.43618443003
x: {'t1': 1.69453, 't2': 2.38156, 't3': 95.15226, 'N_anc': 498.72509, 'N_yri': 359.74093, 'N_ooa': 922.52346, 'N_ceu': 343.03244, 'N_chb': 291.38805, 'gr_ceu': 0.00012, 'gr_chb': 0.00012, 'm_yri_ooa': 0.0, 'm_yri_ceu': 1e-05, 'm_yri_chb': 1e-05, 'm_ceu_chb': 0.0} -67541.43618443003
x_down: {'t1': 1.69453, 't2': 2.38156, 't3': 95.15226, 'N_anc': 498.72509, 'N_yri': 359.74093, 'N_ooa': 922.52346, 'N_ceu': 343.03244, 'N_chb': 291.38805, 'gr_ceu': 0.00012, 'gr_chb': 0.00012, 'm_yri_ooa': 1e-05, 'm_yri_ceu': 1e-05, 'm_yri_chb': 1e-05, 'm_ceu_chb': 0.0} -67540.66194942512
 
 
x_up: {'t1': 1.69453, 't2': 2.38156, 't3': 95.15226, 'N_anc': 498.72509, 'N_yri': 359.74093, 'N_ooa': 922.52346, 'N_ceu': 343.03244, 'N_chb': 291.38805, 'gr_ceu': 0.00012, 'gr_chb': 0.00012, 'm_yri_ooa': 1e-05, 'm_yri_ceu': 0.0, 'm_yri_chb': 1e-05, 'm_ceu_chb': 0.0} -67540.66194942607
x: {'t1': 1.69453, 't2': 2.38156, 't3': 95.15226, 'N_anc': 498.72509, 'N_yri': 359.74093, 'N_ooa': 922.52346, 'N_ceu': 343.03244, 'N_chb': 291.38805, 'gr_ceu': 0.00012, 'gr_chb': 0.00012, 'm_yri_ooa': 1e-05, 'm_yri_ceu': 1e-05, 'm_yri_chb': 1e-05, 'm_ceu_chb': 0.0} -67540.66194942512
x_down: {'t1': 1.69453, 't2': 2.38156, 't3': 95.15226, 'N_anc': 498.72509, 'N_yri': 359.74093, 'N_ooa': 922.52346, 'N_ceu': 343.03244, 'N_chb': 291.38805, 'gr_ceu': 0.00012, 'gr_chb': 0.00012, 'm_yri_ooa': 1e-05, 'm_yri_ceu': 1e-05, 'm_yri_chb': 1e-05, 'm_ceu_chb': 0.0} -67540.66194942512
 
 
x_up: {'t1': 1.69453, 't2': 2.38156, 't3': 95.15226, 'N_anc': 498.72509, 'N_yri': 359.74093, 'N_ooa': 922.52346, 'N_ceu': 343.03244, 'N_chb': 291.38805, 'gr_ceu': 0.00012, 'gr_chb': 0.00012, 'm_yri_ooa': 1e-05, 'm_yri_ceu': 1e-05, 'm_yri_chb': 0.0, 'm_ceu_chb': 0.0} -67540.66194942615
x: {'t1': 1.69453, 't2': 2.38156, 't3': 95.15226, 'N_anc': 498.72509, 'N_yri': 359.74093, 'N_ooa': 922.52346, 'N_ceu': 343.03244, 'N_chb': 291.38805, 'gr_ceu': 0.00012, 'gr_chb': 0.00012, 'm_yri_ooa': 1e-05, 'm_yri_ceu': 1e-05, 'm_yri_chb': 1e-05, 'm_ceu_chb': 0.0} -67540.66194942512
x_down: {'t1': 1.69453, 't2': 2.38156, 't3': 95.15226, 'N_anc': 498.72509, 'N_yri': 359.74093, 'N_ooa': 922.52346, 'N_ceu': 343.03244, 'N_chb': 291.38805, 'gr_ceu': 0.00012, 'gr_chb': 0.00012, 'm_yri_ooa': 1e-05, 'm_yri_ceu': 1e-05, 'm_yri_chb': 1e-05, 'm_ceu_chb': 0.0} -67540.66194942512
 
 
x_up: {'t1': 1.69453, 't2': 2.38156, 't3': 95.15226, 'N_anc': 498.72509, 'N_yri': 359.74093, 'N_ooa': 922.52346, 'N_ceu': 343.03244, 'N_chb': 291.38805, 'gr_ceu': 0.00012, 'gr_chb': 0.00012, 'm_yri_ooa': 1e-05, 'm_yri_ceu': 1e-05, 'm_yri_chb': 1e-05, 'm_ceu_chb': 0.0} -67540.66194942512
x: {'t1': 1.69453, 't2': 2.38156, 't3': 95.15226, 'N_anc': 498.72509, 'N_yri': 359.74093, 'N_ooa': 922.52346, 'N_ceu': 343.03244, 'N_chb': 291.38805, 'gr_ceu': 0.00012, 'gr_chb': 0.00012, 'm_yri_ooa': 1e-05, 'm_yri_ceu': 1e-05, 'm_yri_chb': 1e-05, 'm_ceu_chb': 0.0} -67540.66194942512
x_down: {'t1': 1.69453, 't2': 2.38156, 't3': 95.15226, 'N_anc': 498.72509, 'N_yri': 359.74093, 'N_ooa': 922.52346, 'N_ceu': 343.03244, 'N_chb': 291.38805, 'gr_ceu': 0.00012, 'gr_chb': 0.00012, 'm_yri_ooa': 1e-05, 'm_yri_ceu': 1e-05, 'm_yri_chb': 1e-05, 'm_ceu_chb': 1e-05} -67540.66194942531
 
{'t1': 1.69453, 't2': 2.38156, 't3': 95.15226, 'N_anc': 498.72509, 'N_yri': 359.74093, 'N_ooa': 922.52346, 'N_ceu': 343.03244, 'N_chb': 291.38805, 'gr_ceu': 0.00012, 'gr_chb': 0.00012, 'm_yri_ooa': 1e-05, 'm_yri_ceu': 1e-05, 'm_yri_chb': 1e-05, 'm_ceu_chb': 0.0} -67540.66194942512
 
x_up: {'t1': 1.75894, 't2': 2.38156, 't3': 95.15226, 'N_anc': 498.72509, 'N_yri': 359.74093, 'N_ooa': 922.52346, 'N_ceu': 343.03244, 'N_chb': 291.38805, 'gr_ceu': 0.00012, 'gr_chb': 0.00012, 'm_yri_ooa': 1e-05, 'm_yri_ceu': 1e-05, 'm_yri_chb': 1e-05, 'm_ceu_chb': 0.0} -67538.43202599382
x: {'t1': 1.69453, 't2': 2.38156, 't3': 95.15226, 'N_anc': 498.72509, 'N_yri': 359.74093, 'N_ooa': 922.52346, 'N_ceu': 343.03244, 'N_chb': 291.38805, 'gr_ceu': 0.00012, 'gr_chb': 0.00012, 'm_yri_ooa': 1e-05, 'm_yri_ceu': 1e-05, 'm_yri_chb': 1e-05, 'm_ceu_chb': 0.0} -67540.66194942512
x_down: {'t1': 1.63012, 't2': 2.38156, 't3': 95.15226, 'N_anc': 498.72509, 'N_yri': 359.74093, 'N_ooa': 922.52346, 'N_ceu': 343.03244, 'N_chb': 291.38805, 'gr_ceu': 0.00012, 'gr_chb': 0.00012, 'm_yri_ooa': 1e-05, 'm_yri_ceu': 1e-05, 'm_yri_chb': 1e-05, 'm_ceu_chb': 0.0} -67558.89070019746
 
 
x_up: {'t1': 1.75894, 't2': 2.46912, 't3': 95.15226, 'N_anc': 498.72509, 'N_yri': 359.74093, 'N_ooa': 922.52346, 'N_ceu': 343.03244, 'N_chb': 291.38805, 'gr_ceu': 0.00012, 'gr_chb': 0.00012, 'm_yri_ooa': 1e-05, 'm_yri_ceu': 1e-05, 'm_yri_chb': 1e-05, 'm_ceu_chb': 0.0} -67568.53728188781
x: {'t1': 1.75894, 't2': 2.38156, 't3': 95.15226, 'N_anc': 498.72509, 'N_yri': 359.74093, 'N_ooa': 922.52346, 'N_ceu': 343.03244, 'N_chb': 291.38805, 'gr_ceu': 0.00012, 'gr_chb': 0.00012, 'm_yri_ooa': 1e-05, 'm_yri_ceu': 1e-05, 'm_yri_chb': 1e-05, 'm_ceu_chb': 0.0} -67538.43202599382
x_down: {'t1': 1.75894, 't2': 2.294, 't3': 95.15226, 'N_anc': 498.72509, 'N_yri': 359.74093, 'N_ooa': 922.52346, 'N_ceu': 343.03244, 'N_chb': 291.38805, 'gr_ceu': 0.00012, 'gr_chb': 0.00012, 'm_yri_ooa': 1e-05, 'm_yri_ceu': 1e-05, 'm_yri_chb': 1e-05, 'm_ceu_chb': 0.0} -67551.59804219287
 
 
x_up: {'t1': 1.75894, 't2': 2.38156, 't3': 99.7908, 'N_anc': 498.72509, 'N_yri': 359.74093, 'N_ooa': 922.52346, 'N_ceu': 343.03244, 'N_chb': 291.38805, 'gr_ceu': 0.00012, 'gr_chb': 0.00012, 'm_yri_ooa': 1e-05, 'm_yri_ceu': 1e-05, 'm_yri_chb': 1e-05, 'm_ceu_chb': 0.0} -67540.89893335517
x: {'t1': 1.75894, 't2': 2.38156, 't3': 95.15226, 'N_anc': 498.72509, 'N_yri': 359.74093, 'N_ooa': 922.52346, 'N_ceu': 343.03244, 'N_chb': 291.38805, 'gr_ceu': 0.00012, 'gr_chb': 0.00012, 'm_yri_ooa': 1e-05, 'm_yri_ceu': 1e-05, 'm_yri_chb': 1e-05, 'm_ceu_chb': 0.0} -67538.43202599382
x_down: {'t1': 1.75894, 't2': 2.38156, 't3': 90.51372, 'N_anc': 498.72509, 'N_yri': 359.74093, 'N_ooa': 922.52346, 'N_ceu': 343.03244, 'N_chb': 291.38805, 'gr_ceu': 0.00012, 'gr_chb': 0.00012, 'm_yri_ooa': 1e-05, 'm_yri_ceu': 1e-05, 'm_yri_chb': 1e-05, 'm_ceu_chb': 0.0} -67543.56808877985
 
 
x_up: {'t1': 1.75894, 't2': 2.38156, 't3': 95.15226, 'N_anc': 518.66134, 'N_yri': 359.74093, 'N_ooa': 922.52346, 'N_ceu': 343.03244, 'N_chb': 291.38805, 'gr_ceu': 0.00012, 'gr_chb': 0.00012, 'm_yri_ooa': 1e-05, 'm_yri_ceu': 1e-05, 'm_yri_chb': 1e-05, 'm_ceu_chb': 0.0} -67538.75271420243
x: {'t1': 1.75894, 't2': 2.38156, 't3': 95.15226, 'N_anc': 498.72509, 'N_yri': 359.74093, 'N_ooa': 922.52346, 'N_ceu': 343.03244, 'N_chb': 291.38805, 'gr_ceu': 0.00012, 'gr_chb': 0.00012, 'm_yri_ooa': 1e-05, 'm_yri_ceu': 1e-05, 'm_yri_chb': 1e-05, 'm_ceu_chb': 0.0} -67538.43202599382
x_down: {'t1': 1.75894, 't2': 2.38156, 't3': 95.15226, 'N_anc': 478.78884, 'N_yri': 359.74093, 'N_ooa': 922.52346, 'N_ceu': 343.03244, 'N_chb': 291.38805, 'gr_ceu': 0.00012, 'gr_chb': 0.00012, 'm_yri_ooa': 1e-05, 'm_yri_ceu': 1e-05, 'm_yri_chb': 1e-05, 'm_ceu_chb': 0.0} -67538.39597451317
 
 
x_up: {'t1': 1.75894, 't2': 2.38156, 't3': 95.15226, 'N_anc': 478.78884, 'N_yri': 379.2215, 'N_ooa': 922.52346, 'N_ceu': 343.03244, 'N_chb': 291.38805, 'gr_ceu': 0.00012, 'gr_chb': 0.00012, 'm_yri_ooa': 1e-05, 'm_yri_ceu': 1e-05, 'm_yri_chb': 1e-05, 'm_ceu_chb': 0.0} -67537.80990755884
x: {'t1': 1.75894, 't2': 2.38156, 't3': 95.15226, 'N_anc': 478.78884, 'N_yri': 359.74093, 'N_ooa': 922.52346, 'N_ceu': 343.03244, 'N_chb': 291.38805, 'gr_ceu': 0.00012, 'gr_chb': 0.00012, 'm_yri_ooa': 1e-05, 'm_yri_ceu': 1e-05, 'm_yri_chb': 1e-05, 'm_ceu_chb': 0.0} -67538.39597451317
x_down: {'t1': 1.75894, 't2': 2.38156, 't3': 95.15226, 'N_anc': 478.78884, 'N_yri': 340.26036, 'N_ooa': 922.52346, 'N_ceu': 343.03244, 'N_chb': 291.38805, 'gr_ceu': 0.00012, 'gr_chb': 0.00012, 'm_yri_ooa': 1e-05, 'm_yri_ceu': 1e-05, 'm_yri_chb': 1e-05, 'm_ceu_chb': 0.0} -67546.88787513094
 
 
x_up: {'t1': 1.75894, 't2': 2.38156, 't3': 95.15226, 'N_anc': 478.78884, 'N_yri': 379.2215, 'N_ooa': 1052.64924, 'N_ceu': 343.03244, 'N_chb': 291.38805, 'gr_ceu': 0.00012, 'gr_chb': 0.00012, 'm_yri_ooa': 1e-05, 'm_yri_ceu': 1e-05, 'm_yri_chb': 1e-05, 'm_ceu_chb': 0.0} -67597.60577732058
x: {'t1': 1.75894, 't2': 2.38156, 't3': 95.15226, 'N_anc': 478.78884, 'N_yri': 379.2215, 'N_ooa': 922.52346, 'N_ceu': 343.03244, 'N_chb': 291.38805, 'gr_ceu': 0.00012, 'gr_chb': 0.00012, 'm_yri_ooa': 1e-05, 'm_yri_ceu': 1e-05, 'm_yri_chb': 1e-05, 'm_ceu_chb': 0.0} -67537.80990755884
x_down: {'t1': 1.75894, 't2': 2.38156, 't3': 95.15226, 'N_anc': 478.78884, 'N_yri': 379.2215, 'N_ooa': 792.39768, 'N_ceu': 343.03244, 'N_chb': 291.38805, 'gr_ceu': 0.00012, 'gr_chb': 0.00012, 'm_yri_ooa': 1e-05, 'm_yri_ceu': 1e-05, 'm_yri_chb': 1e-05, 'm_ceu_chb': 0.0} -67578.88971799723
 
 
x_up: {'t1': 1.75894, 't2': 2.38156, 't3': 95.15226, 'N_anc': 478.78884, 'N_yri': 379.2215, 'N_ooa': 922.52346, 'N_ceu': 355.18406, 'N_chb': 291.38805, 'gr_ceu': 0.00012, 'gr_chb': 0.00012, 'm_yri_ooa': 1e-05, 'm_yri_ceu': 1e-05, 'm_yri_chb': 1e-05, 'm_ceu_chb': 0.0} -67538.36999114718
x: {'t1': 1.75894, 't2': 2.38156, 't3': 95.15226, 'N_anc': 478.78884, 'N_yri': 379.2215, 'N_ooa': 922.52346, 'N_ceu': 343.03244, 'N_chb': 291.38805, 'gr_ceu': 0.00012, 'gr_chb': 0.00012, 'm_yri_ooa': 1e-05, 'm_yri_ceu': 1e-05, 'm_yri_chb': 1e-05, 'm_ceu_chb': 0.0} -67537.80990755884
x_down: {'t1': 1.75894, 't2': 2.38156, 't3': 95.15226, 'N_anc': 478.78884, 'N_yri': 379.2215, 'N_ooa': 922.52346, 'N_ceu': 330.88082, 'N_chb': 291.38805, 'gr_ceu': 0.00012, 'gr_chb': 0.00012, 'm_yri_ooa': 1e-05, 'm_yri_ceu': 1e-05, 'm_yri_chb': 1e-05, 'm_ceu_chb': 0.0} -67538.42923862641
 
 
x_up: {'t1': 1.75894, 't2': 2.38156, 't3': 95.15226, 'N_anc': 478.78884, 'N_yri': 379.2215, 'N_ooa': 922.52346, 'N_ceu': 343.03244, 'N_chb': 305.74215, 'gr_ceu': 0.00012, 'gr_chb': 0.00012, 'm_yri_ooa': 1e-05, 'm_yri_ceu': 1e-05, 'm_yri_chb': 1e-05, 'm_ceu_chb': 0.0} -67538.82333841917
x: {'t1': 1.75894, 't2': 2.38156, 't3': 95.15226, 'N_anc': 478.78884, 'N_yri': 379.2215, 'N_ooa': 922.52346, 'N_ceu': 343.03244, 'N_chb': 291.38805, 'gr_ceu': 0.00012, 'gr_chb': 0.00012, 'm_yri_ooa': 1e-05, 'm_yri_ceu': 1e-05, 'm_yri_chb': 1e-05, 'm_ceu_chb': 0.0} -67537.80990755884
x_down: {'t1': 1.75894, 't2': 2.38156, 't3': 95.15226, 'N_anc': 478.78884, 'N_yri': 379.2215, 'N_ooa': 922.52346, 'N_ceu': 343.03244, 'N_chb': 277.03395, 'gr_ceu': 0.00012, 'gr_chb': 0.00012, 'm_yri_ooa': 1e-05, 'm_yri_ceu': 1e-05, 'm_yri_chb': 1e-05, 'm_ceu_chb': 0.0} -67538.85303605706
 
 
x_up: {'t1': 1.75894, 't2': 2.38156, 't3': 95.15226, 'N_anc': 478.78884, 'N_yri': 379.2215, 'N_ooa': 922.52346, 'N_ceu': 343.03244, 'N_chb': 291.38805, 'gr_ceu': 0.00018, 'gr_chb': 0.00012, 'm_yri_ooa': 1e-05, 'm_yri_ceu': 1e-05, 'm_yri_chb': 1e-05, 'm_ceu_chb': 0.0} -67537.81233073294
x: {'t1': 1.75894, 't2': 2.38156, 't3': 95.15226, 'N_anc': 478.78884, 'N_yri': 379.2215, 'N_ooa': 922.52346, 'N_ceu': 343.03244, 'N_chb': 291.38805, 'gr_ceu': 0.00012, 'gr_chb': 0.00012, 'm_yri_ooa': 1e-05, 'm_yri_ceu': 1e-05, 'm_yri_chb': 1e-05, 'm_ceu_chb': 0.0} -67537.80990755884
x_down: {'t1': 1.75894, 't2': 2.38156, 't3': 95.15226, 'N_anc': 478.78884, 'N_yri': 379.2215, 'N_ooa': 922.52346, 'N_ceu': 343.03244, 'N_chb': 291.38805, 'gr_ceu': 6e-05, 'gr_chb': 0.00012, 'm_yri_ooa': 1e-05, 'm_yri_ceu': 1e-05, 'm_yri_chb': 1e-05, 'm_ceu_chb': 0.0} -67537.80748851446
 
 
x_up: {'t1': 1.75894, 't2': 2.38156, 't3': 95.15226, 'N_anc': 478.78884, 'N_yri': 379.2215, 'N_ooa': 922.52346, 'N_ceu': 343.03244, 'N_chb': 291.38805, 'gr_ceu': 6e-05, 'gr_chb': 0.00018, 'm_yri_ooa': 1e-05, 'm_yri_ceu': 1e-05, 'm_yri_chb': 1e-05, 'm_ceu_chb': 0.0} -67537.81026192718
x: {'t1': 1.75894, 't2': 2.38156, 't3': 95.15226, 'N_anc': 478.78884, 'N_yri': 379.2215, 'N_ooa': 922.52346, 'N_ceu': 343.03244, 'N_chb': 291.38805, 'gr_ceu': 6e-05, 'gr_chb': 0.00012, 'm_yri_ooa': 1e-05, 'm_yri_ceu': 1e-05, 'm_yri_chb': 1e-05, 'm_ceu_chb': 0.0} -67537.80748851446
x_down: {'t1': 1.75894, 't2': 2.38156, 't3': 95.15226, 'N_anc': 478.78884, 'N_yri': 379.2215, 'N_ooa': 922.52346, 'N_ceu': 343.03244, 'N_chb': 291.38805, 'gr_ceu': 6e-05, 'gr_chb': 6e-05, 'm_yri_ooa': 1e-05, 'm_yri_ceu': 1e-05, 'm_yri_chb': 1e-05, 'm_ceu_chb': 0.0} -67537.8047191225
 
 
x_up: {'t1': 1.75894, 't2': 2.38156, 't3': 95.15226, 'N_anc': 478.78884, 'N_yri': 379.2215, 'N_ooa': 922.52346, 'N_ceu': 343.03244, 'N_chb': 291.38805, 'gr_ceu': 6e-05, 'gr_chb': 6e-05, 'm_yri_ooa': 0.0, 'm_yri_ceu': 1e-05, 'm_yri_chb': 1e-05, 'm_ceu_chb': 0.0} -67537.80039524147
x: {'t1': 1.75894, 't2': 2.38156, 't3': 95.15226, 'N_anc': 478.78884, 'N_yri': 379.2215, 'N_ooa': 922.52346, 'N_ceu': 343.03244, 'N_chb': 291.38805, 'gr_ceu': 6e-05, 'gr_chb': 6e-05, 'm_yri_ooa': 1e-05, 'm_yri_ceu': 1e-05, 'm_yri_chb': 1e-05, 'm_ceu_chb': 0.0} -67537.8047191225
x_down: {'t1': 1.75894, 't2': 2.38156, 't3': 95.15226, 'N_anc': 478.78884, 'N_yri': 379.2215, 'N_ooa': 922.52346, 'N_ceu': 343.03244, 'N_chb': 291.38805, 'gr_ceu': 6e-05, 'gr_chb': 6e-05, 'm_yri_ooa': 1e-05, 'm_yri_ceu': 1e-05, 'm_yri_chb': 1e-05, 'm_ceu_chb': 0.0} -67537.8047191225
 
 
x_up: {'t1': 1.75894, 't2': 2.38156, 't3': 95.15226, 'N_anc': 478.78884, 'N_yri': 379.2215, 'N_ooa': 922.52346, 'N_ceu': 343.03244, 'N_chb': 291.38805, 'gr_ceu': 6e-05, 'gr_chb': 6e-05, 'm_yri_ooa': 0.0, 'm_yri_ceu': 0.0, 'm_yri_chb': 1e-05, 'm_ceu_chb': 0.0} -67537.80039524216
x: {'t1': 1.75894, 't2': 2.38156, 't3': 95.15226, 'N_anc': 478.78884, 'N_yri': 379.2215, 'N_ooa': 922.52346, 'N_ceu': 343.03244, 'N_chb': 291.38805, 'gr_ceu': 6e-05, 'gr_chb': 6e-05, 'm_yri_ooa': 0.0, 'm_yri_ceu': 1e-05, 'm_yri_chb': 1e-05, 'm_ceu_chb': 0.0} -67537.80039524147
x_down: {'t1': 1.75894, 't2': 2.38156, 't3': 95.15226, 'N_anc': 478.78884, 'N_yri': 379.2215, 'N_ooa': 922.52346, 'N_ceu': 343.03244, 'N_chb': 291.38805, 'gr_ceu': 6e-05, 'gr_chb': 6e-05, 'm_yri_ooa': 0.0, 'm_yri_ceu': 1e-05, 'm_yri_chb': 1e-05, 'm_ceu_chb': 0.0} -67537.80039524147
 
 
x_up: {'t1': 1.75894, 't2': 2.38156, 't3': 95.15226, 'N_anc': 478.78884, 'N_yri': 379.2215, 'N_ooa': 922.52346, 'N_ceu': 343.03244, 'N_chb': 291.38805, 'gr_ceu': 6e-05, 'gr_chb': 6e-05, 'm_yri_ooa': 0.0, 'm_yri_ceu': 1e-05, 'm_yri_chb': 0.0, 'm_ceu_chb': 0.0} -67537.80039524163
x: {'t1': 1.75894, 't2': 2.38156, 't3': 95.15226, 'N_anc': 478.78884, 'N_yri': 379.2215, 'N_ooa': 922.52346, 'N_ceu': 343.03244, 'N_chb': 291.38805, 'gr_ceu': 6e-05, 'gr_chb': 6e-05, 'm_yri_ooa': 0.0, 'm_yri_ceu': 1e-05, 'm_yri_chb': 1e-05, 'm_ceu_chb': 0.0} -67537.80039524147
x_down: {'t1': 1.75894, 't2': 2.38156, 't3': 95.15226, 'N_anc': 478.78884, 'N_yri': 379.2215, 'N_ooa': 922.52346, 'N_ceu': 343.03244, 'N_chb': 291.38805, 'gr_ceu': 6e-05, 'gr_chb': 6e-05, 'm_yri_ooa': 0.0, 'm_yri_ceu': 1e-05, 'm_yri_chb': 1e-05, 'm_ceu_chb': 0.0} -67537.80039524147
 
 
x_up: {'t1': 1.75894, 't2': 2.38156, 't3': 95.15226, 'N_anc': 478.78884, 'N_yri': 379.2215, 'N_ooa': 922.52346, 'N_ceu': 343.03244, 'N_chb': 291.38805, 'gr_ceu': 6e-05, 'gr_chb': 6e-05, 'm_yri_ooa': 0.0, 'm_yri_ceu': 1e-05, 'm_yri_chb': 1e-05, 'm_ceu_chb': 0.0} -67537.80039524147
x: {'t1': 1.75894, 't2': 2.38156, 't3': 95.15226, 'N_anc': 478.78884, 'N_yri': 379.2215, 'N_ooa': 922.52346, 'N_ceu': 343.03244, 'N_chb': 291.38805, 'gr_ceu': 6e-05, 'gr_chb': 6e-05, 'm_yri_ooa': 0.0, 'm_yri_ceu': 1e-05, 'm_yri_chb': 1e-05, 'm_ceu_chb': 0.0} -67537.80039524147
x_down: {'t1': 1.75894, 't2': 2.38156, 't3': 95.15226, 'N_anc': 478.78884, 'N_yri': 379.2215, 'N_ooa': 922.52346, 'N_ceu': 343.03244, 'N_chb': 291.38805, 'gr_ceu': 6e-05, 'gr_chb': 6e-05, 'm_yri_ooa': 0.0, 'm_yri_ceu': 1e-05, 'm_yri_chb': 1e-05, 'm_ceu_chb': 1e-05} -67537.8003952417
 
{'t1': 1.75894, 't2': 2.38156, 't3': 95.15226, 'N_anc': 478.78884, 'N_yri': 379.2215, 'N_ooa': 922.52346, 'N_ceu': 343.03244, 'N_chb': 291.38805, 'gr_ceu': 6e-05, 'gr_chb': 6e-05, 'm_yri_ooa': 0.0, 'm_yri_ceu': 1e-05, 'm_yri_chb': 1e-05, 'm_ceu_chb': 0.0} -67537.80039524147
 
x_up: {'t1': 1.8465, 't2': 2.38156, 't3': 95.15226, 'N_anc': 478.78884, 'N_yri': 379.2215, 'N_ooa': 922.52346, 'N_ceu': 343.03244, 'N_chb': 291.38805, 'gr_ceu': 6e-05, 'gr_chb': 6e-05, 'm_yri_ooa': 0.0, 'm_yri_ceu': 1e-05, 'm_yri_chb': 1e-05, 'm_ceu_chb': 0.0} -67549.52560474456
x: {'t1': 1.75894, 't2': 2.38156, 't3': 95.15226, 'N_anc': 478.78884, 'N_yri': 379.2215, 'N_ooa': 922.52346, 'N_ceu': 343.03244, 'N_chb': 291.38805, 'gr_ceu': 6e-05, 'gr_chb': 6e-05, 'm_yri_ooa': 0.0, 'm_yri_ceu': 1e-05, 'm_yri_chb': 1e-05, 'm_ceu_chb': 0.0} -67537.80039524147
x_down: {'t1': 1.67138, 't2': 2.38156, 't3': 95.15226, 'N_anc': 478.78884, 'N_yri': 379.2215, 'N_ooa': 922.52346, 'N_ceu': 343.03244, 'N_chb': 291.38805, 'gr_ceu': 6e-05, 'gr_chb': 6e-05, 'm_yri_ooa': 0.0, 'm_yri_ceu': 1e-05, 'm_yri_chb': 1e-05, 'm_ceu_chb': 0.0} -67550.02010607124
 
 
x_up: {'t1': 1.75894, 't2': 2.42534, 't3': 95.15226, 'N_anc': 478.78884, 'N_yri': 379.2215, 'N_ooa': 922.52346, 'N_ceu': 343.03244, 'N_chb': 291.38805, 'gr_ceu': 6e-05, 'gr_chb': 6e-05, 'm_yri_ooa': 0.0, 'm_yri_ceu': 1e-05, 'm_yri_chb': 1e-05, 'm_ceu_chb': 0.0} -67557.22357765383
x: {'t1': 1.75894, 't2': 2.38156, 't3': 95.15226, 'N_anc': 478.78884, 'N_yri': 379.2215, 'N_ooa': 922.52346, 'N_ceu': 343.03244, 'N_chb': 291.38805, 'gr_ceu': 6e-05, 'gr_chb': 6e-05, 'm_yri_ooa': 0.0, 'm_yri_ceu': 1e-05, 'm_yri_chb': 1e-05, 'm_ceu_chb': 0.0} -67537.80039524147
x_down: {'t1': 1.75894, 't2': 2.33778, 't3': 95.15226, 'N_anc': 478.78884, 'N_yri': 379.2215, 'N_ooa': 922.52346, 'N_ceu': 343.03244, 'N_chb': 291.38805, 'gr_ceu': 6e-05, 'gr_chb': 6e-05, 'm_yri_ooa': 0.0, 'm_yri_ceu': 1e-05, 'm_yri_chb': 1e-05, 'm_ceu_chb': 0.0} -67551.00493233782
 
 
x_up: {'t1': 1.75894, 't2': 2.38156, 't3': 99.7908, 'N_anc': 478.78884, 'N_yri': 379.2215, 'N_ooa': 922.52346, 'N_ceu': 343.03244, 'N_chb': 291.38805, 'gr_ceu': 6e-05, 'gr_chb': 6e-05, 'm_yri_ooa': 0.0, 'm_yri_ceu': 1e-05, 'm_yri_chb': 1e-05, 'm_ceu_chb': 0.0} -67540.25165094745
x: {'t1': 1.75894, 't2': 2.38156, 't3': 95.15226, 'N_anc': 478.78884, 'N_yri': 379.2215, 'N_ooa': 922.52346, 'N_ceu': 343.03244, 'N_chb': 291.38805, 'gr_ceu': 6e-05, 'gr_chb': 6e-05, 'm_yri_ooa': 0.0, 'm_yri_ceu': 1e-05, 'm_yri_chb': 1e-05, 'm_ceu_chb': 0.0} -67537.80039524147
x_down: {'t1': 1.75894, 't2': 2.38156, 't3': 90.51372, 'N_anc': 478.78884, 'N_yri': 379.2215, 'N_ooa': 922.52346, 'N_ceu': 343.03244, 'N_chb': 291.38805, 'gr_ceu': 6e-05, 'gr_chb': 6e-05, 'm_yri_ooa': 0.0, 'm_yri_ceu': 1e-05, 'm_yri_chb': 1e-05, 'm_ceu_chb': 0.0} -67543.47675420692
 
 
x_up: {'t1': 1.75894, 't2': 2.38156, 't3': 95.15226, 'N_anc': 507.198, 'N_yri': 379.2215, 'N_ooa': 922.52346, 'N_ceu': 343.03244, 'N_chb': 291.38805, 'gr_ceu': 6e-05, 'gr_chb': 6e-05, 'm_yri_ooa': 0.0, 'm_yri_ceu': 1e-05, 'm_yri_chb': 1e-05, 'm_ceu_chb': 0.0} -67537.94058455015
x: {'t1': 1.75894, 't2': 2.38156, 't3': 95.15226, 'N_anc': 478.78884, 'N_yri': 379.2215, 'N_ooa': 922.52346, 'N_ceu': 343.03244, 'N_chb': 291.38805, 'gr_ceu': 6e-05, 'gr_chb': 6e-05, 'm_yri_ooa': 0.0, 'm_yri_ceu': 1e-05, 'm_yri_chb': 1e-05, 'm_ceu_chb': 0.0} -67537.80039524147
x_down: {'t1': 1.75894, 't2': 2.38156, 't3': 95.15226, 'N_anc': 450.37968, 'N_yri': 379.2215, 'N_ooa': 922.52346, 'N_ceu': 343.03244, 'N_chb': 291.38805, 'gr_ceu': 6e-05, 'gr_chb': 6e-05, 'm_yri_ooa': 0.0, 'm_yri_ceu': 1e-05, 'm_yri_chb': 1e-05, 'm_ceu_chb': 0.0} -67538.34283075172
 
 
x_up: {'t1': 1.75894, 't2': 2.38156, 't3': 95.15226, 'N_anc': 478.78884, 'N_yri': 410.63392, 'N_ooa': 922.52346, 'N_ceu': 343.03244, 'N_chb': 291.38805, 'gr_ceu': 6e-05, 'gr_chb': 6e-05, 'm_yri_ooa': 0.0, 'm_yri_ceu': 1e-05, 'm_yri_chb': 1e-05, 'm_ceu_chb': 0.0} -67547.05553064367
x: {'t1': 1.75894, 't2': 2.38156, 't3': 95.15226, 'N_anc': 478.78884, 'N_yri': 379.2215, 'N_ooa': 922.52346, 'N_ceu': 343.03244, 'N_chb': 291.38805, 'gr_ceu': 6e-05, 'gr_chb': 6e-05, 'm_yri_ooa': 0.0, 'm_yri_ceu': 1e-05, 'm_yri_chb': 1e-05, 'm_ceu_chb': 0.0} -67537.80039524147
x_down: {'t1': 1.75894, 't2': 2.38156, 't3': 95.15226, 'N_anc': 478.78884, 'N_yri': 347.80908, 'N_ooa': 922.52346, 'N_ceu': 343.03244, 'N_chb': 291.38805, 'gr_ceu': 6e-05, 'gr_chb': 6e-05, 'm_yri_ooa': 0.0, 'm_yri_ceu': 1e-05, 'm_yri_chb': 1e-05, 'm_ceu_chb': 0.0} -67542.19575985146
 
 
x_up: {'t1': 1.75894, 't2': 2.38156, 't3': 95.15226, 'N_anc': 478.78884, 'N_yri': 379.2215, 'N_ooa': 987.58635, 'N_ceu': 343.03244, 'N_chb': 291.38805, 'gr_ceu': 6e-05, 'gr_chb': 6e-05, 'm_yri_ooa': 0.0, 'm_yri_ceu': 1e-05, 'm_yri_chb': 1e-05, 'm_ceu_chb': 0.0} -67560.28250375301
x: {'t1': 1.75894, 't2': 2.38156, 't3': 95.15226, 'N_anc': 478.78884, 'N_yri': 379.2215, 'N_ooa': 922.52346, 'N_ceu': 343.03244, 'N_chb': 291.38805, 'gr_ceu': 6e-05, 'gr_chb': 6e-05, 'm_yri_ooa': 0.0, 'm_yri_ceu': 1e-05, 'm_yri_chb': 1e-05, 'm_ceu_chb': 0.0} -67537.80039524147
x_down: {'t1': 1.75894, 't2': 2.38156, 't3': 95.15226, 'N_anc': 478.78884, 'N_yri': 379.2215, 'N_ooa': 857.46057, 'N_ceu': 343.03244, 'N_chb': 291.38805, 'gr_ceu': 6e-05, 'gr_chb': 6e-05, 'm_yri_ooa': 0.0, 'm_yri_ceu': 1e-05, 'm_yri_chb': 1e-05, 'm_ceu_chb': 0.0} -67544.27323261125
 
 
x_up: {'t1': 1.75894, 't2': 2.38156, 't3': 95.15226, 'N_anc': 478.78884, 'N_yri': 379.2215, 'N_ooa': 922.52346, 'N_ceu': 355.18406, 'N_chb': 291.38805, 'gr_ceu': 6e-05, 'gr_chb': 6e-05, 'm_yri_ooa': 0.0, 'm_yri_ceu': 1e-05, 'm_yri_chb': 1e-05, 'm_ceu_chb': 0.0} -67538.35745835937
x: {'t1': 1.75894, 't2': 2.38156, 't3': 95.15226, 'N_anc': 478.78884, 'N_yri': 379.2215, 'N_ooa': 922.52346, 'N_ceu': 343.03244, 'N_chb': 291.38805, 'gr_ceu': 6e-05, 'gr_chb': 6e-05, 'm_yri_ooa': 0.0, 'm_yri_ceu': 1e-05, 'm_yri_chb': 1e-05, 'm_ceu_chb': 0.0} -67537.80039524147
x_down: {'t1': 1.75894, 't2': 2.38156, 't3': 95.15226, 'N_anc': 478.78884, 'N_yri': 379.2215, 'N_ooa': 922.52346, 'N_ceu': 330.88082, 'N_chb': 291.38805, 'gr_ceu': 6e-05, 'gr_chb': 6e-05, 'm_yri_ooa': 0.0, 'm_yri_ceu': 1e-05, 'm_yri_chb': 1e-05, 'm_ceu_chb': 0.0} -67538.42303069231
 
 
x_up: {'t1': 1.75894, 't2': 2.38156, 't3': 95.15226, 'N_anc': 478.78884, 'N_yri': 379.2215, 'N_ooa': 922.52346, 'N_ceu': 343.03244, 'N_chb': 300.95745, 'gr_ceu': 6e-05, 'gr_chb': 6e-05, 'm_yri_ooa': 0.0, 'm_yri_ceu': 1e-05, 'm_yri_chb': 1e-05, 'm_ceu_chb': 0.0} -67538.27726595396
x: {'t1': 1.75894, 't2': 2.38156, 't3': 95.15226, 'N_anc': 478.78884, 'N_yri': 379.2215, 'N_ooa': 922.52346, 'N_ceu': 343.03244, 'N_chb': 291.38805, 'gr_ceu': 6e-05, 'gr_chb': 6e-05, 'm_yri_ooa': 0.0, 'm_yri_ceu': 1e-05, 'm_yri_chb': 1e-05, 'm_ceu_chb': 0.0} -67537.80039524147
x_down: {'t1': 1.75894, 't2': 2.38156, 't3': 95.15226, 'N_anc': 478.78884, 'N_yri': 379.2215, 'N_ooa': 922.52346, 'N_ceu': 343.03244, 'N_chb': 281.81865, 'gr_ceu': 6e-05, 'gr_chb': 6e-05, 'm_yri_ooa': 0.0, 'm_yri_ceu': 1e-05, 'm_yri_chb': 1e-05, 'm_ceu_chb': 0.0} -67538.23148634483
 
 
x_up: {'t1': 1.75894, 't2': 2.38156, 't3': 95.15226, 'N_anc': 478.78884, 'N_yri': 379.2215, 'N_ooa': 922.52346, 'N_ceu': 343.03244, 'N_chb': 291.38805, 'gr_ceu': 9e-05, 'gr_chb': 6e-05, 'm_yri_ooa': 0.0, 'm_yri_ceu': 1e-05, 'm_yri_chb': 1e-05, 'm_ceu_chb': 0.0} -67537.80160286723
x: {'t1': 1.75894, 't2': 2.38156, 't3': 95.15226, 'N_anc': 478.78884, 'N_yri': 379.2215, 'N_ooa': 922.52346, 'N_ceu': 343.03244, 'N_chb': 291.38805, 'gr_ceu': 6e-05, 'gr_chb': 6e-05, 'm_yri_ooa': 0.0, 'm_yri_ceu': 1e-05, 'm_yri_chb': 1e-05, 'm_ceu_chb': 0.0} -67537.80039524147
x_down: {'t1': 1.75894, 't2': 2.38156, 't3': 95.15226, 'N_anc': 478.78884, 'N_yri': 379.2215, 'N_ooa': 922.52346, 'N_ceu': 343.03244, 'N_chb': 291.38805, 'gr_ceu': 3e-05, 'gr_chb': 6e-05, 'm_yri_ooa': 0.0, 'm_yri_ceu': 1e-05, 'm_yri_chb': 1e-05, 'm_ceu_chb': 0.0} -67537.79918856535
 
 
x_up: {'t1': 1.75894, 't2': 2.38156, 't3': 95.15226, 'N_anc': 478.78884, 'N_yri': 379.2215, 'N_ooa': 922.52346, 'N_ceu': 343.03244, 'N_chb': 291.38805, 'gr_ceu': 3e-05, 'gr_chb': 9e-05, 'm_yri_ooa': 0.0, 'm_yri_ceu': 1e-05, 'm_yri_chb': 1e-05, 'm_ceu_chb': 0.0} -67537.80057263754
x: {'t1': 1.75894, 't2': 2.38156, 't3': 95.15226, 'N_anc': 478.78884, 'N_yri': 379.2215, 'N_ooa': 922.52346, 'N_ceu': 343.03244, 'N_chb': 291.38805, 'gr_ceu': 3e-05, 'gr_chb': 6e-05, 'm_yri_ooa': 0.0, 'm_yri_ceu': 1e-05, 'm_yri_chb': 1e-05, 'm_ceu_chb': 0.0} -67537.79918856535
x_down: {'t1': 1.75894, 't2': 2.38156, 't3': 95.15226, 'N_anc': 478.78884, 'N_yri': 379.2215, 'N_ooa': 922.52346, 'N_ceu': 343.03244, 'N_chb': 291.38805, 'gr_ceu': 3e-05, 'gr_chb': 3e-05, 'm_yri_ooa': 0.0, 'm_yri_ceu': 1e-05, 'm_yri_chb': 1e-05, 'm_ceu_chb': 0.0} -67537.79780554515
 
 
x_up: {'t1': 1.75894, 't2': 2.38156, 't3': 95.15226, 'N_anc': 478.78884, 'N_yri': 379.2215, 'N_ooa': 922.52346, 'N_ceu': 343.03244, 'N_chb': 291.38805, 'gr_ceu': 3e-05, 'gr_chb': 3e-05, 'm_yri_ooa': 0.0, 'm_yri_ceu': 1e-05, 'm_yri_chb': 1e-05, 'm_ceu_chb': 0.0} -67537.79780554515
x: {'t1': 1.75894, 't2': 2.38156, 't3': 95.15226, 'N_anc': 478.78884, 'N_yri': 379.2215, 'N_ooa': 922.52346, 'N_ceu': 343.03244, 'N_chb': 291.38805, 'gr_ceu': 3e-05, 'gr_chb': 3e-05, 'm_yri_ooa': 0.0, 'm_yri_ceu': 1e-05, 'm_yri_chb': 1e-05, 'm_ceu_chb': 0.0} -67537.79780554515
x_down: {'t1': 1.75894, 't2': 2.38156, 't3': 95.15226, 'N_anc': 478.78884, 'N_yri': 379.2215, 'N_ooa': 922.52346, 'N_ceu': 343.03244, 'N_chb': 291.38805, 'gr_ceu': 3e-05, 'gr_chb': 3e-05, 'm_yri_ooa': 1e-05, 'm_yri_ceu': 1e-05, 'm_yri_chb': 1e-05, 'm_ceu_chb': 0.0} -67537.80212986708
 
 
x_up: {'t1': 1.75894, 't2': 2.38156, 't3': 95.15226, 'N_anc': 478.78884, 'N_yri': 379.2215, 'N_ooa': 922.52346, 'N_ceu': 343.03244, 'N_chb': 291.38805, 'gr_ceu': 3e-05, 'gr_chb': 3e-05, 'm_yri_ooa': 0.0, 'm_yri_ceu': 0.0, 'm_yri_chb': 1e-05, 'm_ceu_chb': 0.0} -67537.79780554572
x: {'t1': 1.75894, 't2': 2.38156, 't3': 95.15226, 'N_anc': 478.78884, 'N_yri': 379.2215, 'N_ooa': 922.52346, 'N_ceu': 343.03244, 'N_chb': 291.38805, 'gr_ceu': 3e-05, 'gr_chb': 3e-05, 'm_yri_ooa': 0.0, 'm_yri_ceu': 1e-05, 'm_yri_chb': 1e-05, 'm_ceu_chb': 0.0} -67537.79780554515
x_down: {'t1': 1.75894, 't2': 2.38156, 't3': 95.15226, 'N_anc': 478.78884, 'N_yri': 379.2215, 'N_ooa': 922.52346, 'N_ceu': 343.03244, 'N_chb': 291.38805, 'gr_ceu': 3e-05, 'gr_chb': 3e-05, 'm_yri_ooa': 0.0, 'm_yri_ceu': 1e-05, 'm_yri_chb': 1e-05, 'm_ceu_chb': 0.0} -67537.79780554515
 
 
x_up: {'t1': 1.75894, 't2': 2.38156, 't3': 95.15226, 'N_anc': 478.78884, 'N_yri': 379.2215, 'N_ooa': 922.52346, 'N_ceu': 343.03244, 'N_chb': 291.38805, 'gr_ceu': 3e-05, 'gr_chb': 3e-05, 'm_yri_ooa': 0.0, 'm_yri_ceu': 1e-05, 'm_yri_chb': 0.0, 'm_ceu_chb': 0.0} -67537.79780554467
x: {'t1': 1.75894, 't2': 2.38156, 't3': 95.15226, 'N_anc': 478.78884, 'N_yri': 379.2215, 'N_ooa': 922.52346, 'N_ceu': 343.03244, 'N_chb': 291.38805, 'gr_ceu': 3e-05, 'gr_chb': 3e-05, 'm_yri_ooa': 0.0, 'm_yri_ceu': 1e-05, 'm_yri_chb': 1e-05, 'm_ceu_chb': 0.0} -67537.79780554515
x_down: {'t1': 1.75894, 't2': 2.38156, 't3': 95.15226, 'N_anc': 478.78884, 'N_yri': 379.2215, 'N_ooa': 922.52346, 'N_ceu': 343.03244, 'N_chb': 291.38805, 'gr_ceu': 3e-05, 'gr_chb': 3e-05, 'm_yri_ooa': 0.0, 'm_yri_ceu': 1e-05, 'm_yri_chb': 1e-05, 'm_ceu_chb': 0.0} -67537.79780554515
 
 
x_up: {'t1': 1.75894, 't2': 2.38156, 't3': 95.15226, 'N_anc': 478.78884, 'N_yri': 379.2215, 'N_ooa': 922.52346, 'N_ceu': 343.03244, 'N_chb': 291.38805, 'gr_ceu': 3e-05, 'gr_chb': 3e-05, 'm_yri_ooa': 0.0, 'm_yri_ceu': 1e-05, 'm_yri_chb': 0.0, 'm_ceu_chb': 0.0} -67537.79780554467
x: {'t1': 1.75894, 't2': 2.38156, 't3': 95.15226, 'N_anc': 478.78884, 'N_yri': 379.2215, 'N_ooa': 922.52346, 'N_ceu': 343.03244, 'N_chb': 291.38805, 'gr_ceu': 3e-05, 'gr_chb': 3e-05, 'm_yri_ooa': 0.0, 'm_yri_ceu': 1e-05, 'm_yri_chb': 0.0, 'm_ceu_chb': 0.0} -67537.79780554467
x_down: {'t1': 1.75894, 't2': 2.38156, 't3': 95.15226, 'N_anc': 478.78884, 'N_yri': 379.2215, 'N_ooa': 922.52346, 'N_ceu': 343.03244, 'N_chb': 291.38805, 'gr_ceu': 3e-05, 'gr_chb': 3e-05, 'm_yri_ooa': 0.0, 'm_yri_ceu': 1e-05, 'm_yri_chb': 0.0, 'm_ceu_chb': 1e-05} -67537.79780554543
 
{'t1': 1.75894, 't2': 2.38156, 't3': 95.15226, 'N_anc': 478.78884, 'N_yri': 379.2215, 'N_ooa': 922.52346, 'N_ceu': 343.03244, 'N_chb': 291.38805, 'gr_ceu': 3e-05, 'gr_chb': 3e-05, 'm_yri_ooa': 0.0, 'm_yri_ceu': 1e-05, 'm_yri_chb': 0.0, 'm_ceu_chb': 0.0} -67537.79780554467
 
x_up: {'t1': 1.80272, 't2': 2.38156, 't3': 95.15226, 'N_anc': 478.78884, 'N_yri': 379.2215, 'N_ooa': 922.52346, 'N_ceu': 343.03244, 'N_chb': 291.38805, 'gr_ceu': 3e-05, 'gr_chb': 3e-05, 'm_yri_ooa': 0.0, 'm_yri_ceu': 1e-05, 'm_yri_chb': 0.0, 'm_ceu_chb': 0.0} -67543.14640280008
x: {'t1': 1.75894, 't2': 2.38156, 't3': 95.15226, 'N_anc': 478.78884, 'N_yri': 379.2215, 'N_ooa': 922.52346, 'N_ceu': 343.03244, 'N_chb': 291.38805, 'gr_ceu': 3e-05, 'gr_chb': 3e-05, 'm_yri_ooa': 0.0, 'm_yri_ceu': 1e-05, 'm_yri_chb': 0.0, 'm_ceu_chb': 0.0} -67537.79780554467
x_down: {'t1': 1.71516, 't2': 2.38156, 't3': 95.15226, 'N_anc': 478.78884, 'N_yri': 379.2215, 'N_ooa': 922.52346, 'N_ceu': 343.03244, 'N_chb': 291.38805, 'gr_ceu': 3e-05, 'gr_chb': 3e-05, 'm_yri_ooa': 0.0, 'm_yri_ceu': 1e-05, 'm_yri_chb': 0.0, 'm_ceu_chb': 0.0} -67537.61097210014
 
 
x_up: {'t1': 1.71516, 't2': 2.41488, 't3': 95.15226, 'N_anc': 478.78884, 'N_yri': 379.2215, 'N_ooa': 922.52346, 'N_ceu': 343.03244, 'N_chb': 291.38805, 'gr_ceu': 3e-05, 'gr_chb': 3e-05, 'm_yri_ooa': 0.0, 'm_yri_ceu': 1e-05, 'm_yri_chb': 0.0, 'm_ceu_chb': 0.0} -67551.29212888418
x: {'t1': 1.71516, 't2': 2.38156, 't3': 95.15226, 'N_anc': 478.78884, 'N_yri': 379.2215, 'N_ooa': 922.52346, 'N_ceu': 343.03244, 'N_chb': 291.38805, 'gr_ceu': 3e-05, 'gr_chb': 3e-05, 'm_yri_ooa': 0.0, 'm_yri_ceu': 1e-05, 'm_yri_chb': 0.0, 'm_ceu_chb': 0.0} -67537.61097210014
x_down: {'t1': 1.71516, 't2': 2.34824, 't3': 95.15226, 'N_anc': 478.78884, 'N_yri': 379.2215, 'N_ooa': 922.52346, 'N_ceu': 343.03244, 'N_chb': 291.38805, 'gr_ceu': 3e-05, 'gr_chb': 3e-05, 'm_yri_ooa': 0.0, 'm_yri_ceu': 1e-05, 'm_yri_chb': 0.0, 'm_ceu_chb': 0.0} -67542.83237818607
 
 
x_up: {'t1': 1.71516, 't2': 2.38156, 't3': 99.7908, 'N_anc': 478.78884, 'N_yri': 379.2215, 'N_ooa': 922.52346, 'N_ceu': 343.03244, 'N_chb': 291.38805, 'gr_ceu': 3e-05, 'gr_chb': 3e-05, 'm_yri_ooa': 0.0, 'm_yri_ceu': 1e-05, 'm_yri_chb': 0.0, 'm_ceu_chb': 0.0} -67540.0622278061
x: {'t1': 1.71516, 't2': 2.38156, 't3': 95.15226, 'N_anc': 478.78884, 'N_yri': 379.2215, 'N_ooa': 922.52346, 'N_ceu': 343.03244, 'N_chb': 291.38805, 'gr_ceu': 3e-05, 'gr_chb': 3e-05, 'm_yri_ooa': 0.0, 'm_yri_ceu': 1e-05, 'm_yri_chb': 0.0, 'm_ceu_chb': 0.0} -67537.61097210014
x_down: {'t1': 1.71516, 't2': 2.38156, 't3': 90.51372, 'N_anc': 478.78884, 'N_yri': 379.2215, 'N_ooa': 922.52346, 'N_ceu': 343.03244, 'N_chb': 291.38805, 'gr_ceu': 3e-05, 'gr_chb': 3e-05, 'm_yri_ooa': 0.0, 'm_yri_ceu': 1e-05, 'm_yri_chb': 0.0, 'm_ceu_chb': 0.0} -67543.28733106559
 
 
x_up: {'t1': 1.71516, 't2': 2.38156, 't3': 95.15226, 'N_anc': 497.72828, 'N_yri': 379.2215, 'N_ooa': 922.52346, 'N_ceu': 343.03244, 'N_chb': 291.38805, 'gr_ceu': 3e-05, 'gr_chb': 3e-05, 'm_yri_ooa': 0.0, 'm_yri_ceu': 1e-05, 'm_yri_chb': 0.0, 'm_ceu_chb': 0.0} -67537.63807695462
x: {'t1': 1.71516, 't2': 2.38156, 't3': 95.15226, 'N_anc': 478.78884, 'N_yri': 379.2215, 'N_ooa': 922.52346, 'N_ceu': 343.03244, 'N_chb': 291.38805, 'gr_ceu': 3e-05, 'gr_chb': 3e-05, 'm_yri_ooa': 0.0, 'm_yri_ceu': 1e-05, 'm_yri_chb': 0.0, 'm_ceu_chb': 0.0} -67537.61097210014
x_down: {'t1': 1.71516, 't2': 2.38156, 't3': 95.15226, 'N_anc': 459.8494, 'N_yri': 379.2215, 'N_ooa': 922.52346, 'N_ceu': 343.03244, 'N_chb': 291.38805, 'gr_ceu': 3e-05, 'gr_chb': 3e-05, 'm_yri_ooa': 0.0, 'm_yri_ceu': 1e-05, 'm_yri_chb': 0.0, 'm_ceu_chb': 0.0} -67537.88637461409
 
 
x_up: {'t1': 1.71516, 't2': 2.38156, 't3': 95.15226, 'N_anc': 478.78884, 'N_yri': 394.92771, 'N_ooa': 922.52346, 'N_ceu': 343.03244, 'N_chb': 291.38805, 'gr_ceu': 3e-05, 'gr_chb': 3e-05, 'm_yri_ooa': 0.0, 'm_yri_ceu': 1e-05, 'm_yri_chb': 0.0, 'm_ceu_chb': 0.0} -67544.51326235032
x: {'t1': 1.71516, 't2': 2.38156, 't3': 95.15226, 'N_anc': 478.78884, 'N_yri': 379.2215, 'N_ooa': 922.52346, 'N_ceu': 343.03244, 'N_chb': 291.38805, 'gr_ceu': 3e-05, 'gr_chb': 3e-05, 'm_yri_ooa': 0.0, 'm_yri_ceu': 1e-05, 'm_yri_chb': 0.0, 'm_ceu_chb': 0.0} -67537.61097210014
x_down: {'t1': 1.71516, 't2': 2.38156, 't3': 95.15226, 'N_anc': 478.78884, 'N_yri': 363.51529, 'N_ooa': 922.52346, 'N_ceu': 343.03244, 'N_chb': 291.38805, 'gr_ceu': 3e-05, 'gr_chb': 3e-05, 'm_yri_ooa': 0.0, 'm_yri_ceu': 1e-05, 'm_yri_chb': 0.0, 'm_ceu_chb': 0.0} -67540.15983424273
 
 
x_up: {'t1': 1.71516, 't2': 2.38156, 't3': 95.15226, 'N_anc': 478.78884, 'N_yri': 379.2215, 'N_ooa': 963.64963, 'N_ceu': 343.03244, 'N_chb': 291.38805, 'gr_ceu': 3e-05, 'gr_chb': 3e-05, 'm_yri_ooa': 0.0, 'm_yri_ceu': 1e-05, 'm_yri_chb': 0.0, 'm_ceu_chb': 0.0} -67552.58525680302
x: {'t1': 1.71516, 't2': 2.38156, 't3': 95.15226, 'N_anc': 478.78884, 'N_yri': 379.2215, 'N_ooa': 922.52346, 'N_ceu': 343.03244, 'N_chb': 291.38805, 'gr_ceu': 3e-05, 'gr_chb': 3e-05, 'm_yri_ooa': 0.0, 'm_yri_ceu': 1e-05, 'm_yri_chb': 0.0, 'm_ceu_chb': 0.0} -67537.61097210014
x_down: {'t1': 1.71516, 't2': 2.38156, 't3': 95.15226, 'N_anc': 478.78884, 'N_yri': 379.2215, 'N_ooa': 881.39729, 'N_ceu': 343.03244, 'N_chb': 291.38805, 'gr_ceu': 3e-05, 'gr_chb': 3e-05, 'm_yri_ooa': 0.0, 'm_yri_ceu': 1e-05, 'm_yri_chb': 0.0, 'm_ceu_chb': 0.0} -67537.53395874289
 
 
x_up: {'t1': 1.71516, 't2': 2.38156, 't3': 95.15226, 'N_anc': 478.78884, 'N_yri': 379.2215, 'N_ooa': 881.39729, 'N_ceu': 355.18406, 'N_chb': 291.38805, 'gr_ceu': 3e-05, 'gr_chb': 3e-05, 'm_yri_ooa': 0.0, 'm_yri_ceu': 1e-05, 'm_yri_chb': 0.0, 'm_ceu_chb': 0.0} -67538.49189440238
x: {'t1': 1.71516, 't2': 2.38156, 't3': 95.15226, 'N_anc': 478.78884, 'N_yri': 379.2215, 'N_ooa': 881.39729, 'N_ceu': 343.03244, 'N_chb': 291.38805, 'gr_ceu': 3e-05, 'gr_chb': 3e-05, 'm_yri_ooa': 0.0, 'm_yri_ceu': 1e-05, 'm_yri_chb': 0.0, 'm_ceu_chb': 0.0} -67537.53395874289
x_down: {'t1': 1.71516, 't2': 2.38156, 't3': 95.15226, 'N_anc': 478.78884, 'N_yri': 379.2215, 'N_ooa': 881.39729, 'N_ceu': 330.88082, 'N_chb': 291.38805, 'gr_ceu': 3e-05, 'gr_chb': 3e-05, 'm_yri_ooa': 0.0, 'm_yri_ceu': 1e-05, 'm_yri_chb': 0.0, 'm_ceu_chb': 0.0} -67537.66197614593
 
 
x_up: {'t1': 1.71516, 't2': 2.38156, 't3': 95.15226, 'N_anc': 478.78884, 'N_yri': 379.2215, 'N_ooa': 881.39729, 'N_ceu': 343.03244, 'N_chb': 300.95745, 'gr_ceu': 3e-05, 'gr_chb': 3e-05, 'm_yri_ooa': 0.0, 'm_yri_ceu': 1e-05, 'm_yri_chb': 0.0, 'm_ceu_chb': 0.0} -67537.95963677426
x: {'t1': 1.71516, 't2': 2.38156, 't3': 95.15226, 'N_anc': 478.78884, 'N_yri': 379.2215, 'N_ooa': 881.39729, 'N_ceu': 343.03244, 'N_chb': 291.38805, 'gr_ceu': 3e-05, 'gr_chb': 3e-05, 'm_yri_ooa': 0.0, 'm_yri_ceu': 1e-05, 'm_yri_chb': 0.0, 'm_ceu_chb': 0.0} -67537.53395874289
x_down: {'t1': 1.71516, 't2': 2.38156, 't3': 95.15226, 'N_anc': 478.78884, 'N_yri': 379.2215, 'N_ooa': 881.39729, 'N_ceu': 343.03244, 'N_chb': 281.81865, 'gr_ceu': 3e-05, 'gr_chb': 3e-05, 'm_yri_ooa': 0.0, 'm_yri_ceu': 1e-05, 'm_yri_chb': 0.0, 'm_ceu_chb': 0.0} -67538.1637917573
 
 
x_up: {'t1': 1.71516, 't2': 2.38156, 't3': 95.15226, 'N_anc': 478.78884, 'N_yri': 379.2215, 'N_ooa': 881.39729, 'N_ceu': 343.03244, 'N_chb': 291.38805, 'gr_ceu': 5e-05, 'gr_chb': 3e-05, 'm_yri_ooa': 0.0, 'm_yri_ceu': 1e-05, 'm_yri_chb': 0.0, 'm_ceu_chb': 0.0} -67537.53502844283
x: {'t1': 1.71516, 't2': 2.38156, 't3': 95.15226, 'N_anc': 478.78884, 'N_yri': 379.2215, 'N_ooa': 881.39729, 'N_ceu': 343.03244, 'N_chb': 291.38805, 'gr_ceu': 3e-05, 'gr_chb': 3e-05, 'm_yri_ooa': 0.0, 'm_yri_ceu': 1e-05, 'm_yri_chb': 0.0, 'm_ceu_chb': 0.0} -67537.53395874289
x_down: {'t1': 1.71516, 't2': 2.38156, 't3': 95.15226, 'N_anc': 478.78884, 'N_yri': 379.2215, 'N_ooa': 881.39729, 'N_ceu': 343.03244, 'N_chb': 291.38805, 'gr_ceu': 2e-05, 'gr_chb': 3e-05, 'm_yri_ooa': 0.0, 'm_yri_ceu': 1e-05, 'm_yri_chb': 0.0, 'm_ceu_chb': 0.0} -67537.53342403495
 
 
x_up: {'t1': 1.71516, 't2': 2.38156, 't3': 95.15226, 'N_anc': 478.78884, 'N_yri': 379.2215, 'N_ooa': 881.39729, 'N_ceu': 343.03244, 'N_chb': 291.38805, 'gr_ceu': 2e-05, 'gr_chb': 5e-05, 'm_yri_ooa': 0.0, 'm_yri_ceu': 1e-05, 'm_yri_chb': 0.0, 'm_ceu_chb': 0.0} -67537.53437293645
x: {'t1': 1.71516, 't2': 2.38156, 't3': 95.15226, 'N_anc': 478.78884, 'N_yri': 379.2215, 'N_ooa': 881.39729, 'N_ceu': 343.03244, 'N_chb': 291.38805, 'gr_ceu': 2e-05, 'gr_chb': 3e-05, 'm_yri_ooa': 0.0, 'm_yri_ceu': 1e-05, 'm_yri_chb': 0.0, 'm_ceu_chb': 0.0} -67537.53342403495
x_down: {'t1': 1.71516, 't2': 2.38156, 't3': 95.15226, 'N_anc': 478.78884, 'N_yri': 379.2215, 'N_ooa': 881.39729, 'N_ceu': 343.03244, 'N_chb': 291.38805, 'gr_ceu': 2e-05, 'gr_chb': 2e-05, 'm_yri_ooa': 0.0, 'm_yri_ceu': 1e-05, 'm_yri_chb': 0.0, 'm_ceu_chb': 0.0} -67537.53294974867
 
 
x_up: {'t1': 1.71516, 't2': 2.38156, 't3': 95.15226, 'N_anc': 478.78884, 'N_yri': 379.2215, 'N_ooa': 881.39729, 'N_ceu': 343.03244, 'N_chb': 291.38805, 'gr_ceu': 2e-05, 'gr_chb': 2e-05, 'm_yri_ooa': 0.0, 'm_yri_ceu': 1e-05, 'm_yri_chb': 0.0, 'm_ceu_chb': 0.0} -67537.53294974867
x: {'t1': 1.71516, 't2': 2.38156, 't3': 95.15226, 'N_anc': 478.78884, 'N_yri': 379.2215, 'N_ooa': 881.39729, 'N_ceu': 343.03244, 'N_chb': 291.38805, 'gr_ceu': 2e-05, 'gr_chb': 2e-05, 'm_yri_ooa': 0.0, 'm_yri_ceu': 1e-05, 'm_yri_chb': 0.0, 'm_ceu_chb': 0.0} -67537.53294974867
x_down: {'t1': 1.71516, 't2': 2.38156, 't3': 95.15226, 'N_anc': 478.78884, 'N_yri': 379.2215, 'N_ooa': 881.39729, 'N_ceu': 343.03244, 'N_chb': 291.38805, 'gr_ceu': 2e-05, 'gr_chb': 2e-05, 'm_yri_ooa': 1e-05, 'm_yri_ceu': 1e-05, 'm_yri_chb': 0.0, 'm_ceu_chb': 0.0} -67537.53566991178
 
 
x_up: {'t1': 1.71516, 't2': 2.38156, 't3': 95.15226, 'N_anc': 478.78884, 'N_yri': 379.2215, 'N_ooa': 881.39729, 'N_ceu': 343.03244, 'N_chb': 291.38805, 'gr_ceu': 2e-05, 'gr_chb': 2e-05, 'm_yri_ooa': 0.0, 'm_yri_ceu': 0.0, 'm_yri_chb': 0.0, 'm_ceu_chb': 0.0} -67537.53294969069
x: {'t1': 1.71516, 't2': 2.38156, 't3': 95.15226, 'N_anc': 478.78884, 'N_yri': 379.2215, 'N_ooa': 881.39729, 'N_ceu': 343.03244, 'N_chb': 291.38805, 'gr_ceu': 2e-05, 'gr_chb': 2e-05, 'm_yri_ooa': 0.0, 'm_yri_ceu': 1e-05, 'm_yri_chb': 0.0, 'm_ceu_chb': 0.0} -67537.53294974867
x_down: {'t1': 1.71516, 't2': 2.38156, 't3': 95.15226, 'N_anc': 478.78884, 'N_yri': 379.2215, 'N_ooa': 881.39729, 'N_ceu': 343.03244, 'N_chb': 291.38805, 'gr_ceu': 2e-05, 'gr_chb': 2e-05, 'm_yri_ooa': 0.0, 'm_yri_ceu': 1e-05, 'm_yri_chb': 0.0, 'm_ceu_chb': 0.0} -67537.53294974867
 
 
x_up: {'t1': 1.71516, 't2': 2.38156, 't3': 95.15226, 'N_anc': 478.78884, 'N_yri': 379.2215, 'N_ooa': 881.39729, 'N_ceu': 343.03244, 'N_chb': 291.38805, 'gr_ceu': 2e-05, 'gr_chb': 2e-05, 'm_yri_ooa': 0.0, 'm_yri_ceu': 0.0, 'm_yri_chb': 0.0, 'm_ceu_chb': 0.0} -67537.53294969069
x: {'t1': 1.71516, 't2': 2.38156, 't3': 95.15226, 'N_anc': 478.78884, 'N_yri': 379.2215, 'N_ooa': 881.39729, 'N_ceu': 343.03244, 'N_chb': 291.38805, 'gr_ceu': 2e-05, 'gr_chb': 2e-05, 'm_yri_ooa': 0.0, 'm_yri_ceu': 0.0, 'm_yri_chb': 0.0, 'm_ceu_chb': 0.0} -67537.53294969069
x_down: {'t1': 1.71516, 't2': 2.38156, 't3': 95.15226, 'N_anc': 478.78884, 'N_yri': 379.2215, 'N_ooa': 881.39729, 'N_ceu': 343.03244, 'N_chb': 291.38805, 'gr_ceu': 2e-05, 'gr_chb': 2e-05, 'm_yri_ooa': 0.0, 'm_yri_ceu': 0.0, 'm_yri_chb': 1e-05, 'm_ceu_chb': 0.0} -67537.53294974857
 
 
x_up: {'t1': 1.71516, 't2': 2.38156, 't3': 95.15226, 'N_anc': 478.78884, 'N_yri': 379.2215, 'N_ooa': 881.39729, 'N_ceu': 343.03244, 'N_chb': 291.38805, 'gr_ceu': 2e-05, 'gr_chb': 2e-05, 'm_yri_ooa': 0.0, 'm_yri_ceu': 0.0, 'm_yri_chb': 0.0, 'm_ceu_chb': 0.0} -67537.53294969069
x: {'t1': 1.71516, 't2': 2.38156, 't3': 95.15226, 'N_anc': 478.78884, 'N_yri': 379.2215, 'N_ooa': 881.39729, 'N_ceu': 343.03244, 'N_chb': 291.38805, 'gr_ceu': 2e-05, 'gr_chb': 2e-05, 'm_yri_ooa': 0.0, 'm_yri_ceu': 0.0, 'm_yri_chb': 0.0, 'm_ceu_chb': 0.0} -67537.53294969069
x_down: {'t1': 1.71516, 't2': 2.38156, 't3': 95.15226, 'N_anc': 478.78884, 'N_yri': 379.2215, 'N_ooa': 881.39729, 'N_ceu': 343.03244, 'N_chb': 291.38805, 'gr_ceu': 2e-05, 'gr_chb': 2e-05, 'm_yri_ooa': 0.0, 'm_yri_ceu': 0.0, 'm_yri_chb': 0.0, 'm_ceu_chb': 1e-05} -67537.53294974928
 
{'t1': 1.71516, 't2': 2.38156, 't3': 95.15226, 'N_anc': 478.78884, 'N_yri': 379.2215, 'N_ooa': 881.39729, 'N_ceu': 343.03244, 'N_chb': 291.38805, 'gr_ceu': 2e-05, 'gr_chb': 2e-05, 'm_yri_ooa': 0.0, 'm_yri_ceu': 0.0, 'm_yri_chb': 0.0, 'm_ceu_chb': 0.0} -67537.53294969069
 
x_up: {'t1': 1.78544, 't2': 2.38156, 't3': 95.15226, 'N_anc': 478.78884, 'N_yri': 379.2215, 'N_ooa': 881.39729, 'N_ceu': 343.03244, 'N_chb': 291.38805, 'gr_ceu': 2e-05, 'gr_chb': 2e-05, 'm_yri_ooa': 0.0, 'm_yri_ceu': 0.0, 'm_yri_chb': 0.0, 'm_ceu_chb': 0.0} -67553.0783341879
x: {'t1': 1.71516, 't2': 2.38156, 't3': 95.15226, 'N_anc': 478.78884, 'N_yri': 379.2215, 'N_ooa': 881.39729, 'N_ceu': 343.03244, 'N_chb': 291.38805, 'gr_ceu': 2e-05, 'gr_chb': 2e-05, 'm_yri_ooa': 0.0, 'm_yri_ceu': 0.0, 'm_yri_chb': 0.0, 'm_ceu_chb': 0.0} -67537.53294969069
x_down: {'t1': 1.64488, 't2': 2.38156, 't3': 95.15226, 'N_anc': 478.78884, 'N_yri': 379.2215, 'N_ooa': 881.39729, 'N_ceu': 343.03244, 'N_chb': 291.38805, 'gr_ceu': 2e-05, 'gr_chb': 2e-05, 'm_yri_ooa': 0.0, 'm_yri_ceu': 0.0, 'm_yri_chb': 0.0, 'm_ceu_chb': 0.0} -67550.59069090623
 
 
x_up: {'t1': 1.71516, 't2': 2.41488, 't3': 95.15226, 'N_anc': 478.78884, 'N_yri': 379.2215, 'N_ooa': 881.39729, 'N_ceu': 343.03244, 'N_chb': 291.38805, 'gr_ceu': 2e-05, 'gr_chb': 2e-05, 'm_yri_ooa': 0.0, 'm_yri_ceu': 0.0, 'm_yri_chb': 0.0, 'm_ceu_chb': 0.0} -67552.7938851995
x: {'t1': 1.71516, 't2': 2.38156, 't3': 95.15226, 'N_anc': 478.78884, 'N_yri': 379.2215, 'N_ooa': 881.39729, 'N_ceu': 343.03244, 'N_chb': 291.38805, 'gr_ceu': 2e-05, 'gr_chb': 2e-05, 'm_yri_ooa': 0.0, 'm_yri_ceu': 0.0, 'm_yri_chb': 0.0, 'm_ceu_chb': 0.0} -67537.53294969069
x_down: {'t1': 1.71516, 't2': 2.34824, 't3': 95.15226, 'N_anc': 478.78884, 'N_yri': 379.2215, 'N_ooa': 881.39729, 'N_ceu': 343.03244, 'N_chb': 291.38805, 'gr_ceu': 2e-05, 'gr_chb': 2e-05, 'm_yri_ooa': 0.0, 'm_yri_ceu': 0.0, 'm_yri_chb': 0.0, 'm_ceu_chb': 0.0} -67541.30388576825
 
 
x_up: {'t1': 1.71516, 't2': 2.38156, 't3': 99.7908, 'N_anc': 478.78884, 'N_yri': 379.2215, 'N_ooa': 881.39729, 'N_ceu': 343.03244, 'N_chb': 291.38805, 'gr_ceu': 2e-05, 'gr_chb': 2e-05, 'm_yri_ooa': 0.0, 'm_yri_ceu': 0.0, 'm_yri_chb': 0.0, 'm_ceu_chb': 0.0} -67539.65944066772
x: {'t1': 1.71516, 't2': 2.38156, 't3': 95.15226, 'N_anc': 478.78884, 'N_yri': 379.2215, 'N_ooa': 881.39729, 'N_ceu': 343.03244, 'N_chb': 291.38805, 'gr_ceu': 2e-05, 'gr_chb': 2e-05, 'm_yri_ooa': 0.0, 'm_yri_ceu': 0.0, 'm_yri_chb': 0.0, 'm_ceu_chb': 0.0} -67537.53294969069
x_down: {'t1': 1.71516, 't2': 2.38156, 't3': 90.51372, 'N_anc': 478.78884, 'N_yri': 379.2215, 'N_ooa': 881.39729, 'N_ceu': 343.03244, 'N_chb': 291.38805, 'gr_ceu': 2e-05, 'gr_chb': 2e-05, 'm_yri_ooa': 0.0, 'm_yri_ceu': 0.0, 'm_yri_chb': 0.0, 'm_ceu_chb': 0.0} -67542.98644804311
 
 
x_up: {'t1': 1.71516, 't2': 2.38156, 't3': 95.15226, 'N_anc': 497.72828, 'N_yri': 379.2215, 'N_ooa': 881.39729, 'N_ceu': 343.03244, 'N_chb': 291.38805, 'gr_ceu': 2e-05, 'gr_chb': 2e-05, 'm_yri_ooa': 0.0, 'm_yri_ceu': 0.0, 'm_yri_chb': 0.0, 'm_ceu_chb': 0.0} -67537.56005454515
x: {'t1': 1.71516, 't2': 2.38156, 't3': 95.15226, 'N_anc': 478.78884, 'N_yri': 379.2215, 'N_ooa': 881.39729, 'N_ceu': 343.03244, 'N_chb': 291.38805, 'gr_ceu': 2e-05, 'gr_chb': 2e-05, 'm_yri_ooa': 0.0, 'm_yri_ceu': 0.0, 'm_yri_chb': 0.0, 'm_ceu_chb': 0.0} -67537.53294969069
x_down: {'t1': 1.71516, 't2': 2.38156, 't3': 95.15226, 'N_anc': 459.8494, 'N_yri': 379.2215, 'N_ooa': 881.39729, 'N_ceu': 343.03244, 'N_chb': 291.38805, 'gr_ceu': 2e-05, 'gr_chb': 2e-05, 'm_yri_ooa': 0.0, 'm_yri_ceu': 0.0, 'm_yri_chb': 0.0, 'm_ceu_chb': 0.0} -67537.80835220462
 
 
x_up: {'t1': 1.71516, 't2': 2.38156, 't3': 95.15226, 'N_anc': 478.78884, 'N_yri': 393.18257, 'N_ooa': 881.39729, 'N_ceu': 343.03244, 'N_chb': 291.38805, 'gr_ceu': 2e-05, 'gr_chb': 2e-05, 'm_yri_ooa': 0.0, 'm_yri_ceu': 0.0, 'm_yri_chb': 0.0, 'm_ceu_chb': 0.0} -67540.97018990327
x: {'t1': 1.71516, 't2': 2.38156, 't3': 95.15226, 'N_anc': 478.78884, 'N_yri': 379.2215, 'N_ooa': 881.39729, 'N_ceu': 343.03244, 'N_chb': 291.38805, 'gr_ceu': 2e-05, 'gr_chb': 2e-05, 'm_yri_ooa': 0.0, 'm_yri_ceu': 0.0, 'm_yri_chb': 0.0, 'm_ceu_chb': 0.0} -67537.53294969069
x_down: {'t1': 1.71516, 't2': 2.38156, 't3': 95.15226, 'N_anc': 478.78884, 'N_yri': 365.26042, 'N_ooa': 881.39729, 'N_ceu': 343.03244, 'N_chb': 291.38805, 'gr_ceu': 2e-05, 'gr_chb': 2e-05, 'm_yri_ooa': 0.0, 'm_yri_ceu': 0.0, 'm_yri_chb': 0.0, 'm_ceu_chb': 0.0} -67538.67313640263
 
 
x_up: {'t1': 1.71516, 't2': 2.38156, 't3': 95.15226, 'N_anc': 478.78884, 'N_yri': 379.2215, 'N_ooa': 940.00209, 'N_ceu': 343.03244, 'N_chb': 291.38805, 'gr_ceu': 2e-05, 'gr_chb': 2e-05, 'm_yri_ooa': 0.0, 'm_yri_ceu': 0.0, 'm_yri_chb': 0.0, 'm_ceu_chb': 0.0} -67542.12168558646
x: {'t1': 1.71516, 't2': 2.38156, 't3': 95.15226, 'N_anc': 478.78884, 'N_yri': 379.2215, 'N_ooa': 881.39729, 'N_ceu': 343.03244, 'N_chb': 291.38805, 'gr_ceu': 2e-05, 'gr_chb': 2e-05, 'm_yri_ooa': 0.0, 'm_yri_ceu': 0.0, 'm_yri_chb': 0.0, 'm_ceu_chb': 0.0} -67537.53294969069
x_down: {'t1': 1.71516, 't2': 2.38156, 't3': 95.15226, 'N_anc': 478.78884, 'N_yri': 379.2215, 'N_ooa': 822.79249, 'N_ceu': 343.03244, 'N_chb': 291.38805, 'gr_ceu': 2e-05, 'gr_chb': 2e-05, 'm_yri_ooa': 0.0, 'm_yri_ceu': 0.0, 'm_yri_chb': 0.0, 'm_ceu_chb': 0.0} -67560.04221963868
 
 
x_up: {'t1': 1.71516, 't2': 2.38156, 't3': 95.15226, 'N_anc': 478.78884, 'N_yri': 379.2215, 'N_ooa': 881.39729, 'N_ceu': 355.18406, 'N_chb': 291.38805, 'gr_ceu': 2e-05, 'gr_chb': 2e-05, 'm_yri_ooa': 0.0, 'm_yri_ceu': 0.0, 'm_yri_chb': 0.0, 'm_ceu_chb': 0.0} -67538.49044087577
x: {'t1': 1.71516, 't2': 2.38156, 't3': 95.15226, 'N_anc': 478.78884, 'N_yri': 379.2215, 'N_ooa': 881.39729, 'N_ceu': 343.03244, 'N_chb': 291.38805, 'gr_ceu': 2e-05, 'gr_chb': 2e-05, 'm_yri_ooa': 0.0, 'm_yri_ceu': 0.0, 'm_yri_chb': 0.0, 'm_ceu_chb': 0.0} -67537.53294969069
x_down: {'t1': 1.71516, 't2': 2.38156, 't3': 95.15226, 'N_anc': 478.78884, 'N_yri': 379.2215, 'N_ooa': 881.39729, 'N_ceu': 330.88082, 'N_chb': 291.38805, 'gr_ceu': 2e-05, 'gr_chb': 2e-05, 'm_yri_ooa': 0.0, 'm_yri_ceu': 0.0, 'm_yri_chb': 0.0, 'm_ceu_chb': 0.0} -67537.66146553258
 
 
x_up: {'t1': 1.71516, 't2': 2.38156, 't3': 95.15226, 'N_anc': 478.78884, 'N_yri': 379.2215, 'N_ooa': 881.39729, 'N_ceu': 343.03244, 'N_chb': 300.95745, 'gr_ceu': 2e-05, 'gr_chb': 2e-05, 'm_yri_ooa': 0.0, 'm_yri_ceu': 0.0, 'm_yri_chb': 0.0, 'm_ceu_chb': 0.0} -67537.95817066448
x: {'t1': 1.71516, 't2': 2.38156, 't3': 95.15226, 'N_anc': 478.78884, 'N_yri': 379.2215, 'N_ooa': 881.39729, 'N_ceu': 343.03244, 'N_chb': 291.38805, 'gr_ceu': 2e-05, 'gr_chb': 2e-05, 'm_yri_ooa': 0.0, 'm_yri_ceu': 0.0, 'm_yri_chb': 0.0, 'm_ceu_chb': 0.0} -67537.53294969069
x_down: {'t1': 1.71516, 't2': 2.38156, 't3': 95.15226, 'N_anc': 478.78884, 'N_yri': 379.2215, 'N_ooa': 881.39729, 'N_ceu': 343.03244, 'N_chb': 281.81865, 'gr_ceu': 2e-05, 'gr_chb': 2e-05, 'm_yri_ooa': 0.0, 'm_yri_ceu': 0.0, 'm_yri_chb': 0.0, 'm_ceu_chb': 0.0} -67538.16327452334
 
 
x_up: {'t1': 1.71516, 't2': 2.38156, 't3': 95.15226, 'N_anc': 478.78884, 'N_yri': 379.2215, 'N_ooa': 881.39729, 'N_ceu': 343.03244, 'N_chb': 291.38805, 'gr_ceu': 3e-05, 'gr_chb': 2e-05, 'm_yri_ooa': 0.0, 'm_yri_ceu': 0.0, 'm_yri_chb': 0.0, 'm_ceu_chb': 0.0} -67537.53348432692
x: {'t1': 1.71516, 't2': 2.38156, 't3': 95.15226, 'N_anc': 478.78884, 'N_yri': 379.2215, 'N_ooa': 881.39729, 'N_ceu': 343.03244, 'N_chb': 291.38805, 'gr_ceu': 2e-05, 'gr_chb': 2e-05, 'm_yri_ooa': 0.0, 'm_yri_ceu': 0.0, 'm_yri_chb': 0.0, 'm_ceu_chb': 0.0} -67537.53294969069
x_down: {'t1': 1.71516, 't2': 2.38156, 't3': 95.15226, 'N_anc': 478.78884, 'N_yri': 379.2215, 'N_ooa': 881.39729, 'N_ceu': 343.03244, 'N_chb': 291.38805, 'gr_ceu': 1e-05, 'gr_chb': 2e-05, 'm_yri_ooa': 0.0, 'm_yri_ceu': 0.0, 'm_yri_chb': 0.0, 'm_ceu_chb': 0.0} -67537.53241514628
 
 
x_up: {'t1': 1.71516, 't2': 2.38156, 't3': 95.15226, 'N_anc': 478.78884, 'N_yri': 379.2215, 'N_ooa': 881.39729, 'N_ceu': 343.03244, 'N_chb': 291.38805, 'gr_ceu': 1e-05, 'gr_chb': 3e-05, 'm_yri_ooa': 0.0, 'm_yri_ceu': 0.0, 'm_yri_chb': 0.0, 'm_ceu_chb': 0.0} -67537.53288936235
x: {'t1': 1.71516, 't2': 2.38156, 't3': 95.15226, 'N_anc': 478.78884, 'N_yri': 379.2215, 'N_ooa': 881.39729, 'N_ceu': 343.03244, 'N_chb': 291.38805, 'gr_ceu': 1e-05, 'gr_chb': 2e-05, 'm_yri_ooa': 0.0, 'm_yri_ceu': 0.0, 'm_yri_chb': 0.0, 'm_ceu_chb': 0.0} -67537.53241514628
x_down: {'t1': 1.71516, 't2': 2.38156, 't3': 95.15226, 'N_anc': 478.78884, 'N_yri': 379.2215, 'N_ooa': 881.39729, 'N_ceu': 343.03244, 'N_chb': 291.38805, 'gr_ceu': 1e-05, 'gr_chb': 1e-05, 'm_yri_ooa': 0.0, 'm_yri_ceu': 0.0, 'm_yri_chb': 0.0, 'm_ceu_chb': 0.0} -67537.53194103636
 
 
x_up: {'t1': 1.71516, 't2': 2.38156, 't3': 95.15226, 'N_anc': 478.78884, 'N_yri': 379.2215, 'N_ooa': 881.39729, 'N_ceu': 343.03244, 'N_chb': 291.38805, 'gr_ceu': 1e-05, 'gr_chb': 1e-05, 'm_yri_ooa': 0.0, 'm_yri_ceu': 0.0, 'm_yri_chb': 0.0, 'm_ceu_chb': 0.0} -67537.53194103636
x: {'t1': 1.71516, 't2': 2.38156, 't3': 95.15226, 'N_anc': 478.78884, 'N_yri': 379.2215, 'N_ooa': 881.39729, 'N_ceu': 343.03244, 'N_chb': 291.38805, 'gr_ceu': 1e-05, 'gr_chb': 1e-05, 'm_yri_ooa': 0.0, 'm_yri_ceu': 0.0, 'm_yri_chb': 0.0, 'm_ceu_chb': 0.0} -67537.53194103636
x_down: {'t1': 1.71516, 't2': 2.38156, 't3': 95.15226, 'N_anc': 478.78884, 'N_yri': 379.2215, 'N_ooa': 881.39729, 'N_ceu': 343.03244, 'N_chb': 291.38805, 'gr_ceu': 1e-05, 'gr_chb': 1e-05, 'm_yri_ooa': 1e-05, 'm_yri_ceu': 0.0, 'm_yri_chb': 0.0, 'm_ceu_chb': 0.0} -67537.53466122693
 
 
x_up: {'t1': 1.71516, 't2': 2.38156, 't3': 95.15226, 'N_anc': 478.78884, 'N_yri': 379.2215, 'N_ooa': 881.39729, 'N_ceu': 343.03244, 'N_chb': 291.38805, 'gr_ceu': 1e-05, 'gr_chb': 1e-05, 'm_yri_ooa': 0.0, 'm_yri_ceu': 0.0, 'm_yri_chb': 0.0, 'm_ceu_chb': 0.0} -67537.53194103636
x: {'t1': 1.71516, 't2': 2.38156, 't3': 95.15226, 'N_anc': 478.78884, 'N_yri': 379.2215, 'N_ooa': 881.39729, 'N_ceu': 343.03244, 'N_chb': 291.38805, 'gr_ceu': 1e-05, 'gr_chb': 1e-05, 'm_yri_ooa': 0.0, 'm_yri_ceu': 0.0, 'm_yri_chb': 0.0, 'm_ceu_chb': 0.0} -67537.53194103636
x_down: {'t1': 1.71516, 't2': 2.38156, 't3': 95.15226, 'N_anc': 478.78884, 'N_yri': 379.2215, 'N_ooa': 881.39729, 'N_ceu': 343.03244, 'N_chb': 291.38805, 'gr_ceu': 1e-05, 'gr_chb': 1e-05, 'm_yri_ooa': 0.0, 'm_yri_ceu': 1e-05, 'm_yri_chb': 0.0, 'm_ceu_chb': 0.0} -67537.53194109374
 
 
x_up: {'t1': 1.71516, 't2': 2.38156, 't3': 95.15226, 'N_anc': 478.78884, 'N_yri': 379.2215, 'N_ooa': 881.39729, 'N_ceu': 343.03244, 'N_chb': 291.38805, 'gr_ceu': 1e-05, 'gr_chb': 1e-05, 'm_yri_ooa': 0.0, 'm_yri_ceu': 0.0, 'm_yri_chb': 0.0, 'm_ceu_chb': 0.0} -67537.53194103636
x: {'t1': 1.71516, 't2': 2.38156, 't3': 95.15226, 'N_anc': 478.78884, 'N_yri': 379.2215, 'N_ooa': 881.39729, 'N_ceu': 343.03244, 'N_chb': 291.38805, 'gr_ceu': 1e-05, 'gr_chb': 1e-05, 'm_yri_ooa': 0.0, 'm_yri_ceu': 0.0, 'm_yri_chb': 0.0, 'm_ceu_chb': 0.0} -67537.53194103636
x_down: {'t1': 1.71516, 't2': 2.38156, 't3': 95.15226, 'N_anc': 478.78884, 'N_yri': 379.2215, 'N_ooa': 881.39729, 'N_ceu': 343.03244, 'N_chb': 291.38805, 'gr_ceu': 1e-05, 'gr_chb': 1e-05, 'm_yri_ooa': 0.0, 'm_yri_ceu': 0.0, 'm_yri_chb': 1e-05, 'm_ceu_chb': 0.0} -67537.53194109364
 
 
x_up: {'t1': 1.71516, 't2': 2.38156, 't3': 95.15226, 'N_anc': 478.78884, 'N_yri': 379.2215, 'N_ooa': 881.39729, 'N_ceu': 343.03244, 'N_chb': 291.38805, 'gr_ceu': 1e-05, 'gr_chb': 1e-05, 'm_yri_ooa': 0.0, 'm_yri_ceu': 0.0, 'm_yri_chb': 0.0, 'm_ceu_chb': 0.0} -67537.53194103636
x: {'t1': 1.71516, 't2': 2.38156, 't3': 95.15226, 'N_anc': 478.78884, 'N_yri': 379.2215, 'N_ooa': 881.39729, 'N_ceu': 343.03244, 'N_chb': 291.38805, 'gr_ceu': 1e-05, 'gr_chb': 1e-05, 'm_yri_ooa': 0.0, 'm_yri_ceu': 0.0, 'm_yri_chb': 0.0, 'm_ceu_chb': 0.0} -67537.53194103636
x_down: {'t1': 1.71516, 't2': 2.38156, 't3': 95.15226, 'N_anc': 478.78884, 'N_yri': 379.2215, 'N_ooa': 881.39729, 'N_ceu': 343.03244, 'N_chb': 291.38805, 'gr_ceu': 1e-05, 'gr_chb': 1e-05, 'm_yri_ooa': 0.0, 'm_yri_ceu': 0.0, 'm_yri_chb': 0.0, 'm_ceu_chb': 1e-05} -67537.53194109435
 
{'t1': 1.71516, 't2': 2.38156, 't3': 95.15226, 'N_anc': 478.78884, 'N_yri': 379.2215, 'N_ooa': 881.39729, 'N_ceu': 343.03244, 'N_chb': 291.38805, 'gr_ceu': 1e-05, 'gr_chb': 1e-05, 'm_yri_ooa': 0.0, 'm_yri_ceu': 0.0, 'm_yri_chb': 0.0, 'm_ceu_chb': 0.0} -67537.53194103636
 
x_up: {'t1': 1.7503, 't2': 2.38156, 't3': 95.15226, 'N_anc': 478.78884, 'N_yri': 379.2215, 'N_ooa': 881.39729, 'N_ceu': 343.03244, 'N_chb': 291.38805, 'gr_ceu': 1e-05, 'gr_chb': 1e-05, 'm_yri_ooa': 0.0, 'm_yri_ceu': 0.0, 'm_yri_chb': 0.0, 'm_ceu_chb': 0.0} -67536.21232000442
x: {'t1': 1.71516, 't2': 2.38156, 't3': 95.15226, 'N_anc': 478.78884, 'N_yri': 379.2215, 'N_ooa': 881.39729, 'N_ceu': 343.03244, 'N_chb': 291.38805, 'gr_ceu': 1e-05, 'gr_chb': 1e-05, 'm_yri_ooa': 0.0, 'm_yri_ceu': 0.0, 'm_yri_chb': 0.0, 'm_ceu_chb': 0.0} -67537.53194103636
x_down: {'t1': 1.68002, 't2': 2.38156, 't3': 95.15226, 'N_anc': 478.78884, 'N_yri': 379.2215, 'N_ooa': 881.39729, 'N_ceu': 343.03244, 'N_chb': 291.38805, 'gr_ceu': 1e-05, 'gr_chb': 1e-05, 'm_yri_ooa': 0.0, 'm_yri_ceu': 0.0, 'm_yri_chb': 0.0, 'm_ceu_chb': 0.0} -67548.26107177374
 
 
x_up: {'t1': 1.7503, 't2': 2.41312, 't3': 95.15226, 'N_anc': 478.78884, 'N_yri': 379.2215, 'N_ooa': 881.39729, 'N_ceu': 343.03244, 'N_chb': 291.38805, 'gr_ceu': 1e-05, 'gr_chb': 1e-05, 'm_yri_ooa': 0.0, 'm_yri_ceu': 0.0, 'm_yri_chb': 0.0, 'm_ceu_chb': 0.0} -67549.46275806538
x: {'t1': 1.7503, 't2': 2.38156, 't3': 95.15226, 'N_anc': 478.78884, 'N_yri': 379.2215, 'N_ooa': 881.39729, 'N_ceu': 343.03244, 'N_chb': 291.38805, 'gr_ceu': 1e-05, 'gr_chb': 1e-05, 'm_yri_ooa': 0.0, 'm_yri_ceu': 0.0, 'm_yri_chb': 0.0, 'm_ceu_chb': 0.0} -67536.21232000442
x_down: {'t1': 1.7503, 't2': 2.35, 't3': 95.15226, 'N_anc': 478.78884, 'N_yri': 379.2215, 'N_ooa': 881.39729, 'N_ceu': 343.03244, 'N_chb': 291.38805, 'gr_ceu': 1e-05, 'gr_chb': 1e-05, 'm_yri_ooa': 0.0, 'm_yri_ceu': 0.0, 'm_yri_chb': 0.0, 'm_ceu_chb': 0.0} -67543.74180389027
 
 
x_up: {'t1': 1.7503, 't2': 2.38156, 't3': 99.7908, 'N_anc': 478.78884, 'N_yri': 379.2215, 'N_ooa': 881.39729, 'N_ceu': 343.03244, 'N_chb': 291.38805, 'gr_ceu': 1e-05, 'gr_chb': 1e-05, 'm_yri_ooa': 0.0, 'm_yri_ceu': 0.0, 'm_yri_chb': 0.0, 'm_ceu_chb': 0.0} -67538.33881098147
x: {'t1': 1.7503, 't2': 2.38156, 't3': 95.15226, 'N_anc': 478.78884, 'N_yri': 379.2215, 'N_ooa': 881.39729, 'N_ceu': 343.03244, 'N_chb': 291.38805, 'gr_ceu': 1e-05, 'gr_chb': 1e-05, 'm_yri_ooa': 0.0, 'm_yri_ceu': 0.0, 'm_yri_chb': 0.0, 'm_ceu_chb': 0.0} -67536.21232000442
x_down: {'t1': 1.7503, 't2': 2.38156, 't3': 90.51372, 'N_anc': 478.78884, 'N_yri': 379.2215, 'N_ooa': 881.39729, 'N_ceu': 343.03244, 'N_chb': 291.38805, 'gr_ceu': 1e-05, 'gr_chb': 1e-05, 'm_yri_ooa': 0.0, 'm_yri_ceu': 0.0, 'm_yri_chb': 0.0, 'm_ceu_chb': 0.0} -67541.66581835687
 
 
x_up: {'t1': 1.7503, 't2': 2.38156, 't3': 95.15226, 'N_anc': 497.72828, 'N_yri': 379.2215, 'N_ooa': 881.39729, 'N_ceu': 343.03244, 'N_chb': 291.38805, 'gr_ceu': 1e-05, 'gr_chb': 1e-05, 'm_yri_ooa': 0.0, 'm_yri_ceu': 0.0, 'm_yri_chb': 0.0, 'm_ceu_chb': 0.0} -67536.2394248589
x: {'t1': 1.7503, 't2': 2.38156, 't3': 95.15226, 'N_anc': 478.78884, 'N_yri': 379.2215, 'N_ooa': 881.39729, 'N_ceu': 343.03244, 'N_chb': 291.38805, 'gr_ceu': 1e-05, 'gr_chb': 1e-05, 'm_yri_ooa': 0.0, 'm_yri_ceu': 0.0, 'm_yri_chb': 0.0, 'm_ceu_chb': 0.0} -67536.21232000442
x_down: {'t1': 1.7503, 't2': 2.38156, 't3': 95.15226, 'N_anc': 459.8494, 'N_yri': 379.2215, 'N_ooa': 881.39729, 'N_ceu': 343.03244, 'N_chb': 291.38805, 'gr_ceu': 1e-05, 'gr_chb': 1e-05, 'm_yri_ooa': 0.0, 'm_yri_ceu': 0.0, 'm_yri_chb': 0.0, 'm_ceu_chb': 0.0} -67536.48772251836
 
 
x_up: {'t1': 1.7503, 't2': 2.38156, 't3': 95.15226, 'N_anc': 478.78884, 'N_yri': 393.18257, 'N_ooa': 881.39729, 'N_ceu': 343.03244, 'N_chb': 291.38805, 'gr_ceu': 1e-05, 'gr_chb': 1e-05, 'm_yri_ooa': 0.0, 'm_yri_ceu': 0.0, 'm_yri_chb': 0.0, 'm_ceu_chb': 0.0} -67541.60084665017
x: {'t1': 1.7503, 't2': 2.38156, 't3': 95.15226, 'N_anc': 478.78884, 'N_yri': 379.2215, 'N_ooa': 881.39729, 'N_ceu': 343.03244, 'N_chb': 291.38805, 'gr_ceu': 1e-05, 'gr_chb': 1e-05, 'm_yri_ooa': 0.0, 'm_yri_ceu': 0.0, 'm_yri_chb': 0.0, 'm_ceu_chb': 0.0} -67536.21232000442
x_down: {'t1': 1.7503, 't2': 2.38156, 't3': 95.15226, 'N_anc': 478.78884, 'N_yri': 365.26042, 'N_ooa': 881.39729, 'N_ceu': 343.03244, 'N_chb': 291.38805, 'gr_ceu': 1e-05, 'gr_chb': 1e-05, 'm_yri_ooa': 0.0, 'm_yri_ceu': 0.0, 'm_yri_chb': 0.0, 'm_ceu_chb': 0.0} -67542.09522687823
 
 
x_up: {'t1': 1.7503, 't2': 2.38156, 't3': 95.15226, 'N_anc': 478.78884, 'N_yri': 379.2215, 'N_ooa': 920.46715, 'N_ceu': 343.03244, 'N_chb': 291.38805, 'gr_ceu': 1e-05, 'gr_chb': 1e-05, 'm_yri_ooa': 0.0, 'm_yri_ceu': 0.0, 'm_yri_chb': 0.0, 'm_ceu_chb': 0.0} -67540.4877688433
x: {'t1': 1.7503, 't2': 2.38156, 't3': 95.15226, 'N_anc': 478.78884, 'N_yri': 379.2215, 'N_ooa': 881.39729, 'N_ceu': 343.03244, 'N_chb': 291.38805, 'gr_ceu': 1e-05, 'gr_chb': 1e-05, 'm_yri_ooa': 0.0, 'm_yri_ceu': 0.0, 'm_yri_chb': 0.0, 'm_ceu_chb': 0.0} -67536.21232000442
x_down: {'t1': 1.7503, 't2': 2.38156, 't3': 95.15226, 'N_anc': 478.78884, 'N_yri': 379.2215, 'N_ooa': 842.32743, 'N_ceu': 343.03244, 'N_chb': 291.38805, 'gr_ceu': 1e-05, 'gr_chb': 1e-05, 'm_yri_ooa': 0.0, 'm_yri_ceu': 0.0, 'm_yri_chb': 0.0, 'm_ceu_chb': 0.0} -67548.17090389927
 
 
x_up: {'t1': 1.7503, 't2': 2.38156, 't3': 95.15226, 'N_anc': 478.78884, 'N_yri': 379.2215, 'N_ooa': 881.39729, 'N_ceu': 355.18406, 'N_chb': 291.38805, 'gr_ceu': 1e-05, 'gr_chb': 1e-05, 'm_yri_ooa': 0.0, 'm_yri_ceu': 0.0, 'm_yri_chb': 0.0, 'm_ceu_chb': 0.0} -67536.89675766871
x: {'t1': 1.7503, 't2': 2.38156, 't3': 95.15226, 'N_anc': 478.78884, 'N_yri': 379.2215, 'N_ooa': 881.39729, 'N_ceu': 343.03244, 'N_chb': 291.38805, 'gr_ceu': 1e-05, 'gr_chb': 1e-05, 'm_yri_ooa': 0.0, 'm_yri_ceu': 0.0, 'm_yri_chb': 0.0, 'm_ceu_chb': 0.0} -67536.21232000442
x_down: {'t1': 1.7503, 't2': 2.38156, 't3': 95.15226, 'N_anc': 478.78884, 'N_yri': 379.2215, 'N_ooa': 881.39729, 'N_ceu': 330.88082, 'N_chb': 291.38805, 'gr_ceu': 1e-05, 'gr_chb': 1e-05, 'm_yri_ooa': 0.0, 'm_yri_ceu': 0.0, 'm_yri_chb': 0.0, 'm_ceu_chb': 0.0} -67536.51812891585
 
 
x_up: {'t1': 1.7503, 't2': 2.38156, 't3': 95.15226, 'N_anc': 478.78884, 'N_yri': 379.2215, 'N_ooa': 881.39729, 'N_ceu': 343.03244, 'N_chb': 300.95745, 'gr_ceu': 1e-05, 'gr_chb': 1e-05, 'm_yri_ooa': 0.0, 'm_yri_ceu': 0.0, 'm_yri_chb': 0.0, 'm_ceu_chb': 0.0} -67537.10708869151
x: {'t1': 1.7503, 't2': 2.38156, 't3': 95.15226, 'N_anc': 478.78884, 'N_yri': 379.2215, 'N_ooa': 881.39729, 'N_ceu': 343.03244, 'N_chb': 291.38805, 'gr_ceu': 1e-05, 'gr_chb': 1e-05, 'm_yri_ooa': 0.0, 'm_yri_ceu': 0.0, 'm_yri_chb': 0.0, 'm_ceu_chb': 0.0} -67536.21232000442
x_down: {'t1': 1.7503, 't2': 2.38156, 't3': 95.15226, 'N_anc': 478.78884, 'N_yri': 379.2215, 'N_ooa': 881.39729, 'N_ceu': 343.03244, 'N_chb': 281.81865, 'gr_ceu': 1e-05, 'gr_chb': 1e-05, 'm_yri_ooa': 0.0, 'm_yri_ceu': 0.0, 'm_yri_chb': 0.0, 'm_ceu_chb': 0.0} -67536.20786112057
 
 
x_up: {'t1': 1.7503, 't2': 2.38156, 't3': 95.15226, 'N_anc': 478.78884, 'N_yri': 379.2215, 'N_ooa': 881.39729, 'N_ceu': 343.03244, 'N_chb': 281.81865, 'gr_ceu': 2e-05, 'gr_chb': 1e-05, 'm_yri_ooa': 0.0, 'm_yri_ceu': 0.0, 'm_yri_chb': 0.0, 'm_ceu_chb': 0.0} -67536.20821355867
x: {'t1': 1.7503, 't2': 2.38156, 't3': 95.15226, 'N_anc': 478.78884, 'N_yri': 379.2215, 'N_ooa': 881.39729, 'N_ceu': 343.03244, 'N_chb': 281.81865, 'gr_ceu': 1e-05, 'gr_chb': 1e-05, 'm_yri_ooa': 0.0, 'm_yri_ceu': 0.0, 'm_yri_chb': 0.0, 'm_ceu_chb': 0.0} -67536.20786112057
x_down: {'t1': 1.7503, 't2': 2.38156, 't3': 95.15226, 'N_anc': 478.78884, 'N_yri': 379.2215, 'N_ooa': 881.39729, 'N_ceu': 343.03244, 'N_chb': 281.81865, 'gr_ceu': 1e-05, 'gr_chb': 1e-05, 'm_yri_ooa': 0.0, 'm_yri_ceu': 0.0, 'm_yri_chb': 0.0, 'm_ceu_chb': 0.0} -67536.20786112057
 
 
x_up: {'t1': 1.7503, 't2': 2.38156, 't3': 95.15226, 'N_anc': 478.78884, 'N_yri': 379.2215, 'N_ooa': 881.39729, 'N_ceu': 343.03244, 'N_chb': 281.81865, 'gr_ceu': 1e-05, 'gr_chb': 2e-05, 'm_yri_ooa': 0.0, 'm_yri_ceu': 0.0, 'm_yri_chb': 0.0, 'm_ceu_chb': 0.0} -67536.20811345577
x: {'t1': 1.7503, 't2': 2.38156, 't3': 95.15226, 'N_anc': 478.78884, 'N_yri': 379.2215, 'N_ooa': 881.39729, 'N_ceu': 343.03244, 'N_chb': 281.81865, 'gr_ceu': 1e-05, 'gr_chb': 1e-05, 'm_yri_ooa': 0.0, 'm_yri_ceu': 0.0, 'm_yri_chb': 0.0, 'm_ceu_chb': 0.0} -67536.20786112057
x_down: {'t1': 1.7503, 't2': 2.38156, 't3': 95.15226, 'N_anc': 478.78884, 'N_yri': 379.2215, 'N_ooa': 881.39729, 'N_ceu': 343.03244, 'N_chb': 281.81865, 'gr_ceu': 1e-05, 'gr_chb': 1e-05, 'm_yri_ooa': 0.0, 'm_yri_ceu': 0.0, 'm_yri_chb': 0.0, 'm_ceu_chb': 0.0} -67536.20786112057
 
 
x_up: {'t1': 1.7503, 't2': 2.38156, 't3': 95.15226, 'N_anc': 478.78884, 'N_yri': 379.2215, 'N_ooa': 881.39729, 'N_ceu': 343.03244, 'N_chb': 281.81865, 'gr_ceu': 1e-05, 'gr_chb': 1e-05, 'm_yri_ooa': 0.0, 'm_yri_ceu': 0.0, 'm_yri_chb': 0.0, 'm_ceu_chb': 0.0} -67536.20786112057
x: {'t1': 1.7503, 't2': 2.38156, 't3': 95.15226, 'N_anc': 478.78884, 'N_yri': 379.2215, 'N_ooa': 881.39729, 'N_ceu': 343.03244, 'N_chb': 281.81865, 'gr_ceu': 1e-05, 'gr_chb': 1e-05, 'm_yri_ooa': 0.0, 'm_yri_ceu': 0.0, 'm_yri_chb': 0.0, 'm_ceu_chb': 0.0} -67536.20786112057
x_down: {'t1': 1.7503, 't2': 2.38156, 't3': 95.15226, 'N_anc': 478.78884, 'N_yri': 379.2215, 'N_ooa': 881.39729, 'N_ceu': 343.03244, 'N_chb': 281.81865, 'gr_ceu': 1e-05, 'gr_chb': 1e-05, 'm_yri_ooa': 1e-05, 'm_yri_ceu': 0.0, 'm_yri_chb': 0.0, 'm_ceu_chb': 0.0} -67536.18298448512
 
 
x_up: {'t1': 1.7503, 't2': 2.38156, 't3': 95.15226, 'N_anc': 478.78884, 'N_yri': 379.2215, 'N_ooa': 881.39729, 'N_ceu': 343.03244, 'N_chb': 281.81865, 'gr_ceu': 1e-05, 'gr_chb': 1e-05, 'm_yri_ooa': 1e-05, 'm_yri_ceu': 0.0, 'm_yri_chb': 0.0, 'm_ceu_chb': 0.0} -67536.18298448512
x: {'t1': 1.7503, 't2': 2.38156, 't3': 95.15226, 'N_anc': 478.78884, 'N_yri': 379.2215, 'N_ooa': 881.39729, 'N_ceu': 343.03244, 'N_chb': 281.81865, 'gr_ceu': 1e-05, 'gr_chb': 1e-05, 'm_yri_ooa': 1e-05, 'm_yri_ceu': 0.0, 'm_yri_chb': 0.0, 'm_ceu_chb': 0.0} -67536.18298448512
x_down: {'t1': 1.7503, 't2': 2.38156, 't3': 95.15226, 'N_anc': 478.78884, 'N_yri': 379.2215, 'N_ooa': 881.39729, 'N_ceu': 343.03244, 'N_chb': 281.81865, 'gr_ceu': 1e-05, 'gr_chb': 1e-05, 'm_yri_ooa': 1e-05, 'm_yri_ceu': 1e-05, 'm_yri_chb': 0.0, 'm_ceu_chb': 0.0} -67536.18298437056
 
 
x_up: {'t1': 1.7503, 't2': 2.38156, 't3': 95.15226, 'N_anc': 478.78884, 'N_yri': 379.2215, 'N_ooa': 881.39729, 'N_ceu': 343.03244, 'N_chb': 281.81865, 'gr_ceu': 1e-05, 'gr_chb': 1e-05, 'm_yri_ooa': 1e-05, 'm_yri_ceu': 1e-05, 'm_yri_chb': 0.0, 'm_ceu_chb': 0.0} -67536.18298437056
x: {'t1': 1.7503, 't2': 2.38156, 't3': 95.15226, 'N_anc': 478.78884, 'N_yri': 379.2215, 'N_ooa': 881.39729, 'N_ceu': 343.03244, 'N_chb': 281.81865, 'gr_ceu': 1e-05, 'gr_chb': 1e-05, 'm_yri_ooa': 1e-05, 'm_yri_ceu': 1e-05, 'm_yri_chb': 0.0, 'm_ceu_chb': 0.0} -67536.18298437056
x_down: {'t1': 1.7503, 't2': 2.38156, 't3': 95.15226, 'N_anc': 478.78884, 'N_yri': 379.2215, 'N_ooa': 881.39729, 'N_ceu': 343.03244, 'N_chb': 281.81865, 'gr_ceu': 1e-05, 'gr_chb': 1e-05, 'm_yri_ooa': 1e-05, 'm_yri_ceu': 1e-05, 'm_yri_chb': 1e-05, 'm_ceu_chb': 0.0} -67536.18298437056
 
 
x_up: {'t1': 1.7503, 't2': 2.38156, 't3': 95.15226, 'N_anc': 478.78884, 'N_yri': 379.2215, 'N_ooa': 881.39729, 'N_ceu': 343.03244, 'N_chb': 281.81865, 'gr_ceu': 1e-05, 'gr_chb': 1e-05, 'm_yri_ooa': 1e-05, 'm_yri_ceu': 1e-05, 'm_yri_chb': 0.0, 'm_ceu_chb': 0.0} -67536.18298437056
x: {'t1': 1.7503, 't2': 2.38156, 't3': 95.15226, 'N_anc': 478.78884, 'N_yri': 379.2215, 'N_ooa': 881.39729, 'N_ceu': 343.03244, 'N_chb': 281.81865, 'gr_ceu': 1e-05, 'gr_chb': 1e-05, 'm_yri_ooa': 1e-05, 'm_yri_ceu': 1e-05, 'm_yri_chb': 0.0, 'm_ceu_chb': 0.0} -67536.18298437056
x_down: {'t1': 1.7503, 't2': 2.38156, 't3': 95.15226, 'N_anc': 478.78884, 'N_yri': 379.2215, 'N_ooa': 881.39729, 'N_ceu': 343.03244, 'N_chb': 281.81865, 'gr_ceu': 1e-05, 'gr_chb': 1e-05, 'm_yri_ooa': 1e-05, 'm_yri_ceu': 1e-05, 'm_yri_chb': 0.0, 'm_ceu_chb': 1e-05} -67536.18298436969
 
{'t1': 1.7503, 't2': 2.38156, 't3': 95.15226, 'N_anc': 478.78884, 'N_yri': 379.2215, 'N_ooa': 881.39729, 'N_ceu': 343.03244, 'N_chb': 281.81865, 'gr_ceu': 1e-05, 'gr_chb': 1e-05, 'm_yri_ooa': 1e-05, 'm_yri_ceu': 1e-05, 'm_yri_chb': 0.0, 'm_ceu_chb': 1e-05} -67536.18298436969
 
x_up: {'t1': 1.80023, 't2': 2.38156, 't3': 95.15226, 'N_anc': 478.78884, 'N_yri': 379.2215, 'N_ooa': 881.39729, 'N_ceu': 343.03244, 'N_chb': 281.81865, 'gr_ceu': 1e-05, 'gr_chb': 1e-05, 'm_yri_ooa': 1e-05, 'm_yri_ceu': 1e-05, 'm_yri_chb': 0.0, 'm_ceu_chb': 1e-05} -67546.22652423554
x: {'t1': 1.7503, 't2': 2.38156, 't3': 95.15226, 'N_anc': 478.78884, 'N_yri': 379.2215, 'N_ooa': 881.39729, 'N_ceu': 343.03244, 'N_chb': 281.81865, 'gr_ceu': 1e-05, 'gr_chb': 1e-05, 'm_yri_ooa': 1e-05, 'm_yri_ceu': 1e-05, 'm_yri_chb': 0.0, 'm_ceu_chb': 1e-05} -67536.18298436969
x_down: {'t1': 1.70037, 't2': 2.38156, 't3': 95.15226, 'N_anc': 478.78884, 'N_yri': 379.2215, 'N_ooa': 881.39729, 'N_ceu': 343.03244, 'N_chb': 281.81865, 'gr_ceu': 1e-05, 'gr_chb': 1e-05, 'm_yri_ooa': 1e-05, 'm_yri_ceu': 1e-05, 'm_yri_chb': 0.0, 'm_ceu_chb': 1e-05} -67540.26187194881
 
 
x_up: {'t1': 1.7503, 't2': 2.41312, 't3': 95.15226, 'N_anc': 478.78884, 'N_yri': 379.2215, 'N_ooa': 881.39729, 'N_ceu': 343.03244, 'N_chb': 281.81865, 'gr_ceu': 1e-05, 'gr_chb': 1e-05, 'm_yri_ooa': 1e-05, 'm_yri_ceu': 1e-05, 'm_yri_chb': 0.0, 'm_ceu_chb': 1e-05} -67550.56577625812
x: {'t1': 1.7503, 't2': 2.38156, 't3': 95.15226, 'N_anc': 478.78884, 'N_yri': 379.2215, 'N_ooa': 881.39729, 'N_ceu': 343.03244, 'N_chb': 281.81865, 'gr_ceu': 1e-05, 'gr_chb': 1e-05, 'm_yri_ooa': 1e-05, 'm_yri_ceu': 1e-05, 'm_yri_chb': 0.0, 'm_ceu_chb': 1e-05} -67536.18298436969
x_down: {'t1': 1.7503, 't2': 2.35, 't3': 95.15226, 'N_anc': 478.78884, 'N_yri': 379.2215, 'N_ooa': 881.39729, 'N_ceu': 343.03244, 'N_chb': 281.81865, 'gr_ceu': 1e-05, 'gr_chb': 1e-05, 'm_yri_ooa': 1e-05, 'm_yri_ceu': 1e-05, 'm_yri_chb': 0.0, 'm_ceu_chb': 1e-05} -67545.26942842682
 
 
x_up: {'t1': 1.7503, 't2': 2.38156, 't3': 99.7908, 'N_anc': 478.78884, 'N_yri': 379.2215, 'N_ooa': 881.39729, 'N_ceu': 343.03244, 'N_chb': 281.81865, 'gr_ceu': 1e-05, 'gr_chb': 1e-05, 'm_yri_ooa': 1e-05, 'm_yri_ceu': 1e-05, 'm_yri_chb': 0.0, 'm_ceu_chb': 1e-05} -67538.30947534672
x: {'t1': 1.7503, 't2': 2.38156, 't3': 95.15226, 'N_anc': 478.78884, 'N_yri': 379.2215, 'N_ooa': 881.39729, 'N_ceu': 343.03244, 'N_chb': 281.81865, 'gr_ceu': 1e-05, 'gr_chb': 1e-05, 'm_yri_ooa': 1e-05, 'm_yri_ceu': 1e-05, 'm_yri_chb': 0.0, 'm_ceu_chb': 1e-05} -67536.18298436969
x_down: {'t1': 1.7503, 't2': 2.38156, 't3': 90.51372, 'N_anc': 478.78884, 'N_yri': 379.2215, 'N_ooa': 881.39729, 'N_ceu': 343.03244, 'N_chb': 281.81865, 'gr_ceu': 1e-05, 'gr_chb': 1e-05, 'm_yri_ooa': 1e-05, 'm_yri_ceu': 1e-05, 'm_yri_chb': 0.0, 'm_ceu_chb': 1e-05} -67541.63648272213
 
 
x_up: {'t1': 1.7503, 't2': 2.38156, 't3': 95.15226, 'N_anc': 497.72828, 'N_yri': 379.2215, 'N_ooa': 881.39729, 'N_ceu': 343.03244, 'N_chb': 281.81865, 'gr_ceu': 1e-05, 'gr_chb': 1e-05, 'm_yri_ooa': 1e-05, 'm_yri_ceu': 1e-05, 'm_yri_chb': 0.0, 'm_ceu_chb': 1e-05} -67536.21008922416
x: {'t1': 1.7503, 't2': 2.38156, 't3': 95.15226, 'N_anc': 478.78884, 'N_yri': 379.2215, 'N_ooa': 881.39729, 'N_ceu': 343.03244, 'N_chb': 281.81865, 'gr_ceu': 1e-05, 'gr_chb': 1e-05, 'm_yri_ooa': 1e-05, 'm_yri_ceu': 1e-05, 'm_yri_chb': 0.0, 'm_ceu_chb': 1e-05} -67536.18298436969
x_down: {'t1': 1.7503, 't2': 2.38156, 't3': 95.15226, 'N_anc': 459.8494, 'N_yri': 379.2215, 'N_ooa': 881.39729, 'N_ceu': 343.03244, 'N_chb': 281.81865, 'gr_ceu': 1e-05, 'gr_chb': 1e-05, 'm_yri_ooa': 1e-05, 'm_yri_ceu': 1e-05, 'm_yri_chb': 0.0, 'm_ceu_chb': 1e-05} -67536.45838688365
 
 
x_up: {'t1': 1.7503, 't2': 2.38156, 't3': 95.15226, 'N_anc': 478.78884, 'N_yri': 393.18257, 'N_ooa': 881.39729, 'N_ceu': 343.03244, 'N_chb': 281.81865, 'gr_ceu': 1e-05, 'gr_chb': 1e-05, 'm_yri_ooa': 1e-05, 'm_yri_ceu': 1e-05, 'm_yri_chb': 0.0, 'm_ceu_chb': 1e-05} -67542.03184029214
x: {'t1': 1.7503, 't2': 2.38156, 't3': 95.15226, 'N_anc': 478.78884, 'N_yri': 379.2215, 'N_ooa': 881.39729, 'N_ceu': 343.03244, 'N_chb': 281.81865, 'gr_ceu': 1e-05, 'gr_chb': 1e-05, 'm_yri_ooa': 1e-05, 'm_yri_ceu': 1e-05, 'm_yri_chb': 0.0, 'm_ceu_chb': 1e-05} -67536.18298436969
x_down: {'t1': 1.7503, 't2': 2.38156, 't3': 95.15226, 'N_anc': 478.78884, 'N_yri': 365.26042, 'N_ooa': 881.39729, 'N_ceu': 343.03244, 'N_chb': 281.81865, 'gr_ceu': 1e-05, 'gr_chb': 1e-05, 'm_yri_ooa': 1e-05, 'm_yri_ceu': 1e-05, 'm_yri_chb': 0.0, 'm_ceu_chb': 1e-05} -67543.46496794152
 
 
x_up: {'t1': 1.7503, 't2': 2.38156, 't3': 95.15226, 'N_anc': 478.78884, 'N_yri': 379.2215, 'N_ooa': 920.46715, 'N_ceu': 343.03244, 'N_chb': 281.81865, 'gr_ceu': 1e-05, 'gr_chb': 1e-05, 'm_yri_ooa': 1e-05, 'm_yri_ceu': 1e-05, 'm_yri_chb': 0.0, 'm_ceu_chb': 1e-05} -67540.4537589216
x: {'t1': 1.7503, 't2': 2.38156, 't3': 95.15226, 'N_anc': 478.78884, 'N_yri': 379.2215, 'N_ooa': 881.39729, 'N_ceu': 343.03244, 'N_chb': 281.81865, 'gr_ceu': 1e-05, 'gr_chb': 1e-05, 'm_yri_ooa': 1e-05, 'm_yri_ceu': 1e-05, 'm_yri_chb': 0.0, 'm_ceu_chb': 1e-05} -67536.18298436969
x_down: {'t1': 1.7503, 't2': 2.38156, 't3': 95.15226, 'N_anc': 478.78884, 'N_yri': 379.2215, 'N_ooa': 842.32743, 'N_ceu': 343.03244, 'N_chb': 281.81865, 'gr_ceu': 1e-05, 'gr_chb': 1e-05, 'm_yri_ooa': 1e-05, 'm_yri_ceu': 1e-05, 'm_yri_chb': 0.0, 'm_ceu_chb': 1e-05} -67548.64356918677
 
 
x_up: {'t1': 1.7503, 't2': 2.38156, 't3': 95.15226, 'N_anc': 478.78884, 'N_yri': 379.2215, 'N_ooa': 881.39729, 'N_ceu': 355.18406, 'N_chb': 281.81865, 'gr_ceu': 1e-05, 'gr_chb': 1e-05, 'm_yri_ooa': 1e-05, 'm_yri_ceu': 1e-05, 'm_yri_chb': 0.0, 'm_ceu_chb': 1e-05} -67536.24172027048
x: {'t1': 1.7503, 't2': 2.38156, 't3': 95.15226, 'N_anc': 478.78884, 'N_yri': 379.2215, 'N_ooa': 881.39729, 'N_ceu': 343.03244, 'N_chb': 281.81865, 'gr_ceu': 1e-05, 'gr_chb': 1e-05, 'm_yri_ooa': 1e-05, 'm_yri_ceu': 1e-05, 'm_yri_chb': 0.0, 'm_ceu_chb': 1e-05} -67536.18298436969
x_down: {'t1': 1.7503, 't2': 2.38156, 't3': 95.15226, 'N_anc': 478.78884, 'N_yri': 379.2215, 'N_ooa': 881.39729, 'N_ceu': 330.88082, 'N_chb': 281.81865, 'gr_ceu': 1e-05, 'gr_chb': 1e-05, 'm_yri_ooa': 1e-05, 'm_yri_ceu': 1e-05, 'm_yri_chb': 0.0, 'm_ceu_chb': 1e-05} -67537.17511209125
 
 
x_up: {'t1': 1.7503, 't2': 2.38156, 't3': 95.15226, 'N_anc': 478.78884, 'N_yri': 379.2215, 'N_ooa': 881.39729, 'N_ceu': 343.03244, 'N_chb': 295.45505, 'gr_ceu': 1e-05, 'gr_chb': 1e-05, 'm_yri_ooa': 1e-05, 'm_yri_ceu': 1e-05, 'm_yri_chb': 0.0, 'm_ceu_chb': 1e-05} -67536.47950771081
x: {'t1': 1.7503, 't2': 2.38156, 't3': 95.15226, 'N_anc': 478.78884, 'N_yri': 379.2215, 'N_ooa': 881.39729, 'N_ceu': 343.03244, 'N_chb': 281.81865, 'gr_ceu': 1e-05, 'gr_chb': 1e-05, 'm_yri_ooa': 1e-05, 'm_yri_ceu': 1e-05, 'm_yri_chb': 0.0, 'm_ceu_chb': 1e-05} -67536.18298436969
x_down: {'t1': 1.7503, 't2': 2.38156, 't3': 95.15226, 'N_anc': 478.78884, 'N_yri': 379.2215, 'N_ooa': 881.39729, 'N_ceu': 343.03244, 'N_chb': 268.18225, 'gr_ceu': 1e-05, 'gr_chb': 1e-05, 'm_yri_ooa': 1e-05, 'm_yri_ceu': 1e-05, 'm_yri_chb': 0.0, 'm_ceu_chb': 1e-05} -67538.00546705662
 
 
x_up: {'t1': 1.7503, 't2': 2.38156, 't3': 95.15226, 'N_anc': 478.78884, 'N_yri': 379.2215, 'N_ooa': 881.39729, 'N_ceu': 343.03244, 'N_chb': 281.81865, 'gr_ceu': 2e-05, 'gr_chb': 1e-05, 'm_yri_ooa': 1e-05, 'm_yri_ceu': 1e-05, 'm_yri_chb': 0.0, 'm_ceu_chb': 1e-05} -67536.18332240639
x: {'t1': 1.7503, 't2': 2.38156, 't3': 95.15226, 'N_anc': 478.78884, 'N_yri': 379.2215, 'N_ooa': 881.39729, 'N_ceu': 343.03244, 'N_chb': 281.81865, 'gr_ceu': 1e-05, 'gr_chb': 1e-05, 'm_yri_ooa': 1e-05, 'm_yri_ceu': 1e-05, 'm_yri_chb': 0.0, 'm_ceu_chb': 1e-05} -67536.18298436969
x_down: {'t1': 1.7503, 't2': 2.38156, 't3': 95.15226, 'N_anc': 478.78884, 'N_yri': 379.2215, 'N_ooa': 881.39729, 'N_ceu': 343.03244, 'N_chb': 281.81865, 'gr_ceu': 1e-05, 'gr_chb': 1e-05, 'm_yri_ooa': 1e-05, 'm_yri_ceu': 1e-05, 'm_yri_chb': 0.0, 'm_ceu_chb': 1e-05} -67536.18298436969
 
 
x_up: {'t1': 1.7503, 't2': 2.38156, 't3': 95.15226, 'N_anc': 478.78884, 'N_yri': 379.2215, 'N_ooa': 881.39729, 'N_ceu': 343.03244, 'N_chb': 281.81865, 'gr_ceu': 1e-05, 'gr_chb': 2e-05, 'm_yri_ooa': 1e-05, 'm_yri_ceu': 1e-05, 'm_yri_chb': 0.0, 'm_ceu_chb': 1e-05} -67536.18324755947
x: {'t1': 1.7503, 't2': 2.38156, 't3': 95.15226, 'N_anc': 478.78884, 'N_yri': 379.2215, 'N_ooa': 881.39729, 'N_ceu': 343.03244, 'N_chb': 281.81865, 'gr_ceu': 1e-05, 'gr_chb': 1e-05, 'm_yri_ooa': 1e-05, 'm_yri_ceu': 1e-05, 'm_yri_chb': 0.0, 'm_ceu_chb': 1e-05} -67536.18298436969
x_down: {'t1': 1.7503, 't2': 2.38156, 't3': 95.15226, 'N_anc': 478.78884, 'N_yri': 379.2215, 'N_ooa': 881.39729, 'N_ceu': 343.03244, 'N_chb': 281.81865, 'gr_ceu': 1e-05, 'gr_chb': 1e-05, 'm_yri_ooa': 1e-05, 'm_yri_ceu': 1e-05, 'm_yri_chb': 0.0, 'm_ceu_chb': 1e-05} -67536.18298436969
 
 
x_up: {'t1': 1.7503, 't2': 2.38156, 't3': 95.15226, 'N_anc': 478.78884, 'N_yri': 379.2215, 'N_ooa': 881.39729, 'N_ceu': 343.03244, 'N_chb': 281.81865, 'gr_ceu': 1e-05, 'gr_chb': 1e-05, 'm_yri_ooa': 0.0, 'm_yri_ceu': 1e-05, 'm_yri_chb': 0.0, 'm_ceu_chb': 1e-05} -67536.20786097822
x: {'t1': 1.7503, 't2': 2.38156, 't3': 95.15226, 'N_anc': 478.78884, 'N_yri': 379.2215, 'N_ooa': 881.39729, 'N_ceu': 343.03244, 'N_chb': 281.81865, 'gr_ceu': 1e-05, 'gr_chb': 1e-05, 'm_yri_ooa': 1e-05, 'm_yri_ceu': 1e-05, 'm_yri_chb': 0.0, 'm_ceu_chb': 1e-05} -67536.18298436969
x_down: {'t1': 1.7503, 't2': 2.38156, 't3': 95.15226, 'N_anc': 478.78884, 'N_yri': 379.2215, 'N_ooa': 881.39729, 'N_ceu': 343.03244, 'N_chb': 281.81865, 'gr_ceu': 1e-05, 'gr_chb': 1e-05, 'm_yri_ooa': 1e-05, 'm_yri_ceu': 1e-05, 'm_yri_chb': 0.0, 'm_ceu_chb': 1e-05} -67536.18298436969
 
 
x_up: {'t1': 1.7503, 't2': 2.38156, 't3': 95.15226, 'N_anc': 478.78884, 'N_yri': 379.2215, 'N_ooa': 881.39729, 'N_ceu': 343.03244, 'N_chb': 281.81865, 'gr_ceu': 1e-05, 'gr_chb': 1e-05, 'm_yri_ooa': 1e-05, 'm_yri_ceu': 0.0, 'm_yri_chb': 0.0, 'm_ceu_chb': 1e-05} -67536.18298436955
x: {'t1': 1.7503, 't2': 2.38156, 't3': 95.15226, 'N_anc': 478.78884, 'N_yri': 379.2215, 'N_ooa': 881.39729, 'N_ceu': 343.03244, 'N_chb': 281.81865, 'gr_ceu': 1e-05, 'gr_chb': 1e-05, 'm_yri_ooa': 1e-05, 'm_yri_ceu': 1e-05, 'm_yri_chb': 0.0, 'm_ceu_chb': 1e-05} -67536.18298436969
x_down: {'t1': 1.7503, 't2': 2.38156, 't3': 95.15226, 'N_anc': 478.78884, 'N_yri': 379.2215, 'N_ooa': 881.39729, 'N_ceu': 343.03244, 'N_chb': 281.81865, 'gr_ceu': 1e-05, 'gr_chb': 1e-05, 'm_yri_ooa': 1e-05, 'm_yri_ceu': 1e-05, 'm_yri_chb': 0.0, 'm_ceu_chb': 1e-05} -67536.18298436969
 
 
x_up: {'t1': 1.7503, 't2': 2.38156, 't3': 95.15226, 'N_anc': 478.78884, 'N_yri': 379.2215, 'N_ooa': 881.39729, 'N_ceu': 343.03244, 'N_chb': 281.81865, 'gr_ceu': 1e-05, 'gr_chb': 1e-05, 'm_yri_ooa': 1e-05, 'm_yri_ceu': 0.0, 'm_yri_chb': 0.0, 'm_ceu_chb': 1e-05} -67536.18298436955
x: {'t1': 1.7503, 't2': 2.38156, 't3': 95.15226, 'N_anc': 478.78884, 'N_yri': 379.2215, 'N_ooa': 881.39729, 'N_ceu': 343.03244, 'N_chb': 281.81865, 'gr_ceu': 1e-05, 'gr_chb': 1e-05, 'm_yri_ooa': 1e-05, 'm_yri_ceu': 0.0, 'm_yri_chb': 0.0, 'm_ceu_chb': 1e-05} -67536.18298436955
x_down: {'t1': 1.7503, 't2': 2.38156, 't3': 95.15226, 'N_anc': 478.78884, 'N_yri': 379.2215, 'N_ooa': 881.39729, 'N_ceu': 343.03244, 'N_chb': 281.81865, 'gr_ceu': 1e-05, 'gr_chb': 1e-05, 'm_yri_ooa': 1e-05, 'm_yri_ceu': 0.0, 'm_yri_chb': 1e-05, 'm_ceu_chb': 1e-05} -67536.18298437011
 
 
x_up: {'t1': 1.7503, 't2': 2.38156, 't3': 95.15226, 'N_anc': 478.78884, 'N_yri': 379.2215, 'N_ooa': 881.39729, 'N_ceu': 343.03244, 'N_chb': 281.81865, 'gr_ceu': 1e-05, 'gr_chb': 1e-05, 'm_yri_ooa': 1e-05, 'm_yri_ceu': 0.0, 'm_yri_chb': 0.0, 'm_ceu_chb': 0.0} -67536.18298448512
x: {'t1': 1.7503, 't2': 2.38156, 't3': 95.15226, 'N_anc': 478.78884, 'N_yri': 379.2215, 'N_ooa': 881.39729, 'N_ceu': 343.03244, 'N_chb': 281.81865, 'gr_ceu': 1e-05, 'gr_chb': 1e-05, 'm_yri_ooa': 1e-05, 'm_yri_ceu': 0.0, 'm_yri_chb': 0.0, 'm_ceu_chb': 1e-05} -67536.18298436955
x_down: {'t1': 1.7503, 't2': 2.38156, 't3': 95.15226, 'N_anc': 478.78884, 'N_yri': 379.2215, 'N_ooa': 881.39729, 'N_ceu': 343.03244, 'N_chb': 281.81865, 'gr_ceu': 1e-05, 'gr_chb': 1e-05, 'm_yri_ooa': 1e-05, 'm_yri_ceu': 0.0, 'm_yri_chb': 0.0, 'm_ceu_chb': 1e-05} -67536.18298436955
 
{'t1': 1.7503, 't2': 2.38156, 't3': 95.15226, 'N_anc': 478.78884, 'N_yri': 379.2215, 'N_ooa': 881.39729, 'N_ceu': 343.03244, 'N_chb': 281.81865, 'gr_ceu': 1e-05, 'gr_chb': 1e-05, 'm_yri_ooa': 1e-05, 'm_yri_ceu': 0.0, 'm_yri_chb': 0.0, 'm_ceu_chb': 1e-05} -67536.18298436955
2026-09-23 12:10:52,566 - INFO - Finished fitting ARG.
2026-09-23 12:10:52,567 - INFO - Finished in 5h 29m 35.8s
2026-09-23 12:10:52,567 - INFO - Estimated: {'t1': 1.7503, 't2': 2.38156, 't3': 95.15226, 'N_anc': 478.78884, 'N_yri': 379.2215, 'N_ooa': 881.39729, 'N_ceu': 343.03244, 'N_chb': 281.81865, 'gr_ceu': 1e-05, 'gr_chb': 1e-05, 'm_yri_ooa': 1e-05, 'm_yri_ceu': 0.0, 'm_yri_chb': 0.0, 'm_ceu_chb': 1e-05}
2026-09-23 12:10:52,567 - INFO - logp = -67536.18298436955  (true = -115987.79849825357)
2026-09-23 12:10:52,567 - INFO - Pipeline executed succesfully.
