2026-09-23 06:41:19,191 - INFO - Beginning execution of simulate_and_fit_ARG.py in directory /home1/mahj/glike_optimize/opt_scripts

2026-09-23 06:41:19,191 - INFO - Progress is being logged to ../opt_results_glike_3G09_no_m1/ntree_10_rep_9_simulate_ARG.log

2026-09-23 06:41:19,191 - INFO - Parsed the following arguments:
	N_SAMPLES = 1000.0
	SEQUENCE_LENGTH = 30000000.0
	RECOMBINATION_RATE = 1e-08
	SEED = 1
	NUM_TREES = 10
	OPTIMIZER = glike
	MODEL = 3G09
	KAPPA = 10000
	outprefix = ../opt_results_glike_3G09_no_m1/ntree_10_rep_9

2026-09-23 06:41:19,224 - INFO - Sampling 1000 individuals with ploidy 1 in population 1 (name='ceu') at time 0
2026-09-23 06:41:19,231 - INFO - Starting replicate 0
2026-09-23 06:41:19,231 - INFO - model[0] {'name': 'hudson'} started at time=0 nodes=1000 edges=0
2026-09-23 06:41:19,231 - INFO - Running model {'name': 'hudson'} until max time: inf
2026-09-23 06:41:19,245 - INFO - Completed at time=825.393 nodes=4008 edges=12940
2026-09-23 06:41:19,312 - INFO - Finished simulating ARG.
[phase from 0.0 to 19.0]
        admix
ns   0.000006
grs  0.078000

[phase from 19.0 to 411.0]
       afr    eur   asia    pol
admix  0.0  0.198  0.334  0.468
        afr       eur     asia       pol
ns   0.0001  0.000075  0.00004  0.000064
grs  0.0000  0.000000  0.00000  0.000000

[phase from 411.0 to 1040.0]
      afr  eur  asia
afr     1    0     0
eur     0    1     0
asia    0    0     1
pol     0    0     1
        afr       eur     asia
ns   0.0001  0.000075  0.00037
grs  0.0000  0.000000  0.00000

[phase from 1040.0 to 2004.0]
      afr  eur
afr     1    0
eur     0    1
asia    0    1
        afr       eur
ns   0.0001  0.000405
grs  0.0000  0.000000

[phase from 2004.0 to inf]
     A
afr  1
eur  1
            A
ns   0.000375
grs  0.000000

2026-09-23 06:41:19,420 - INFO - Starting glike optimization.
{'t1': 10, 't2': 50, 't3': 100, 'N_anc': 10000, 'N_yri': 10000, 'N_ooa': 10000, 'N_ceu': 10000, 'N_chb': 10000, 'gr_ceu': 0.1, 'gr_chb': 0.1, 'm_yri_ooa': 0.0, 'm_yri_ceu': 0.0, 'm_yri_chb': 0.0, 'm_ceu_chb': 0.0} -96341.80930113734
 
x_up: {'t1': 10.9, 't2': 50, 't3': 100, 'N_anc': 10000, 'N_yri': 10000, 'N_ooa': 10000, 'N_ceu': 10000, 'N_chb': 10000, 'gr_ceu': 0.1, 'gr_chb': 0.1, 'm_yri_ooa': 0.0, 'm_yri_ceu': 0.0, 'm_yri_chb': 0.0, 'm_ceu_chb': 0.0} -96876.28992833672
x: {'t1': 10, 't2': 50, 't3': 100, 'N_anc': 10000, 'N_yri': 10000, 'N_ooa': 10000, 'N_ceu': 10000, 'N_chb': 10000, 'gr_ceu': 0.1, 'gr_chb': 0.1, 'm_yri_ooa': 0.0, 'm_yri_ceu': 0.0, 'm_yri_chb': 0.0, 'm_ceu_chb': 0.0} -96341.80930113734
x_down: {'t1': 9.1, 't2': 50, 't3': 100, 'N_anc': 10000, 'N_yri': 10000, 'N_ooa': 10000, 'N_ceu': 10000, 'N_chb': 10000, 'gr_ceu': 0.1, 'gr_chb': 0.1, 'm_yri_ooa': 0.0, 'm_yri_ceu': 0.0, 'm_yri_chb': 0.0, 'm_ceu_chb': 0.0} -95762.02514902658
 
 
x_up: {'t1': 9.1, 't2': 54.09, 't3': 100, 'N_anc': 10000, 'N_yri': 10000, 'N_ooa': 10000, 'N_ceu': 10000, 'N_chb': 10000, 'gr_ceu': 0.1, 'gr_chb': 0.1, 'm_yri_ooa': 0.0, 'm_yri_ceu': 0.0, 'm_yri_chb': 0.0, 'm_ceu_chb': 0.0} -95779.80379943839
x: {'t1': 9.1, 't2': 50, 't3': 100, 'N_anc': 10000, 'N_yri': 10000, 'N_ooa': 10000, 'N_ceu': 10000, 'N_chb': 10000, 'gr_ceu': 0.1, 'gr_chb': 0.1, 'm_yri_ooa': 0.0, 'm_yri_ceu': 0.0, 'm_yri_chb': 0.0, 'm_ceu_chb': 0.0} -95762.02514902658
x_down: {'t1': 9.1, 't2': 45.91, 't3': 100, 'N_anc': 10000, 'N_yri': 10000, 'N_ooa': 10000, 'N_ceu': 10000, 'N_chb': 10000, 'gr_ceu': 0.1, 'gr_chb': 0.1, 'm_yri_ooa': 0.0, 'm_yri_ceu': 0.0, 'm_yri_chb': 0.0, 'm_ceu_chb': 0.0} -95700.64914727026
 
 
x_up: {'t1': 9.1, 't2': 45.91, 't3': 105.409, 'N_anc': 10000, 'N_yri': 10000, 'N_ooa': 10000, 'N_ceu': 10000, 'N_chb': 10000, 'gr_ceu': 0.1, 'gr_chb': 0.1, 'm_yri_ooa': 0.0, 'm_yri_ceu': 0.0, 'm_yri_chb': 0.0, 'm_ceu_chb': 0.0} -95700.64914727026
x: {'t1': 9.1, 't2': 45.91, 't3': 100, 'N_anc': 10000, 'N_yri': 10000, 'N_ooa': 10000, 'N_ceu': 10000, 'N_chb': 10000, 'gr_ceu': 0.1, 'gr_chb': 0.1, 'm_yri_ooa': 0.0, 'm_yri_ceu': 0.0, 'm_yri_chb': 0.0, 'm_ceu_chb': 0.0} -95700.64914727026
x_down: {'t1': 9.1, 't2': 45.91, 't3': 94.591, 'N_anc': 10000, 'N_yri': 10000, 'N_ooa': 10000, 'N_ceu': 10000, 'N_chb': 10000, 'gr_ceu': 0.1, 'gr_chb': 0.1, 'm_yri_ooa': 0.0, 'm_yri_ceu': 0.0, 'm_yri_chb': 0.0, 'm_ceu_chb': 0.0} -95700.64914727026
 
 
x_up: {'t1': 9.1, 't2': 45.91, 't3': 100, 'N_anc': 10990.0, 'N_yri': 10000, 'N_ooa': 10000, 'N_ceu': 10000, 'N_chb': 10000, 'gr_ceu': 0.1, 'gr_chb': 0.1, 'm_yri_ooa': 0.0, 'm_yri_ceu': 0.0, 'm_yri_chb': 0.0, 'm_ceu_chb': 0.0} -95715.95310079903
x: {'t1': 9.1, 't2': 45.91, 't3': 100, 'N_anc': 10000, 'N_yri': 10000, 'N_ooa': 10000, 'N_ceu': 10000, 'N_chb': 10000, 'gr_ceu': 0.1, 'gr_chb': 0.1, 'm_yri_ooa': 0.0, 'm_yri_ceu': 0.0, 'm_yri_chb': 0.0, 'm_ceu_chb': 0.0} -95700.64914727026
x_down: {'t1': 9.1, 't2': 45.91, 't3': 100, 'N_anc': 9010.0, 'N_yri': 10000, 'N_ooa': 10000, 'N_ceu': 10000, 'N_chb': 10000, 'gr_ceu': 0.1, 'gr_chb': 0.1, 'm_yri_ooa': 0.0, 'm_yri_ceu': 0.0, 'm_yri_chb': 0.0, 'm_ceu_chb': 0.0} -95683.83433870981
 
 
x_up: {'t1': 9.1, 't2': 45.91, 't3': 100, 'N_anc': 9010.0, 'N_yri': 10990.0, 'N_ooa': 10000, 'N_ceu': 10000, 'N_chb': 10000, 'gr_ceu': 0.1, 'gr_chb': 0.1, 'm_yri_ooa': 0.0, 'm_yri_ceu': 0.0, 'm_yri_chb': 0.0, 'm_ceu_chb': 0.0} -95850.28600298331
x: {'t1': 9.1, 't2': 45.91, 't3': 100, 'N_anc': 9010.0, 'N_yri': 10000, 'N_ooa': 10000, 'N_ceu': 10000, 'N_chb': 10000, 'gr_ceu': 0.1, 'gr_chb': 0.1, 'm_yri_ooa': 0.0, 'm_yri_ceu': 0.0, 'm_yri_chb': 0.0, 'm_ceu_chb': 0.0} -95683.83433870981
x_down: {'t1': 9.1, 't2': 45.91, 't3': 100, 'N_anc': 9010.0, 'N_yri': 9010.0, 'N_ooa': 10000, 'N_ceu': 10000, 'N_chb': 10000, 'gr_ceu': 0.1, 'gr_chb': 0.1, 'm_yri_ooa': 0.0, 'm_yri_ceu': 0.0, 'm_yri_chb': 0.0, 'm_ceu_chb': 0.0} -95502.88848943432
 
 
x_up: {'t1': 9.1, 't2': 45.91, 't3': 100, 'N_anc': 9010.0, 'N_yri': 9010.0, 'N_ooa': 10990.0, 'N_ceu': 10000, 'N_chb': 10000, 'gr_ceu': 0.1, 'gr_chb': 0.1, 'm_yri_ooa': 0.0, 'm_yri_ceu': 0.0, 'm_yri_chb': 0.0, 'm_ceu_chb': 0.0} -95631.76081351384
x: {'t1': 9.1, 't2': 45.91, 't3': 100, 'N_anc': 9010.0, 'N_yri': 9010.0, 'N_ooa': 10000, 'N_ceu': 10000, 'N_chb': 10000, 'gr_ceu': 0.1, 'gr_chb': 0.1, 'm_yri_ooa': 0.0, 'm_yri_ceu': 0.0, 'm_yri_chb': 0.0, 'm_ceu_chb': 0.0} -95502.88848943432
x_down: {'t1': 9.1, 't2': 45.91, 't3': 100, 'N_anc': 9010.0, 'N_yri': 9010.0, 'N_ooa': 9010.0, 'N_ceu': 10000, 'N_chb': 10000, 'gr_ceu': 0.1, 'gr_chb': 0.1, 'm_yri_ooa': 0.0, 'm_yri_ceu': 0.0, 'm_yri_chb': 0.0, 'm_ceu_chb': 0.0} -95371.45453092309
 
 
x_up: {'t1': 9.1, 't2': 45.91, 't3': 100, 'N_anc': 9010.0, 'N_yri': 9010.0, 'N_ooa': 9010.0, 'N_ceu': 10990.0, 'N_chb': 10000, 'gr_ceu': 0.1, 'gr_chb': 0.1, 'm_yri_ooa': 0.0, 'm_yri_ceu': 0.0, 'm_yri_chb': 0.0, 'm_ceu_chb': 0.0} -95631.90809728573
x: {'t1': 9.1, 't2': 45.91, 't3': 100, 'N_anc': 9010.0, 'N_yri': 9010.0, 'N_ooa': 9010.0, 'N_ceu': 10000, 'N_chb': 10000, 'gr_ceu': 0.1, 'gr_chb': 0.1, 'm_yri_ooa': 0.0, 'm_yri_ceu': 0.0, 'm_yri_chb': 0.0, 'm_ceu_chb': 0.0} -95371.45453092309
x_down: {'t1': 9.1, 't2': 45.91, 't3': 100, 'N_anc': 9010.0, 'N_yri': 9010.0, 'N_ooa': 9010.0, 'N_ceu': 9010.0, 'N_chb': 10000, 'gr_ceu': 0.1, 'gr_chb': 0.1, 'm_yri_ooa': 0.0, 'm_yri_ceu': 0.0, 'm_yri_chb': 0.0, 'm_ceu_chb': 0.0} -94977.1298079
 
 
x_up: {'t1': 9.1, 't2': 45.91, 't3': 100, 'N_anc': 9010.0, 'N_yri': 9010.0, 'N_ooa': 9010.0, 'N_ceu': 9010.0, 'N_chb': 10990.0, 'gr_ceu': 0.1, 'gr_chb': 0.1, 'm_yri_ooa': 0.0, 'm_yri_ceu': 0.0, 'm_yri_chb': 0.0, 'm_ceu_chb': 0.0} -95183.33294574931
x: {'t1': 9.1, 't2': 45.91, 't3': 100, 'N_anc': 9010.0, 'N_yri': 9010.0, 'N_ooa': 9010.0, 'N_ceu': 9010.0, 'N_chb': 10000, 'gr_ceu': 0.1, 'gr_chb': 0.1, 'm_yri_ooa': 0.0, 'm_yri_ceu': 0.0, 'm_yri_chb': 0.0, 'm_ceu_chb': 0.0} -94977.1298079
x_down: {'t1': 9.1, 't2': 45.91, 't3': 100, 'N_anc': 9010.0, 'N_yri': 9010.0, 'N_ooa': 9010.0, 'N_ceu': 9010.0, 'N_chb': 9010.0, 'gr_ceu': 0.1, 'gr_chb': 0.1, 'm_yri_ooa': 0.0, 'm_yri_ceu': 0.0, 'm_yri_chb': 0.0, 'm_ceu_chb': 0.0} -94691.53325734753
 
 
x_up: {'t1': 9.1, 't2': 45.91, 't3': 100, 'N_anc': 9010.0, 'N_yri': 9010.0, 'N_ooa': 9010.0, 'N_ceu': 9010.0, 'N_chb': 9010.0, 'gr_ceu': 0.11, 'gr_chb': 0.1, 'm_yri_ooa': 0.0, 'm_yri_ceu': 0.0, 'm_yri_chb': 0.0, 'm_ceu_chb': 0.0} -94888.3500389552
x: {'t1': 9.1, 't2': 45.91, 't3': 100, 'N_anc': 9010.0, 'N_yri': 9010.0, 'N_ooa': 9010.0, 'N_ceu': 9010.0, 'N_chb': 9010.0, 'gr_ceu': 0.1, 'gr_chb': 0.1, 'm_yri_ooa': 0.0, 'm_yri_ceu': 0.0, 'm_yri_chb': 0.0, 'm_ceu_chb': 0.0} -94691.53325734753
x_down: {'t1': 9.1, 't2': 45.91, 't3': 100, 'N_anc': 9010.0, 'N_yri': 9010.0, 'N_ooa': 9010.0, 'N_ceu': 9010.0, 'N_chb': 9010.0, 'gr_ceu': 0.09, 'gr_chb': 0.1, 'm_yri_ooa': 0.0, 'm_yri_ceu': 0.0, 'm_yri_chb': 0.0, 'm_ceu_chb': 0.0} -94443.0315864168
 
 
x_up: {'t1': 9.1, 't2': 45.91, 't3': 100, 'N_anc': 9010.0, 'N_yri': 9010.0, 'N_ooa': 9010.0, 'N_ceu': 9010.0, 'N_chb': 9010.0, 'gr_ceu': 0.09, 'gr_chb': 0.11, 'm_yri_ooa': 0.0, 'm_yri_ceu': 0.0, 'm_yri_chb': 0.0, 'm_ceu_chb': 0.0} -94603.81304643622
x: {'t1': 9.1, 't2': 45.91, 't3': 100, 'N_anc': 9010.0, 'N_yri': 9010.0, 'N_ooa': 9010.0, 'N_ceu': 9010.0, 'N_chb': 9010.0, 'gr_ceu': 0.09, 'gr_chb': 0.1, 'm_yri_ooa': 0.0, 'm_yri_ceu': 0.0, 'm_yri_chb': 0.0, 'm_ceu_chb': 0.0} -94443.0315864168
x_down: {'t1': 9.1, 't2': 45.91, 't3': 100, 'N_anc': 9010.0, 'N_yri': 9010.0, 'N_ooa': 9010.0, 'N_ceu': 9010.0, 'N_chb': 9010.0, 'gr_ceu': 0.09, 'gr_chb': 0.09, 'm_yri_ooa': 0.0, 'm_yri_ceu': 0.0, 'm_yri_chb': 0.0, 'm_ceu_chb': 0.0} -94244.97260592504
 
 
x_up: {'t1': 9.1, 't2': 45.91, 't3': 100, 'N_anc': 9010.0, 'N_yri': 9010.0, 'N_ooa': 9010.0, 'N_ceu': 9010.0, 'N_chb': 9010.0, 'gr_ceu': 0.09, 'gr_chb': 0.09, 'm_yri_ooa': 0.0, 'm_yri_ceu': 0.0, 'm_yri_chb': 0.0, 'm_ceu_chb': 0.0} -94244.97260592504
x: {'t1': 9.1, 't2': 45.91, 't3': 100, 'N_anc': 9010.0, 'N_yri': 9010.0, 'N_ooa': 9010.0, 'N_ceu': 9010.0, 'N_chb': 9010.0, 'gr_ceu': 0.09, 'gr_chb': 0.09, 'm_yri_ooa': 0.0, 'm_yri_ceu': 0.0, 'm_yri_chb': 0.0, 'm_ceu_chb': 0.0} -94244.97260592504
x_down: {'t1': 9.1, 't2': 45.91, 't3': 100, 'N_anc': 9010.0, 'N_yri': 9010.0, 'N_ooa': 9010.0, 'N_ceu': 9010.0, 'N_chb': 9010.0, 'gr_ceu': 0.09, 'gr_chb': 0.09, 'm_yri_ooa': 1e-05, 'm_yri_ceu': 0.0, 'm_yri_chb': 0.0, 'm_ceu_chb': 0.0} -94186.2674412564
 
 
x_up: {'t1': 9.1, 't2': 45.91, 't3': 100, 'N_anc': 9010.0, 'N_yri': 9010.0, 'N_ooa': 9010.0, 'N_ceu': 9010.0, 'N_chb': 9010.0, 'gr_ceu': 0.09, 'gr_chb': 0.09, 'm_yri_ooa': 1e-05, 'm_yri_ceu': 0.0, 'm_yri_chb': 0.0, 'm_ceu_chb': 0.0} -94186.2674412564
x: {'t1': 9.1, 't2': 45.91, 't3': 100, 'N_anc': 9010.0, 'N_yri': 9010.0, 'N_ooa': 9010.0, 'N_ceu': 9010.0, 'N_chb': 9010.0, 'gr_ceu': 0.09, 'gr_chb': 0.09, 'm_yri_ooa': 1e-05, 'm_yri_ceu': 0.0, 'm_yri_chb': 0.0, 'm_ceu_chb': 0.0} -94186.2674412564
x_down: {'t1': 9.1, 't2': 45.91, 't3': 100, 'N_anc': 9010.0, 'N_yri': 9010.0, 'N_ooa': 9010.0, 'N_ceu': 9010.0, 'N_chb': 9010.0, 'gr_ceu': 0.09, 'gr_chb': 0.09, 'm_yri_ooa': 1e-05, 'm_yri_ceu': 1e-05, 'm_yri_chb': 0.0, 'm_ceu_chb': 0.0} -94186.26744125765
 
 
x_up: {'t1': 9.1, 't2': 45.91, 't3': 100, 'N_anc': 9010.0, 'N_yri': 9010.0, 'N_ooa': 9010.0, 'N_ceu': 9010.0, 'N_chb': 9010.0, 'gr_ceu': 0.09, 'gr_chb': 0.09, 'm_yri_ooa': 1e-05, 'm_yri_ceu': 0.0, 'm_yri_chb': 0.0, 'm_ceu_chb': 0.0} -94186.2674412564
x: {'t1': 9.1, 't2': 45.91, 't3': 100, 'N_anc': 9010.0, 'N_yri': 9010.0, 'N_ooa': 9010.0, 'N_ceu': 9010.0, 'N_chb': 9010.0, 'gr_ceu': 0.09, 'gr_chb': 0.09, 'm_yri_ooa': 1e-05, 'm_yri_ceu': 0.0, 'm_yri_chb': 0.0, 'm_ceu_chb': 0.0} -94186.2674412564
x_down: {'t1': 9.1, 't2': 45.91, 't3': 100, 'N_anc': 9010.0, 'N_yri': 9010.0, 'N_ooa': 9010.0, 'N_ceu': 9010.0, 'N_chb': 9010.0, 'gr_ceu': 0.09, 'gr_chb': 0.09, 'm_yri_ooa': 1e-05, 'm_yri_ceu': 0.0, 'm_yri_chb': 1e-05, 'm_ceu_chb': 0.0} -94186.2674412574
 
 
x_up: {'t1': 9.1, 't2': 45.91, 't3': 100, 'N_anc': 9010.0, 'N_yri': 9010.0, 'N_ooa': 9010.0, 'N_ceu': 9010.0, 'N_chb': 9010.0, 'gr_ceu': 0.09, 'gr_chb': 0.09, 'm_yri_ooa': 1e-05, 'm_yri_ceu': 0.0, 'm_yri_chb': 0.0, 'm_ceu_chb': 0.0} -94186.2674412564
x: {'t1': 9.1, 't2': 45.91, 't3': 100, 'N_anc': 9010.0, 'N_yri': 9010.0, 'N_ooa': 9010.0, 'N_ceu': 9010.0, 'N_chb': 9010.0, 'gr_ceu': 0.09, 'gr_chb': 0.09, 'm_yri_ooa': 1e-05, 'm_yri_ceu': 0.0, 'm_yri_chb': 0.0, 'm_ceu_chb': 0.0} -94186.2674412564
x_down: {'t1': 9.1, 't2': 45.91, 't3': 100, 'N_anc': 9010.0, 'N_yri': 9010.0, 'N_ooa': 9010.0, 'N_ceu': 9010.0, 'N_chb': 9010.0, 'gr_ceu': 0.09, 'gr_chb': 0.09, 'm_yri_ooa': 1e-05, 'm_yri_ceu': 0.0, 'm_yri_chb': 0.0, 'm_ceu_chb': 1e-05} -94186.26744125682
 
{'t1': 9.1, 't2': 45.91, 't3': 100, 'N_anc': 9010.0, 'N_yri': 9010.0, 'N_ooa': 9010.0, 'N_ceu': 9010.0, 'N_chb': 9010.0, 'gr_ceu': 0.09, 'gr_chb': 0.09, 'm_yri_ooa': 1e-05, 'm_yri_ceu': 0.0, 'm_yri_chb': 0.0, 'm_ceu_chb': 0.0} -94186.2674412564
 
x_up: {'t1': 10.315, 't2': 45.91, 't3': 100, 'N_anc': 9010.0, 'N_yri': 9010.0, 'N_ooa': 9010.0, 'N_ceu': 9010.0, 'N_chb': 9010.0, 'gr_ceu': 0.09, 'gr_chb': 0.09, 'm_yri_ooa': 1e-05, 'm_yri_ceu': 0.0, 'm_yri_chb': 0.0, 'm_ceu_chb': 0.0} -94763.85820393355
x: {'t1': 9.1, 't2': 45.91, 't3': 100, 'N_anc': 9010.0, 'N_yri': 9010.0, 'N_ooa': 9010.0, 'N_ceu': 9010.0, 'N_chb': 9010.0, 'gr_ceu': 0.09, 'gr_chb': 0.09, 'm_yri_ooa': 1e-05, 'm_yri_ceu': 0.0, 'm_yri_chb': 0.0, 'm_ceu_chb': 0.0} -94186.2674412564
x_down: {'t1': 7.885, 't2': 45.91, 't3': 100, 'N_anc': 9010.0, 'N_yri': 9010.0, 'N_ooa': 9010.0, 'N_ceu': 9010.0, 'N_chb': 9010.0, 'gr_ceu': 0.09, 'gr_chb': 0.09, 'm_yri_ooa': 1e-05, 'm_yri_ceu': 0.0, 'm_yri_chb': 0.0, 'm_ceu_chb': 0.0} -93464.05871965499
 
 
x_up: {'t1': 7.885, 't2': 51.61375, 't3': 100, 'N_anc': 9010.0, 'N_yri': 9010.0, 'N_ooa': 9010.0, 'N_ceu': 9010.0, 'N_chb': 9010.0, 'gr_ceu': 0.09, 'gr_chb': 0.09, 'm_yri_ooa': 1e-05, 'm_yri_ceu': 0.0, 'm_yri_chb': 0.0, 'm_ceu_chb': 0.0} -93499.15663510188
x: {'t1': 7.885, 't2': 45.91, 't3': 100, 'N_anc': 9010.0, 'N_yri': 9010.0, 'N_ooa': 9010.0, 'N_ceu': 9010.0, 'N_chb': 9010.0, 'gr_ceu': 0.09, 'gr_chb': 0.09, 'm_yri_ooa': 1e-05, 'm_yri_ceu': 0.0, 'm_yri_chb': 0.0, 'm_ceu_chb': 0.0} -93464.05871965499
x_down: {'t1': 7.885, 't2': 40.20625, 't3': 100, 'N_anc': 9010.0, 'N_yri': 9010.0, 'N_ooa': 9010.0, 'N_ceu': 9010.0, 'N_chb': 9010.0, 'gr_ceu': 0.09, 'gr_chb': 0.09, 'm_yri_ooa': 1e-05, 'm_yri_ceu': 0.0, 'm_yri_chb': 0.0, 'm_ceu_chb': 0.0} -93284.20906938535
 
 
x_up: {'t1': 7.885, 't2': 40.20625, 't3': 102.98969, 'N_anc': 9010.0, 'N_yri': 9010.0, 'N_ooa': 9010.0, 'N_ceu': 9010.0, 'N_chb': 9010.0, 'gr_ceu': 0.09, 'gr_chb': 0.09, 'm_yri_ooa': 1e-05, 'm_yri_ceu': 0.0, 'm_yri_chb': 0.0, 'm_ceu_chb': 0.0} -93284.20906938535
x: {'t1': 7.885, 't2': 40.20625, 't3': 100, 'N_anc': 9010.0, 'N_yri': 9010.0, 'N_ooa': 9010.0, 'N_ceu': 9010.0, 'N_chb': 9010.0, 'gr_ceu': 0.09, 'gr_chb': 0.09, 'm_yri_ooa': 1e-05, 'm_yri_ceu': 0.0, 'm_yri_chb': 0.0, 'm_ceu_chb': 0.0} -93284.20906938535
x_down: {'t1': 7.885, 't2': 40.20625, 't3': 97.01031, 'N_anc': 9010.0, 'N_yri': 9010.0, 'N_ooa': 9010.0, 'N_ceu': 9010.0, 'N_chb': 9010.0, 'gr_ceu': 0.09, 'gr_chb': 0.09, 'm_yri_ooa': 1e-05, 'm_yri_ceu': 0.0, 'm_yri_chb': 0.0, 'm_ceu_chb': 0.0} -93284.20906938535
 
 
x_up: {'t1': 7.885, 't2': 40.20625, 't3': 100, 'N_anc': 10346.5, 'N_yri': 9010.0, 'N_ooa': 9010.0, 'N_ceu': 9010.0, 'N_chb': 9010.0, 'gr_ceu': 0.09, 'gr_chb': 0.09, 'm_yri_ooa': 1e-05, 'm_yri_ceu': 0.0, 'm_yri_chb': 0.0, 'm_ceu_chb': 0.0} -93306.53796731538
x: {'t1': 7.885, 't2': 40.20625, 't3': 100, 'N_anc': 9010.0, 'N_yri': 9010.0, 'N_ooa': 9010.0, 'N_ceu': 9010.0, 'N_chb': 9010.0, 'gr_ceu': 0.09, 'gr_chb': 0.09, 'm_yri_ooa': 1e-05, 'm_yri_ceu': 0.0, 'm_yri_chb': 0.0, 'm_ceu_chb': 0.0} -93284.20906938535
x_down: {'t1': 7.885, 't2': 40.20625, 't3': 100, 'N_anc': 7673.5, 'N_yri': 9010.0, 'N_ooa': 9010.0, 'N_ceu': 9010.0, 'N_chb': 9010.0, 'gr_ceu': 0.09, 'gr_chb': 0.09, 'm_yri_ooa': 1e-05, 'm_yri_ceu': 0.0, 'm_yri_chb': 0.0, 'm_ceu_chb': 0.0} -93258.51039839408
 
 
x_up: {'t1': 7.885, 't2': 40.20625, 't3': 100, 'N_anc': 7673.5, 'N_yri': 10346.5, 'N_ooa': 9010.0, 'N_ceu': 9010.0, 'N_chb': 9010.0, 'gr_ceu': 0.09, 'gr_chb': 0.09, 'm_yri_ooa': 1e-05, 'm_yri_ceu': 0.0, 'm_yri_chb': 0.0, 'm_ceu_chb': 0.0} -93533.32193353721
x: {'t1': 7.885, 't2': 40.20625, 't3': 100, 'N_anc': 7673.5, 'N_yri': 9010.0, 'N_ooa': 9010.0, 'N_ceu': 9010.0, 'N_chb': 9010.0, 'gr_ceu': 0.09, 'gr_chb': 0.09, 'm_yri_ooa': 1e-05, 'm_yri_ceu': 0.0, 'm_yri_chb': 0.0, 'm_ceu_chb': 0.0} -93258.51039839408
x_down: {'t1': 7.885, 't2': 40.20625, 't3': 100, 'N_anc': 7673.5, 'N_yri': 7673.5, 'N_ooa': 9010.0, 'N_ceu': 9010.0, 'N_chb': 9010.0, 'gr_ceu': 0.09, 'gr_chb': 0.09, 'm_yri_ooa': 1e-05, 'm_yri_ceu': 0.0, 'm_yri_chb': 0.0, 'm_ceu_chb': 0.0} -92932.06612338312
 
 
x_up: {'t1': 7.885, 't2': 40.20625, 't3': 100, 'N_anc': 7673.5, 'N_yri': 7673.5, 'N_ooa': 10346.5, 'N_ceu': 9010.0, 'N_chb': 9010.0, 'gr_ceu': 0.09, 'gr_chb': 0.09, 'm_yri_ooa': 1e-05, 'm_yri_ceu': 0.0, 'm_yri_chb': 0.0, 'm_ceu_chb': 0.0} -93147.8152766305
x: {'t1': 7.885, 't2': 40.20625, 't3': 100, 'N_anc': 7673.5, 'N_yri': 7673.5, 'N_ooa': 9010.0, 'N_ceu': 9010.0, 'N_chb': 9010.0, 'gr_ceu': 0.09, 'gr_chb': 0.09, 'm_yri_ooa': 1e-05, 'm_yri_ceu': 0.0, 'm_yri_chb': 0.0, 'm_ceu_chb': 0.0} -92932.06612338312
x_down: {'t1': 7.885, 't2': 40.20625, 't3': 100, 'N_anc': 7673.5, 'N_yri': 7673.5, 'N_ooa': 7673.5, 'N_ceu': 9010.0, 'N_chb': 9010.0, 'gr_ceu': 0.09, 'gr_chb': 0.09, 'm_yri_ooa': 1e-05, 'm_yri_ceu': 0.0, 'm_yri_chb': 0.0, 'm_ceu_chb': 0.0} -92697.11098343942
 
 
x_up: {'t1': 7.885, 't2': 40.20625, 't3': 100, 'N_anc': 7673.5, 'N_yri': 7673.5, 'N_ooa': 7673.5, 'N_ceu': 10346.5, 'N_chb': 9010.0, 'gr_ceu': 0.09, 'gr_chb': 0.09, 'm_yri_ooa': 1e-05, 'm_yri_ceu': 0.0, 'm_yri_chb': 0.0, 'm_ceu_chb': 0.0} -93081.00420266329
x: {'t1': 7.885, 't2': 40.20625, 't3': 100, 'N_anc': 7673.5, 'N_yri': 7673.5, 'N_ooa': 7673.5, 'N_ceu': 9010.0, 'N_chb': 9010.0, 'gr_ceu': 0.09, 'gr_chb': 0.09, 'm_yri_ooa': 1e-05, 'm_yri_ceu': 0.0, 'm_yri_chb': 0.0, 'm_ceu_chb': 0.0} -92697.11098343942
x_down: {'t1': 7.885, 't2': 40.20625, 't3': 100, 'N_anc': 7673.5, 'N_yri': 7673.5, 'N_ooa': 7673.5, 'N_ceu': 7673.5, 'N_chb': 9010.0, 'gr_ceu': 0.09, 'gr_chb': 0.09, 'm_yri_ooa': 1e-05, 'm_yri_ceu': 0.0, 'm_yri_chb': 0.0, 'm_ceu_chb': 0.0} -92168.45567724499
 
 
x_up: {'t1': 7.885, 't2': 40.20625, 't3': 100, 'N_anc': 7673.5, 'N_yri': 7673.5, 'N_ooa': 7673.5, 'N_ceu': 7673.5, 'N_chb': 10346.5, 'gr_ceu': 0.09, 'gr_chb': 0.09, 'm_yri_ooa': 1e-05, 'm_yri_ceu': 0.0, 'm_yri_chb': 0.0, 'm_ceu_chb': 0.0} -92466.53870492657
x: {'t1': 7.885, 't2': 40.20625, 't3': 100, 'N_anc': 7673.5, 'N_yri': 7673.5, 'N_ooa': 7673.5, 'N_ceu': 7673.5, 'N_chb': 9010.0, 'gr_ceu': 0.09, 'gr_chb': 0.09, 'm_yri_ooa': 1e-05, 'm_yri_ceu': 0.0, 'm_yri_chb': 0.0, 'm_ceu_chb': 0.0} -92168.45567724499
x_down: {'t1': 7.885, 't2': 40.20625, 't3': 100, 'N_anc': 7673.5, 'N_yri': 7673.5, 'N_ooa': 7673.5, 'N_ceu': 7673.5, 'N_chb': 7673.5, 'gr_ceu': 0.09, 'gr_chb': 0.09, 'm_yri_ooa': 1e-05, 'm_yri_ceu': 0.0, 'm_yri_chb': 0.0, 'm_ceu_chb': 0.0} -91734.07565376328
 
 
x_up: {'t1': 7.885, 't2': 40.20625, 't3': 100, 'N_anc': 7673.5, 'N_yri': 7673.5, 'N_ooa': 7673.5, 'N_ceu': 7673.5, 'N_chb': 7673.5, 'gr_ceu': 0.1035, 'gr_chb': 0.09, 'm_yri_ooa': 1e-05, 'm_yri_ceu': 0.0, 'm_yri_chb': 0.0, 'm_ceu_chb': 0.0} -91958.05571749818
x: {'t1': 7.885, 't2': 40.20625, 't3': 100, 'N_anc': 7673.5, 'N_yri': 7673.5, 'N_ooa': 7673.5, 'N_ceu': 7673.5, 'N_chb': 7673.5, 'gr_ceu': 0.09, 'gr_chb': 0.09, 'm_yri_ooa': 1e-05, 'm_yri_ceu': 0.0, 'm_yri_chb': 0.0, 'm_ceu_chb': 0.0} -91734.07565376328
x_down: {'t1': 7.885, 't2': 40.20625, 't3': 100, 'N_anc': 7673.5, 'N_yri': 7673.5, 'N_ooa': 7673.5, 'N_ceu': 7673.5, 'N_chb': 7673.5, 'gr_ceu': 0.0765, 'gr_chb': 0.09, 'm_yri_ooa': 1e-05, 'm_yri_ceu': 0.0, 'm_yri_chb': 0.0, 'm_ceu_chb': 0.0} -91484.82262178758
 
 
x_up: {'t1': 7.885, 't2': 40.20625, 't3': 100, 'N_anc': 7673.5, 'N_yri': 7673.5, 'N_ooa': 7673.5, 'N_ceu': 7673.5, 'N_chb': 7673.5, 'gr_ceu': 0.0765, 'gr_chb': 0.1035, 'm_yri_ooa': 1e-05, 'm_yri_ceu': 0.0, 'm_yri_chb': 0.0, 'm_ceu_chb': 0.0} -91680.09044592771
x: {'t1': 7.885, 't2': 40.20625, 't3': 100, 'N_anc': 7673.5, 'N_yri': 7673.5, 'N_ooa': 7673.5, 'N_ceu': 7673.5, 'N_chb': 7673.5, 'gr_ceu': 0.0765, 'gr_chb': 0.09, 'm_yri_ooa': 1e-05, 'm_yri_ceu': 0.0, 'm_yri_chb': 0.0, 'm_ceu_chb': 0.0} -91484.82262178758
x_down: {'t1': 7.885, 't2': 40.20625, 't3': 100, 'N_anc': 7673.5, 'N_yri': 7673.5, 'N_ooa': 7673.5, 'N_ceu': 7673.5, 'N_chb': 7673.5, 'gr_ceu': 0.0765, 'gr_chb': 0.0765, 'm_yri_ooa': 1e-05, 'm_yri_ceu': 0.0, 'm_yri_chb': 0.0, 'm_ceu_chb': 0.0} -91265.19956736917
 
 
x_up: {'t1': 7.885, 't2': 40.20625, 't3': 100, 'N_anc': 7673.5, 'N_yri': 7673.5, 'N_ooa': 7673.5, 'N_ceu': 7673.5, 'N_chb': 7673.5, 'gr_ceu': 0.0765, 'gr_chb': 0.0765, 'm_yri_ooa': 0.0, 'm_yri_ceu': 0.0, 'm_yri_chb': 0.0, 'm_ceu_chb': 0.0} -91306.73441425484
x: {'t1': 7.885, 't2': 40.20625, 't3': 100, 'N_anc': 7673.5, 'N_yri': 7673.5, 'N_ooa': 7673.5, 'N_ceu': 7673.5, 'N_chb': 7673.5, 'gr_ceu': 0.0765, 'gr_chb': 0.0765, 'm_yri_ooa': 1e-05, 'm_yri_ceu': 0.0, 'm_yri_chb': 0.0, 'm_ceu_chb': 0.0} -91265.19956736917
x_down: {'t1': 7.885, 't2': 40.20625, 't3': 100, 'N_anc': 7673.5, 'N_yri': 7673.5, 'N_ooa': 7673.5, 'N_ceu': 7673.5, 'N_chb': 7673.5, 'gr_ceu': 0.0765, 'gr_chb': 0.0765, 'm_yri_ooa': 1e-05, 'm_yri_ceu': 0.0, 'm_yri_chb': 0.0, 'm_ceu_chb': 0.0} -91265.19956736917
 
 
x_up: {'t1': 7.885, 't2': 40.20625, 't3': 100, 'N_anc': 7673.5, 'N_yri': 7673.5, 'N_ooa': 7673.5, 'N_ceu': 7673.5, 'N_chb': 7673.5, 'gr_ceu': 0.0765, 'gr_chb': 0.0765, 'm_yri_ooa': 1e-05, 'm_yri_ceu': 0.0, 'm_yri_chb': 0.0, 'm_ceu_chb': 0.0} -91265.19956736917
x: {'t1': 7.885, 't2': 40.20625, 't3': 100, 'N_anc': 7673.5, 'N_yri': 7673.5, 'N_ooa': 7673.5, 'N_ceu': 7673.5, 'N_chb': 7673.5, 'gr_ceu': 0.0765, 'gr_chb': 0.0765, 'm_yri_ooa': 1e-05, 'm_yri_ceu': 0.0, 'm_yri_chb': 0.0, 'm_ceu_chb': 0.0} -91265.19956736917
x_down: {'t1': 7.885, 't2': 40.20625, 't3': 100, 'N_anc': 7673.5, 'N_yri': 7673.5, 'N_ooa': 7673.5, 'N_ceu': 7673.5, 'N_chb': 7673.5, 'gr_ceu': 0.0765, 'gr_chb': 0.0765, 'm_yri_ooa': 1e-05, 'm_yri_ceu': 1e-05, 'm_yri_chb': 0.0, 'm_ceu_chb': 0.0} -91265.19956737201
 
 
x_up: {'t1': 7.885, 't2': 40.20625, 't3': 100, 'N_anc': 7673.5, 'N_yri': 7673.5, 'N_ooa': 7673.5, 'N_ceu': 7673.5, 'N_chb': 7673.5, 'gr_ceu': 0.0765, 'gr_chb': 0.0765, 'm_yri_ooa': 1e-05, 'm_yri_ceu': 0.0, 'm_yri_chb': 0.0, 'm_ceu_chb': 0.0} -91265.19956736917
x: {'t1': 7.885, 't2': 40.20625, 't3': 100, 'N_anc': 7673.5, 'N_yri': 7673.5, 'N_ooa': 7673.5, 'N_ceu': 7673.5, 'N_chb': 7673.5, 'gr_ceu': 0.0765, 'gr_chb': 0.0765, 'm_yri_ooa': 1e-05, 'm_yri_ceu': 0.0, 'm_yri_chb': 0.0, 'm_ceu_chb': 0.0} -91265.19956736917
x_down: {'t1': 7.885, 't2': 40.20625, 't3': 100, 'N_anc': 7673.5, 'N_yri': 7673.5, 'N_ooa': 7673.5, 'N_ceu': 7673.5, 'N_chb': 7673.5, 'gr_ceu': 0.0765, 'gr_chb': 0.0765, 'm_yri_ooa': 1e-05, 'm_yri_ceu': 0.0, 'm_yri_chb': 1e-05, 'm_ceu_chb': 0.0} -91265.19956737204
 
 
x_up: {'t1': 7.885, 't2': 40.20625, 't3': 100, 'N_anc': 7673.5, 'N_yri': 7673.5, 'N_ooa': 7673.5, 'N_ceu': 7673.5, 'N_chb': 7673.5, 'gr_ceu': 0.0765, 'gr_chb': 0.0765, 'm_yri_ooa': 1e-05, 'm_yri_ceu': 0.0, 'm_yri_chb': 0.0, 'm_ceu_chb': 0.0} -91265.19956736917
x: {'t1': 7.885, 't2': 40.20625, 't3': 100, 'N_anc': 7673.5, 'N_yri': 7673.5, 'N_ooa': 7673.5, 'N_ceu': 7673.5, 'N_chb': 7673.5, 'gr_ceu': 0.0765, 'gr_chb': 0.0765, 'm_yri_ooa': 1e-05, 'm_yri_ceu': 0.0, 'm_yri_chb': 0.0, 'm_ceu_chb': 0.0} -91265.19956736917
x_down: {'t1': 7.885, 't2': 40.20625, 't3': 100, 'N_anc': 7673.5, 'N_yri': 7673.5, 'N_ooa': 7673.5, 'N_ceu': 7673.5, 'N_chb': 7673.5, 'gr_ceu': 0.0765, 'gr_chb': 0.0765, 'm_yri_ooa': 1e-05, 'm_yri_ceu': 0.0, 'm_yri_chb': 0.0, 'm_ceu_chb': 1e-05} -91265.19956737166
 
{'t1': 7.885, 't2': 40.20625, 't3': 100, 'N_anc': 7673.5, 'N_yri': 7673.5, 'N_ooa': 7673.5, 'N_ceu': 7673.5, 'N_chb': 7673.5, 'gr_ceu': 0.0765, 'gr_chb': 0.0765, 'm_yri_ooa': 1e-05, 'm_yri_ceu': 0.0, 'm_yri_chb': 0.0, 'm_ceu_chb': 0.0} -91265.19956736917
 
x_up: {'t1': 9.43412, 't2': 40.20625, 't3': 100, 'N_anc': 7673.5, 'N_yri': 7673.5, 'N_ooa': 7673.5, 'N_ceu': 7673.5, 'N_chb': 7673.5, 'gr_ceu': 0.0765, 'gr_chb': 0.0765, 'm_yri_ooa': 1e-05, 'm_yri_ceu': 0.0, 'm_yri_chb': 0.0, 'm_ceu_chb': 0.0} -91948.6162887066
x: {'t1': 7.885, 't2': 40.20625, 't3': 100, 'N_anc': 7673.5, 'N_yri': 7673.5, 'N_ooa': 7673.5, 'N_ceu': 7673.5, 'N_chb': 7673.5, 'gr_ceu': 0.0765, 'gr_chb': 0.0765, 'm_yri_ooa': 1e-05, 'm_yri_ceu': 0.0, 'm_yri_chb': 0.0, 'm_ceu_chb': 0.0} -91265.19956736917
x_down: {'t1': 6.33587, 't2': 40.20625, 't3': 100, 'N_anc': 7673.5, 'N_yri': 7673.5, 'N_ooa': 7673.5, 'N_ceu': 7673.5, 'N_chb': 7673.5, 'gr_ceu': 0.0765, 'gr_chb': 0.0765, 'm_yri_ooa': 1e-05, 'm_yri_ceu': 0.0, 'm_yri_chb': 0.0, 'm_ceu_chb': 0.0} -90413.44848022093
 
 
x_up: {'t1': 6.33587, 't2': 47.82709, 't3': 100, 'N_anc': 7673.5, 'N_yri': 7673.5, 'N_ooa': 7673.5, 'N_ceu': 7673.5, 'N_chb': 7673.5, 'gr_ceu': 0.0765, 'gr_chb': 0.0765, 'm_yri_ooa': 1e-05, 'm_yri_ceu': 0.0, 'm_yri_chb': 0.0, 'm_ceu_chb': 0.0} -90517.6868326775
x: {'t1': 6.33587, 't2': 40.20625, 't3': 100, 'N_anc': 7673.5, 'N_yri': 7673.5, 'N_ooa': 7673.5, 'N_ceu': 7673.5, 'N_chb': 7673.5, 'gr_ceu': 0.0765, 'gr_chb': 0.0765, 'm_yri_ooa': 1e-05, 'm_yri_ceu': 0.0, 'm_yri_chb': 0.0, 'm_ceu_chb': 0.0} -90413.44848022093
x_down: {'t1': 6.33587, 't2': 32.58541, 't3': 100, 'N_anc': 7673.5, 'N_yri': 7673.5, 'N_ooa': 7673.5, 'N_ceu': 7673.5, 'N_chb': 7673.5, 'gr_ceu': 0.0765, 'gr_chb': 0.0765, 'm_yri_ooa': 1e-05, 'm_yri_ceu': 0.0, 'm_yri_chb': 0.0, 'm_ceu_chb': 0.0} -90304.48905471993
 
 
x_up: {'t1': 6.33587, 't2': 32.58541, 't3': 103.37073, 'N_anc': 7673.5, 'N_yri': 7673.5, 'N_ooa': 7673.5, 'N_ceu': 7673.5, 'N_chb': 7673.5, 'gr_ceu': 0.0765, 'gr_chb': 0.0765, 'm_yri_ooa': 1e-05, 'm_yri_ceu': 0.0, 'm_yri_chb': 0.0, 'm_ceu_chb': 0.0} -90304.48905471993
x: {'t1': 6.33587, 't2': 32.58541, 't3': 100, 'N_anc': 7673.5, 'N_yri': 7673.5, 'N_ooa': 7673.5, 'N_ceu': 7673.5, 'N_chb': 7673.5, 'gr_ceu': 0.0765, 'gr_chb': 0.0765, 'm_yri_ooa': 1e-05, 'm_yri_ceu': 0.0, 'm_yri_chb': 0.0, 'm_ceu_chb': 0.0} -90304.48905471993
x_down: {'t1': 6.33587, 't2': 32.58541, 't3': 96.62927, 'N_anc': 7673.5, 'N_yri': 7673.5, 'N_ooa': 7673.5, 'N_ceu': 7673.5, 'N_chb': 7673.5, 'gr_ceu': 0.0765, 'gr_chb': 0.0765, 'm_yri_ooa': 1e-05, 'm_yri_ceu': 0.0, 'm_yri_chb': 0.0, 'm_ceu_chb': 0.0} -90304.48905471993
 
 
x_up: {'t1': 6.33587, 't2': 32.58541, 't3': 100, 'N_anc': 9377.5375, 'N_yri': 7673.5, 'N_ooa': 7673.5, 'N_ceu': 7673.5, 'N_chb': 7673.5, 'gr_ceu': 0.0765, 'gr_chb': 0.0765, 'm_yri_ooa': 1e-05, 'm_yri_ceu': 0.0, 'm_yri_chb': 0.0, 'm_ceu_chb': 0.0} -90336.62533787382
x: {'t1': 6.33587, 't2': 32.58541, 't3': 100, 'N_anc': 7673.5, 'N_yri': 7673.5, 'N_ooa': 7673.5, 'N_ceu': 7673.5, 'N_chb': 7673.5, 'gr_ceu': 0.0765, 'gr_chb': 0.0765, 'm_yri_ooa': 1e-05, 'm_yri_ceu': 0.0, 'm_yri_chb': 0.0, 'm_ceu_chb': 0.0} -90304.48905471993
x_down: {'t1': 6.33587, 't2': 32.58541, 't3': 100, 'N_anc': 5969.4625, 'N_yri': 7673.5, 'N_ooa': 7673.5, 'N_ceu': 7673.5, 'N_chb': 7673.5, 'gr_ceu': 0.0765, 'gr_chb': 0.0765, 'm_yri_ooa': 1e-05, 'm_yri_ceu': 0.0, 'm_yri_chb': 0.0, 'm_ceu_chb': 0.0} -90264.8724674863
 
 
x_up: {'t1': 6.33587, 't2': 32.58541, 't3': 100, 'N_anc': 5969.4625, 'N_yri': 9377.5375, 'N_ooa': 7673.5, 'N_ceu': 7673.5, 'N_chb': 7673.5, 'gr_ceu': 0.0765, 'gr_chb': 0.0765, 'm_yri_ooa': 1e-05, 'm_yri_ceu': 0.0, 'm_yri_chb': 0.0, 'm_ceu_chb': 0.0} -90615.59747374878
x: {'t1': 6.33587, 't2': 32.58541, 't3': 100, 'N_anc': 5969.4625, 'N_yri': 7673.5, 'N_ooa': 7673.5, 'N_ceu': 7673.5, 'N_chb': 7673.5, 'gr_ceu': 0.0765, 'gr_chb': 0.0765, 'm_yri_ooa': 1e-05, 'm_yri_ceu': 0.0, 'm_yri_chb': 0.0, 'm_ceu_chb': 0.0} -90264.8724674863
x_down: {'t1': 6.33587, 't2': 32.58541, 't3': 100, 'N_anc': 5969.4625, 'N_yri': 5969.4625, 'N_ooa': 7673.5, 'N_ceu': 7673.5, 'N_chb': 7673.5, 'gr_ceu': 0.0765, 'gr_chb': 0.0765, 'm_yri_ooa': 1e-05, 'm_yri_ceu': 0.0, 'm_yri_chb': 0.0, 'm_ceu_chb': 0.0} -89819.95946261515
 
 
x_up: {'t1': 6.33587, 't2': 32.58541, 't3': 100, 'N_anc': 5969.4625, 'N_yri': 5969.4625, 'N_ooa': 9377.5375, 'N_ceu': 7673.5, 'N_chb': 7673.5, 'gr_ceu': 0.0765, 'gr_chb': 0.0765, 'm_yri_ooa': 1e-05, 'm_yri_ceu': 0.0, 'm_yri_chb': 0.0, 'm_ceu_chb': 0.0} -90188.27356038085
x: {'t1': 6.33587, 't2': 32.58541, 't3': 100, 'N_anc': 5969.4625, 'N_yri': 5969.4625, 'N_ooa': 7673.5, 'N_ceu': 7673.5, 'N_chb': 7673.5, 'gr_ceu': 0.0765, 'gr_chb': 0.0765, 'm_yri_ooa': 1e-05, 'm_yri_ceu': 0.0, 'm_yri_chb': 0.0, 'm_ceu_chb': 0.0} -89819.95946261515
x_down: {'t1': 6.33587, 't2': 32.58541, 't3': 100, 'N_anc': 5969.4625, 'N_yri': 5969.4625, 'N_ooa': 5969.4625, 'N_ceu': 7673.5, 'N_chb': 7673.5, 'gr_ceu': 0.0765, 'gr_chb': 0.0765, 'm_yri_ooa': 1e-05, 'm_yri_ceu': 0.0, 'm_yri_chb': 0.0, 'm_ceu_chb': 0.0} -89353.46704925546
 
 
x_up: {'t1': 6.33587, 't2': 32.58541, 't3': 100, 'N_anc': 5969.4625, 'N_yri': 5969.4625, 'N_ooa': 5969.4625, 'N_ceu': 9377.5375, 'N_chb': 7673.5, 'gr_ceu': 0.0765, 'gr_chb': 0.0765, 'm_yri_ooa': 1e-05, 'm_yri_ceu': 0.0, 'm_yri_chb': 0.0, 'm_ceu_chb': 0.0} -89859.37465269607
x: {'t1': 6.33587, 't2': 32.58541, 't3': 100, 'N_anc': 5969.4625, 'N_yri': 5969.4625, 'N_ooa': 5969.4625, 'N_ceu': 7673.5, 'N_chb': 7673.5, 'gr_ceu': 0.0765, 'gr_chb': 0.0765, 'm_yri_ooa': 1e-05, 'm_yri_ceu': 0.0, 'm_yri_chb': 0.0, 'm_ceu_chb': 0.0} -89353.46704925546
x_down: {'t1': 6.33587, 't2': 32.58541, 't3': 100, 'N_anc': 5969.4625, 'N_yri': 5969.4625, 'N_ooa': 5969.4625, 'N_ceu': 5969.4625, 'N_chb': 7673.5, 'gr_ceu': 0.0765, 'gr_chb': 0.0765, 'm_yri_ooa': 1e-05, 'm_yri_ceu': 0.0, 'm_yri_chb': 0.0, 'm_ceu_chb': 0.0} -88510.26579139574
 
 
x_up: {'t1': 6.33587, 't2': 32.58541, 't3': 100, 'N_anc': 5969.4625, 'N_yri': 5969.4625, 'N_ooa': 5969.4625, 'N_ceu': 5969.4625, 'N_chb': 9377.5375, 'gr_ceu': 0.0765, 'gr_chb': 0.0765, 'm_yri_ooa': 1e-05, 'm_yri_ceu': 0.0, 'm_yri_chb': 0.0, 'm_ceu_chb': 0.0} -88894.30091601868
x: {'t1': 6.33587, 't2': 32.58541, 't3': 100, 'N_anc': 5969.4625, 'N_yri': 5969.4625, 'N_ooa': 5969.4625, 'N_ceu': 5969.4625, 'N_chb': 7673.5, 'gr_ceu': 0.0765, 'gr_chb': 0.0765, 'm_yri_ooa': 1e-05, 'm_yri_ceu': 0.0, 'm_yri_chb': 0.0, 'm_ceu_chb': 0.0} -88510.26579139574
x_down: {'t1': 6.33587, 't2': 32.58541, 't3': 100, 'N_anc': 5969.4625, 'N_yri': 5969.4625, 'N_ooa': 5969.4625, 'N_ceu': 5969.4625, 'N_chb': 5969.4625, 'gr_ceu': 0.0765, 'gr_chb': 0.0765, 'm_yri_ooa': 1e-05, 'm_yri_ceu': 0.0, 'm_yri_chb': 0.0, 'm_ceu_chb': 0.0} -87925.35892246265
 
 
x_up: {'t1': 6.33587, 't2': 32.58541, 't3': 100, 'N_anc': 5969.4625, 'N_yri': 5969.4625, 'N_ooa': 5969.4625, 'N_ceu': 5969.4625, 'N_chb': 5969.4625, 'gr_ceu': 0.09371, 'gr_chb': 0.0765, 'm_yri_ooa': 1e-05, 'm_yri_ceu': 0.0, 'm_yri_chb': 0.0, 'm_ceu_chb': 0.0} -88135.13253324314
x: {'t1': 6.33587, 't2': 32.58541, 't3': 100, 'N_anc': 5969.4625, 'N_yri': 5969.4625, 'N_ooa': 5969.4625, 'N_ceu': 5969.4625, 'N_chb': 5969.4625, 'gr_ceu': 0.0765, 'gr_chb': 0.0765, 'm_yri_ooa': 1e-05, 'm_yri_ceu': 0.0, 'm_yri_chb': 0.0, 'm_ceu_chb': 0.0} -87925.35892246265
x_down: {'t1': 6.33587, 't2': 32.58541, 't3': 100, 'N_anc': 5969.4625, 'N_yri': 5969.4625, 'N_ooa': 5969.4625, 'N_ceu': 5969.4625, 'N_chb': 5969.4625, 'gr_ceu': 0.05929, 'gr_chb': 0.0765, 'm_yri_ooa': 1e-05, 'm_yri_ceu': 0.0, 'm_yri_chb': 0.0, 'm_ceu_chb': 0.0} -87683.05198339085
 
 
x_up: {'t1': 6.33587, 't2': 32.58541, 't3': 100, 'N_anc': 5969.4625, 'N_yri': 5969.4625, 'N_ooa': 5969.4625, 'N_ceu': 5969.4625, 'N_chb': 5969.4625, 'gr_ceu': 0.05929, 'gr_chb': 0.09371, 'm_yri_ooa': 1e-05, 'm_yri_ceu': 0.0, 'm_yri_chb': 0.0, 'm_ceu_chb': 0.0} -87860.43273273465
x: {'t1': 6.33587, 't2': 32.58541, 't3': 100, 'N_anc': 5969.4625, 'N_yri': 5969.4625, 'N_ooa': 5969.4625, 'N_ceu': 5969.4625, 'N_chb': 5969.4625, 'gr_ceu': 0.05929, 'gr_chb': 0.0765, 'm_yri_ooa': 1e-05, 'm_yri_ceu': 0.0, 'm_yri_chb': 0.0, 'm_ceu_chb': 0.0} -87683.05198339085
x_down: {'t1': 6.33587, 't2': 32.58541, 't3': 100, 'N_anc': 5969.4625, 'N_yri': 5969.4625, 'N_ooa': 5969.4625, 'N_ceu': 5969.4625, 'N_chb': 5969.4625, 'gr_ceu': 0.05929, 'gr_chb': 0.05929, 'm_yri_ooa': 1e-05, 'm_yri_ceu': 0.0, 'm_yri_chb': 0.0, 'm_ceu_chb': 0.0} -87479.34121369866
 
 
x_up: {'t1': 6.33587, 't2': 32.58541, 't3': 100, 'N_anc': 5969.4625, 'N_yri': 5969.4625, 'N_ooa': 5969.4625, 'N_ceu': 5969.4625, 'N_chb': 5969.4625, 'gr_ceu': 0.05929, 'gr_chb': 0.05929, 'm_yri_ooa': 0.0, 'm_yri_ceu': 0.0, 'm_yri_chb': 0.0, 'm_ceu_chb': 0.0} -87492.10812488079
x: {'t1': 6.33587, 't2': 32.58541, 't3': 100, 'N_anc': 5969.4625, 'N_yri': 5969.4625, 'N_ooa': 5969.4625, 'N_ceu': 5969.4625, 'N_chb': 5969.4625, 'gr_ceu': 0.05929, 'gr_chb': 0.05929, 'm_yri_ooa': 1e-05, 'm_yri_ceu': 0.0, 'm_yri_chb': 0.0, 'm_ceu_chb': 0.0} -87479.34121369866
x_down: {'t1': 6.33587, 't2': 32.58541, 't3': 100, 'N_anc': 5969.4625, 'N_yri': 5969.4625, 'N_ooa': 5969.4625, 'N_ceu': 5969.4625, 'N_chb': 5969.4625, 'gr_ceu': 0.05929, 'gr_chb': 0.05929, 'm_yri_ooa': 1e-05, 'm_yri_ceu': 0.0, 'm_yri_chb': 0.0, 'm_ceu_chb': 0.0} -87479.34121369866
 
 
x_up: {'t1': 6.33587, 't2': 32.58541, 't3': 100, 'N_anc': 5969.4625, 'N_yri': 5969.4625, 'N_ooa': 5969.4625, 'N_ceu': 5969.4625, 'N_chb': 5969.4625, 'gr_ceu': 0.05929, 'gr_chb': 0.05929, 'm_yri_ooa': 1e-05, 'm_yri_ceu': 0.0, 'm_yri_chb': 0.0, 'm_ceu_chb': 0.0} -87479.34121369866
x: {'t1': 6.33587, 't2': 32.58541, 't3': 100, 'N_anc': 5969.4625, 'N_yri': 5969.4625, 'N_ooa': 5969.4625, 'N_ceu': 5969.4625, 'N_chb': 5969.4625, 'gr_ceu': 0.05929, 'gr_chb': 0.05929, 'm_yri_ooa': 1e-05, 'm_yri_ceu': 0.0, 'm_yri_chb': 0.0, 'm_ceu_chb': 0.0} -87479.34121369866
x_down: {'t1': 6.33587, 't2': 32.58541, 't3': 100, 'N_anc': 5969.4625, 'N_yri': 5969.4625, 'N_ooa': 5969.4625, 'N_ceu': 5969.4625, 'N_chb': 5969.4625, 'gr_ceu': 0.05929, 'gr_chb': 0.05929, 'm_yri_ooa': 1e-05, 'm_yri_ceu': 1e-05, 'm_yri_chb': 0.0, 'm_ceu_chb': 0.0} -87479.34121369438
 
 
x_up: {'t1': 6.33587, 't2': 32.58541, 't3': 100, 'N_anc': 5969.4625, 'N_yri': 5969.4625, 'N_ooa': 5969.4625, 'N_ceu': 5969.4625, 'N_chb': 5969.4625, 'gr_ceu': 0.05929, 'gr_chb': 0.05929, 'm_yri_ooa': 1e-05, 'm_yri_ceu': 1e-05, 'm_yri_chb': 0.0, 'm_ceu_chb': 0.0} -87479.34121369438
x: {'t1': 6.33587, 't2': 32.58541, 't3': 100, 'N_anc': 5969.4625, 'N_yri': 5969.4625, 'N_ooa': 5969.4625, 'N_ceu': 5969.4625, 'N_chb': 5969.4625, 'gr_ceu': 0.05929, 'gr_chb': 0.05929, 'm_yri_ooa': 1e-05, 'm_yri_ceu': 1e-05, 'm_yri_chb': 0.0, 'm_ceu_chb': 0.0} -87479.34121369438
x_down: {'t1': 6.33587, 't2': 32.58541, 't3': 100, 'N_anc': 5969.4625, 'N_yri': 5969.4625, 'N_ooa': 5969.4625, 'N_ceu': 5969.4625, 'N_chb': 5969.4625, 'gr_ceu': 0.05929, 'gr_chb': 0.05929, 'm_yri_ooa': 1e-05, 'm_yri_ceu': 1e-05, 'm_yri_chb': 1e-05, 'm_ceu_chb': 0.0} -87479.34121369277
 
 
x_up: {'t1': 6.33587, 't2': 32.58541, 't3': 100, 'N_anc': 5969.4625, 'N_yri': 5969.4625, 'N_ooa': 5969.4625, 'N_ceu': 5969.4625, 'N_chb': 5969.4625, 'gr_ceu': 0.05929, 'gr_chb': 0.05929, 'm_yri_ooa': 1e-05, 'm_yri_ceu': 1e-05, 'm_yri_chb': 1e-05, 'm_ceu_chb': 0.0} -87479.34121369277
x: {'t1': 6.33587, 't2': 32.58541, 't3': 100, 'N_anc': 5969.4625, 'N_yri': 5969.4625, 'N_ooa': 5969.4625, 'N_ceu': 5969.4625, 'N_chb': 5969.4625, 'gr_ceu': 0.05929, 'gr_chb': 0.05929, 'm_yri_ooa': 1e-05, 'm_yri_ceu': 1e-05, 'm_yri_chb': 1e-05, 'm_ceu_chb': 0.0} -87479.34121369277
x_down: {'t1': 6.33587, 't2': 32.58541, 't3': 100, 'N_anc': 5969.4625, 'N_yri': 5969.4625, 'N_ooa': 5969.4625, 'N_ceu': 5969.4625, 'N_chb': 5969.4625, 'gr_ceu': 0.05929, 'gr_chb': 0.05929, 'm_yri_ooa': 1e-05, 'm_yri_ceu': 1e-05, 'm_yri_chb': 1e-05, 'm_ceu_chb': 1e-05} -87479.3412136926
 
{'t1': 6.33587, 't2': 32.58541, 't3': 100, 'N_anc': 5969.4625, 'N_yri': 5969.4625, 'N_ooa': 5969.4625, 'N_ceu': 5969.4625, 'N_chb': 5969.4625, 'gr_ceu': 0.05929, 'gr_chb': 0.05929, 'm_yri_ooa': 1e-05, 'm_yri_ceu': 1e-05, 'm_yri_chb': 1e-05, 'm_ceu_chb': 1e-05} -87479.3412136926
 
x_up: {'t1': 8.13673, 't2': 32.58541, 't3': 100, 'N_anc': 5969.4625, 'N_yri': 5969.4625, 'N_ooa': 5969.4625, 'N_ceu': 5969.4625, 'N_chb': 5969.4625, 'gr_ceu': 0.05929, 'gr_chb': 0.05929, 'm_yri_ooa': 1e-05, 'm_yri_ceu': 1e-05, 'm_yri_chb': 1e-05, 'm_ceu_chb': 1e-05} -88282.61092534292
x: {'t1': 6.33587, 't2': 32.58541, 't3': 100, 'N_anc': 5969.4625, 'N_yri': 5969.4625, 'N_ooa': 5969.4625, 'N_ceu': 5969.4625, 'N_chb': 5969.4625, 'gr_ceu': 0.05929, 'gr_chb': 0.05929, 'm_yri_ooa': 1e-05, 'm_yri_ceu': 1e-05, 'm_yri_chb': 1e-05, 'm_ceu_chb': 1e-05} -87479.3412136926
x_down: {'t1': 4.53501, 't2': 32.58541, 't3': 100, 'N_anc': 5969.4625, 'N_yri': 5969.4625, 'N_ooa': 5969.4625, 'N_ceu': 5969.4625, 'N_chb': 5969.4625, 'gr_ceu': 0.05929, 'gr_chb': 0.05929, 'm_yri_ooa': 1e-05, 'm_yri_ceu': 1e-05, 'm_yri_chb': 1e-05, 'm_ceu_chb': 1e-05} -86602.3233781684
 
 
x_up: {'t1': 4.53501, 't2': 42.05242, 't3': 100, 'N_anc': 5969.4625, 'N_yri': 5969.4625, 'N_ooa': 5969.4625, 'N_ceu': 5969.4625, 'N_chb': 5969.4625, 'gr_ceu': 0.05929, 'gr_chb': 0.05929, 'm_yri_ooa': 1e-05, 'm_yri_ceu': 1e-05, 'm_yri_chb': 1e-05, 'm_ceu_chb': 1e-05} -86712.71456818133
x: {'t1': 4.53501, 't2': 32.58541, 't3': 100, 'N_anc': 5969.4625, 'N_yri': 5969.4625, 'N_ooa': 5969.4625, 'N_ceu': 5969.4625, 'N_chb': 5969.4625, 'gr_ceu': 0.05929, 'gr_chb': 0.05929, 'm_yri_ooa': 1e-05, 'm_yri_ceu': 1e-05, 'm_yri_chb': 1e-05, 'm_ceu_chb': 1e-05} -86602.3233781684
x_down: {'t1': 4.53501, 't2': 23.1184, 't3': 100, 'N_anc': 5969.4625, 'N_yri': 5969.4625, 'N_ooa': 5969.4625, 'N_ceu': 5969.4625, 'N_chb': 5969.4625, 'gr_ceu': 0.05929, 'gr_chb': 0.05929, 'm_yri_ooa': 1e-05, 'm_yri_ceu': 1e-05, 'm_yri_chb': 1e-05, 'm_ceu_chb': 1e-05} -86494.51652432032
 
 
x_up: {'t1': 4.53501, 't2': 23.1184, 't3': 103.84408, 'N_anc': 5969.4625, 'N_yri': 5969.4625, 'N_ooa': 5969.4625, 'N_ceu': 5969.4625, 'N_chb': 5969.4625, 'gr_ceu': 0.05929, 'gr_chb': 0.05929, 'm_yri_ooa': 1e-05, 'm_yri_ceu': 1e-05, 'm_yri_chb': 1e-05, 'm_ceu_chb': 1e-05} -86494.51652432032
x: {'t1': 4.53501, 't2': 23.1184, 't3': 100, 'N_anc': 5969.4625, 'N_yri': 5969.4625, 'N_ooa': 5969.4625, 'N_ceu': 5969.4625, 'N_chb': 5969.4625, 'gr_ceu': 0.05929, 'gr_chb': 0.05929, 'm_yri_ooa': 1e-05, 'm_yri_ceu': 1e-05, 'm_yri_chb': 1e-05, 'm_ceu_chb': 1e-05} -86494.51652432032
x_down: {'t1': 4.53501, 't2': 23.1184, 't3': 96.15592, 'N_anc': 5969.4625, 'N_yri': 5969.4625, 'N_ooa': 5969.4625, 'N_ceu': 5969.4625, 'N_chb': 5969.4625, 'gr_ceu': 0.05929, 'gr_chb': 0.05929, 'm_yri_ooa': 1e-05, 'm_yri_ceu': 1e-05, 'm_yri_chb': 1e-05, 'm_ceu_chb': 1e-05} -86494.51652432032
 
 
x_up: {'t1': 4.53501, 't2': 23.1184, 't3': 100, 'N_anc': 7950.40609, 'N_yri': 5969.4625, 'N_ooa': 5969.4625, 'N_ceu': 5969.4625, 'N_chb': 5969.4625, 'gr_ceu': 0.05929, 'gr_chb': 0.05929, 'm_yri_ooa': 1e-05, 'm_yri_ceu': 1e-05, 'm_yri_chb': 1e-05, 'm_ceu_chb': 1e-05} -86539.78468589715
x: {'t1': 4.53501, 't2': 23.1184, 't3': 100, 'N_anc': 5969.4625, 'N_yri': 5969.4625, 'N_ooa': 5969.4625, 'N_ceu': 5969.4625, 'N_chb': 5969.4625, 'gr_ceu': 0.05929, 'gr_chb': 0.05929, 'm_yri_ooa': 1e-05, 'm_yri_ceu': 1e-05, 'm_yri_chb': 1e-05, 'm_ceu_chb': 1e-05} -86494.51652432032
x_down: {'t1': 4.53501, 't2': 23.1184, 't3': 100, 'N_anc': 3988.51891, 'N_yri': 5969.4625, 'N_ooa': 5969.4625, 'N_ceu': 5969.4625, 'N_chb': 5969.4625, 'gr_ceu': 0.05929, 'gr_chb': 0.05929, 'm_yri_ooa': 1e-05, 'm_yri_ceu': 1e-05, 'm_yri_chb': 1e-05, 'm_ceu_chb': 1e-05} -86432.83938031354
 
 
x_up: {'t1': 4.53501, 't2': 23.1184, 't3': 100, 'N_anc': 3988.51891, 'N_yri': 7950.40609, 'N_ooa': 5969.4625, 'N_ceu': 5969.4625, 'N_chb': 5969.4625, 'gr_ceu': 0.05929, 'gr_chb': 0.05929, 'm_yri_ooa': 1e-05, 'm_yri_ceu': 1e-05, 'm_yri_chb': 1e-05, 'm_ceu_chb': 1e-05} -86762.00036881132
x: {'t1': 4.53501, 't2': 23.1184, 't3': 100, 'N_anc': 3988.51891, 'N_yri': 5969.4625, 'N_ooa': 5969.4625, 'N_ceu': 5969.4625, 'N_chb': 5969.4625, 'gr_ceu': 0.05929, 'gr_chb': 0.05929, 'm_yri_ooa': 1e-05, 'm_yri_ceu': 1e-05, 'm_yri_chb': 1e-05, 'm_ceu_chb': 1e-05} -86432.83938031354
x_down: {'t1': 4.53501, 't2': 23.1184, 't3': 100, 'N_anc': 3988.51891, 'N_yri': 3988.51891, 'N_ooa': 5969.4625, 'N_ceu': 5969.4625, 'N_chb': 5969.4625, 'gr_ceu': 0.05929, 'gr_chb': 0.05929, 'm_yri_ooa': 1e-05, 'm_yri_ceu': 1e-05, 'm_yri_chb': 1e-05, 'm_ceu_chb': 1e-05} -85828.96281630348
 
 
x_up: {'t1': 4.53501, 't2': 23.1184, 't3': 100, 'N_anc': 3988.51891, 'N_yri': 3988.51891, 'N_ooa': 7950.40609, 'N_ceu': 5969.4625, 'N_chb': 5969.4625, 'gr_ceu': 0.05929, 'gr_chb': 0.05929, 'm_yri_ooa': 1e-05, 'm_yri_ceu': 1e-05, 'm_yri_chb': 1e-05, 'm_ceu_chb': 1e-05} -86481.43871627528
x: {'t1': 4.53501, 't2': 23.1184, 't3': 100, 'N_anc': 3988.51891, 'N_yri': 3988.51891, 'N_ooa': 5969.4625, 'N_ceu': 5969.4625, 'N_chb': 5969.4625, 'gr_ceu': 0.05929, 'gr_chb': 0.05929, 'm_yri_ooa': 1e-05, 'm_yri_ceu': 1e-05, 'm_yri_chb': 1e-05, 'm_ceu_chb': 1e-05} -85828.96281630348
x_down: {'t1': 4.53501, 't2': 23.1184, 't3': 100, 'N_anc': 3988.51891, 'N_yri': 3988.51891, 'N_ooa': 3988.51891, 'N_ceu': 5969.4625, 'N_chb': 5969.4625, 'gr_ceu': 0.05929, 'gr_chb': 0.05929, 'm_yri_ooa': 1e-05, 'm_yri_ceu': 1e-05, 'm_yri_chb': 1e-05, 'm_ceu_chb': 1e-05} -84946.56000579933
 
 
x_up: {'t1': 4.53501, 't2': 23.1184, 't3': 100, 'N_anc': 3988.51891, 'N_yri': 3988.51891, 'N_ooa': 3988.51891, 'N_ceu': 7950.40609, 'N_chb': 5969.4625, 'gr_ceu': 0.05929, 'gr_chb': 0.05929, 'm_yri_ooa': 1e-05, 'm_yri_ceu': 1e-05, 'm_yri_chb': 1e-05, 'm_ceu_chb': 1e-05} -85576.90599605073
x: {'t1': 4.53501, 't2': 23.1184, 't3': 100, 'N_anc': 3988.51891, 'N_yri': 3988.51891, 'N_ooa': 3988.51891, 'N_ceu': 5969.4625, 'N_chb': 5969.4625, 'gr_ceu': 0.05929, 'gr_chb': 0.05929, 'm_yri_ooa': 1e-05, 'm_yri_ceu': 1e-05, 'm_yri_chb': 1e-05, 'm_ceu_chb': 1e-05} -84946.56000579933
x_down: {'t1': 4.53501, 't2': 23.1184, 't3': 100, 'N_anc': 3988.51891, 'N_yri': 3988.51891, 'N_ooa': 3988.51891, 'N_ceu': 3988.51891, 'N_chb': 5969.4625, 'gr_ceu': 0.05929, 'gr_chb': 0.05929, 'm_yri_ooa': 1e-05, 'm_yri_ceu': 1e-05, 'm_yri_chb': 1e-05, 'm_ceu_chb': 1e-05} -83646.32882675588
 
 
x_up: {'t1': 4.53501, 't2': 23.1184, 't3': 100, 'N_anc': 3988.51891, 'N_yri': 3988.51891, 'N_ooa': 3988.51891, 'N_ceu': 3988.51891, 'N_chb': 7950.40609, 'gr_ceu': 0.05929, 'gr_chb': 0.05929, 'm_yri_ooa': 1e-05, 'm_yri_ceu': 1e-05, 'm_yri_chb': 1e-05, 'm_ceu_chb': 1e-05} -84165.60743541572
x: {'t1': 4.53501, 't2': 23.1184, 't3': 100, 'N_anc': 3988.51891, 'N_yri': 3988.51891, 'N_ooa': 3988.51891, 'N_ceu': 3988.51891, 'N_chb': 5969.4625, 'gr_ceu': 0.05929, 'gr_chb': 0.05929, 'm_yri_ooa': 1e-05, 'm_yri_ceu': 1e-05, 'm_yri_chb': 1e-05, 'm_ceu_chb': 1e-05} -83646.32882675588
x_down: {'t1': 4.53501, 't2': 23.1184, 't3': 100, 'N_anc': 3988.51891, 'N_yri': 3988.51891, 'N_ooa': 3988.51891, 'N_ceu': 3988.51891, 'N_chb': 3988.51891, 'gr_ceu': 0.05929, 'gr_chb': 0.05929, 'm_yri_ooa': 1e-05, 'm_yri_ceu': 1e-05, 'm_yri_chb': 1e-05, 'm_ceu_chb': 1e-05} -82818.44331137443
 
 
x_up: {'t1': 4.53501, 't2': 23.1184, 't3': 100, 'N_anc': 3988.51891, 'N_yri': 3988.51891, 'N_ooa': 3988.51891, 'N_ceu': 3988.51891, 'N_chb': 3988.51891, 'gr_ceu': 0.0793, 'gr_chb': 0.05929, 'm_yri_ooa': 1e-05, 'm_yri_ceu': 1e-05, 'm_yri_chb': 1e-05, 'm_ceu_chb': 1e-05} -82972.4516742342
x: {'t1': 4.53501, 't2': 23.1184, 't3': 100, 'N_anc': 3988.51891, 'N_yri': 3988.51891, 'N_ooa': 3988.51891, 'N_ceu': 3988.51891, 'N_chb': 3988.51891, 'gr_ceu': 0.05929, 'gr_chb': 0.05929, 'm_yri_ooa': 1e-05, 'm_yri_ceu': 1e-05, 'm_yri_chb': 1e-05, 'm_ceu_chb': 1e-05} -82818.44331137443
x_down: {'t1': 4.53501, 't2': 23.1184, 't3': 100, 'N_anc': 3988.51891, 'N_yri': 3988.51891, 'N_ooa': 3988.51891, 'N_ceu': 3988.51891, 'N_chb': 3988.51891, 'gr_ceu': 0.03928, 'gr_chb': 0.05929, 'm_yri_ooa': 1e-05, 'm_yri_ceu': 1e-05, 'm_yri_chb': 1e-05, 'm_ceu_chb': 1e-05} -82648.95979702458
 
 
x_up: {'t1': 4.53501, 't2': 23.1184, 't3': 100, 'N_anc': 3988.51891, 'N_yri': 3988.51891, 'N_ooa': 3988.51891, 'N_ceu': 3988.51891, 'N_chb': 3988.51891, 'gr_ceu': 0.03928, 'gr_chb': 0.0793, 'm_yri_ooa': 1e-05, 'm_yri_ceu': 1e-05, 'm_yri_chb': 1e-05, 'm_ceu_chb': 1e-05} -82786.4304226327
x: {'t1': 4.53501, 't2': 23.1184, 't3': 100, 'N_anc': 3988.51891, 'N_yri': 3988.51891, 'N_ooa': 3988.51891, 'N_ceu': 3988.51891, 'N_chb': 3988.51891, 'gr_ceu': 0.03928, 'gr_chb': 0.05929, 'm_yri_ooa': 1e-05, 'm_yri_ceu': 1e-05, 'm_yri_chb': 1e-05, 'm_ceu_chb': 1e-05} -82648.95979702458
x_down: {'t1': 4.53501, 't2': 23.1184, 't3': 100, 'N_anc': 3988.51891, 'N_yri': 3988.51891, 'N_ooa': 3988.51891, 'N_ceu': 3988.51891, 'N_chb': 3988.51891, 'gr_ceu': 0.03928, 'gr_chb': 0.03928, 'm_yri_ooa': 1e-05, 'm_yri_ceu': 1e-05, 'm_yri_chb': 1e-05, 'm_ceu_chb': 1e-05} -82496.43431266013
 
 
x_up: {'t1': 4.53501, 't2': 23.1184, 't3': 100, 'N_anc': 3988.51891, 'N_yri': 3988.51891, 'N_ooa': 3988.51891, 'N_ceu': 3988.51891, 'N_chb': 3988.51891, 'gr_ceu': 0.03928, 'gr_chb': 0.03928, 'm_yri_ooa': 0.0, 'm_yri_ceu': 1e-05, 'm_yri_chb': 1e-05, 'm_ceu_chb': 1e-05} -82496.3682516803
x: {'t1': 4.53501, 't2': 23.1184, 't3': 100, 'N_anc': 3988.51891, 'N_yri': 3988.51891, 'N_ooa': 3988.51891, 'N_ceu': 3988.51891, 'N_chb': 3988.51891, 'gr_ceu': 0.03928, 'gr_chb': 0.03928, 'm_yri_ooa': 1e-05, 'm_yri_ceu': 1e-05, 'm_yri_chb': 1e-05, 'm_ceu_chb': 1e-05} -82496.43431266013
x_down: {'t1': 4.53501, 't2': 23.1184, 't3': 100, 'N_anc': 3988.51891, 'N_yri': 3988.51891, 'N_ooa': 3988.51891, 'N_ceu': 3988.51891, 'N_chb': 3988.51891, 'gr_ceu': 0.03928, 'gr_chb': 0.03928, 'm_yri_ooa': 1e-05, 'm_yri_ceu': 1e-05, 'm_yri_chb': 1e-05, 'm_ceu_chb': 1e-05} -82496.43431266013
 
 
x_up: {'t1': 4.53501, 't2': 23.1184, 't3': 100, 'N_anc': 3988.51891, 'N_yri': 3988.51891, 'N_ooa': 3988.51891, 'N_ceu': 3988.51891, 'N_chb': 3988.51891, 'gr_ceu': 0.03928, 'gr_chb': 0.03928, 'm_yri_ooa': 0.0, 'm_yri_ceu': 0.0, 'm_yri_chb': 1e-05, 'm_ceu_chb': 1e-05} -82496.3682516859
x: {'t1': 4.53501, 't2': 23.1184, 't3': 100, 'N_anc': 3988.51891, 'N_yri': 3988.51891, 'N_ooa': 3988.51891, 'N_ceu': 3988.51891, 'N_chb': 3988.51891, 'gr_ceu': 0.03928, 'gr_chb': 0.03928, 'm_yri_ooa': 0.0, 'm_yri_ceu': 1e-05, 'm_yri_chb': 1e-05, 'm_ceu_chb': 1e-05} -82496.3682516803
x_down: {'t1': 4.53501, 't2': 23.1184, 't3': 100, 'N_anc': 3988.51891, 'N_yri': 3988.51891, 'N_ooa': 3988.51891, 'N_ceu': 3988.51891, 'N_chb': 3988.51891, 'gr_ceu': 0.03928, 'gr_chb': 0.03928, 'm_yri_ooa': 0.0, 'm_yri_ceu': 1e-05, 'm_yri_chb': 1e-05, 'm_ceu_chb': 1e-05} -82496.3682516803
 
 
x_up: {'t1': 4.53501, 't2': 23.1184, 't3': 100, 'N_anc': 3988.51891, 'N_yri': 3988.51891, 'N_ooa': 3988.51891, 'N_ceu': 3988.51891, 'N_chb': 3988.51891, 'gr_ceu': 0.03928, 'gr_chb': 0.03928, 'm_yri_ooa': 0.0, 'm_yri_ceu': 1e-05, 'm_yri_chb': 0.0, 'm_ceu_chb': 1e-05} -82496.3682516855
x: {'t1': 4.53501, 't2': 23.1184, 't3': 100, 'N_anc': 3988.51891, 'N_yri': 3988.51891, 'N_ooa': 3988.51891, 'N_ceu': 3988.51891, 'N_chb': 3988.51891, 'gr_ceu': 0.03928, 'gr_chb': 0.03928, 'm_yri_ooa': 0.0, 'm_yri_ceu': 1e-05, 'm_yri_chb': 1e-05, 'm_ceu_chb': 1e-05} -82496.3682516803
x_down: {'t1': 4.53501, 't2': 23.1184, 't3': 100, 'N_anc': 3988.51891, 'N_yri': 3988.51891, 'N_ooa': 3988.51891, 'N_ceu': 3988.51891, 'N_chb': 3988.51891, 'gr_ceu': 0.03928, 'gr_chb': 0.03928, 'm_yri_ooa': 0.0, 'm_yri_ceu': 1e-05, 'm_yri_chb': 1e-05, 'm_ceu_chb': 1e-05} -82496.3682516803
 
 
x_up: {'t1': 4.53501, 't2': 23.1184, 't3': 100, 'N_anc': 3988.51891, 'N_yri': 3988.51891, 'N_ooa': 3988.51891, 'N_ceu': 3988.51891, 'N_chb': 3988.51891, 'gr_ceu': 0.03928, 'gr_chb': 0.03928, 'm_yri_ooa': 0.0, 'm_yri_ceu': 1e-05, 'm_yri_chb': 1e-05, 'm_ceu_chb': 0.0} -82496.36825168051
x: {'t1': 4.53501, 't2': 23.1184, 't3': 100, 'N_anc': 3988.51891, 'N_yri': 3988.51891, 'N_ooa': 3988.51891, 'N_ceu': 3988.51891, 'N_chb': 3988.51891, 'gr_ceu': 0.03928, 'gr_chb': 0.03928, 'm_yri_ooa': 0.0, 'm_yri_ceu': 1e-05, 'm_yri_chb': 1e-05, 'm_ceu_chb': 1e-05} -82496.3682516803
x_down: {'t1': 4.53501, 't2': 23.1184, 't3': 100, 'N_anc': 3988.51891, 'N_yri': 3988.51891, 'N_ooa': 3988.51891, 'N_ceu': 3988.51891, 'N_chb': 3988.51891, 'gr_ceu': 0.03928, 'gr_chb': 0.03928, 'm_yri_ooa': 0.0, 'm_yri_ceu': 1e-05, 'm_yri_chb': 1e-05, 'm_ceu_chb': 1e-05} -82496.3682516803
 
{'t1': 4.53501, 't2': 23.1184, 't3': 100, 'N_anc': 3988.51891, 'N_yri': 3988.51891, 'N_ooa': 3988.51891, 'N_ceu': 3988.51891, 'N_chb': 3988.51891, 'gr_ceu': 0.03928, 'gr_chb': 0.03928, 'm_yri_ooa': 0.0, 'm_yri_ceu': 1e-05, 'm_yri_chb': 1e-05, 'm_ceu_chb': 1e-05} -82496.3682516803
 
x_up: {'t1': 6.30251, 't2': 23.1184, 't3': 100, 'N_anc': 3988.51891, 'N_yri': 3988.51891, 'N_ooa': 3988.51891, 'N_ceu': 3988.51891, 'N_chb': 3988.51891, 'gr_ceu': 0.03928, 'gr_chb': 0.03928, 'm_yri_ooa': 0.0, 'm_yri_ceu': 1e-05, 'm_yri_chb': 1e-05, 'm_ceu_chb': 1e-05} -83118.80716087084
x: {'t1': 4.53501, 't2': 23.1184, 't3': 100, 'N_anc': 3988.51891, 'N_yri': 3988.51891, 'N_ooa': 3988.51891, 'N_ceu': 3988.51891, 'N_chb': 3988.51891, 'gr_ceu': 0.03928, 'gr_chb': 0.03928, 'm_yri_ooa': 0.0, 'm_yri_ceu': 1e-05, 'm_yri_chb': 1e-05, 'm_ceu_chb': 1e-05} -82496.3682516803
x_down: {'t1': 2.7675, 't2': 23.1184, 't3': 100, 'N_anc': 3988.51891, 'N_yri': 3988.51891, 'N_ooa': 3988.51891, 'N_ceu': 3988.51891, 'N_chb': 3988.51891, 'gr_ceu': 0.03928, 'gr_chb': 0.03928, 'm_yri_ooa': 0.0, 'm_yri_ceu': 1e-05, 'm_yri_chb': 1e-05, 'm_ceu_chb': 1e-05} -81550.50160195492
 
 
x_up: {'t1': 2.7675, 't2': 33.29385, 't3': 100, 'N_anc': 3988.51891, 'N_yri': 3988.51891, 'N_ooa': 3988.51891, 'N_ceu': 3988.51891, 'N_chb': 3988.51891, 'gr_ceu': 0.03928, 'gr_chb': 0.03928, 'm_yri_ooa': 0.0, 'm_yri_ceu': 1e-05, 'm_yri_chb': 1e-05, 'm_ceu_chb': 1e-05} -81645.69417336422
x: {'t1': 2.7675, 't2': 23.1184, 't3': 100, 'N_anc': 3988.51891, 'N_yri': 3988.51891, 'N_ooa': 3988.51891, 'N_ceu': 3988.51891, 'N_chb': 3988.51891, 'gr_ceu': 0.03928, 'gr_chb': 0.03928, 'm_yri_ooa': 0.0, 'm_yri_ceu': 1e-05, 'm_yri_chb': 1e-05, 'm_ceu_chb': 1e-05} -81550.50160195492
x_down: {'t1': 2.7675, 't2': 12.94295, 't3': 100, 'N_anc': 3988.51891, 'N_yri': 3988.51891, 'N_ooa': 3988.51891, 'N_ceu': 3988.51891, 'N_chb': 3988.51891, 'gr_ceu': 0.03928, 'gr_chb': 0.03928, 'm_yri_ooa': 0.0, 'm_yri_ceu': 1e-05, 'm_yri_chb': 1e-05, 'm_ceu_chb': 1e-05} -81263.80375741281
 
 
x_up: {'t1': 2.7675, 't2': 12.94295, 't3': 104.35285, 'N_anc': 3988.51891, 'N_yri': 3988.51891, 'N_ooa': 3988.51891, 'N_ceu': 3988.51891, 'N_chb': 3988.51891, 'gr_ceu': 0.03928, 'gr_chb': 0.03928, 'm_yri_ooa': 0.0, 'm_yri_ceu': 1e-05, 'm_yri_chb': 1e-05, 'm_ceu_chb': 1e-05} -81263.80375741281
x: {'t1': 2.7675, 't2': 12.94295, 't3': 100, 'N_anc': 3988.51891, 'N_yri': 3988.51891, 'N_ooa': 3988.51891, 'N_ceu': 3988.51891, 'N_chb': 3988.51891, 'gr_ceu': 0.03928, 'gr_chb': 0.03928, 'm_yri_ooa': 0.0, 'm_yri_ceu': 1e-05, 'm_yri_chb': 1e-05, 'm_ceu_chb': 1e-05} -81263.80375741281
x_down: {'t1': 2.7675, 't2': 12.94295, 't3': 95.64715, 'N_anc': 3988.51891, 'N_yri': 3988.51891, 'N_ooa': 3988.51891, 'N_ceu': 3988.51891, 'N_chb': 3988.51891, 'gr_ceu': 0.03928, 'gr_chb': 0.03928, 'm_yri_ooa': 0.0, 'm_yri_ceu': 1e-05, 'm_yri_chb': 1e-05, 'm_ceu_chb': 1e-05} -81263.80375741281
 
 
x_up: {'t1': 2.7675, 't2': 12.94295, 't3': 100, 'N_anc': 5932.77837, 'N_yri': 3988.51891, 'N_ooa': 3988.51891, 'N_ceu': 3988.51891, 'N_chb': 3988.51891, 'gr_ceu': 0.03928, 'gr_chb': 0.03928, 'm_yri_ooa': 0.0, 'm_yri_ceu': 1e-05, 'm_yri_chb': 1e-05, 'm_ceu_chb': 1e-05} -81324.51854603733
x: {'t1': 2.7675, 't2': 12.94295, 't3': 100, 'N_anc': 3988.51891, 'N_yri': 3988.51891, 'N_ooa': 3988.51891, 'N_ceu': 3988.51891, 'N_chb': 3988.51891, 'gr_ceu': 0.03928, 'gr_chb': 0.03928, 'm_yri_ooa': 0.0, 'm_yri_ceu': 1e-05, 'm_yri_chb': 1e-05, 'm_ceu_chb': 1e-05} -81263.80375741281
x_down: {'t1': 2.7675, 't2': 12.94295, 't3': 100, 'N_anc': 2044.25945, 'N_yri': 3988.51891, 'N_ooa': 3988.51891, 'N_ceu': 3988.51891, 'N_chb': 3988.51891, 'gr_ceu': 0.03928, 'gr_chb': 0.03928, 'm_yri_ooa': 0.0, 'm_yri_ceu': 1e-05, 'm_yri_chb': 1e-05, 'm_ceu_chb': 1e-05} -81169.87705007734
 
 
x_up: {'t1': 2.7675, 't2': 12.94295, 't3': 100, 'N_anc': 2044.25945, 'N_yri': 5932.77837, 'N_ooa': 3988.51891, 'N_ceu': 3988.51891, 'N_chb': 3988.51891, 'gr_ceu': 0.03928, 'gr_chb': 0.03928, 'm_yri_ooa': 0.0, 'm_yri_ceu': 1e-05, 'm_yri_chb': 1e-05, 'm_ceu_chb': 1e-05} -81577.70634065013
x: {'t1': 2.7675, 't2': 12.94295, 't3': 100, 'N_anc': 2044.25945, 'N_yri': 3988.51891, 'N_ooa': 3988.51891, 'N_ceu': 3988.51891, 'N_chb': 3988.51891, 'gr_ceu': 0.03928, 'gr_chb': 0.03928, 'm_yri_ooa': 0.0, 'm_yri_ceu': 1e-05, 'm_yri_chb': 1e-05, 'm_ceu_chb': 1e-05} -81169.87705007734
x_down: {'t1': 2.7675, 't2': 12.94295, 't3': 100, 'N_anc': 2044.25945, 'N_yri': 2044.25945, 'N_ooa': 3988.51891, 'N_ceu': 3988.51891, 'N_chb': 3988.51891, 'gr_ceu': 0.03928, 'gr_chb': 0.03928, 'm_yri_ooa': 0.0, 'm_yri_ceu': 1e-05, 'm_yri_chb': 1e-05, 'm_ceu_chb': 1e-05} -80235.60764010805
 
 
x_up: {'t1': 2.7675, 't2': 12.94295, 't3': 100, 'N_anc': 2044.25945, 'N_yri': 2044.25945, 'N_ooa': 5932.77837, 'N_ceu': 3988.51891, 'N_chb': 3988.51891, 'gr_ceu': 0.03928, 'gr_chb': 0.03928, 'm_yri_ooa': 0.0, 'm_yri_ceu': 1e-05, 'm_yri_chb': 1e-05, 'm_ceu_chb': 1e-05} -81464.76818816975
x: {'t1': 2.7675, 't2': 12.94295, 't3': 100, 'N_anc': 2044.25945, 'N_yri': 2044.25945, 'N_ooa': 3988.51891, 'N_ceu': 3988.51891, 'N_chb': 3988.51891, 'gr_ceu': 0.03928, 'gr_chb': 0.03928, 'm_yri_ooa': 0.0, 'm_yri_ceu': 1e-05, 'm_yri_chb': 1e-05, 'm_ceu_chb': 1e-05} -80235.60764010805
x_down: {'t1': 2.7675, 't2': 12.94295, 't3': 100, 'N_anc': 2044.25945, 'N_yri': 2044.25945, 'N_ooa': 2044.25945, 'N_ceu': 3988.51891, 'N_chb': 3988.51891, 'gr_ceu': 0.03928, 'gr_chb': 0.03928, 'm_yri_ooa': 0.0, 'm_yri_ceu': 1e-05, 'm_yri_chb': 1e-05, 'm_ceu_chb': 1e-05} -78425.18941360497
 
 
x_up: {'t1': 2.7675, 't2': 12.94295, 't3': 100, 'N_anc': 2044.25945, 'N_yri': 2044.25945, 'N_ooa': 2044.25945, 'N_ceu': 5932.77837, 'N_chb': 3988.51891, 'gr_ceu': 0.03928, 'gr_chb': 0.03928, 'm_yri_ooa': 0.0, 'm_yri_ceu': 1e-05, 'm_yri_chb': 1e-05, 'm_ceu_chb': 1e-05} -79117.96250596346
x: {'t1': 2.7675, 't2': 12.94295, 't3': 100, 'N_anc': 2044.25945, 'N_yri': 2044.25945, 'N_ooa': 2044.25945, 'N_ceu': 3988.51891, 'N_chb': 3988.51891, 'gr_ceu': 0.03928, 'gr_chb': 0.03928, 'm_yri_ooa': 0.0, 'm_yri_ceu': 1e-05, 'm_yri_chb': 1e-05, 'm_ceu_chb': 1e-05} -78425.18941360497
x_down: {'t1': 2.7675, 't2': 12.94295, 't3': 100, 'N_anc': 2044.25945, 'N_yri': 2044.25945, 'N_ooa': 2044.25945, 'N_ceu': 2044.25945, 'N_chb': 3988.51891, 'gr_ceu': 0.03928, 'gr_chb': 0.03928, 'm_yri_ooa': 0.0, 'm_yri_ceu': 1e-05, 'm_yri_chb': 1e-05, 'm_ceu_chb': 1e-05} -76784.71797403091
 
 
x_up: {'t1': 2.7675, 't2': 12.94295, 't3': 100, 'N_anc': 2044.25945, 'N_yri': 2044.25945, 'N_ooa': 2044.25945, 'N_ceu': 2044.25945, 'N_chb': 5932.77837, 'gr_ceu': 0.03928, 'gr_chb': 0.03928, 'm_yri_ooa': 0.0, 'm_yri_ceu': 1e-05, 'm_yri_chb': 1e-05, 'm_ceu_chb': 1e-05} -77365.83633613537
x: {'t1': 2.7675, 't2': 12.94295, 't3': 100, 'N_anc': 2044.25945, 'N_yri': 2044.25945, 'N_ooa': 2044.25945, 'N_ceu': 2044.25945, 'N_chb': 3988.51891, 'gr_ceu': 0.03928, 'gr_chb': 0.03928, 'm_yri_ooa': 0.0, 'm_yri_ceu': 1e-05, 'm_yri_chb': 1e-05, 'm_ceu_chb': 1e-05} -76784.71797403091
x_down: {'t1': 2.7675, 't2': 12.94295, 't3': 100, 'N_anc': 2044.25945, 'N_yri': 2044.25945, 'N_ooa': 2044.25945, 'N_ceu': 2044.25945, 'N_chb': 2044.25945, 'gr_ceu': 0.03928, 'gr_chb': 0.03928, 'm_yri_ooa': 0.0, 'm_yri_ceu': 1e-05, 'm_yri_chb': 1e-05, 'm_ceu_chb': 1e-05} -75753.67441482471
 
 
x_up: {'t1': 2.7675, 't2': 12.94295, 't3': 100, 'N_anc': 2044.25945, 'N_yri': 2044.25945, 'N_ooa': 2044.25945, 'N_ceu': 2044.25945, 'N_chb': 2044.25945, 'gr_ceu': 0.05892, 'gr_chb': 0.03928, 'm_yri_ooa': 0.0, 'm_yri_ceu': 1e-05, 'm_yri_chb': 1e-05, 'm_ceu_chb': 1e-05} -75819.53829441594
x: {'t1': 2.7675, 't2': 12.94295, 't3': 100, 'N_anc': 2044.25945, 'N_yri': 2044.25945, 'N_ooa': 2044.25945, 'N_ceu': 2044.25945, 'N_chb': 2044.25945, 'gr_ceu': 0.03928, 'gr_chb': 0.03928, 'm_yri_ooa': 0.0, 'm_yri_ceu': 1e-05, 'm_yri_chb': 1e-05, 'm_ceu_chb': 1e-05} -75753.67441482471
x_down: {'t1': 2.7675, 't2': 12.94295, 't3': 100, 'N_anc': 2044.25945, 'N_yri': 2044.25945, 'N_ooa': 2044.25945, 'N_ceu': 2044.25945, 'N_chb': 2044.25945, 'gr_ceu': 0.01964, 'gr_chb': 0.03928, 'm_yri_ooa': 0.0, 'm_yri_ceu': 1e-05, 'm_yri_chb': 1e-05, 'm_ceu_chb': 1e-05} -75685.3423396336
 
 
x_up: {'t1': 2.7675, 't2': 12.94295, 't3': 100, 'N_anc': 2044.25945, 'N_yri': 2044.25945, 'N_ooa': 2044.25945, 'N_ceu': 2044.25945, 'N_chb': 2044.25945, 'gr_ceu': 0.01964, 'gr_chb': 0.05892, 'm_yri_ooa': 0.0, 'm_yri_ceu': 1e-05, 'm_yri_chb': 1e-05, 'm_ceu_chb': 1e-05} -75748.49411020114
x: {'t1': 2.7675, 't2': 12.94295, 't3': 100, 'N_anc': 2044.25945, 'N_yri': 2044.25945, 'N_ooa': 2044.25945, 'N_ceu': 2044.25945, 'N_chb': 2044.25945, 'gr_ceu': 0.01964, 'gr_chb': 0.03928, 'm_yri_ooa': 0.0, 'm_yri_ceu': 1e-05, 'm_yri_chb': 1e-05, 'm_ceu_chb': 1e-05} -75685.3423396336
x_down: {'t1': 2.7675, 't2': 12.94295, 't3': 100, 'N_anc': 2044.25945, 'N_yri': 2044.25945, 'N_ooa': 2044.25945, 'N_ceu': 2044.25945, 'N_chb': 2044.25945, 'gr_ceu': 0.01964, 'gr_chb': 0.01964, 'm_yri_ooa': 0.0, 'm_yri_ceu': 1e-05, 'm_yri_chb': 1e-05, 'm_ceu_chb': 1e-05} -75619.7413203874
 
 
x_up: {'t1': 2.7675, 't2': 12.94295, 't3': 100, 'N_anc': 2044.25945, 'N_yri': 2044.25945, 'N_ooa': 2044.25945, 'N_ceu': 2044.25945, 'N_chb': 2044.25945, 'gr_ceu': 0.01964, 'gr_chb': 0.01964, 'm_yri_ooa': 0.0, 'm_yri_ceu': 1e-05, 'm_yri_chb': 1e-05, 'm_ceu_chb': 1e-05} -75619.7413203874
x: {'t1': 2.7675, 't2': 12.94295, 't3': 100, 'N_anc': 2044.25945, 'N_yri': 2044.25945, 'N_ooa': 2044.25945, 'N_ceu': 2044.25945, 'N_chb': 2044.25945, 'gr_ceu': 0.01964, 'gr_chb': 0.01964, 'm_yri_ooa': 0.0, 'm_yri_ceu': 1e-05, 'm_yri_chb': 1e-05, 'm_ceu_chb': 1e-05} -75619.7413203874
x_down: {'t1': 2.7675, 't2': 12.94295, 't3': 100, 'N_anc': 2044.25945, 'N_yri': 2044.25945, 'N_ooa': 2044.25945, 'N_ceu': 2044.25945, 'N_chb': 2044.25945, 'gr_ceu': 0.01964, 'gr_chb': 0.01964, 'm_yri_ooa': 1e-05, 'm_yri_ceu': 1e-05, 'm_yri_chb': 1e-05, 'm_ceu_chb': 1e-05} -75619.90184319366
 
 
x_up: {'t1': 2.7675, 't2': 12.94295, 't3': 100, 'N_anc': 2044.25945, 'N_yri': 2044.25945, 'N_ooa': 2044.25945, 'N_ceu': 2044.25945, 'N_chb': 2044.25945, 'gr_ceu': 0.01964, 'gr_chb': 0.01964, 'm_yri_ooa': 0.0, 'm_yri_ceu': 0.0, 'm_yri_chb': 1e-05, 'm_ceu_chb': 1e-05} -75619.74132039369
x: {'t1': 2.7675, 't2': 12.94295, 't3': 100, 'N_anc': 2044.25945, 'N_yri': 2044.25945, 'N_ooa': 2044.25945, 'N_ceu': 2044.25945, 'N_chb': 2044.25945, 'gr_ceu': 0.01964, 'gr_chb': 0.01964, 'm_yri_ooa': 0.0, 'm_yri_ceu': 1e-05, 'm_yri_chb': 1e-05, 'm_ceu_chb': 1e-05} -75619.7413203874
x_down: {'t1': 2.7675, 't2': 12.94295, 't3': 100, 'N_anc': 2044.25945, 'N_yri': 2044.25945, 'N_ooa': 2044.25945, 'N_ceu': 2044.25945, 'N_chb': 2044.25945, 'gr_ceu': 0.01964, 'gr_chb': 0.01964, 'm_yri_ooa': 0.0, 'm_yri_ceu': 1e-05, 'm_yri_chb': 1e-05, 'm_ceu_chb': 1e-05} -75619.7413203874
 
 
x_up: {'t1': 2.7675, 't2': 12.94295, 't3': 100, 'N_anc': 2044.25945, 'N_yri': 2044.25945, 'N_ooa': 2044.25945, 'N_ceu': 2044.25945, 'N_chb': 2044.25945, 'gr_ceu': 0.01964, 'gr_chb': 0.01964, 'm_yri_ooa': 0.0, 'm_yri_ceu': 1e-05, 'm_yri_chb': 0.0, 'm_ceu_chb': 1e-05} -75619.74132039415
x: {'t1': 2.7675, 't2': 12.94295, 't3': 100, 'N_anc': 2044.25945, 'N_yri': 2044.25945, 'N_ooa': 2044.25945, 'N_ceu': 2044.25945, 'N_chb': 2044.25945, 'gr_ceu': 0.01964, 'gr_chb': 0.01964, 'm_yri_ooa': 0.0, 'm_yri_ceu': 1e-05, 'm_yri_chb': 1e-05, 'm_ceu_chb': 1e-05} -75619.7413203874
x_down: {'t1': 2.7675, 't2': 12.94295, 't3': 100, 'N_anc': 2044.25945, 'N_yri': 2044.25945, 'N_ooa': 2044.25945, 'N_ceu': 2044.25945, 'N_chb': 2044.25945, 'gr_ceu': 0.01964, 'gr_chb': 0.01964, 'm_yri_ooa': 0.0, 'm_yri_ceu': 1e-05, 'm_yri_chb': 1e-05, 'm_ceu_chb': 1e-05} -75619.7413203874
 
 
x_up: {'t1': 2.7675, 't2': 12.94295, 't3': 100, 'N_anc': 2044.25945, 'N_yri': 2044.25945, 'N_ooa': 2044.25945, 'N_ceu': 2044.25945, 'N_chb': 2044.25945, 'gr_ceu': 0.01964, 'gr_chb': 0.01964, 'm_yri_ooa': 0.0, 'm_yri_ceu': 1e-05, 'm_yri_chb': 1e-05, 'm_ceu_chb': 0.0} -75619.74132038762
x: {'t1': 2.7675, 't2': 12.94295, 't3': 100, 'N_anc': 2044.25945, 'N_yri': 2044.25945, 'N_ooa': 2044.25945, 'N_ceu': 2044.25945, 'N_chb': 2044.25945, 'gr_ceu': 0.01964, 'gr_chb': 0.01964, 'm_yri_ooa': 0.0, 'm_yri_ceu': 1e-05, 'm_yri_chb': 1e-05, 'm_ceu_chb': 1e-05} -75619.7413203874
x_down: {'t1': 2.7675, 't2': 12.94295, 't3': 100, 'N_anc': 2044.25945, 'N_yri': 2044.25945, 'N_ooa': 2044.25945, 'N_ceu': 2044.25945, 'N_chb': 2044.25945, 'gr_ceu': 0.01964, 'gr_chb': 0.01964, 'm_yri_ooa': 0.0, 'm_yri_ceu': 1e-05, 'm_yri_chb': 1e-05, 'm_ceu_chb': 1e-05} -75619.7413203874
 
{'t1': 2.7675, 't2': 12.94295, 't3': 100, 'N_anc': 2044.25945, 'N_yri': 2044.25945, 'N_ooa': 2044.25945, 'N_ceu': 2044.25945, 'N_chb': 2044.25945, 'gr_ceu': 0.01964, 'gr_chb': 0.01964, 'm_yri_ooa': 0.0, 'm_yri_ceu': 1e-05, 'm_yri_chb': 1e-05, 'm_ceu_chb': 1e-05} -75619.7413203874
 
x_up: {'t1': 3.65125, 't2': 12.94295, 't3': 100, 'N_anc': 2044.25945, 'N_yri': 2044.25945, 'N_ooa': 2044.25945, 'N_ceu': 2044.25945, 'N_chb': 2044.25945, 'gr_ceu': 0.01964, 'gr_chb': 0.01964, 'm_yri_ooa': 0.0, 'm_yri_ceu': 1e-05, 'm_yri_chb': 1e-05, 'm_ceu_chb': 1e-05} -75986.58724465597
x: {'t1': 2.7675, 't2': 12.94295, 't3': 100, 'N_anc': 2044.25945, 'N_yri': 2044.25945, 'N_ooa': 2044.25945, 'N_ceu': 2044.25945, 'N_chb': 2044.25945, 'gr_ceu': 0.01964, 'gr_chb': 0.01964, 'm_yri_ooa': 0.0, 'm_yri_ceu': 1e-05, 'm_yri_chb': 1e-05, 'm_ceu_chb': 1e-05} -75619.7413203874
x_down: {'t1': 1.88375, 't2': 12.94295, 't3': 100, 'N_anc': 2044.25945, 'N_yri': 2044.25945, 'N_ooa': 2044.25945, 'N_ceu': 2044.25945, 'N_chb': 2044.25945, 'gr_ceu': 0.01964, 'gr_chb': 0.01964, 'm_yri_ooa': 0.0, 'm_yri_ceu': 1e-05, 'm_yri_chb': 1e-05, 'm_ceu_chb': 1e-05} -75208.09514214502
 
 
x_up: {'t1': 1.88375, 't2': 18.47255, 't3': 100, 'N_anc': 2044.25945, 'N_yri': 2044.25945, 'N_ooa': 2044.25945, 'N_ceu': 2044.25945, 'N_chb': 2044.25945, 'gr_ceu': 0.01964, 'gr_chb': 0.01964, 'm_yri_ooa': 0.0, 'm_yri_ceu': 1e-05, 'm_yri_chb': 1e-05, 'm_ceu_chb': 1e-05} -75428.08132145954
x: {'t1': 1.88375, 't2': 12.94295, 't3': 100, 'N_anc': 2044.25945, 'N_yri': 2044.25945, 'N_ooa': 2044.25945, 'N_ceu': 2044.25945, 'N_chb': 2044.25945, 'gr_ceu': 0.01964, 'gr_chb': 0.01964, 'm_yri_ooa': 0.0, 'm_yri_ceu': 1e-05, 'm_yri_chb': 1e-05, 'm_ceu_chb': 1e-05} -75208.09514214502
x_down: {'t1': 1.88375, 't2': 7.41335, 't3': 100, 'N_anc': 2044.25945, 'N_yri': 2044.25945, 'N_ooa': 2044.25945, 'N_ceu': 2044.25945, 'N_chb': 2044.25945, 'gr_ceu': 0.01964, 'gr_chb': 0.01964, 'm_yri_ooa': 0.0, 'm_yri_ceu': 1e-05, 'm_yri_chb': 1e-05, 'm_ceu_chb': 1e-05} -74833.72351222383
 
 
x_up: {'t1': 1.88375, 't2': 7.41335, 't3': 104.62933, 'N_anc': 2044.25945, 'N_yri': 2044.25945, 'N_ooa': 2044.25945, 'N_ceu': 2044.25945, 'N_chb': 2044.25945, 'gr_ceu': 0.01964, 'gr_chb': 0.01964, 'm_yri_ooa': 0.0, 'm_yri_ceu': 1e-05, 'm_yri_chb': 1e-05, 'm_ceu_chb': 1e-05} -74833.72351222383
x: {'t1': 1.88375, 't2': 7.41335, 't3': 100, 'N_anc': 2044.25945, 'N_yri': 2044.25945, 'N_ooa': 2044.25945, 'N_ceu': 2044.25945, 'N_chb': 2044.25945, 'gr_ceu': 0.01964, 'gr_chb': 0.01964, 'm_yri_ooa': 0.0, 'm_yri_ceu': 1e-05, 'm_yri_chb': 1e-05, 'm_ceu_chb': 1e-05} -74833.72351222383
x_down: {'t1': 1.88375, 't2': 7.41335, 't3': 95.37067, 'N_anc': 2044.25945, 'N_yri': 2044.25945, 'N_ooa': 2044.25945, 'N_ceu': 2044.25945, 'N_chb': 2044.25945, 'gr_ceu': 0.01964, 'gr_chb': 0.01964, 'm_yri_ooa': 0.0, 'm_yri_ceu': 1e-05, 'm_yri_chb': 1e-05, 'm_ceu_chb': 1e-05} -74833.72351222383
 
 
x_up: {'t1': 1.88375, 't2': 7.41335, 't3': 100, 'N_anc': 3016.38918, 'N_yri': 2044.25945, 'N_ooa': 2044.25945, 'N_ceu': 2044.25945, 'N_chb': 2044.25945, 'gr_ceu': 0.01964, 'gr_chb': 0.01964, 'm_yri_ooa': 0.0, 'm_yri_ceu': 1e-05, 'm_yri_chb': 1e-05, 'm_ceu_chb': 1e-05} -74886.8341615464
x: {'t1': 1.88375, 't2': 7.41335, 't3': 100, 'N_anc': 2044.25945, 'N_yri': 2044.25945, 'N_ooa': 2044.25945, 'N_ceu': 2044.25945, 'N_chb': 2044.25945, 'gr_ceu': 0.01964, 'gr_chb': 0.01964, 'm_yri_ooa': 0.0, 'm_yri_ceu': 1e-05, 'm_yri_chb': 1e-05, 'm_ceu_chb': 1e-05} -74833.72351222383
x_down: {'t1': 1.88375, 't2': 7.41335, 't3': 100, 'N_anc': 1072.12973, 'N_yri': 2044.25945, 'N_ooa': 2044.25945, 'N_ceu': 2044.25945, 'N_chb': 2044.25945, 'gr_ceu': 0.01964, 'gr_chb': 0.01964, 'm_yri_ooa': 0.0, 'm_yri_ceu': 1e-05, 'm_yri_chb': 1e-05, 'm_ceu_chb': 1e-05} -74760.64872661371
 
 
x_up: {'t1': 1.88375, 't2': 7.41335, 't3': 100, 'N_anc': 1072.12973, 'N_yri': 3016.38918, 'N_ooa': 2044.25945, 'N_ceu': 2044.25945, 'N_chb': 2044.25945, 'gr_ceu': 0.01964, 'gr_chb': 0.01964, 'm_yri_ooa': 0.0, 'm_yri_ceu': 1e-05, 'm_yri_chb': 1e-05, 'm_ceu_chb': 1e-05} -75200.18819263202
x: {'t1': 1.88375, 't2': 7.41335, 't3': 100, 'N_anc': 1072.12973, 'N_yri': 2044.25945, 'N_ooa': 2044.25945, 'N_ceu': 2044.25945, 'N_chb': 2044.25945, 'gr_ceu': 0.01964, 'gr_chb': 0.01964, 'm_yri_ooa': 0.0, 'm_yri_ceu': 1e-05, 'm_yri_chb': 1e-05, 'm_ceu_chb': 1e-05} -74760.64872661371
x_down: {'t1': 1.88375, 't2': 7.41335, 't3': 100, 'N_anc': 1072.12973, 'N_yri': 1072.12973, 'N_ooa': 2044.25945, 'N_ceu': 2044.25945, 'N_chb': 2044.25945, 'gr_ceu': 0.01964, 'gr_chb': 0.01964, 'm_yri_ooa': 0.0, 'm_yri_ceu': 1e-05, 'm_yri_chb': 1e-05, 'm_ceu_chb': 1e-05} -73936.15799229336
 
 
x_up: {'t1': 1.88375, 't2': 7.41335, 't3': 100, 'N_anc': 1072.12973, 'N_yri': 1072.12973, 'N_ooa': 3016.38918, 'N_ceu': 2044.25945, 'N_chb': 2044.25945, 'gr_ceu': 0.01964, 'gr_chb': 0.01964, 'm_yri_ooa': 0.0, 'm_yri_ceu': 1e-05, 'm_yri_chb': 1e-05, 'm_ceu_chb': 1e-05} -75163.50129452285
x: {'t1': 1.88375, 't2': 7.41335, 't3': 100, 'N_anc': 1072.12973, 'N_yri': 1072.12973, 'N_ooa': 2044.25945, 'N_ceu': 2044.25945, 'N_chb': 2044.25945, 'gr_ceu': 0.01964, 'gr_chb': 0.01964, 'm_yri_ooa': 0.0, 'm_yri_ceu': 1e-05, 'm_yri_chb': 1e-05, 'm_ceu_chb': 1e-05} -73936.15799229336
x_down: {'t1': 1.88375, 't2': 7.41335, 't3': 100, 'N_anc': 1072.12973, 'N_yri': 1072.12973, 'N_ooa': 1072.12973, 'N_ceu': 2044.25945, 'N_chb': 2044.25945, 'gr_ceu': 0.01964, 'gr_chb': 0.01964, 'm_yri_ooa': 0.0, 'm_yri_ceu': 1e-05, 'm_yri_chb': 1e-05, 'm_ceu_chb': 1e-05} -72498.03445529978
 
 
x_up: {'t1': 1.88375, 't2': 7.41335, 't3': 100, 'N_anc': 1072.12973, 'N_yri': 1072.12973, 'N_ooa': 1072.12973, 'N_ceu': 3016.38918, 'N_chb': 2044.25945, 'gr_ceu': 0.01964, 'gr_chb': 0.01964, 'm_yri_ooa': 0.0, 'm_yri_ceu': 1e-05, 'm_yri_chb': 1e-05, 'm_ceu_chb': 1e-05} -73014.26050123495
x: {'t1': 1.88375, 't2': 7.41335, 't3': 100, 'N_anc': 1072.12973, 'N_yri': 1072.12973, 'N_ooa': 1072.12973, 'N_ceu': 2044.25945, 'N_chb': 2044.25945, 'gr_ceu': 0.01964, 'gr_chb': 0.01964, 'm_yri_ooa': 0.0, 'm_yri_ceu': 1e-05, 'm_yri_chb': 1e-05, 'm_ceu_chb': 1e-05} -72498.03445529978
x_down: {'t1': 1.88375, 't2': 7.41335, 't3': 100, 'N_anc': 1072.12973, 'N_yri': 1072.12973, 'N_ooa': 1072.12973, 'N_ceu': 1072.12973, 'N_chb': 2044.25945, 'gr_ceu': 0.01964, 'gr_chb': 0.01964, 'm_yri_ooa': 0.0, 'm_yri_ceu': 1e-05, 'm_yri_chb': 1e-05, 'm_ceu_chb': 1e-05} -71446.88262134613
 
 
x_up: {'t1': 1.88375, 't2': 7.41335, 't3': 100, 'N_anc': 1072.12973, 'N_yri': 1072.12973, 'N_ooa': 1072.12973, 'N_ceu': 1072.12973, 'N_chb': 3016.38918, 'gr_ceu': 0.01964, 'gr_chb': 0.01964, 'm_yri_ooa': 0.0, 'm_yri_ceu': 1e-05, 'm_yri_chb': 1e-05, 'm_ceu_chb': 1e-05} -71864.17073594786
x: {'t1': 1.88375, 't2': 7.41335, 't3': 100, 'N_anc': 1072.12973, 'N_yri': 1072.12973, 'N_ooa': 1072.12973, 'N_ceu': 1072.12973, 'N_chb': 2044.25945, 'gr_ceu': 0.01964, 'gr_chb': 0.01964, 'm_yri_ooa': 0.0, 'm_yri_ceu': 1e-05, 'm_yri_chb': 1e-05, 'm_ceu_chb': 1e-05} -71446.88262134613
x_down: {'t1': 1.88375, 't2': 7.41335, 't3': 100, 'N_anc': 1072.12973, 'N_yri': 1072.12973, 'N_ooa': 1072.12973, 'N_ceu': 1072.12973, 'N_chb': 1072.12973, 'gr_ceu': 0.01964, 'gr_chb': 0.01964, 'm_yri_ooa': 0.0, 'm_yri_ceu': 1e-05, 'm_yri_chb': 1e-05, 'm_ceu_chb': 1e-05} -70765.48953402876
 
 
x_up: {'t1': 1.88375, 't2': 7.41335, 't3': 100, 'N_anc': 1072.12973, 'N_yri': 1072.12973, 'N_ooa': 1072.12973, 'N_ceu': 1072.12973, 'N_chb': 1072.12973, 'gr_ceu': 0.02946, 'gr_chb': 0.01964, 'm_yri_ooa': 0.0, 'm_yri_ceu': 1e-05, 'm_yri_chb': 1e-05, 'm_ceu_chb': 1e-05} -70779.55334906603
x: {'t1': 1.88375, 't2': 7.41335, 't3': 100, 'N_anc': 1072.12973, 'N_yri': 1072.12973, 'N_ooa': 1072.12973, 'N_ceu': 1072.12973, 'N_chb': 1072.12973, 'gr_ceu': 0.01964, 'gr_chb': 0.01964, 'm_yri_ooa': 0.0, 'm_yri_ceu': 1e-05, 'm_yri_chb': 1e-05, 'm_ceu_chb': 1e-05} -70765.48953402876
x_down: {'t1': 1.88375, 't2': 7.41335, 't3': 100, 'N_anc': 1072.12973, 'N_yri': 1072.12973, 'N_ooa': 1072.12973, 'N_ceu': 1072.12973, 'N_chb': 1072.12973, 'gr_ceu': 0.00982, 'gr_chb': 0.01964, 'm_yri_ooa': 0.0, 'm_yri_ceu': 1e-05, 'm_yri_chb': 1e-05, 'm_ceu_chb': 1e-05} -70751.33836796085
 
 
x_up: {'t1': 1.88375, 't2': 7.41335, 't3': 100, 'N_anc': 1072.12973, 'N_yri': 1072.12973, 'N_ooa': 1072.12973, 'N_ceu': 1072.12973, 'N_chb': 1072.12973, 'gr_ceu': 0.00982, 'gr_chb': 0.02946, 'm_yri_ooa': 0.0, 'm_yri_ceu': 1e-05, 'm_yri_chb': 1e-05, 'm_ceu_chb': 1e-05} -70765.20420212566
x: {'t1': 1.88375, 't2': 7.41335, 't3': 100, 'N_anc': 1072.12973, 'N_yri': 1072.12973, 'N_ooa': 1072.12973, 'N_ceu': 1072.12973, 'N_chb': 1072.12973, 'gr_ceu': 0.00982, 'gr_chb': 0.01964, 'm_yri_ooa': 0.0, 'm_yri_ceu': 1e-05, 'm_yri_chb': 1e-05, 'm_ceu_chb': 1e-05} -70751.33836796085
x_down: {'t1': 1.88375, 't2': 7.41335, 't3': 100, 'N_anc': 1072.12973, 'N_yri': 1072.12973, 'N_ooa': 1072.12973, 'N_ceu': 1072.12973, 'N_chb': 1072.12973, 'gr_ceu': 0.00982, 'gr_chb': 0.00982, 'm_yri_ooa': 0.0, 'm_yri_ceu': 1e-05, 'm_yri_chb': 1e-05, 'm_ceu_chb': 1e-05} -70737.38378955578
 
 
x_up: {'t1': 1.88375, 't2': 7.41335, 't3': 100, 'N_anc': 1072.12973, 'N_yri': 1072.12973, 'N_ooa': 1072.12973, 'N_ceu': 1072.12973, 'N_chb': 1072.12973, 'gr_ceu': 0.00982, 'gr_chb': 0.00982, 'm_yri_ooa': 0.0, 'm_yri_ceu': 1e-05, 'm_yri_chb': 1e-05, 'm_ceu_chb': 1e-05} -70737.38378955578
x: {'t1': 1.88375, 't2': 7.41335, 't3': 100, 'N_anc': 1072.12973, 'N_yri': 1072.12973, 'N_ooa': 1072.12973, 'N_ceu': 1072.12973, 'N_chb': 1072.12973, 'gr_ceu': 0.00982, 'gr_chb': 0.00982, 'm_yri_ooa': 0.0, 'm_yri_ceu': 1e-05, 'm_yri_chb': 1e-05, 'm_ceu_chb': 1e-05} -70737.38378955578
x_down: {'t1': 1.88375, 't2': 7.41335, 't3': 100, 'N_anc': 1072.12973, 'N_yri': 1072.12973, 'N_ooa': 1072.12973, 'N_ceu': 1072.12973, 'N_chb': 1072.12973, 'gr_ceu': 0.00982, 'gr_chb': 0.00982, 'm_yri_ooa': 1e-05, 'm_yri_ceu': 1e-05, 'm_yri_chb': 1e-05, 'm_ceu_chb': 1e-05} -70737.4706362718
 
 
x_up: {'t1': 1.88375, 't2': 7.41335, 't3': 100, 'N_anc': 1072.12973, 'N_yri': 1072.12973, 'N_ooa': 1072.12973, 'N_ceu': 1072.12973, 'N_chb': 1072.12973, 'gr_ceu': 0.00982, 'gr_chb': 0.00982, 'm_yri_ooa': 0.0, 'm_yri_ceu': 0.0, 'm_yri_chb': 1e-05, 'm_ceu_chb': 1e-05} -70737.38378956274
x: {'t1': 1.88375, 't2': 7.41335, 't3': 100, 'N_anc': 1072.12973, 'N_yri': 1072.12973, 'N_ooa': 1072.12973, 'N_ceu': 1072.12973, 'N_chb': 1072.12973, 'gr_ceu': 0.00982, 'gr_chb': 0.00982, 'm_yri_ooa': 0.0, 'm_yri_ceu': 1e-05, 'm_yri_chb': 1e-05, 'm_ceu_chb': 1e-05} -70737.38378955578
x_down: {'t1': 1.88375, 't2': 7.41335, 't3': 100, 'N_anc': 1072.12973, 'N_yri': 1072.12973, 'N_ooa': 1072.12973, 'N_ceu': 1072.12973, 'N_chb': 1072.12973, 'gr_ceu': 0.00982, 'gr_chb': 0.00982, 'm_yri_ooa': 0.0, 'm_yri_ceu': 1e-05, 'm_yri_chb': 1e-05, 'm_ceu_chb': 1e-05} -70737.38378955578
 
 
x_up: {'t1': 1.88375, 't2': 7.41335, 't3': 100, 'N_anc': 1072.12973, 'N_yri': 1072.12973, 'N_ooa': 1072.12973, 'N_ceu': 1072.12973, 'N_chb': 1072.12973, 'gr_ceu': 0.00982, 'gr_chb': 0.00982, 'm_yri_ooa': 0.0, 'm_yri_ceu': 1e-05, 'm_yri_chb': 0.0, 'm_ceu_chb': 1e-05} -70737.3837895622
x: {'t1': 1.88375, 't2': 7.41335, 't3': 100, 'N_anc': 1072.12973, 'N_yri': 1072.12973, 'N_ooa': 1072.12973, 'N_ceu': 1072.12973, 'N_chb': 1072.12973, 'gr_ceu': 0.00982, 'gr_chb': 0.00982, 'm_yri_ooa': 0.0, 'm_yri_ceu': 1e-05, 'm_yri_chb': 1e-05, 'm_ceu_chb': 1e-05} -70737.38378955578
x_down: {'t1': 1.88375, 't2': 7.41335, 't3': 100, 'N_anc': 1072.12973, 'N_yri': 1072.12973, 'N_ooa': 1072.12973, 'N_ceu': 1072.12973, 'N_chb': 1072.12973, 'gr_ceu': 0.00982, 'gr_chb': 0.00982, 'm_yri_ooa': 0.0, 'm_yri_ceu': 1e-05, 'm_yri_chb': 1e-05, 'm_ceu_chb': 1e-05} -70737.38378955578
 
 
x_up: {'t1': 1.88375, 't2': 7.41335, 't3': 100, 'N_anc': 1072.12973, 'N_yri': 1072.12973, 'N_ooa': 1072.12973, 'N_ceu': 1072.12973, 'N_chb': 1072.12973, 'gr_ceu': 0.00982, 'gr_chb': 0.00982, 'm_yri_ooa': 0.0, 'm_yri_ceu': 1e-05, 'm_yri_chb': 1e-05, 'm_ceu_chb': 0.0} -70737.38378955628
x: {'t1': 1.88375, 't2': 7.41335, 't3': 100, 'N_anc': 1072.12973, 'N_yri': 1072.12973, 'N_ooa': 1072.12973, 'N_ceu': 1072.12973, 'N_chb': 1072.12973, 'gr_ceu': 0.00982, 'gr_chb': 0.00982, 'm_yri_ooa': 0.0, 'm_yri_ceu': 1e-05, 'm_yri_chb': 1e-05, 'm_ceu_chb': 1e-05} -70737.38378955578
x_down: {'t1': 1.88375, 't2': 7.41335, 't3': 100, 'N_anc': 1072.12973, 'N_yri': 1072.12973, 'N_ooa': 1072.12973, 'N_ceu': 1072.12973, 'N_chb': 1072.12973, 'gr_ceu': 0.00982, 'gr_chb': 0.00982, 'm_yri_ooa': 0.0, 'm_yri_ceu': 1e-05, 'm_yri_chb': 1e-05, 'm_ceu_chb': 1e-05} -70737.38378955578
 
{'t1': 1.88375, 't2': 7.41335, 't3': 100, 'N_anc': 1072.12973, 'N_yri': 1072.12973, 'N_ooa': 1072.12973, 'N_ceu': 1072.12973, 'N_chb': 1072.12973, 'gr_ceu': 0.00982, 'gr_chb': 0.00982, 'm_yri_ooa': 0.0, 'm_yri_ceu': 1e-05, 'm_yri_chb': 1e-05, 'm_ceu_chb': 1e-05} -70737.38378955578
 
x_up: {'t1': 2.32563, 't2': 7.41335, 't3': 100, 'N_anc': 1072.12973, 'N_yri': 1072.12973, 'N_ooa': 1072.12973, 'N_ceu': 1072.12973, 'N_chb': 1072.12973, 'gr_ceu': 0.00982, 'gr_chb': 0.00982, 'm_yri_ooa': 0.0, 'm_yri_ceu': 1e-05, 'm_yri_chb': 1e-05, 'm_ceu_chb': 1e-05} -70814.81761709244
x: {'t1': 1.88375, 't2': 7.41335, 't3': 100, 'N_anc': 1072.12973, 'N_yri': 1072.12973, 'N_ooa': 1072.12973, 'N_ceu': 1072.12973, 'N_chb': 1072.12973, 'gr_ceu': 0.00982, 'gr_chb': 0.00982, 'm_yri_ooa': 0.0, 'm_yri_ceu': 1e-05, 'm_yri_chb': 1e-05, 'm_ceu_chb': 1e-05} -70737.38378955578
x_down: {'t1': 1.44188, 't2': 7.41335, 't3': 100, 'N_anc': 1072.12973, 'N_yri': 1072.12973, 'N_ooa': 1072.12973, 'N_ceu': 1072.12973, 'N_chb': 1072.12973, 'gr_ceu': 0.00982, 'gr_chb': 0.00982, 'm_yri_ooa': 0.0, 'm_yri_ceu': 1e-05, 'm_yri_chb': 1e-05, 'm_ceu_chb': 1e-05} -70657.65757113349
 
 
x_up: {'t1': 1.44188, 't2': 10.39908, 't3': 100, 'N_anc': 1072.12973, 'N_yri': 1072.12973, 'N_ooa': 1072.12973, 'N_ceu': 1072.12973, 'N_chb': 1072.12973, 'gr_ceu': 0.00982, 'gr_chb': 0.00982, 'm_yri_ooa': 0.0, 'm_yri_ceu': 1e-05, 'm_yri_chb': 1e-05, 'm_ceu_chb': 1e-05} -71013.20562465
x: {'t1': 1.44188, 't2': 7.41335, 't3': 100, 'N_anc': 1072.12973, 'N_yri': 1072.12973, 'N_ooa': 1072.12973, 'N_ceu': 1072.12973, 'N_chb': 1072.12973, 'gr_ceu': 0.00982, 'gr_chb': 0.00982, 'm_yri_ooa': 0.0, 'm_yri_ceu': 1e-05, 'm_yri_chb': 1e-05, 'm_ceu_chb': 1e-05} -70657.65757113349
x_down: {'t1': 1.44188, 't2': 4.42762, 't3': 100, 'N_anc': 1072.12973, 'N_yri': 1072.12973, 'N_ooa': 1072.12973, 'N_ceu': 1072.12973, 'N_chb': 1072.12973, 'gr_ceu': 0.00982, 'gr_chb': 0.00982, 'm_yri_ooa': 0.0, 'm_yri_ceu': 1e-05, 'm_yri_chb': 1e-05, 'm_ceu_chb': 1e-05} -70259.97054011893
 
 
x_up: {'t1': 1.44188, 't2': 4.42762, 't3': 104.77862, 'N_anc': 1072.12973, 'N_yri': 1072.12973, 'N_ooa': 1072.12973, 'N_ceu': 1072.12973, 'N_chb': 1072.12973, 'gr_ceu': 0.00982, 'gr_chb': 0.00982, 'm_yri_ooa': 0.0, 'm_yri_ceu': 1e-05, 'm_yri_chb': 1e-05, 'm_ceu_chb': 1e-05} -70259.97054011893
x: {'t1': 1.44188, 't2': 4.42762, 't3': 100, 'N_anc': 1072.12973, 'N_yri': 1072.12973, 'N_ooa': 1072.12973, 'N_ceu': 1072.12973, 'N_chb': 1072.12973, 'gr_ceu': 0.00982, 'gr_chb': 0.00982, 'm_yri_ooa': 0.0, 'm_yri_ceu': 1e-05, 'm_yri_chb': 1e-05, 'm_ceu_chb': 1e-05} -70259.97054011893
x_down: {'t1': 1.44188, 't2': 4.42762, 't3': 95.22138, 'N_anc': 1072.12973, 'N_yri': 1072.12973, 'N_ooa': 1072.12973, 'N_ceu': 1072.12973, 'N_chb': 1072.12973, 'gr_ceu': 0.00982, 'gr_chb': 0.00982, 'm_yri_ooa': 0.0, 'm_yri_ceu': 1e-05, 'm_yri_chb': 1e-05, 'm_ceu_chb': 1e-05} -70259.97054011893
 
 
x_up: {'t1': 1.44188, 't2': 4.42762, 't3': 100, 'N_anc': 1558.1946, 'N_yri': 1072.12973, 'N_ooa': 1072.12973, 'N_ceu': 1072.12973, 'N_chb': 1072.12973, 'gr_ceu': 0.00982, 'gr_chb': 0.00982, 'm_yri_ooa': 0.0, 'm_yri_ceu': 1e-05, 'm_yri_chb': 1e-05, 'm_ceu_chb': 1e-05} -70299.49468194287
x: {'t1': 1.44188, 't2': 4.42762, 't3': 100, 'N_anc': 1072.12973, 'N_yri': 1072.12973, 'N_ooa': 1072.12973, 'N_ceu': 1072.12973, 'N_chb': 1072.12973, 'gr_ceu': 0.00982, 'gr_chb': 0.00982, 'm_yri_ooa': 0.0, 'm_yri_ceu': 1e-05, 'm_yri_chb': 1e-05, 'm_ceu_chb': 1e-05} -70259.97054011893
x_down: {'t1': 1.44188, 't2': 4.42762, 't3': 100, 'N_anc': 586.06487, 'N_yri': 1072.12973, 'N_ooa': 1072.12973, 'N_ceu': 1072.12973, 'N_chb': 1072.12973, 'gr_ceu': 0.00982, 'gr_chb': 0.00982, 'm_yri_ooa': 0.0, 'm_yri_ceu': 1e-05, 'm_yri_chb': 1e-05, 'm_ceu_chb': 1e-05} -70221.19972390727
 
 
x_up: {'t1': 1.44188, 't2': 4.42762, 't3': 100, 'N_anc': 586.06487, 'N_yri': 1558.1946, 'N_ooa': 1072.12973, 'N_ceu': 1072.12973, 'N_chb': 1072.12973, 'gr_ceu': 0.00982, 'gr_chb': 0.00982, 'm_yri_ooa': 0.0, 'm_yri_ceu': 1e-05, 'm_yri_chb': 1e-05, 'm_ceu_chb': 1e-05} -70605.1184259701
x: {'t1': 1.44188, 't2': 4.42762, 't3': 100, 'N_anc': 586.06487, 'N_yri': 1072.12973, 'N_ooa': 1072.12973, 'N_ceu': 1072.12973, 'N_chb': 1072.12973, 'gr_ceu': 0.00982, 'gr_chb': 0.00982, 'm_yri_ooa': 0.0, 'm_yri_ceu': 1e-05, 'm_yri_chb': 1e-05, 'm_ceu_chb': 1e-05} -70221.19972390727
x_down: {'t1': 1.44188, 't2': 4.42762, 't3': 100, 'N_anc': 586.06487, 'N_yri': 586.06487, 'N_ooa': 1072.12973, 'N_ceu': 1072.12973, 'N_chb': 1072.12973, 'gr_ceu': 0.00982, 'gr_chb': 0.00982, 'm_yri_ooa': 0.0, 'm_yri_ceu': 1e-05, 'm_yri_chb': 1e-05, 'm_ceu_chb': 1e-05} -69581.57375371167
 
 
x_up: {'t1': 1.44188, 't2': 4.42762, 't3': 100, 'N_anc': 586.06487, 'N_yri': 586.06487, 'N_ooa': 1558.1946, 'N_ceu': 1072.12973, 'N_chb': 1072.12973, 'gr_ceu': 0.00982, 'gr_chb': 0.00982, 'm_yri_ooa': 0.0, 'm_yri_ceu': 1e-05, 'm_yri_chb': 1e-05, 'm_ceu_chb': 1e-05} -70316.70167653871
x: {'t1': 1.44188, 't2': 4.42762, 't3': 100, 'N_anc': 586.06487, 'N_yri': 586.06487, 'N_ooa': 1072.12973, 'N_ceu': 1072.12973, 'N_chb': 1072.12973, 'gr_ceu': 0.00982, 'gr_chb': 0.00982, 'm_yri_ooa': 0.0, 'm_yri_ceu': 1e-05, 'm_yri_chb': 1e-05, 'm_ceu_chb': 1e-05} -69581.57375371167
x_down: {'t1': 1.44188, 't2': 4.42762, 't3': 100, 'N_anc': 586.06487, 'N_yri': 586.06487, 'N_ooa': 586.06487, 'N_ceu': 1072.12973, 'N_chb': 1072.12973, 'gr_ceu': 0.00982, 'gr_chb': 0.00982, 'm_yri_ooa': 0.0, 'm_yri_ceu': 1e-05, 'm_yri_chb': 1e-05, 'm_ceu_chb': 1e-05} -69613.68974849215
 
 
x_up: {'t1': 1.44188, 't2': 4.42762, 't3': 100, 'N_anc': 586.06487, 'N_yri': 586.06487, 'N_ooa': 1072.12973, 'N_ceu': 1558.1946, 'N_chb': 1072.12973, 'gr_ceu': 0.00982, 'gr_chb': 0.00982, 'm_yri_ooa': 0.0, 'm_yri_ceu': 1e-05, 'm_yri_chb': 1e-05, 'm_ceu_chb': 1e-05} -69910.61686053617
x: {'t1': 1.44188, 't2': 4.42762, 't3': 100, 'N_anc': 586.06487, 'N_yri': 586.06487, 'N_ooa': 1072.12973, 'N_ceu': 1072.12973, 'N_chb': 1072.12973, 'gr_ceu': 0.00982, 'gr_chb': 0.00982, 'm_yri_ooa': 0.0, 'm_yri_ceu': 1e-05, 'm_yri_chb': 1e-05, 'm_ceu_chb': 1e-05} -69581.57375371167
x_down: {'t1': 1.44188, 't2': 4.42762, 't3': 100, 'N_anc': 586.06487, 'N_yri': 586.06487, 'N_ooa': 1072.12973, 'N_ceu': 586.06487, 'N_chb': 1072.12973, 'gr_ceu': 0.00982, 'gr_chb': 0.00982, 'm_yri_ooa': 0.0, 'm_yri_ceu': 1e-05, 'm_yri_chb': 1e-05, 'm_ceu_chb': 1e-05} -69016.9933620416
 
 
x_up: {'t1': 1.44188, 't2': 4.42762, 't3': 100, 'N_anc': 586.06487, 'N_yri': 586.06487, 'N_ooa': 1072.12973, 'N_ceu': 586.06487, 'N_chb': 1558.1946, 'gr_ceu': 0.00982, 'gr_chb': 0.00982, 'm_yri_ooa': 0.0, 'm_yri_ceu': 1e-05, 'm_yri_chb': 1e-05, 'm_ceu_chb': 1e-05} -69275.24932804874
x: {'t1': 1.44188, 't2': 4.42762, 't3': 100, 'N_anc': 586.06487, 'N_yri': 586.06487, 'N_ooa': 1072.12973, 'N_ceu': 586.06487, 'N_chb': 1072.12973, 'gr_ceu': 0.00982, 'gr_chb': 0.00982, 'm_yri_ooa': 0.0, 'm_yri_ceu': 1e-05, 'm_yri_chb': 1e-05, 'm_ceu_chb': 1e-05} -69016.9933620416
x_down: {'t1': 1.44188, 't2': 4.42762, 't3': 100, 'N_anc': 586.06487, 'N_yri': 586.06487, 'N_ooa': 1072.12973, 'N_ceu': 586.06487, 'N_chb': 586.06487, 'gr_ceu': 0.00982, 'gr_chb': 0.00982, 'm_yri_ooa': 0.0, 'm_yri_ceu': 1e-05, 'm_yri_chb': 1e-05, 'm_ceu_chb': 1e-05} -68668.83262028552
 
 
x_up: {'t1': 1.44188, 't2': 4.42762, 't3': 100, 'N_anc': 586.06487, 'N_yri': 586.06487, 'N_ooa': 1072.12973, 'N_ceu': 586.06487, 'N_chb': 586.06487, 'gr_ceu': 0.01473, 'gr_chb': 0.00982, 'm_yri_ooa': 0.0, 'm_yri_ceu': 1e-05, 'm_yri_chb': 1e-05, 'm_ceu_chb': 1e-05} -68671.25372197096
x: {'t1': 1.44188, 't2': 4.42762, 't3': 100, 'N_anc': 586.06487, 'N_yri': 586.06487, 'N_ooa': 1072.12973, 'N_ceu': 586.06487, 'N_chb': 586.06487, 'gr_ceu': 0.00982, 'gr_chb': 0.00982, 'm_yri_ooa': 0.0, 'm_yri_ceu': 1e-05, 'm_yri_chb': 1e-05, 'm_ceu_chb': 1e-05} -68668.83262028552
x_down: {'t1': 1.44188, 't2': 4.42762, 't3': 100, 'N_anc': 586.06487, 'N_yri': 586.06487, 'N_ooa': 1072.12973, 'N_ceu': 586.06487, 'N_chb': 586.06487, 'gr_ceu': 0.00491, 'gr_chb': 0.00982, 'm_yri_ooa': 0.0, 'm_yri_ceu': 1e-05, 'm_yri_chb': 1e-05, 'm_ceu_chb': 1e-05} -68666.4113569866
 
 
x_up: {'t1': 1.44188, 't2': 4.42762, 't3': 100, 'N_anc': 586.06487, 'N_yri': 586.06487, 'N_ooa': 1072.12973, 'N_ceu': 586.06487, 'N_chb': 586.06487, 'gr_ceu': 0.00491, 'gr_chb': 0.01473, 'm_yri_ooa': 0.0, 'm_yri_ceu': 1e-05, 'm_yri_chb': 1e-05, 'm_ceu_chb': 1e-05} -68668.84126406473
x: {'t1': 1.44188, 't2': 4.42762, 't3': 100, 'N_anc': 586.06487, 'N_yri': 586.06487, 'N_ooa': 1072.12973, 'N_ceu': 586.06487, 'N_chb': 586.06487, 'gr_ceu': 0.00491, 'gr_chb': 0.00982, 'm_yri_ooa': 0.0, 'm_yri_ceu': 1e-05, 'm_yri_chb': 1e-05, 'm_ceu_chb': 1e-05} -68666.4113569866
x_down: {'t1': 1.44188, 't2': 4.42762, 't3': 100, 'N_anc': 586.06487, 'N_yri': 586.06487, 'N_ooa': 1072.12973, 'N_ceu': 586.06487, 'N_chb': 586.06487, 'gr_ceu': 0.00491, 'gr_chb': 0.00491, 'm_yri_ooa': 0.0, 'm_yri_ceu': 1e-05, 'm_yri_chb': 1e-05, 'm_ceu_chb': 1e-05} -68663.98315966234
 
 
x_up: {'t1': 1.44188, 't2': 4.42762, 't3': 100, 'N_anc': 586.06487, 'N_yri': 586.06487, 'N_ooa': 1072.12973, 'N_ceu': 586.06487, 'N_chb': 586.06487, 'gr_ceu': 0.00491, 'gr_chb': 0.00491, 'm_yri_ooa': 0.0, 'm_yri_ceu': 1e-05, 'm_yri_chb': 1e-05, 'm_ceu_chb': 1e-05} -68663.98315966234
x: {'t1': 1.44188, 't2': 4.42762, 't3': 100, 'N_anc': 586.06487, 'N_yri': 586.06487, 'N_ooa': 1072.12973, 'N_ceu': 586.06487, 'N_chb': 586.06487, 'gr_ceu': 0.00491, 'gr_chb': 0.00491, 'm_yri_ooa': 0.0, 'm_yri_ceu': 1e-05, 'm_yri_chb': 1e-05, 'm_ceu_chb': 1e-05} -68663.98315966234
x_down: {'t1': 1.44188, 't2': 4.42762, 't3': 100, 'N_anc': 586.06487, 'N_yri': 586.06487, 'N_ooa': 1072.12973, 'N_ceu': 586.06487, 'N_chb': 586.06487, 'gr_ceu': 0.00491, 'gr_chb': 0.00491, 'm_yri_ooa': 1e-05, 'm_yri_ceu': 1e-05, 'm_yri_chb': 1e-05, 'm_ceu_chb': 1e-05} -68664.00218586902
 
 
x_up: {'t1': 1.44188, 't2': 4.42762, 't3': 100, 'N_anc': 586.06487, 'N_yri': 586.06487, 'N_ooa': 1072.12973, 'N_ceu': 586.06487, 'N_chb': 586.06487, 'gr_ceu': 0.00491, 'gr_chb': 0.00491, 'm_yri_ooa': 0.0, 'm_yri_ceu': 0.0, 'm_yri_chb': 1e-05, 'm_ceu_chb': 1e-05} -68663.983159667
x: {'t1': 1.44188, 't2': 4.42762, 't3': 100, 'N_anc': 586.06487, 'N_yri': 586.06487, 'N_ooa': 1072.12973, 'N_ceu': 586.06487, 'N_chb': 586.06487, 'gr_ceu': 0.00491, 'gr_chb': 0.00491, 'm_yri_ooa': 0.0, 'm_yri_ceu': 1e-05, 'm_yri_chb': 1e-05, 'm_ceu_chb': 1e-05} -68663.98315966234
x_down: {'t1': 1.44188, 't2': 4.42762, 't3': 100, 'N_anc': 586.06487, 'N_yri': 586.06487, 'N_ooa': 1072.12973, 'N_ceu': 586.06487, 'N_chb': 586.06487, 'gr_ceu': 0.00491, 'gr_chb': 0.00491, 'm_yri_ooa': 0.0, 'm_yri_ceu': 1e-05, 'm_yri_chb': 1e-05, 'm_ceu_chb': 1e-05} -68663.98315966234
 
 
x_up: {'t1': 1.44188, 't2': 4.42762, 't3': 100, 'N_anc': 586.06487, 'N_yri': 586.06487, 'N_ooa': 1072.12973, 'N_ceu': 586.06487, 'N_chb': 586.06487, 'gr_ceu': 0.00491, 'gr_chb': 0.00491, 'm_yri_ooa': 0.0, 'm_yri_ceu': 1e-05, 'm_yri_chb': 0.0, 'm_ceu_chb': 1e-05} -68663.98315966649
x: {'t1': 1.44188, 't2': 4.42762, 't3': 100, 'N_anc': 586.06487, 'N_yri': 586.06487, 'N_ooa': 1072.12973, 'N_ceu': 586.06487, 'N_chb': 586.06487, 'gr_ceu': 0.00491, 'gr_chb': 0.00491, 'm_yri_ooa': 0.0, 'm_yri_ceu': 1e-05, 'm_yri_chb': 1e-05, 'm_ceu_chb': 1e-05} -68663.98315966234
x_down: {'t1': 1.44188, 't2': 4.42762, 't3': 100, 'N_anc': 586.06487, 'N_yri': 586.06487, 'N_ooa': 1072.12973, 'N_ceu': 586.06487, 'N_chb': 586.06487, 'gr_ceu': 0.00491, 'gr_chb': 0.00491, 'm_yri_ooa': 0.0, 'm_yri_ceu': 1e-05, 'm_yri_chb': 1e-05, 'm_ceu_chb': 1e-05} -68663.98315966234
 
 
x_up: {'t1': 1.44188, 't2': 4.42762, 't3': 100, 'N_anc': 586.06487, 'N_yri': 586.06487, 'N_ooa': 1072.12973, 'N_ceu': 586.06487, 'N_chb': 586.06487, 'gr_ceu': 0.00491, 'gr_chb': 0.00491, 'm_yri_ooa': 0.0, 'm_yri_ceu': 1e-05, 'm_yri_chb': 1e-05, 'm_ceu_chb': 0.0} -68663.98315966231
x: {'t1': 1.44188, 't2': 4.42762, 't3': 100, 'N_anc': 586.06487, 'N_yri': 586.06487, 'N_ooa': 1072.12973, 'N_ceu': 586.06487, 'N_chb': 586.06487, 'gr_ceu': 0.00491, 'gr_chb': 0.00491, 'm_yri_ooa': 0.0, 'm_yri_ceu': 1e-05, 'm_yri_chb': 1e-05, 'm_ceu_chb': 1e-05} -68663.98315966234
x_down: {'t1': 1.44188, 't2': 4.42762, 't3': 100, 'N_anc': 586.06487, 'N_yri': 586.06487, 'N_ooa': 1072.12973, 'N_ceu': 586.06487, 'N_chb': 586.06487, 'gr_ceu': 0.00491, 'gr_chb': 0.00491, 'm_yri_ooa': 0.0, 'm_yri_ceu': 1e-05, 'm_yri_chb': 1e-05, 'm_ceu_chb': 1e-05} -68663.98315966234
 
{'t1': 1.44188, 't2': 4.42762, 't3': 100, 'N_anc': 586.06487, 'N_yri': 586.06487, 'N_ooa': 1072.12973, 'N_ceu': 586.06487, 'N_chb': 586.06487, 'gr_ceu': 0.00491, 'gr_chb': 0.00491, 'm_yri_ooa': 0.0, 'm_yri_ceu': 1e-05, 'm_yri_chb': 1e-05, 'm_ceu_chb': 0.0} -68663.98315966231
 
x_up: {'t1': 1.66282, 't2': 4.42762, 't3': 100, 'N_anc': 586.06487, 'N_yri': 586.06487, 'N_ooa': 1072.12973, 'N_ceu': 586.06487, 'N_chb': 586.06487, 'gr_ceu': 0.00491, 'gr_chb': 0.00491, 'm_yri_ooa': 0.0, 'm_yri_ceu': 1e-05, 'm_yri_chb': 1e-05, 'm_ceu_chb': 0.0} -68619.573715296
x: {'t1': 1.44188, 't2': 4.42762, 't3': 100, 'N_anc': 586.06487, 'N_yri': 586.06487, 'N_ooa': 1072.12973, 'N_ceu': 586.06487, 'N_chb': 586.06487, 'gr_ceu': 0.00491, 'gr_chb': 0.00491, 'm_yri_ooa': 0.0, 'm_yri_ceu': 1e-05, 'm_yri_chb': 1e-05, 'm_ceu_chb': 0.0} -68663.98315966231
x_down: {'t1': 1.22094, 't2': 4.42762, 't3': 100, 'N_anc': 586.06487, 'N_yri': 586.06487, 'N_ooa': 1072.12973, 'N_ceu': 586.06487, 'N_chb': 586.06487, 'gr_ceu': 0.00491, 'gr_chb': 0.00491, 'm_yri_ooa': 0.0, 'm_yri_ceu': 1e-05, 'm_yri_chb': 1e-05, 'm_ceu_chb': 0.0} -68695.33409393815
 
 
x_up: {'t1': 1.66282, 't2': 5.81002, 't3': 100, 'N_anc': 586.06487, 'N_yri': 586.06487, 'N_ooa': 1072.12973, 'N_ceu': 586.06487, 'N_chb': 586.06487, 'gr_ceu': 0.00491, 'gr_chb': 0.00491, 'm_yri_ooa': 0.0, 'm_yri_ceu': 1e-05, 'm_yri_chb': 1e-05, 'm_ceu_chb': 0.0} -68751.62384074155
x: {'t1': 1.66282, 't2': 4.42762, 't3': 100, 'N_anc': 586.06487, 'N_yri': 586.06487, 'N_ooa': 1072.12973, 'N_ceu': 586.06487, 'N_chb': 586.06487, 'gr_ceu': 0.00491, 'gr_chb': 0.00491, 'm_yri_ooa': 0.0, 'm_yri_ceu': 1e-05, 'm_yri_chb': 1e-05, 'm_ceu_chb': 0.0} -68619.573715296
x_down: {'t1': 1.66282, 't2': 3.04522, 't3': 100, 'N_anc': 586.06487, 'N_yri': 586.06487, 'N_ooa': 1072.12973, 'N_ceu': 586.06487, 'N_chb': 586.06487, 'gr_ceu': 0.00491, 'gr_chb': 0.00491, 'm_yri_ooa': 0.0, 'm_yri_ceu': 1e-05, 'm_yri_chb': 1e-05, 'm_ceu_chb': 0.0} -68402.45070796256
 
 
x_up: {'t1': 1.66282, 't2': 3.04522, 't3': 104.84774, 'N_anc': 586.06487, 'N_yri': 586.06487, 'N_ooa': 1072.12973, 'N_ceu': 586.06487, 'N_chb': 586.06487, 'gr_ceu': 0.00491, 'gr_chb': 0.00491, 'm_yri_ooa': 0.0, 'm_yri_ceu': 1e-05, 'm_yri_chb': 1e-05, 'm_ceu_chb': 0.0} -68403.76704540351
x: {'t1': 1.66282, 't2': 3.04522, 't3': 100, 'N_anc': 586.06487, 'N_yri': 586.06487, 'N_ooa': 1072.12973, 'N_ceu': 586.06487, 'N_chb': 586.06487, 'gr_ceu': 0.00491, 'gr_chb': 0.00491, 'm_yri_ooa': 0.0, 'm_yri_ceu': 1e-05, 'm_yri_chb': 1e-05, 'm_ceu_chb': 0.0} -68402.45070796256
x_down: {'t1': 1.66282, 't2': 3.04522, 't3': 95.15226, 'N_anc': 586.06487, 'N_yri': 586.06487, 'N_ooa': 1072.12973, 'N_ceu': 586.06487, 'N_chb': 586.06487, 'gr_ceu': 0.00491, 'gr_chb': 0.00491, 'm_yri_ooa': 0.0, 'm_yri_ceu': 1e-05, 'm_yri_chb': 1e-05, 'm_ceu_chb': 0.0} -68398.62780836418
 
 
x_up: {'t1': 1.66282, 't2': 3.04522, 't3': 95.15226, 'N_anc': 829.09731, 'N_yri': 586.06487, 'N_ooa': 1072.12973, 'N_ceu': 586.06487, 'N_chb': 586.06487, 'gr_ceu': 0.00491, 'gr_chb': 0.00491, 'm_yri_ooa': 0.0, 'm_yri_ceu': 1e-05, 'm_yri_chb': 1e-05, 'm_ceu_chb': 0.0} -68418.01424509783
x: {'t1': 1.66282, 't2': 3.04522, 't3': 95.15226, 'N_anc': 586.06487, 'N_yri': 586.06487, 'N_ooa': 1072.12973, 'N_ceu': 586.06487, 'N_chb': 586.06487, 'gr_ceu': 0.00491, 'gr_chb': 0.00491, 'm_yri_ooa': 0.0, 'm_yri_ceu': 1e-05, 'm_yri_chb': 1e-05, 'm_ceu_chb': 0.0} -68398.62780836418
x_down: {'t1': 1.66282, 't2': 3.04522, 't3': 95.15226, 'N_anc': 343.03244, 'N_yri': 586.06487, 'N_ooa': 1072.12973, 'N_ceu': 586.06487, 'N_chb': 586.06487, 'gr_ceu': 0.00491, 'gr_chb': 0.00491, 'm_yri_ooa': 0.0, 'm_yri_ceu': 1e-05, 'm_yri_chb': 1e-05, 'm_ceu_chb': 0.0} -68408.40566098568
 
 
x_up: {'t1': 1.66282, 't2': 3.04522, 't3': 95.15226, 'N_anc': 586.06487, 'N_yri': 829.09731, 'N_ooa': 1072.12973, 'N_ceu': 586.06487, 'N_chb': 586.06487, 'gr_ceu': 0.00491, 'gr_chb': 0.00491, 'm_yri_ooa': 0.0, 'm_yri_ceu': 1e-05, 'm_yri_chb': 1e-05, 'm_ceu_chb': 0.0} -68689.93402669505
x: {'t1': 1.66282, 't2': 3.04522, 't3': 95.15226, 'N_anc': 586.06487, 'N_yri': 586.06487, 'N_ooa': 1072.12973, 'N_ceu': 586.06487, 'N_chb': 586.06487, 'gr_ceu': 0.00491, 'gr_chb': 0.00491, 'm_yri_ooa': 0.0, 'm_yri_ceu': 1e-05, 'm_yri_chb': 1e-05, 'm_ceu_chb': 0.0} -68398.62780836418
x_down: {'t1': 1.66282, 't2': 3.04522, 't3': 95.15226, 'N_anc': 586.06487, 'N_yri': 343.03244, 'N_ooa': 1072.12973, 'N_ceu': 586.06487, 'N_chb': 586.06487, 'gr_ceu': 0.00491, 'gr_chb': 0.00491, 'm_yri_ooa': 0.0, 'm_yri_ceu': 1e-05, 'm_yri_chb': 1e-05, 'm_ceu_chb': 0.0} -68111.47798094738
 
 
x_up: {'t1': 1.66282, 't2': 3.04522, 't3': 95.15226, 'N_anc': 586.06487, 'N_yri': 343.03244, 'N_ooa': 1315.16216, 'N_ceu': 586.06487, 'N_chb': 586.06487, 'gr_ceu': 0.00491, 'gr_chb': 0.00491, 'm_yri_ooa': 0.0, 'm_yri_ceu': 1e-05, 'm_yri_chb': 1e-05, 'm_ceu_chb': 0.0} -68394.96370370364
x: {'t1': 1.66282, 't2': 3.04522, 't3': 95.15226, 'N_anc': 586.06487, 'N_yri': 343.03244, 'N_ooa': 1072.12973, 'N_ceu': 586.06487, 'N_chb': 586.06487, 'gr_ceu': 0.00491, 'gr_chb': 0.00491, 'm_yri_ooa': 0.0, 'm_yri_ceu': 1e-05, 'm_yri_chb': 1e-05, 'm_ceu_chb': 0.0} -68111.47798094738
x_down: {'t1': 1.66282, 't2': 3.04522, 't3': 95.15226, 'N_anc': 586.06487, 'N_yri': 343.03244, 'N_ooa': 829.0973, 'N_ceu': 586.06487, 'N_chb': 586.06487, 'gr_ceu': 0.00491, 'gr_chb': 0.00491, 'm_yri_ooa': 0.0, 'm_yri_ceu': 1e-05, 'm_yri_chb': 1e-05, 'm_ceu_chb': 0.0} -67997.45993789934
 
 
x_up: {'t1': 1.66282, 't2': 3.04522, 't3': 95.15226, 'N_anc': 586.06487, 'N_yri': 343.03244, 'N_ooa': 829.0973, 'N_ceu': 829.09731, 'N_chb': 586.06487, 'gr_ceu': 0.00491, 'gr_chb': 0.00491, 'm_yri_ooa': 0.0, 'm_yri_ceu': 1e-05, 'm_yri_chb': 1e-05, 'm_ceu_chb': 0.0} -68219.85751279203
x: {'t1': 1.66282, 't2': 3.04522, 't3': 95.15226, 'N_anc': 586.06487, 'N_yri': 343.03244, 'N_ooa': 829.0973, 'N_ceu': 586.06487, 'N_chb': 586.06487, 'gr_ceu': 0.00491, 'gr_chb': 0.00491, 'm_yri_ooa': 0.0, 'm_yri_ceu': 1e-05, 'm_yri_chb': 1e-05, 'm_ceu_chb': 0.0} -67997.45993789934
x_down: {'t1': 1.66282, 't2': 3.04522, 't3': 95.15226, 'N_anc': 586.06487, 'N_yri': 343.03244, 'N_ooa': 829.0973, 'N_ceu': 343.03244, 'N_chb': 586.06487, 'gr_ceu': 0.00491, 'gr_chb': 0.00491, 'm_yri_ooa': 0.0, 'm_yri_ceu': 1e-05, 'm_yri_chb': 1e-05, 'm_ceu_chb': 0.0} -67759.79640808831
 
 
x_up: {'t1': 1.66282, 't2': 3.04522, 't3': 95.15226, 'N_anc': 586.06487, 'N_yri': 343.03244, 'N_ooa': 829.0973, 'N_ceu': 343.03244, 'N_chb': 829.09731, 'gr_ceu': 0.00491, 'gr_chb': 0.00491, 'm_yri_ooa': 0.0, 'm_yri_ceu': 1e-05, 'm_yri_chb': 1e-05, 'm_ceu_chb': 0.0} -67928.22976853934
x: {'t1': 1.66282, 't2': 3.04522, 't3': 95.15226, 'N_anc': 586.06487, 'N_yri': 343.03244, 'N_ooa': 829.0973, 'N_ceu': 343.03244, 'N_chb': 586.06487, 'gr_ceu': 0.00491, 'gr_chb': 0.00491, 'm_yri_ooa': 0.0, 'm_yri_ceu': 1e-05, 'm_yri_chb': 1e-05, 'm_ceu_chb': 0.0} -67759.79640808831
x_down: {'t1': 1.66282, 't2': 3.04522, 't3': 95.15226, 'N_anc': 586.06487, 'N_yri': 343.03244, 'N_ooa': 829.0973, 'N_ceu': 343.03244, 'N_chb': 343.03244, 'gr_ceu': 0.00491, 'gr_chb': 0.00491, 'm_yri_ooa': 0.0, 'm_yri_ceu': 1e-05, 'm_yri_chb': 1e-05, 'm_ceu_chb': 0.0} -67647.43430934734
 
 
x_up: {'t1': 1.66282, 't2': 3.04522, 't3': 95.15226, 'N_anc': 586.06487, 'N_yri': 343.03244, 'N_ooa': 829.0973, 'N_ceu': 343.03244, 'N_chb': 343.03244, 'gr_ceu': 0.00737, 'gr_chb': 0.00491, 'm_yri_ooa': 0.0, 'm_yri_ceu': 1e-05, 'm_yri_chb': 1e-05, 'm_ceu_chb': 0.0} -67647.5903394113
x: {'t1': 1.66282, 't2': 3.04522, 't3': 95.15226, 'N_anc': 586.06487, 'N_yri': 343.03244, 'N_ooa': 829.0973, 'N_ceu': 343.03244, 'N_chb': 343.03244, 'gr_ceu': 0.00491, 'gr_chb': 0.00491, 'm_yri_ooa': 0.0, 'm_yri_ceu': 1e-05, 'm_yri_chb': 1e-05, 'm_ceu_chb': 0.0} -67647.43430934734
x_down: {'t1': 1.66282, 't2': 3.04522, 't3': 95.15226, 'N_anc': 586.06487, 'N_yri': 343.03244, 'N_ooa': 829.0973, 'N_ceu': 343.03244, 'N_chb': 343.03244, 'gr_ceu': 0.00246, 'gr_chb': 0.00491, 'm_yri_ooa': 0.0, 'm_yri_ceu': 1e-05, 'm_yri_chb': 1e-05, 'm_ceu_chb': 0.0} -67647.28280007164
 
 
x_up: {'t1': 1.66282, 't2': 3.04522, 't3': 95.15226, 'N_anc': 586.06487, 'N_yri': 343.03244, 'N_ooa': 829.0973, 'N_ceu': 343.03244, 'N_chb': 343.03244, 'gr_ceu': 0.00246, 'gr_chb': 0.00737, 'm_yri_ooa': 0.0, 'm_yri_ceu': 1e-05, 'm_yri_chb': 1e-05, 'm_ceu_chb': 0.0} -67647.47288704362
x: {'t1': 1.66282, 't2': 3.04522, 't3': 95.15226, 'N_anc': 586.06487, 'N_yri': 343.03244, 'N_ooa': 829.0973, 'N_ceu': 343.03244, 'N_chb': 343.03244, 'gr_ceu': 0.00246, 'gr_chb': 0.00491, 'm_yri_ooa': 0.0, 'm_yri_ceu': 1e-05, 'm_yri_chb': 1e-05, 'm_ceu_chb': 0.0} -67647.28280007164
x_down: {'t1': 1.66282, 't2': 3.04522, 't3': 95.15226, 'N_anc': 586.06487, 'N_yri': 343.03244, 'N_ooa': 829.0973, 'N_ceu': 343.03244, 'N_chb': 343.03244, 'gr_ceu': 0.00246, 'gr_chb': 0.00246, 'm_yri_ooa': 0.0, 'm_yri_ceu': 1e-05, 'm_yri_chb': 1e-05, 'm_ceu_chb': 0.0} -67647.09844265626
 
 
x_up: {'t1': 1.66282, 't2': 3.04522, 't3': 95.15226, 'N_anc': 586.06487, 'N_yri': 343.03244, 'N_ooa': 829.0973, 'N_ceu': 343.03244, 'N_chb': 343.03244, 'gr_ceu': 0.00246, 'gr_chb': 0.00246, 'm_yri_ooa': 0.0, 'm_yri_ceu': 1e-05, 'm_yri_chb': 1e-05, 'm_ceu_chb': 0.0} -67647.09844265626
x: {'t1': 1.66282, 't2': 3.04522, 't3': 95.15226, 'N_anc': 586.06487, 'N_yri': 343.03244, 'N_ooa': 829.0973, 'N_ceu': 343.03244, 'N_chb': 343.03244, 'gr_ceu': 0.00246, 'gr_chb': 0.00246, 'm_yri_ooa': 0.0, 'm_yri_ceu': 1e-05, 'm_yri_chb': 1e-05, 'm_ceu_chb': 0.0} -67647.09844265626
x_down: {'t1': 1.66282, 't2': 3.04522, 't3': 95.15226, 'N_anc': 586.06487, 'N_yri': 343.03244, 'N_ooa': 829.0973, 'N_ceu': 343.03244, 'N_chb': 343.03244, 'gr_ceu': 0.00246, 'gr_chb': 0.00246, 'm_yri_ooa': 1e-05, 'm_yri_ceu': 1e-05, 'm_yri_chb': 1e-05, 'm_ceu_chb': 0.0} -67647.10770866167
 
 
x_up: {'t1': 1.66282, 't2': 3.04522, 't3': 95.15226, 'N_anc': 586.06487, 'N_yri': 343.03244, 'N_ooa': 829.0973, 'N_ceu': 343.03244, 'N_chb': 343.03244, 'gr_ceu': 0.00246, 'gr_chb': 0.00246, 'm_yri_ooa': 0.0, 'm_yri_ceu': 0.0, 'm_yri_chb': 1e-05, 'm_ceu_chb': 0.0} -67647.09844265714
x: {'t1': 1.66282, 't2': 3.04522, 't3': 95.15226, 'N_anc': 586.06487, 'N_yri': 343.03244, 'N_ooa': 829.0973, 'N_ceu': 343.03244, 'N_chb': 343.03244, 'gr_ceu': 0.00246, 'gr_chb': 0.00246, 'm_yri_ooa': 0.0, 'm_yri_ceu': 1e-05, 'm_yri_chb': 1e-05, 'm_ceu_chb': 0.0} -67647.09844265626
x_down: {'t1': 1.66282, 't2': 3.04522, 't3': 95.15226, 'N_anc': 586.06487, 'N_yri': 343.03244, 'N_ooa': 829.0973, 'N_ceu': 343.03244, 'N_chb': 343.03244, 'gr_ceu': 0.00246, 'gr_chb': 0.00246, 'm_yri_ooa': 0.0, 'm_yri_ceu': 1e-05, 'm_yri_chb': 1e-05, 'm_ceu_chb': 0.0} -67647.09844265626
 
 
x_up: {'t1': 1.66282, 't2': 3.04522, 't3': 95.15226, 'N_anc': 586.06487, 'N_yri': 343.03244, 'N_ooa': 829.0973, 'N_ceu': 343.03244, 'N_chb': 343.03244, 'gr_ceu': 0.00246, 'gr_chb': 0.00246, 'm_yri_ooa': 0.0, 'm_yri_ceu': 1e-05, 'm_yri_chb': 0.0, 'm_ceu_chb': 0.0} -67647.09844265663
x: {'t1': 1.66282, 't2': 3.04522, 't3': 95.15226, 'N_anc': 586.06487, 'N_yri': 343.03244, 'N_ooa': 829.0973, 'N_ceu': 343.03244, 'N_chb': 343.03244, 'gr_ceu': 0.00246, 'gr_chb': 0.00246, 'm_yri_ooa': 0.0, 'm_yri_ceu': 1e-05, 'm_yri_chb': 1e-05, 'm_ceu_chb': 0.0} -67647.09844265626
x_down: {'t1': 1.66282, 't2': 3.04522, 't3': 95.15226, 'N_anc': 586.06487, 'N_yri': 343.03244, 'N_ooa': 829.0973, 'N_ceu': 343.03244, 'N_chb': 343.03244, 'gr_ceu': 0.00246, 'gr_chb': 0.00246, 'm_yri_ooa': 0.0, 'm_yri_ceu': 1e-05, 'm_yri_chb': 1e-05, 'm_ceu_chb': 0.0} -67647.09844265626
 
 
x_up: {'t1': 1.66282, 't2': 3.04522, 't3': 95.15226, 'N_anc': 586.06487, 'N_yri': 343.03244, 'N_ooa': 829.0973, 'N_ceu': 343.03244, 'N_chb': 343.03244, 'gr_ceu': 0.00246, 'gr_chb': 0.00246, 'm_yri_ooa': 0.0, 'm_yri_ceu': 1e-05, 'm_yri_chb': 1e-05, 'm_ceu_chb': 0.0} -67647.09844265626
x: {'t1': 1.66282, 't2': 3.04522, 't3': 95.15226, 'N_anc': 586.06487, 'N_yri': 343.03244, 'N_ooa': 829.0973, 'N_ceu': 343.03244, 'N_chb': 343.03244, 'gr_ceu': 0.00246, 'gr_chb': 0.00246, 'm_yri_ooa': 0.0, 'm_yri_ceu': 1e-05, 'm_yri_chb': 1e-05, 'm_ceu_chb': 0.0} -67647.09844265626
x_down: {'t1': 1.66282, 't2': 3.04522, 't3': 95.15226, 'N_anc': 586.06487, 'N_yri': 343.03244, 'N_ooa': 829.0973, 'N_ceu': 343.03244, 'N_chb': 343.03244, 'gr_ceu': 0.00246, 'gr_chb': 0.00246, 'm_yri_ooa': 0.0, 'm_yri_ceu': 1e-05, 'm_yri_chb': 1e-05, 'm_ceu_chb': 1e-05} -67647.0984426565
 
{'t1': 1.66282, 't2': 3.04522, 't3': 95.15226, 'N_anc': 586.06487, 'N_yri': 343.03244, 'N_ooa': 829.0973, 'N_ceu': 343.03244, 'N_chb': 343.03244, 'gr_ceu': 0.00246, 'gr_chb': 0.00246, 'm_yri_ooa': 0.0, 'm_yri_ceu': 1e-05, 'm_yri_chb': 1e-05, 'm_ceu_chb': 0.0} -67647.09844265626
 
x_up: {'t1': 1.99423, 't2': 3.04522, 't3': 95.15226, 'N_anc': 586.06487, 'N_yri': 343.03244, 'N_ooa': 829.0973, 'N_ceu': 343.03244, 'N_chb': 343.03244, 'gr_ceu': 0.00246, 'gr_chb': 0.00246, 'm_yri_ooa': 0.0, 'm_yri_ceu': 1e-05, 'm_yri_chb': 1e-05, 'm_ceu_chb': 0.0} -67623.18208848171
x: {'t1': 1.66282, 't2': 3.04522, 't3': 95.15226, 'N_anc': 586.06487, 'N_yri': 343.03244, 'N_ooa': 829.0973, 'N_ceu': 343.03244, 'N_chb': 343.03244, 'gr_ceu': 0.00246, 'gr_chb': 0.00246, 'm_yri_ooa': 0.0, 'm_yri_ceu': 1e-05, 'm_yri_chb': 1e-05, 'm_ceu_chb': 0.0} -67647.09844265626
x_down: {'t1': 1.33141, 't2': 3.04522, 't3': 95.15226, 'N_anc': 586.06487, 'N_yri': 343.03244, 'N_ooa': 829.0973, 'N_ceu': 343.03244, 'N_chb': 343.03244, 'gr_ceu': 0.00246, 'gr_chb': 0.00246, 'm_yri_ooa': 0.0, 'm_yri_ceu': 1e-05, 'm_yri_chb': 1e-05, 'm_ceu_chb': 0.0} -67698.25863361667
 
 
x_up: {'t1': 1.99423, 't2': 3.57071, 't3': 95.15226, 'N_anc': 586.06487, 'N_yri': 343.03244, 'N_ooa': 829.0973, 'N_ceu': 343.03244, 'N_chb': 343.03244, 'gr_ceu': 0.00246, 'gr_chb': 0.00246, 'm_yri_ooa': 0.0, 'm_yri_ceu': 1e-05, 'm_yri_chb': 1e-05, 'm_ceu_chb': 0.0} -67642.22834680828
x: {'t1': 1.99423, 't2': 3.04522, 't3': 95.15226, 'N_anc': 586.06487, 'N_yri': 343.03244, 'N_ooa': 829.0973, 'N_ceu': 343.03244, 'N_chb': 343.03244, 'gr_ceu': 0.00246, 'gr_chb': 0.00246, 'm_yri_ooa': 0.0, 'm_yri_ceu': 1e-05, 'm_yri_chb': 1e-05, 'm_ceu_chb': 0.0} -67623.18208848171
x_down: {'t1': 1.99423, 't2': 2.51973, 't3': 95.15226, 'N_anc': 586.06487, 'N_yri': 343.03244, 'N_ooa': 829.0973, 'N_ceu': 343.03244, 'N_chb': 343.03244, 'gr_ceu': 0.00246, 'gr_chb': 0.00246, 'm_yri_ooa': 0.0, 'm_yri_ceu': 1e-05, 'm_yri_chb': 1e-05, 'm_ceu_chb': 0.0} -67591.38609853301
 
 
x_up: {'t1': 1.99423, 't2': 2.51973, 't3': 102.0997, 'N_anc': 586.06487, 'N_yri': 343.03244, 'N_ooa': 829.0973, 'N_ceu': 343.03244, 'N_chb': 343.03244, 'gr_ceu': 0.00246, 'gr_chb': 0.00246, 'm_yri_ooa': 0.0, 'm_yri_ceu': 1e-05, 'm_yri_chb': 1e-05, 'm_ceu_chb': 0.0} -67594.32726736885
x: {'t1': 1.99423, 't2': 2.51973, 't3': 95.15226, 'N_anc': 586.06487, 'N_yri': 343.03244, 'N_ooa': 829.0973, 'N_ceu': 343.03244, 'N_chb': 343.03244, 'gr_ceu': 0.00246, 'gr_chb': 0.00246, 'm_yri_ooa': 0.0, 'm_yri_ceu': 1e-05, 'm_yri_chb': 1e-05, 'm_ceu_chb': 0.0} -67591.38609853301
x_down: {'t1': 1.99423, 't2': 2.51973, 't3': 88.20482, 'N_anc': 586.06487, 'N_yri': 343.03244, 'N_ooa': 829.0973, 'N_ceu': 343.03244, 'N_chb': 343.03244, 'gr_ceu': 0.00246, 'gr_chb': 0.00246, 'm_yri_ooa': 0.0, 'm_yri_ceu': 1e-05, 'm_yri_chb': 1e-05, 'm_ceu_chb': 0.0} -67594.32155592565
 
 
x_up: {'t1': 1.99423, 't2': 2.51973, 't3': 95.15226, 'N_anc': 707.58109, 'N_yri': 343.03244, 'N_ooa': 829.0973, 'N_ceu': 343.03244, 'N_chb': 343.03244, 'gr_ceu': 0.00246, 'gr_chb': 0.00246, 'm_yri_ooa': 0.0, 'm_yri_ceu': 1e-05, 'm_yri_chb': 1e-05, 'm_ceu_chb': 0.0} -67599.9726843115
x: {'t1': 1.99423, 't2': 2.51973, 't3': 95.15226, 'N_anc': 586.06487, 'N_yri': 343.03244, 'N_ooa': 829.0973, 'N_ceu': 343.03244, 'N_chb': 343.03244, 'gr_ceu': 0.00246, 'gr_chb': 0.00246, 'm_yri_ooa': 0.0, 'm_yri_ceu': 1e-05, 'm_yri_chb': 1e-05, 'm_ceu_chb': 0.0} -67591.38609853301
x_down: {'t1': 1.99423, 't2': 2.51973, 't3': 95.15226, 'N_anc': 464.54865, 'N_yri': 343.03244, 'N_ooa': 829.0973, 'N_ceu': 343.03244, 'N_chb': 343.03244, 'gr_ceu': 0.00246, 'gr_chb': 0.00246, 'm_yri_ooa': 0.0, 'm_yri_ceu': 1e-05, 'm_yri_chb': 1e-05, 'm_ceu_chb': 0.0} -67588.52354427124
 
 
x_up: {'t1': 1.99423, 't2': 2.51973, 't3': 95.15226, 'N_anc': 464.54865, 'N_yri': 464.54866, 'N_ooa': 829.0973, 'N_ceu': 343.03244, 'N_chb': 343.03244, 'gr_ceu': 0.00246, 'gr_chb': 0.00246, 'm_yri_ooa': 0.0, 'm_yri_ceu': 1e-05, 'm_yri_chb': 1e-05, 'm_ceu_chb': 0.0} -67616.97926828725
x: {'t1': 1.99423, 't2': 2.51973, 't3': 95.15226, 'N_anc': 464.54865, 'N_yri': 343.03244, 'N_ooa': 829.0973, 'N_ceu': 343.03244, 'N_chb': 343.03244, 'gr_ceu': 0.00246, 'gr_chb': 0.00246, 'm_yri_ooa': 0.0, 'm_yri_ceu': 1e-05, 'm_yri_chb': 1e-05, 'm_ceu_chb': 0.0} -67588.52354427124
x_down: {'t1': 1.99423, 't2': 2.51973, 't3': 95.15226, 'N_anc': 464.54865, 'N_yri': 221.51622, 'N_ooa': 829.0973, 'N_ceu': 343.03244, 'N_chb': 343.03244, 'gr_ceu': 0.00246, 'gr_chb': 0.00246, 'm_yri_ooa': 0.0, 'm_yri_ceu': 1e-05, 'm_yri_chb': 1e-05, 'm_ceu_chb': 0.0} -67791.53704378736
 
 
x_up: {'t1': 1.99423, 't2': 2.51973, 't3': 95.15226, 'N_anc': 464.54865, 'N_yri': 343.03244, 'N_ooa': 1102.50879, 'N_ceu': 343.03244, 'N_chb': 343.03244, 'gr_ceu': 0.00246, 'gr_chb': 0.00246, 'm_yri_ooa': 0.0, 'm_yri_ceu': 1e-05, 'm_yri_chb': 1e-05, 'm_ceu_chb': 0.0} -67661.85521881712
x: {'t1': 1.99423, 't2': 2.51973, 't3': 95.15226, 'N_anc': 464.54865, 'N_yri': 343.03244, 'N_ooa': 829.0973, 'N_ceu': 343.03244, 'N_chb': 343.03244, 'gr_ceu': 0.00246, 'gr_chb': 0.00246, 'm_yri_ooa': 0.0, 'm_yri_ceu': 1e-05, 'm_yri_chb': 1e-05, 'm_ceu_chb': 0.0} -67588.52354427124
x_down: {'t1': 1.99423, 't2': 2.51973, 't3': 95.15226, 'N_anc': 464.54865, 'N_yri': 343.03244, 'N_ooa': 555.68581, 'N_ceu': 343.03244, 'N_chb': 343.03244, 'gr_ceu': 0.00246, 'gr_chb': 0.00246, 'm_yri_ooa': 0.0, 'm_yri_ceu': 1e-05, 'm_yri_chb': 1e-05, 'm_ceu_chb': 0.0} -68206.90555061716
 
 
x_up: {'t1': 1.99423, 't2': 2.51973, 't3': 95.15226, 'N_anc': 464.54865, 'N_yri': 343.03244, 'N_ooa': 829.0973, 'N_ceu': 464.54866, 'N_chb': 343.03244, 'gr_ceu': 0.00246, 'gr_chb': 0.00246, 'm_yri_ooa': 0.0, 'm_yri_ceu': 1e-05, 'm_yri_chb': 1e-05, 'm_ceu_chb': 0.0} -67657.00500441708
x: {'t1': 1.99423, 't2': 2.51973, 't3': 95.15226, 'N_anc': 464.54865, 'N_yri': 343.03244, 'N_ooa': 829.0973, 'N_ceu': 343.03244, 'N_chb': 343.03244, 'gr_ceu': 0.00246, 'gr_chb': 0.00246, 'm_yri_ooa': 0.0, 'm_yri_ceu': 1e-05, 'm_yri_chb': 1e-05, 'm_ceu_chb': 0.0} -67588.52354427124
x_down: {'t1': 1.99423, 't2': 2.51973, 't3': 95.15226, 'N_anc': 464.54865, 'N_yri': 343.03244, 'N_ooa': 829.0973, 'N_ceu': 221.51622, 'N_chb': 343.03244, 'gr_ceu': 0.00246, 'gr_chb': 0.00246, 'm_yri_ooa': 0.0, 'm_yri_ceu': 1e-05, 'm_yri_chb': 1e-05, 'm_ceu_chb': 0.0} -67627.6015992085
 
 
x_up: {'t1': 1.99423, 't2': 2.51973, 't3': 95.15226, 'N_anc': 464.54865, 'N_yri': 343.03244, 'N_ooa': 829.0973, 'N_ceu': 343.03244, 'N_chb': 464.54866, 'gr_ceu': 0.00246, 'gr_chb': 0.00246, 'm_yri_ooa': 0.0, 'm_yri_ceu': 1e-05, 'm_yri_chb': 1e-05, 'm_ceu_chb': 0.0} -67659.35848999125
x: {'t1': 1.99423, 't2': 2.51973, 't3': 95.15226, 'N_anc': 464.54865, 'N_yri': 343.03244, 'N_ooa': 829.0973, 'N_ceu': 343.03244, 'N_chb': 343.03244, 'gr_ceu': 0.00246, 'gr_chb': 0.00246, 'm_yri_ooa': 0.0, 'm_yri_ceu': 1e-05, 'm_yri_chb': 1e-05, 'm_ceu_chb': 0.0} -67588.52354427124
x_down: {'t1': 1.99423, 't2': 2.51973, 't3': 95.15226, 'N_anc': 464.54865, 'N_yri': 343.03244, 'N_ooa': 829.0973, 'N_ceu': 343.03244, 'N_chb': 221.51622, 'gr_ceu': 0.00246, 'gr_chb': 0.00246, 'm_yri_ooa': 0.0, 'm_yri_ceu': 1e-05, 'm_yri_chb': 1e-05, 'm_ceu_chb': 0.0} -67629.59963177222
 
 
x_up: {'t1': 1.99423, 't2': 2.51973, 't3': 95.15226, 'N_anc': 464.54865, 'N_yri': 343.03244, 'N_ooa': 829.0973, 'N_ceu': 343.03244, 'N_chb': 343.03244, 'gr_ceu': 0.00369, 'gr_chb': 0.00246, 'm_yri_ooa': 0.0, 'm_yri_ceu': 1e-05, 'm_yri_chb': 1e-05, 'm_ceu_chb': 0.0} -67588.67330383998
x: {'t1': 1.99423, 't2': 2.51973, 't3': 95.15226, 'N_anc': 464.54865, 'N_yri': 343.03244, 'N_ooa': 829.0973, 'N_ceu': 343.03244, 'N_chb': 343.03244, 'gr_ceu': 0.00246, 'gr_chb': 0.00246, 'm_yri_ooa': 0.0, 'm_yri_ceu': 1e-05, 'm_yri_chb': 1e-05, 'm_ceu_chb': 0.0} -67588.52354427124
x_down: {'t1': 1.99423, 't2': 2.51973, 't3': 95.15226, 'N_anc': 464.54865, 'N_yri': 343.03244, 'N_ooa': 829.0973, 'N_ceu': 343.03244, 'N_chb': 343.03244, 'gr_ceu': 0.00123, 'gr_chb': 0.00246, 'm_yri_ooa': 0.0, 'm_yri_ceu': 1e-05, 'm_yri_chb': 1e-05, 'm_ceu_chb': 0.0} -67588.37618546998
 
 
x_up: {'t1': 1.99423, 't2': 2.51973, 't3': 95.15226, 'N_anc': 464.54865, 'N_yri': 343.03244, 'N_ooa': 829.0973, 'N_ceu': 343.03244, 'N_chb': 343.03244, 'gr_ceu': 0.00123, 'gr_chb': 0.00369, 'm_yri_ooa': 0.0, 'm_yri_ceu': 1e-05, 'm_yri_chb': 1e-05, 'm_ceu_chb': 0.0} -67588.56064390851
x: {'t1': 1.99423, 't2': 2.51973, 't3': 95.15226, 'N_anc': 464.54865, 'N_yri': 343.03244, 'N_ooa': 829.0973, 'N_ceu': 343.03244, 'N_chb': 343.03244, 'gr_ceu': 0.00123, 'gr_chb': 0.00246, 'm_yri_ooa': 0.0, 'm_yri_ceu': 1e-05, 'm_yri_chb': 1e-05, 'm_ceu_chb': 0.0} -67588.37618546998
x_down: {'t1': 1.99423, 't2': 2.51973, 't3': 95.15226, 'N_anc': 464.54865, 'N_yri': 343.03244, 'N_ooa': 829.0973, 'N_ceu': 343.03244, 'N_chb': 343.03244, 'gr_ceu': 0.00123, 'gr_chb': 0.00123, 'm_yri_ooa': 0.0, 'm_yri_ceu': 1e-05, 'm_yri_chb': 1e-05, 'm_ceu_chb': 0.0} -67588.1941158718
 
 
x_up: {'t1': 1.99423, 't2': 2.51973, 't3': 95.15226, 'N_anc': 464.54865, 'N_yri': 343.03244, 'N_ooa': 829.0973, 'N_ceu': 343.03244, 'N_chb': 343.03244, 'gr_ceu': 0.00123, 'gr_chb': 0.00123, 'm_yri_ooa': 0.0, 'm_yri_ceu': 1e-05, 'm_yri_chb': 1e-05, 'm_ceu_chb': 0.0} -67588.1941158718
x: {'t1': 1.99423, 't2': 2.51973, 't3': 95.15226, 'N_anc': 464.54865, 'N_yri': 343.03244, 'N_ooa': 829.0973, 'N_ceu': 343.03244, 'N_chb': 343.03244, 'gr_ceu': 0.00123, 'gr_chb': 0.00123, 'm_yri_ooa': 0.0, 'm_yri_ceu': 1e-05, 'm_yri_chb': 1e-05, 'm_ceu_chb': 0.0} -67588.1941158718
x_down: {'t1': 1.99423, 't2': 2.51973, 't3': 95.15226, 'N_anc': 464.54865, 'N_yri': 343.03244, 'N_ooa': 829.0973, 'N_ceu': 343.03244, 'N_chb': 343.03244, 'gr_ceu': 0.00123, 'gr_chb': 0.00123, 'm_yri_ooa': 1e-05, 'm_yri_ceu': 1e-05, 'm_yri_chb': 1e-05, 'm_ceu_chb': 0.0} -67588.18920833911
 
 
x_up: {'t1': 1.99423, 't2': 2.51973, 't3': 95.15226, 'N_anc': 464.54865, 'N_yri': 343.03244, 'N_ooa': 829.0973, 'N_ceu': 343.03244, 'N_chb': 343.03244, 'gr_ceu': 0.00123, 'gr_chb': 0.00123, 'm_yri_ooa': 1e-05, 'm_yri_ceu': 0.0, 'm_yri_chb': 1e-05, 'm_ceu_chb': 0.0} -67588.1892083391
x: {'t1': 1.99423, 't2': 2.51973, 't3': 95.15226, 'N_anc': 464.54865, 'N_yri': 343.03244, 'N_ooa': 829.0973, 'N_ceu': 343.03244, 'N_chb': 343.03244, 'gr_ceu': 0.00123, 'gr_chb': 0.00123, 'm_yri_ooa': 1e-05, 'm_yri_ceu': 1e-05, 'm_yri_chb': 1e-05, 'm_ceu_chb': 0.0} -67588.18920833911
x_down: {'t1': 1.99423, 't2': 2.51973, 't3': 95.15226, 'N_anc': 464.54865, 'N_yri': 343.03244, 'N_ooa': 829.0973, 'N_ceu': 343.03244, 'N_chb': 343.03244, 'gr_ceu': 0.00123, 'gr_chb': 0.00123, 'm_yri_ooa': 1e-05, 'm_yri_ceu': 1e-05, 'm_yri_chb': 1e-05, 'm_ceu_chb': 0.0} -67588.18920833911
 
 
x_up: {'t1': 1.99423, 't2': 2.51973, 't3': 95.15226, 'N_anc': 464.54865, 'N_yri': 343.03244, 'N_ooa': 829.0973, 'N_ceu': 343.03244, 'N_chb': 343.03244, 'gr_ceu': 0.00123, 'gr_chb': 0.00123, 'm_yri_ooa': 1e-05, 'm_yri_ceu': 0.0, 'm_yri_chb': 0.0, 'm_ceu_chb': 0.0} -67588.18920834438
x: {'t1': 1.99423, 't2': 2.51973, 't3': 95.15226, 'N_anc': 464.54865, 'N_yri': 343.03244, 'N_ooa': 829.0973, 'N_ceu': 343.03244, 'N_chb': 343.03244, 'gr_ceu': 0.00123, 'gr_chb': 0.00123, 'm_yri_ooa': 1e-05, 'm_yri_ceu': 0.0, 'm_yri_chb': 1e-05, 'm_ceu_chb': 0.0} -67588.1892083391
x_down: {'t1': 1.99423, 't2': 2.51973, 't3': 95.15226, 'N_anc': 464.54865, 'N_yri': 343.03244, 'N_ooa': 829.0973, 'N_ceu': 343.03244, 'N_chb': 343.03244, 'gr_ceu': 0.00123, 'gr_chb': 0.00123, 'm_yri_ooa': 1e-05, 'm_yri_ceu': 0.0, 'm_yri_chb': 1e-05, 'm_ceu_chb': 0.0} -67588.1892083391
 
 
x_up: {'t1': 1.99423, 't2': 2.51973, 't3': 95.15226, 'N_anc': 464.54865, 'N_yri': 343.03244, 'N_ooa': 829.0973, 'N_ceu': 343.03244, 'N_chb': 343.03244, 'gr_ceu': 0.00123, 'gr_chb': 0.00123, 'm_yri_ooa': 1e-05, 'm_yri_ceu': 0.0, 'm_yri_chb': 1e-05, 'm_ceu_chb': 0.0} -67588.1892083391
x: {'t1': 1.99423, 't2': 2.51973, 't3': 95.15226, 'N_anc': 464.54865, 'N_yri': 343.03244, 'N_ooa': 829.0973, 'N_ceu': 343.03244, 'N_chb': 343.03244, 'gr_ceu': 0.00123, 'gr_chb': 0.00123, 'm_yri_ooa': 1e-05, 'm_yri_ceu': 0.0, 'm_yri_chb': 1e-05, 'm_ceu_chb': 0.0} -67588.1892083391
x_down: {'t1': 1.99423, 't2': 2.51973, 't3': 95.15226, 'N_anc': 464.54865, 'N_yri': 343.03244, 'N_ooa': 829.0973, 'N_ceu': 343.03244, 'N_chb': 343.03244, 'gr_ceu': 0.00123, 'gr_chb': 0.00123, 'm_yri_ooa': 1e-05, 'm_yri_ceu': 0.0, 'm_yri_chb': 1e-05, 'm_ceu_chb': 1e-05} -67588.18920833865
 
{'t1': 1.99423, 't2': 2.51973, 't3': 95.15226, 'N_anc': 464.54865, 'N_yri': 343.03244, 'N_ooa': 829.0973, 'N_ceu': 343.03244, 'N_chb': 343.03244, 'gr_ceu': 0.00123, 'gr_chb': 0.00123, 'm_yri_ooa': 1e-05, 'm_yri_ceu': 0.0, 'm_yri_chb': 1e-05, 'm_ceu_chb': 1e-05} -67588.18920833865
 
x_up: {'t1': 2.25698, 't2': 2.51973, 't3': 95.15226, 'N_anc': 464.54865, 'N_yri': 343.03244, 'N_ooa': 829.0973, 'N_ceu': 343.03244, 'N_chb': 343.03244, 'gr_ceu': 0.00123, 'gr_chb': 0.00123, 'm_yri_ooa': 1e-05, 'm_yri_ceu': 0.0, 'm_yri_chb': 1e-05, 'm_ceu_chb': 1e-05} -67596.53825922997
x: {'t1': 1.99423, 't2': 2.51973, 't3': 95.15226, 'N_anc': 464.54865, 'N_yri': 343.03244, 'N_ooa': 829.0973, 'N_ceu': 343.03244, 'N_chb': 343.03244, 'gr_ceu': 0.00123, 'gr_chb': 0.00123, 'm_yri_ooa': 1e-05, 'm_yri_ceu': 0.0, 'm_yri_chb': 1e-05, 'm_ceu_chb': 1e-05} -67588.18920833865
x_down: {'t1': 1.73148, 't2': 2.51973, 't3': 95.15226, 'N_anc': 464.54865, 'N_yri': 343.03244, 'N_ooa': 829.0973, 'N_ceu': 343.03244, 'N_chb': 343.03244, 'gr_ceu': 0.00123, 'gr_chb': 0.00123, 'm_yri_ooa': 1e-05, 'm_yri_ceu': 0.0, 'm_yri_chb': 1e-05, 'm_ceu_chb': 1e-05} -67569.55426038124
 
 
x_up: {'t1': 1.73148, 't2': 2.91385, 't3': 95.15226, 'N_anc': 464.54865, 'N_yri': 343.03244, 'N_ooa': 829.0973, 'N_ceu': 343.03244, 'N_chb': 343.03244, 'gr_ceu': 0.00123, 'gr_chb': 0.00123, 'm_yri_ooa': 1e-05, 'm_yri_ceu': 0.0, 'm_yri_chb': 1e-05, 'm_ceu_chb': 1e-05} -67638.65262163185
x: {'t1': 1.73148, 't2': 2.51973, 't3': 95.15226, 'N_anc': 464.54865, 'N_yri': 343.03244, 'N_ooa': 829.0973, 'N_ceu': 343.03244, 'N_chb': 343.03244, 'gr_ceu': 0.00123, 'gr_chb': 0.00123, 'm_yri_ooa': 1e-05, 'm_yri_ceu': 0.0, 'm_yri_chb': 1e-05, 'm_ceu_chb': 1e-05} -67569.55426038124
x_down: {'t1': 1.73148, 't2': 2.12561, 't3': 95.15226, 'N_anc': 464.54865, 'N_yri': 343.03244, 'N_ooa': 829.0973, 'N_ceu': 343.03244, 'N_chb': 343.03244, 'gr_ceu': 0.00123, 'gr_chb': 0.00123, 'm_yri_ooa': 1e-05, 'm_yri_ceu': 0.0, 'm_yri_chb': 1e-05, 'm_ceu_chb': 1e-05} -67605.62133092631
 
 
x_up: {'t1': 1.73148, 't2': 2.51973, 't3': 99.78389, 'N_anc': 464.54865, 'N_yri': 343.03244, 'N_ooa': 829.0973, 'N_ceu': 343.03244, 'N_chb': 343.03244, 'gr_ceu': 0.00123, 'gr_chb': 0.00123, 'm_yri_ooa': 1e-05, 'm_yri_ceu': 0.0, 'm_yri_chb': 1e-05, 'm_ceu_chb': 1e-05} -67571.25578100071
x: {'t1': 1.73148, 't2': 2.51973, 't3': 95.15226, 'N_anc': 464.54865, 'N_yri': 343.03244, 'N_ooa': 829.0973, 'N_ceu': 343.03244, 'N_chb': 343.03244, 'gr_ceu': 0.00123, 'gr_chb': 0.00123, 'm_yri_ooa': 1e-05, 'm_yri_ceu': 0.0, 'm_yri_chb': 1e-05, 'm_ceu_chb': 1e-05} -67569.55426038124
x_down: {'t1': 1.73148, 't2': 2.51973, 't3': 90.52063, 'N_anc': 464.54865, 'N_yri': 343.03244, 'N_ooa': 829.0973, 'N_ceu': 343.03244, 'N_chb': 343.03244, 'gr_ceu': 0.00123, 'gr_chb': 0.00123, 'm_yri_ooa': 1e-05, 'm_yri_ceu': 0.0, 'm_yri_chb': 1e-05, 'm_ceu_chb': 1e-05} -67575.66181902937
 
 
x_up: {'t1': 1.73148, 't2': 2.51973, 't3': 95.15226, 'N_anc': 601.25439, 'N_yri': 343.03244, 'N_ooa': 829.0973, 'N_ceu': 343.03244, 'N_chb': 343.03244, 'gr_ceu': 0.00123, 'gr_chb': 0.00123, 'm_yri_ooa': 1e-05, 'm_yri_ceu': 0.0, 'm_yri_chb': 1e-05, 'm_ceu_chb': 1e-05} -67573.28160479499
x: {'t1': 1.73148, 't2': 2.51973, 't3': 95.15226, 'N_anc': 464.54865, 'N_yri': 343.03244, 'N_ooa': 829.0973, 'N_ceu': 343.03244, 'N_chb': 343.03244, 'gr_ceu': 0.00123, 'gr_chb': 0.00123, 'm_yri_ooa': 1e-05, 'm_yri_ceu': 0.0, 'm_yri_chb': 1e-05, 'm_ceu_chb': 1e-05} -67569.55426038124
x_down: {'t1': 1.73148, 't2': 2.51973, 't3': 95.15226, 'N_anc': 327.84291, 'N_yri': 343.03244, 'N_ooa': 829.0973, 'N_ceu': 343.03244, 'N_chb': 343.03244, 'gr_ceu': 0.00123, 'gr_chb': 0.00123, 'm_yri_ooa': 1e-05, 'm_yri_ceu': 0.0, 'm_yri_chb': 1e-05, 'm_ceu_chb': 1e-05} -67586.0082318382
 
 
x_up: {'t1': 1.73148, 't2': 2.51973, 't3': 95.15226, 'N_anc': 464.54865, 'N_yri': 403.79055, 'N_ooa': 829.0973, 'N_ceu': 343.03244, 'N_chb': 343.03244, 'gr_ceu': 0.00123, 'gr_chb': 0.00123, 'm_yri_ooa': 1e-05, 'm_yri_ceu': 0.0, 'm_yri_chb': 1e-05, 'm_ceu_chb': 1e-05} -67586.29717867833
x: {'t1': 1.73148, 't2': 2.51973, 't3': 95.15226, 'N_anc': 464.54865, 'N_yri': 343.03244, 'N_ooa': 829.0973, 'N_ceu': 343.03244, 'N_chb': 343.03244, 'gr_ceu': 0.00123, 'gr_chb': 0.00123, 'm_yri_ooa': 1e-05, 'm_yri_ceu': 0.0, 'm_yri_chb': 1e-05, 'm_ceu_chb': 1e-05} -67569.55426038124
x_down: {'t1': 1.73148, 't2': 2.51973, 't3': 95.15226, 'N_anc': 464.54865, 'N_yri': 282.27433, 'N_ooa': 829.0973, 'N_ceu': 343.03244, 'N_chb': 343.03244, 'gr_ceu': 0.00123, 'gr_chb': 0.00123, 'm_yri_ooa': 1e-05, 'm_yri_ceu': 0.0, 'm_yri_chb': 1e-05, 'm_ceu_chb': 1e-05} -67594.48500309081
 
 
x_up: {'t1': 1.73148, 't2': 2.51973, 't3': 95.15226, 'N_anc': 464.54865, 'N_yri': 343.03244, 'N_ooa': 965.80304, 'N_ceu': 343.03244, 'N_chb': 343.03244, 'gr_ceu': 0.00123, 'gr_chb': 0.00123, 'm_yri_ooa': 1e-05, 'm_yri_ceu': 0.0, 'm_yri_chb': 1e-05, 'm_ceu_chb': 1e-05} -67568.69977844195
x: {'t1': 1.73148, 't2': 2.51973, 't3': 95.15226, 'N_anc': 464.54865, 'N_yri': 343.03244, 'N_ooa': 829.0973, 'N_ceu': 343.03244, 'N_chb': 343.03244, 'gr_ceu': 0.00123, 'gr_chb': 0.00123, 'm_yri_ooa': 1e-05, 'm_yri_ceu': 0.0, 'm_yri_chb': 1e-05, 'm_ceu_chb': 1e-05} -67569.55426038124
x_down: {'t1': 1.73148, 't2': 2.51973, 't3': 95.15226, 'N_anc': 464.54865, 'N_yri': 343.03244, 'N_ooa': 692.39156, 'N_ceu': 343.03244, 'N_chb': 343.03244, 'gr_ceu': 0.00123, 'gr_chb': 0.00123, 'm_yri_ooa': 1e-05, 'm_yri_ceu': 0.0, 'm_yri_chb': 1e-05, 'm_ceu_chb': 1e-05} -67729.91413446862
 
 
x_up: {'t1': 1.73148, 't2': 2.51973, 't3': 95.15226, 'N_anc': 464.54865, 'N_yri': 343.03244, 'N_ooa': 965.80304, 'N_ceu': 403.79055, 'N_chb': 343.03244, 'gr_ceu': 0.00123, 'gr_chb': 0.00123, 'm_yri_ooa': 1e-05, 'm_yri_ceu': 0.0, 'm_yri_chb': 1e-05, 'm_ceu_chb': 1e-05} -67588.67520099148
x: {'t1': 1.73148, 't2': 2.51973, 't3': 95.15226, 'N_anc': 464.54865, 'N_yri': 343.03244, 'N_ooa': 965.80304, 'N_ceu': 343.03244, 'N_chb': 343.03244, 'gr_ceu': 0.00123, 'gr_chb': 0.00123, 'm_yri_ooa': 1e-05, 'm_yri_ceu': 0.0, 'm_yri_chb': 1e-05, 'm_ceu_chb': 1e-05} -67568.69977844195
x_down: {'t1': 1.73148, 't2': 2.51973, 't3': 95.15226, 'N_anc': 464.54865, 'N_yri': 343.03244, 'N_ooa': 965.80304, 'N_ceu': 282.27433, 'N_chb': 343.03244, 'gr_ceu': 0.00123, 'gr_chb': 0.00123, 'm_yri_ooa': 1e-05, 'm_yri_ceu': 0.0, 'm_yri_chb': 1e-05, 'm_ceu_chb': 1e-05} -67569.04722578565
 
 
x_up: {'t1': 1.73148, 't2': 2.51973, 't3': 95.15226, 'N_anc': 464.54865, 'N_yri': 343.03244, 'N_ooa': 965.80304, 'N_ceu': 343.03244, 'N_chb': 403.79055, 'gr_ceu': 0.00123, 'gr_chb': 0.00123, 'm_yri_ooa': 1e-05, 'm_yri_ceu': 0.0, 'm_yri_chb': 1e-05, 'm_ceu_chb': 1e-05} -67589.46669715423
x: {'t1': 1.73148, 't2': 2.51973, 't3': 95.15226, 'N_anc': 464.54865, 'N_yri': 343.03244, 'N_ooa': 965.80304, 'N_ceu': 343.03244, 'N_chb': 343.03244, 'gr_ceu': 0.00123, 'gr_chb': 0.00123, 'm_yri_ooa': 1e-05, 'm_yri_ceu': 0.0, 'm_yri_chb': 1e-05, 'm_ceu_chb': 1e-05} -67568.69977844195
x_down: {'t1': 1.73148, 't2': 2.51973, 't3': 95.15226, 'N_anc': 464.54865, 'N_yri': 343.03244, 'N_ooa': 965.80304, 'N_ceu': 343.03244, 'N_chb': 282.27433, 'gr_ceu': 0.00123, 'gr_chb': 0.00123, 'm_yri_ooa': 1e-05, 'm_yri_ceu': 0.0, 'm_yri_chb': 1e-05, 'm_ceu_chb': 1e-05} -67570.44125359556
 
 
x_up: {'t1': 1.73148, 't2': 2.51973, 't3': 95.15226, 'N_anc': 464.54865, 'N_yri': 343.03244, 'N_ooa': 965.80304, 'N_ceu': 343.03244, 'N_chb': 343.03244, 'gr_ceu': 0.00184, 'gr_chb': 0.00123, 'm_yri_ooa': 1e-05, 'm_yri_ceu': 0.0, 'm_yri_chb': 1e-05, 'm_ceu_chb': 1e-05} -67568.769775461
x: {'t1': 1.73148, 't2': 2.51973, 't3': 95.15226, 'N_anc': 464.54865, 'N_yri': 343.03244, 'N_ooa': 965.80304, 'N_ceu': 343.03244, 'N_chb': 343.03244, 'gr_ceu': 0.00123, 'gr_chb': 0.00123, 'm_yri_ooa': 1e-05, 'm_yri_ceu': 0.0, 'm_yri_chb': 1e-05, 'm_ceu_chb': 1e-05} -67568.69977844195
x_down: {'t1': 1.73148, 't2': 2.51973, 't3': 95.15226, 'N_anc': 464.54865, 'N_yri': 343.03244, 'N_ooa': 965.80304, 'N_ceu': 343.03244, 'N_chb': 343.03244, 'gr_ceu': 0.00061, 'gr_chb': 0.00123, 'm_yri_ooa': 1e-05, 'm_yri_ceu': 0.0, 'm_yri_chb': 1e-05, 'm_ceu_chb': 1e-05} -67568.6289132009
 
 
x_up: {'t1': 1.73148, 't2': 2.51973, 't3': 95.15226, 'N_anc': 464.54865, 'N_yri': 343.03244, 'N_ooa': 965.80304, 'N_ceu': 343.03244, 'N_chb': 343.03244, 'gr_ceu': 0.00061, 'gr_chb': 0.00184, 'm_yri_ooa': 1e-05, 'm_yri_ceu': 0.0, 'm_yri_chb': 1e-05, 'm_ceu_chb': 1e-05} -67568.6896367039
x: {'t1': 1.73148, 't2': 2.51973, 't3': 95.15226, 'N_anc': 464.54865, 'N_yri': 343.03244, 'N_ooa': 965.80304, 'N_ceu': 343.03244, 'N_chb': 343.03244, 'gr_ceu': 0.00061, 'gr_chb': 0.00123, 'm_yri_ooa': 1e-05, 'm_yri_ceu': 0.0, 'm_yri_chb': 1e-05, 'm_ceu_chb': 1e-05} -67568.6289132009
x_down: {'t1': 1.73148, 't2': 2.51973, 't3': 95.15226, 'N_anc': 464.54865, 'N_yri': 343.03244, 'N_ooa': 965.80304, 'N_ceu': 343.03244, 'N_chb': 343.03244, 'gr_ceu': 0.00061, 'gr_chb': 0.00061, 'm_yri_ooa': 1e-05, 'm_yri_ceu': 0.0, 'm_yri_chb': 1e-05, 'm_ceu_chb': 1e-05} -67568.56757110315
 
 
x_up: {'t1': 1.73148, 't2': 2.51973, 't3': 95.15226, 'N_anc': 464.54865, 'N_yri': 343.03244, 'N_ooa': 965.80304, 'N_ceu': 343.03244, 'N_chb': 343.03244, 'gr_ceu': 0.00061, 'gr_chb': 0.00061, 'm_yri_ooa': 0.0, 'm_yri_ceu': 0.0, 'm_yri_chb': 1e-05, 'm_ceu_chb': 1e-05} -67568.56190834369
x: {'t1': 1.73148, 't2': 2.51973, 't3': 95.15226, 'N_anc': 464.54865, 'N_yri': 343.03244, 'N_ooa': 965.80304, 'N_ceu': 343.03244, 'N_chb': 343.03244, 'gr_ceu': 0.00061, 'gr_chb': 0.00061, 'm_yri_ooa': 1e-05, 'm_yri_ceu': 0.0, 'm_yri_chb': 1e-05, 'm_ceu_chb': 1e-05} -67568.56757110315
x_down: {'t1': 1.73148, 't2': 2.51973, 't3': 95.15226, 'N_anc': 464.54865, 'N_yri': 343.03244, 'N_ooa': 965.80304, 'N_ceu': 343.03244, 'N_chb': 343.03244, 'gr_ceu': 0.00061, 'gr_chb': 0.00061, 'm_yri_ooa': 1e-05, 'm_yri_ceu': 0.0, 'm_yri_chb': 1e-05, 'm_ceu_chb': 1e-05} -67568.56757110315
 
 
x_up: {'t1': 1.73148, 't2': 2.51973, 't3': 95.15226, 'N_anc': 464.54865, 'N_yri': 343.03244, 'N_ooa': 965.80304, 'N_ceu': 343.03244, 'N_chb': 343.03244, 'gr_ceu': 0.00061, 'gr_chb': 0.00061, 'm_yri_ooa': 0.0, 'm_yri_ceu': 0.0, 'm_yri_chb': 1e-05, 'm_ceu_chb': 1e-05} -67568.56190834369
x: {'t1': 1.73148, 't2': 2.51973, 't3': 95.15226, 'N_anc': 464.54865, 'N_yri': 343.03244, 'N_ooa': 965.80304, 'N_ceu': 343.03244, 'N_chb': 343.03244, 'gr_ceu': 0.00061, 'gr_chb': 0.00061, 'm_yri_ooa': 0.0, 'm_yri_ceu': 0.0, 'm_yri_chb': 1e-05, 'm_ceu_chb': 1e-05} -67568.56190834369
x_down: {'t1': 1.73148, 't2': 2.51973, 't3': 95.15226, 'N_anc': 464.54865, 'N_yri': 343.03244, 'N_ooa': 965.80304, 'N_ceu': 343.03244, 'N_chb': 343.03244, 'gr_ceu': 0.00061, 'gr_chb': 0.00061, 'm_yri_ooa': 0.0, 'm_yri_ceu': 1e-05, 'm_yri_chb': 1e-05, 'm_ceu_chb': 1e-05} -67568.56190834334
 
 
x_up: {'t1': 1.73148, 't2': 2.51973, 't3': 95.15226, 'N_anc': 464.54865, 'N_yri': 343.03244, 'N_ooa': 965.80304, 'N_ceu': 343.03244, 'N_chb': 343.03244, 'gr_ceu': 0.00061, 'gr_chb': 0.00061, 'm_yri_ooa': 0.0, 'm_yri_ceu': 1e-05, 'm_yri_chb': 0.0, 'm_ceu_chb': 1e-05} -67568.56190834344
x: {'t1': 1.73148, 't2': 2.51973, 't3': 95.15226, 'N_anc': 464.54865, 'N_yri': 343.03244, 'N_ooa': 965.80304, 'N_ceu': 343.03244, 'N_chb': 343.03244, 'gr_ceu': 0.00061, 'gr_chb': 0.00061, 'm_yri_ooa': 0.0, 'm_yri_ceu': 1e-05, 'm_yri_chb': 1e-05, 'm_ceu_chb': 1e-05} -67568.56190834334
x_down: {'t1': 1.73148, 't2': 2.51973, 't3': 95.15226, 'N_anc': 464.54865, 'N_yri': 343.03244, 'N_ooa': 965.80304, 'N_ceu': 343.03244, 'N_chb': 343.03244, 'gr_ceu': 0.00061, 'gr_chb': 0.00061, 'm_yri_ooa': 0.0, 'm_yri_ceu': 1e-05, 'm_yri_chb': 1e-05, 'm_ceu_chb': 1e-05} -67568.56190834334
 
 
x_up: {'t1': 1.73148, 't2': 2.51973, 't3': 95.15226, 'N_anc': 464.54865, 'N_yri': 343.03244, 'N_ooa': 965.80304, 'N_ceu': 343.03244, 'N_chb': 343.03244, 'gr_ceu': 0.00061, 'gr_chb': 0.00061, 'm_yri_ooa': 0.0, 'm_yri_ceu': 1e-05, 'm_yri_chb': 1e-05, 'm_ceu_chb': 0.0} -67568.56190834312
x: {'t1': 1.73148, 't2': 2.51973, 't3': 95.15226, 'N_anc': 464.54865, 'N_yri': 343.03244, 'N_ooa': 965.80304, 'N_ceu': 343.03244, 'N_chb': 343.03244, 'gr_ceu': 0.00061, 'gr_chb': 0.00061, 'm_yri_ooa': 0.0, 'm_yri_ceu': 1e-05, 'm_yri_chb': 1e-05, 'm_ceu_chb': 1e-05} -67568.56190834334
x_down: {'t1': 1.73148, 't2': 2.51973, 't3': 95.15226, 'N_anc': 464.54865, 'N_yri': 343.03244, 'N_ooa': 965.80304, 'N_ceu': 343.03244, 'N_chb': 343.03244, 'gr_ceu': 0.00061, 'gr_chb': 0.00061, 'm_yri_ooa': 0.0, 'm_yri_ceu': 1e-05, 'm_yri_chb': 1e-05, 'm_ceu_chb': 1e-05} -67568.56190834334
 
{'t1': 1.73148, 't2': 2.51973, 't3': 95.15226, 'N_anc': 464.54865, 'N_yri': 343.03244, 'N_ooa': 965.80304, 'N_ceu': 343.03244, 'N_chb': 343.03244, 'gr_ceu': 0.00061, 'gr_chb': 0.00061, 'm_yri_ooa': 0.0, 'm_yri_ceu': 1e-05, 'm_yri_chb': 1e-05, 'm_ceu_chb': 0.0} -67568.56190834312
 
x_up: {'t1': 2.09722, 't2': 2.51973, 't3': 95.15226, 'N_anc': 464.54865, 'N_yri': 343.03244, 'N_ooa': 965.80304, 'N_ceu': 343.03244, 'N_chb': 343.03244, 'gr_ceu': 0.00061, 'gr_chb': 0.00061, 'm_yri_ooa': 0.0, 'm_yri_ceu': 1e-05, 'm_yri_chb': 1e-05, 'm_ceu_chb': 0.0} -67571.96079010161
x: {'t1': 1.73148, 't2': 2.51973, 't3': 95.15226, 'N_anc': 464.54865, 'N_yri': 343.03244, 'N_ooa': 965.80304, 'N_ceu': 343.03244, 'N_chb': 343.03244, 'gr_ceu': 0.00061, 'gr_chb': 0.00061, 'm_yri_ooa': 0.0, 'm_yri_ceu': 1e-05, 'm_yri_chb': 1e-05, 'm_ceu_chb': 0.0} -67568.56190834312
x_down: {'t1': 1.36574, 't2': 2.51973, 't3': 95.15226, 'N_anc': 464.54865, 'N_yri': 343.03244, 'N_ooa': 965.80304, 'N_ceu': 343.03244, 'N_chb': 343.03244, 'gr_ceu': 0.00061, 'gr_chb': 0.00061, 'm_yri_ooa': 0.0, 'm_yri_ceu': 1e-05, 'm_yri_chb': 1e-05, 'm_ceu_chb': 0.0} -67629.03250045705
 
 
x_up: {'t1': 1.73148, 't2': 2.71679, 't3': 95.15226, 'N_anc': 464.54865, 'N_yri': 343.03244, 'N_ooa': 965.80304, 'N_ceu': 343.03244, 'N_chb': 343.03244, 'gr_ceu': 0.00061, 'gr_chb': 0.00061, 'm_yri_ooa': 0.0, 'm_yri_ceu': 1e-05, 'm_yri_chb': 1e-05, 'm_ceu_chb': 0.0} -67600.21408242846
x: {'t1': 1.73148, 't2': 2.51973, 't3': 95.15226, 'N_anc': 464.54865, 'N_yri': 343.03244, 'N_ooa': 965.80304, 'N_ceu': 343.03244, 'N_chb': 343.03244, 'gr_ceu': 0.00061, 'gr_chb': 0.00061, 'm_yri_ooa': 0.0, 'm_yri_ceu': 1e-05, 'm_yri_chb': 1e-05, 'm_ceu_chb': 0.0} -67568.56190834312
x_down: {'t1': 1.73148, 't2': 2.32267, 't3': 95.15226, 'N_anc': 464.54865, 'N_yri': 343.03244, 'N_ooa': 965.80304, 'N_ceu': 343.03244, 'N_chb': 343.03244, 'gr_ceu': 0.00061, 'gr_chb': 0.00061, 'm_yri_ooa': 0.0, 'm_yri_ceu': 1e-05, 'm_yri_chb': 1e-05, 'm_ceu_chb': 0.0} -67555.27348731586
 
 
x_up: {'t1': 1.73148, 't2': 2.32267, 't3': 99.79374, 'N_anc': 464.54865, 'N_yri': 343.03244, 'N_ooa': 965.80304, 'N_ceu': 343.03244, 'N_chb': 343.03244, 'gr_ceu': 0.00061, 'gr_chb': 0.00061, 'm_yri_ooa': 0.0, 'm_yri_ceu': 1e-05, 'm_yri_chb': 1e-05, 'm_ceu_chb': 0.0} -67558.03483186368
x: {'t1': 1.73148, 't2': 2.32267, 't3': 95.15226, 'N_anc': 464.54865, 'N_yri': 343.03244, 'N_ooa': 965.80304, 'N_ceu': 343.03244, 'N_chb': 343.03244, 'gr_ceu': 0.00061, 'gr_chb': 0.00061, 'm_yri_ooa': 0.0, 'm_yri_ceu': 1e-05, 'm_yri_chb': 1e-05, 'm_ceu_chb': 0.0} -67555.27348731586
x_down: {'t1': 1.73148, 't2': 2.32267, 't3': 90.51078, 'N_anc': 464.54865, 'N_yri': 343.03244, 'N_ooa': 965.80304, 'N_ceu': 343.03244, 'N_chb': 343.03244, 'gr_ceu': 0.00061, 'gr_chb': 0.00061, 'm_yri_ooa': 0.0, 'm_yri_ceu': 1e-05, 'm_yri_chb': 1e-05, 'm_ceu_chb': 0.0} -67561.57986943368
 
 
x_up: {'t1': 1.73148, 't2': 2.32267, 't3': 95.15226, 'N_anc': 532.90152, 'N_yri': 343.03244, 'N_ooa': 965.80304, 'N_ceu': 343.03244, 'N_chb': 343.03244, 'gr_ceu': 0.00061, 'gr_chb': 0.00061, 'm_yri_ooa': 0.0, 'm_yri_ceu': 1e-05, 'm_yri_chb': 1e-05, 'm_ceu_chb': 0.0} -67555.8336932466
x: {'t1': 1.73148, 't2': 2.32267, 't3': 95.15226, 'N_anc': 464.54865, 'N_yri': 343.03244, 'N_ooa': 965.80304, 'N_ceu': 343.03244, 'N_chb': 343.03244, 'gr_ceu': 0.00061, 'gr_chb': 0.00061, 'm_yri_ooa': 0.0, 'm_yri_ceu': 1e-05, 'm_yri_chb': 1e-05, 'm_ceu_chb': 0.0} -67555.27348731586
x_down: {'t1': 1.73148, 't2': 2.32267, 't3': 95.15226, 'N_anc': 396.19578, 'N_yri': 343.03244, 'N_ooa': 965.80304, 'N_ceu': 343.03244, 'N_chb': 343.03244, 'gr_ceu': 0.00061, 'gr_chb': 0.00061, 'm_yri_ooa': 0.0, 'm_yri_ceu': 1e-05, 'm_yri_chb': 1e-05, 'm_ceu_chb': 0.0} -67559.28420652503
 
 
x_up: {'t1': 1.73148, 't2': 2.32267, 't3': 95.15226, 'N_anc': 464.54865, 'N_yri': 373.4115, 'N_ooa': 965.80304, 'N_ceu': 343.03244, 'N_chb': 343.03244, 'gr_ceu': 0.00061, 'gr_chb': 0.00061, 'm_yri_ooa': 0.0, 'm_yri_ceu': 1e-05, 'm_yri_chb': 1e-05, 'm_ceu_chb': 0.0} -67560.86014129917
x: {'t1': 1.73148, 't2': 2.32267, 't3': 95.15226, 'N_anc': 464.54865, 'N_yri': 343.03244, 'N_ooa': 965.80304, 'N_ceu': 343.03244, 'N_chb': 343.03244, 'gr_ceu': 0.00061, 'gr_chb': 0.00061, 'm_yri_ooa': 0.0, 'm_yri_ceu': 1e-05, 'm_yri_chb': 1e-05, 'm_ceu_chb': 0.0} -67555.27348731586
x_down: {'t1': 1.73148, 't2': 2.32267, 't3': 95.15226, 'N_anc': 464.54865, 'N_yri': 312.65339, 'N_ooa': 965.80304, 'N_ceu': 343.03244, 'N_chb': 343.03244, 'gr_ceu': 0.00061, 'gr_chb': 0.00061, 'm_yri_ooa': 0.0, 'm_yri_ceu': 1e-05, 'm_yri_chb': 1e-05, 'm_ceu_chb': 0.0} -67565.03194380798
 
 
x_up: {'t1': 1.73148, 't2': 2.32267, 't3': 95.15226, 'N_anc': 464.54865, 'N_yri': 343.03244, 'N_ooa': 1209.31014, 'N_ceu': 343.03244, 'N_chb': 343.03244, 'gr_ceu': 0.00061, 'gr_chb': 0.00061, 'm_yri_ooa': 0.0, 'm_yri_ceu': 1e-05, 'm_yri_chb': 1e-05, 'm_ceu_chb': 0.0} -67735.30433643464
x: {'t1': 1.73148, 't2': 2.32267, 't3': 95.15226, 'N_anc': 464.54865, 'N_yri': 343.03244, 'N_ooa': 965.80304, 'N_ceu': 343.03244, 'N_chb': 343.03244, 'gr_ceu': 0.00061, 'gr_chb': 0.00061, 'm_yri_ooa': 0.0, 'm_yri_ceu': 1e-05, 'm_yri_chb': 1e-05, 'm_ceu_chb': 0.0} -67555.27348731586
x_down: {'t1': 1.73148, 't2': 2.32267, 't3': 95.15226, 'N_anc': 464.54865, 'N_yri': 343.03244, 'N_ooa': 722.29593, 'N_ceu': 343.03244, 'N_chb': 343.03244, 'gr_ceu': 0.00061, 'gr_chb': 0.00061, 'm_yri_ooa': 0.0, 'm_yri_ceu': 1e-05, 'm_yri_chb': 1e-05, 'm_ceu_chb': 0.0} -67680.82683485716
 
 
x_up: {'t1': 1.73148, 't2': 2.32267, 't3': 95.15226, 'N_anc': 464.54865, 'N_yri': 343.03244, 'N_ooa': 965.80304, 'N_ceu': 373.4115, 'N_chb': 343.03244, 'gr_ceu': 0.00061, 'gr_chb': 0.00061, 'm_yri_ooa': 0.0, 'm_yri_ceu': 1e-05, 'm_yri_chb': 1e-05, 'm_ceu_chb': 0.0} -67565.58975979465
x: {'t1': 1.73148, 't2': 2.32267, 't3': 95.15226, 'N_anc': 464.54865, 'N_yri': 343.03244, 'N_ooa': 965.80304, 'N_ceu': 343.03244, 'N_chb': 343.03244, 'gr_ceu': 0.00061, 'gr_chb': 0.00061, 'm_yri_ooa': 0.0, 'm_yri_ceu': 1e-05, 'm_yri_chb': 1e-05, 'm_ceu_chb': 0.0} -67555.27348731586
x_down: {'t1': 1.73148, 't2': 2.32267, 't3': 95.15226, 'N_anc': 464.54865, 'N_yri': 343.03244, 'N_ooa': 965.80304, 'N_ceu': 312.65339, 'N_chb': 343.03244, 'gr_ceu': 0.00061, 'gr_chb': 0.00061, 'm_yri_ooa': 0.0, 'm_yri_ceu': 1e-05, 'm_yri_chb': 1e-05, 'm_ceu_chb': 0.0} -67550.01952937398
 
 
x_up: {'t1': 1.73148, 't2': 2.32267, 't3': 95.15226, 'N_anc': 464.54865, 'N_yri': 343.03244, 'N_ooa': 965.80304, 'N_ceu': 312.65339, 'N_chb': 373.4115, 'gr_ceu': 0.00061, 'gr_chb': 0.00061, 'm_yri_ooa': 0.0, 'm_yri_ceu': 1e-05, 'm_yri_chb': 1e-05, 'm_ceu_chb': 0.0} -67554.88818922767
x: {'t1': 1.73148, 't2': 2.32267, 't3': 95.15226, 'N_anc': 464.54865, 'N_yri': 343.03244, 'N_ooa': 965.80304, 'N_ceu': 312.65339, 'N_chb': 343.03244, 'gr_ceu': 0.00061, 'gr_chb': 0.00061, 'm_yri_ooa': 0.0, 'm_yri_ceu': 1e-05, 'm_yri_chb': 1e-05, 'm_ceu_chb': 0.0} -67550.01952937398
x_down: {'t1': 1.73148, 't2': 2.32267, 't3': 95.15226, 'N_anc': 464.54865, 'N_yri': 343.03244, 'N_ooa': 965.80304, 'N_ceu': 312.65339, 'N_chb': 312.65339, 'gr_ceu': 0.00061, 'gr_chb': 0.00061, 'm_yri_ooa': 0.0, 'm_yri_ceu': 1e-05, 'm_yri_chb': 1e-05, 'm_ceu_chb': 0.0} -67550.23591980858
 
 
x_up: {'t1': 1.73148, 't2': 2.32267, 't3': 95.15226, 'N_anc': 464.54865, 'N_yri': 343.03244, 'N_ooa': 965.80304, 'N_ceu': 312.65339, 'N_chb': 343.03244, 'gr_ceu': 0.00092, 'gr_chb': 0.00061, 'm_yri_ooa': 0.0, 'm_yri_ceu': 1e-05, 'm_yri_chb': 1e-05, 'm_ceu_chb': 0.0} -67550.03902528575
x: {'t1': 1.73148, 't2': 2.32267, 't3': 95.15226, 'N_anc': 464.54865, 'N_yri': 343.03244, 'N_ooa': 965.80304, 'N_ceu': 312.65339, 'N_chb': 343.03244, 'gr_ceu': 0.00061, 'gr_chb': 0.00061, 'm_yri_ooa': 0.0, 'm_yri_ceu': 1e-05, 'm_yri_chb': 1e-05, 'm_ceu_chb': 0.0} -67550.01952937398
x_down: {'t1': 1.73148, 't2': 2.32267, 't3': 95.15226, 'N_anc': 464.54865, 'N_yri': 343.03244, 'N_ooa': 965.80304, 'N_ceu': 312.65339, 'N_chb': 343.03244, 'gr_ceu': 0.0003, 'gr_chb': 0.00061, 'm_yri_ooa': 0.0, 'm_yri_ceu': 1e-05, 'm_yri_chb': 1e-05, 'm_ceu_chb': 0.0} -67550.00013892654
 
 
x_up: {'t1': 1.73148, 't2': 2.32267, 't3': 95.15226, 'N_anc': 464.54865, 'N_yri': 343.03244, 'N_ooa': 965.80304, 'N_ceu': 312.65339, 'N_chb': 343.03244, 'gr_ceu': 0.0003, 'gr_chb': 0.00092, 'm_yri_ooa': 0.0, 'm_yri_ceu': 1e-05, 'm_yri_chb': 1e-05, 'm_ceu_chb': 0.0} -67550.02527004687
x: {'t1': 1.73148, 't2': 2.32267, 't3': 95.15226, 'N_anc': 464.54865, 'N_yri': 343.03244, 'N_ooa': 965.80304, 'N_ceu': 312.65339, 'N_chb': 343.03244, 'gr_ceu': 0.0003, 'gr_chb': 0.00061, 'm_yri_ooa': 0.0, 'm_yri_ceu': 1e-05, 'm_yri_chb': 1e-05, 'm_ceu_chb': 0.0} -67550.00013892654
x_down: {'t1': 1.73148, 't2': 2.32267, 't3': 95.15226, 'N_anc': 464.54865, 'N_yri': 343.03244, 'N_ooa': 965.80304, 'N_ceu': 312.65339, 'N_chb': 343.03244, 'gr_ceu': 0.0003, 'gr_chb': 0.0003, 'm_yri_ooa': 0.0, 'm_yri_ceu': 1e-05, 'm_yri_chb': 1e-05, 'm_ceu_chb': 0.0} -67549.97509142934
 
 
x_up: {'t1': 1.73148, 't2': 2.32267, 't3': 95.15226, 'N_anc': 464.54865, 'N_yri': 343.03244, 'N_ooa': 965.80304, 'N_ceu': 312.65339, 'N_chb': 343.03244, 'gr_ceu': 0.0003, 'gr_chb': 0.0003, 'm_yri_ooa': 0.0, 'm_yri_ceu': 1e-05, 'm_yri_chb': 1e-05, 'm_ceu_chb': 0.0} -67549.97509142934
x: {'t1': 1.73148, 't2': 2.32267, 't3': 95.15226, 'N_anc': 464.54865, 'N_yri': 343.03244, 'N_ooa': 965.80304, 'N_ceu': 312.65339, 'N_chb': 343.03244, 'gr_ceu': 0.0003, 'gr_chb': 0.0003, 'm_yri_ooa': 0.0, 'm_yri_ceu': 1e-05, 'm_yri_chb': 1e-05, 'm_ceu_chb': 0.0} -67549.97509142934
x_down: {'t1': 1.73148, 't2': 2.32267, 't3': 95.15226, 'N_anc': 464.54865, 'N_yri': 343.03244, 'N_ooa': 965.80304, 'N_ceu': 312.65339, 'N_chb': 343.03244, 'gr_ceu': 0.0003, 'gr_chb': 0.0003, 'm_yri_ooa': 1e-05, 'm_yri_ceu': 1e-05, 'm_yri_chb': 1e-05, 'm_ceu_chb': 0.0} -67549.8868353769
 
 
x_up: {'t1': 1.73148, 't2': 2.32267, 't3': 95.15226, 'N_anc': 464.54865, 'N_yri': 343.03244, 'N_ooa': 965.80304, 'N_ceu': 312.65339, 'N_chb': 343.03244, 'gr_ceu': 0.0003, 'gr_chb': 0.0003, 'm_yri_ooa': 1e-05, 'm_yri_ceu': 0.0, 'm_yri_chb': 1e-05, 'm_ceu_chb': 0.0} -67549.88683537704
x: {'t1': 1.73148, 't2': 2.32267, 't3': 95.15226, 'N_anc': 464.54865, 'N_yri': 343.03244, 'N_ooa': 965.80304, 'N_ceu': 312.65339, 'N_chb': 343.03244, 'gr_ceu': 0.0003, 'gr_chb': 0.0003, 'm_yri_ooa': 1e-05, 'm_yri_ceu': 1e-05, 'm_yri_chb': 1e-05, 'm_ceu_chb': 0.0} -67549.8868353769
x_down: {'t1': 1.73148, 't2': 2.32267, 't3': 95.15226, 'N_anc': 464.54865, 'N_yri': 343.03244, 'N_ooa': 965.80304, 'N_ceu': 312.65339, 'N_chb': 343.03244, 'gr_ceu': 0.0003, 'gr_chb': 0.0003, 'm_yri_ooa': 1e-05, 'm_yri_ceu': 1e-05, 'm_yri_chb': 1e-05, 'm_ceu_chb': 0.0} -67549.8868353769
 
 
x_up: {'t1': 1.73148, 't2': 2.32267, 't3': 95.15226, 'N_anc': 464.54865, 'N_yri': 343.03244, 'N_ooa': 965.80304, 'N_ceu': 312.65339, 'N_chb': 343.03244, 'gr_ceu': 0.0003, 'gr_chb': 0.0003, 'm_yri_ooa': 1e-05, 'm_yri_ceu': 1e-05, 'm_yri_chb': 0.0, 'm_ceu_chb': 0.0} -67549.88683537688
x: {'t1': 1.73148, 't2': 2.32267, 't3': 95.15226, 'N_anc': 464.54865, 'N_yri': 343.03244, 'N_ooa': 965.80304, 'N_ceu': 312.65339, 'N_chb': 343.03244, 'gr_ceu': 0.0003, 'gr_chb': 0.0003, 'm_yri_ooa': 1e-05, 'm_yri_ceu': 1e-05, 'm_yri_chb': 1e-05, 'm_ceu_chb': 0.0} -67549.8868353769
x_down: {'t1': 1.73148, 't2': 2.32267, 't3': 95.15226, 'N_anc': 464.54865, 'N_yri': 343.03244, 'N_ooa': 965.80304, 'N_ceu': 312.65339, 'N_chb': 343.03244, 'gr_ceu': 0.0003, 'gr_chb': 0.0003, 'm_yri_ooa': 1e-05, 'm_yri_ceu': 1e-05, 'm_yri_chb': 1e-05, 'm_ceu_chb': 0.0} -67549.8868353769
 
 
x_up: {'t1': 1.73148, 't2': 2.32267, 't3': 95.15226, 'N_anc': 464.54865, 'N_yri': 343.03244, 'N_ooa': 965.80304, 'N_ceu': 312.65339, 'N_chb': 343.03244, 'gr_ceu': 0.0003, 'gr_chb': 0.0003, 'm_yri_ooa': 1e-05, 'm_yri_ceu': 1e-05, 'm_yri_chb': 0.0, 'm_ceu_chb': 0.0} -67549.88683537688
x: {'t1': 1.73148, 't2': 2.32267, 't3': 95.15226, 'N_anc': 464.54865, 'N_yri': 343.03244, 'N_ooa': 965.80304, 'N_ceu': 312.65339, 'N_chb': 343.03244, 'gr_ceu': 0.0003, 'gr_chb': 0.0003, 'm_yri_ooa': 1e-05, 'm_yri_ceu': 1e-05, 'm_yri_chb': 0.0, 'm_ceu_chb': 0.0} -67549.88683537688
x_down: {'t1': 1.73148, 't2': 2.32267, 't3': 95.15226, 'N_anc': 464.54865, 'N_yri': 343.03244, 'N_ooa': 965.80304, 'N_ceu': 312.65339, 'N_chb': 343.03244, 'gr_ceu': 0.0003, 'gr_chb': 0.0003, 'm_yri_ooa': 1e-05, 'm_yri_ceu': 1e-05, 'm_yri_chb': 0.0, 'm_ceu_chb': 1e-05} -67549.8868353772
 
{'t1': 1.73148, 't2': 2.32267, 't3': 95.15226, 'N_anc': 464.54865, 'N_yri': 343.03244, 'N_ooa': 965.80304, 'N_ceu': 312.65339, 'N_chb': 343.03244, 'gr_ceu': 0.0003, 'gr_chb': 0.0003, 'm_yri_ooa': 1e-05, 'm_yri_ceu': 1e-05, 'm_yri_chb': 0.0, 'm_ceu_chb': 0.0} -67549.88683537688
 
x_up: {'t1': 1.87928, 't2': 2.32267, 't3': 95.15226, 'N_anc': 464.54865, 'N_yri': 343.03244, 'N_ooa': 965.80304, 'N_ceu': 312.65339, 'N_chb': 343.03244, 'gr_ceu': 0.0003, 'gr_chb': 0.0003, 'm_yri_ooa': 1e-05, 'm_yri_ceu': 1e-05, 'm_yri_chb': 0.0, 'm_ceu_chb': 0.0} -67559.94122508822
x: {'t1': 1.73148, 't2': 2.32267, 't3': 95.15226, 'N_anc': 464.54865, 'N_yri': 343.03244, 'N_ooa': 965.80304, 'N_ceu': 312.65339, 'N_chb': 343.03244, 'gr_ceu': 0.0003, 'gr_chb': 0.0003, 'm_yri_ooa': 1e-05, 'm_yri_ceu': 1e-05, 'm_yri_chb': 0.0, 'm_ceu_chb': 0.0} -67549.88683537688
x_down: {'t1': 1.58368, 't2': 2.32267, 't3': 95.15226, 'N_anc': 464.54865, 'N_yri': 343.03244, 'N_ooa': 965.80304, 'N_ceu': 312.65339, 'N_chb': 343.03244, 'gr_ceu': 0.0003, 'gr_chb': 0.0003, 'm_yri_ooa': 1e-05, 'm_yri_ceu': 1e-05, 'm_yri_chb': 0.0, 'm_ceu_chb': 0.0} -67567.25773150925
 
 
x_up: {'t1': 1.73148, 't2': 2.54437, 't3': 95.15226, 'N_anc': 464.54865, 'N_yri': 343.03244, 'N_ooa': 965.80304, 'N_ceu': 312.65339, 'N_chb': 343.03244, 'gr_ceu': 0.0003, 'gr_chb': 0.0003, 'm_yri_ooa': 1e-05, 'm_yri_ceu': 1e-05, 'm_yri_chb': 0.0, 'm_ceu_chb': 0.0} -67571.53212790037
x: {'t1': 1.73148, 't2': 2.32267, 't3': 95.15226, 'N_anc': 464.54865, 'N_yri': 343.03244, 'N_ooa': 965.80304, 'N_ceu': 312.65339, 'N_chb': 343.03244, 'gr_ceu': 0.0003, 'gr_chb': 0.0003, 'm_yri_ooa': 1e-05, 'm_yri_ceu': 1e-05, 'm_yri_chb': 0.0, 'm_ceu_chb': 0.0} -67549.88683537688
x_down: {'t1': 1.73148, 't2': 2.10097, 't3': 95.15226, 'N_anc': 464.54865, 'N_yri': 343.03244, 'N_ooa': 965.80304, 'N_ceu': 312.65339, 'N_chb': 343.03244, 'gr_ceu': 0.0003, 'gr_chb': 0.0003, 'm_yri_ooa': 1e-05, 'm_yri_ceu': 1e-05, 'm_yri_chb': 0.0, 'm_ceu_chb': 0.0} -67586.8552448523
 
 
x_up: {'t1': 1.73148, 't2': 2.32267, 't3': 99.79374, 'N_anc': 464.54865, 'N_yri': 343.03244, 'N_ooa': 965.80304, 'N_ceu': 312.65339, 'N_chb': 343.03244, 'gr_ceu': 0.0003, 'gr_chb': 0.0003, 'm_yri_ooa': 1e-05, 'm_yri_ceu': 1e-05, 'm_yri_chb': 0.0, 'm_ceu_chb': 0.0} -67552.64817992471
x: {'t1': 1.73148, 't2': 2.32267, 't3': 95.15226, 'N_anc': 464.54865, 'N_yri': 343.03244, 'N_ooa': 965.80304, 'N_ceu': 312.65339, 'N_chb': 343.03244, 'gr_ceu': 0.0003, 'gr_chb': 0.0003, 'm_yri_ooa': 1e-05, 'm_yri_ceu': 1e-05, 'm_yri_chb': 0.0, 'm_ceu_chb': 0.0} -67549.88683537688
x_down: {'t1': 1.73148, 't2': 2.32267, 't3': 90.51078, 'N_anc': 464.54865, 'N_yri': 343.03244, 'N_ooa': 965.80304, 'N_ceu': 312.65339, 'N_chb': 343.03244, 'gr_ceu': 0.0003, 'gr_chb': 0.0003, 'm_yri_ooa': 1e-05, 'm_yri_ceu': 1e-05, 'm_yri_chb': 0.0, 'm_ceu_chb': 0.0} -67556.19321749471
 
 
x_up: {'t1': 1.73148, 't2': 2.32267, 't3': 95.15226, 'N_anc': 498.72509, 'N_yri': 343.03244, 'N_ooa': 965.80304, 'N_ceu': 312.65339, 'N_chb': 343.03244, 'gr_ceu': 0.0003, 'gr_chb': 0.0003, 'm_yri_ooa': 1e-05, 'm_yri_ceu': 1e-05, 'm_yri_chb': 0.0, 'm_ceu_chb': 0.0} -67549.74670983553
x: {'t1': 1.73148, 't2': 2.32267, 't3': 95.15226, 'N_anc': 464.54865, 'N_yri': 343.03244, 'N_ooa': 965.80304, 'N_ceu': 312.65339, 'N_chb': 343.03244, 'gr_ceu': 0.0003, 'gr_chb': 0.0003, 'm_yri_ooa': 1e-05, 'm_yri_ceu': 1e-05, 'm_yri_chb': 0.0, 'm_ceu_chb': 0.0} -67549.88683537688
x_down: {'t1': 1.73148, 't2': 2.32267, 't3': 95.15226, 'N_anc': 430.37221, 'N_yri': 343.03244, 'N_ooa': 965.80304, 'N_ceu': 312.65339, 'N_chb': 343.03244, 'gr_ceu': 0.0003, 'gr_chb': 0.0003, 'm_yri_ooa': 1e-05, 'm_yri_ceu': 1e-05, 'm_yri_chb': 0.0, 'm_ceu_chb': 0.0} -67551.14269961532
 
 
x_up: {'t1': 1.73148, 't2': 2.32267, 't3': 95.15226, 'N_anc': 498.72509, 'N_yri': 358.22197, 'N_ooa': 965.80304, 'N_ceu': 312.65339, 'N_chb': 343.03244, 'gr_ceu': 0.0003, 'gr_chb': 0.0003, 'm_yri_ooa': 1e-05, 'm_yri_ceu': 1e-05, 'm_yri_chb': 0.0, 'm_ceu_chb': 0.0} -67552.34179068709
x: {'t1': 1.73148, 't2': 2.32267, 't3': 95.15226, 'N_anc': 498.72509, 'N_yri': 343.03244, 'N_ooa': 965.80304, 'N_ceu': 312.65339, 'N_chb': 343.03244, 'gr_ceu': 0.0003, 'gr_chb': 0.0003, 'm_yri_ooa': 1e-05, 'm_yri_ceu': 1e-05, 'm_yri_chb': 0.0, 'm_ceu_chb': 0.0} -67549.74670983553
x_down: {'t1': 1.73148, 't2': 2.32267, 't3': 95.15226, 'N_anc': 498.72509, 'N_yri': 327.84291, 'N_ooa': 965.80304, 'N_ceu': 312.65339, 'N_chb': 343.03244, 'gr_ceu': 0.0003, 'gr_chb': 0.0003, 'm_yri_ooa': 1e-05, 'm_yri_ceu': 1e-05, 'm_yri_chb': 0.0, 'm_ceu_chb': 0.0} -67554.63328817885
 
 
x_up: {'t1': 1.73148, 't2': 2.32267, 't3': 95.15226, 'N_anc': 498.72509, 'N_yri': 343.03244, 'N_ooa': 1087.55659, 'N_ceu': 312.65339, 'N_chb': 343.03244, 'gr_ceu': 0.0003, 'gr_chb': 0.0003, 'm_yri_ooa': 1e-05, 'm_yri_ceu': 1e-05, 'm_yri_chb': 0.0, 'm_ceu_chb': 0.0} -67620.26319891484
x: {'t1': 1.73148, 't2': 2.32267, 't3': 95.15226, 'N_anc': 498.72509, 'N_yri': 343.03244, 'N_ooa': 965.80304, 'N_ceu': 312.65339, 'N_chb': 343.03244, 'gr_ceu': 0.0003, 'gr_chb': 0.0003, 'm_yri_ooa': 1e-05, 'm_yri_ceu': 1e-05, 'm_yri_chb': 0.0, 'm_ceu_chb': 0.0} -67549.74670983553
x_down: {'t1': 1.73148, 't2': 2.32267, 't3': 95.15226, 'N_anc': 498.72509, 'N_yri': 343.03244, 'N_ooa': 844.04949, 'N_ceu': 312.65339, 'N_chb': 343.03244, 'gr_ceu': 0.0003, 'gr_chb': 0.0003, 'm_yri_ooa': 1e-05, 'm_yri_ceu': 1e-05, 'm_yri_chb': 0.0, 'm_ceu_chb': 0.0} -67554.82144543425
 
 
x_up: {'t1': 1.73148, 't2': 2.32267, 't3': 95.15226, 'N_anc': 498.72509, 'N_yri': 343.03244, 'N_ooa': 965.80304, 'N_ceu': 352.5259, 'N_chb': 343.03244, 'gr_ceu': 0.0003, 'gr_chb': 0.0003, 'm_yri_ooa': 1e-05, 'm_yri_ceu': 1e-05, 'm_yri_chb': 0.0, 'm_ceu_chb': 0.0} -67557.71555725657
x: {'t1': 1.73148, 't2': 2.32267, 't3': 95.15226, 'N_anc': 498.72509, 'N_yri': 343.03244, 'N_ooa': 965.80304, 'N_ceu': 312.65339, 'N_chb': 343.03244, 'gr_ceu': 0.0003, 'gr_chb': 0.0003, 'm_yri_ooa': 1e-05, 'm_yri_ceu': 1e-05, 'm_yri_chb': 0.0, 'm_ceu_chb': 0.0} -67549.74670983553
x_down: {'t1': 1.73148, 't2': 2.32267, 't3': 95.15226, 'N_anc': 498.72509, 'N_yri': 343.03244, 'N_ooa': 965.80304, 'N_ceu': 272.78088, 'N_chb': 343.03244, 'gr_ceu': 0.0003, 'gr_chb': 0.0003, 'm_yri_ooa': 1e-05, 'm_yri_ceu': 1e-05, 'm_yri_chb': 0.0, 'm_ceu_chb': 0.0} -67554.57251982213
 
 
x_up: {'t1': 1.73148, 't2': 2.32267, 't3': 95.15226, 'N_anc': 498.72509, 'N_yri': 343.03244, 'N_ooa': 965.80304, 'N_ceu': 312.65339, 'N_chb': 358.22197, 'gr_ceu': 0.0003, 'gr_chb': 0.0003, 'm_yri_ooa': 1e-05, 'm_yri_ceu': 1e-05, 'm_yri_chb': 0.0, 'm_ceu_chb': 0.0} -67551.90299019254
x: {'t1': 1.73148, 't2': 2.32267, 't3': 95.15226, 'N_anc': 498.72509, 'N_yri': 343.03244, 'N_ooa': 965.80304, 'N_ceu': 312.65339, 'N_chb': 343.03244, 'gr_ceu': 0.0003, 'gr_chb': 0.0003, 'm_yri_ooa': 1e-05, 'm_yri_ceu': 1e-05, 'm_yri_chb': 0.0, 'm_ceu_chb': 0.0} -67549.74670983553
x_down: {'t1': 1.73148, 't2': 2.32267, 't3': 95.15226, 'N_anc': 498.72509, 'N_yri': 343.03244, 'N_ooa': 965.80304, 'N_ceu': 312.65339, 'N_chb': 327.84291, 'gr_ceu': 0.0003, 'gr_chb': 0.0003, 'm_yri_ooa': 1e-05, 'm_yri_ceu': 1e-05, 'm_yri_chb': 0.0, 'm_ceu_chb': 0.0} -67548.95498036488
 
 
x_up: {'t1': 1.73148, 't2': 2.32267, 't3': 95.15226, 'N_anc': 498.72509, 'N_yri': 343.03244, 'N_ooa': 965.80304, 'N_ceu': 312.65339, 'N_chb': 327.84291, 'gr_ceu': 0.00045, 'gr_chb': 0.0003, 'm_yri_ooa': 1e-05, 'm_yri_ceu': 1e-05, 'm_yri_chb': 0.0, 'm_ceu_chb': 0.0} -67548.9610506135
x: {'t1': 1.73148, 't2': 2.32267, 't3': 95.15226, 'N_anc': 498.72509, 'N_yri': 343.03244, 'N_ooa': 965.80304, 'N_ceu': 312.65339, 'N_chb': 327.84291, 'gr_ceu': 0.0003, 'gr_chb': 0.0003, 'm_yri_ooa': 1e-05, 'm_yri_ceu': 1e-05, 'm_yri_chb': 0.0, 'm_ceu_chb': 0.0} -67548.95498036488
x_down: {'t1': 1.73148, 't2': 2.32267, 't3': 95.15226, 'N_anc': 498.72509, 'N_yri': 343.03244, 'N_ooa': 965.80304, 'N_ceu': 312.65339, 'N_chb': 327.84291, 'gr_ceu': 0.00015, 'gr_chb': 0.0003, 'm_yri_ooa': 1e-05, 'm_yri_ceu': 1e-05, 'm_yri_chb': 0.0, 'm_ceu_chb': 0.0} -67548.94893398783
 
 
x_up: {'t1': 1.73148, 't2': 2.32267, 't3': 95.15226, 'N_anc': 498.72509, 'N_yri': 343.03244, 'N_ooa': 965.80304, 'N_ceu': 312.65339, 'N_chb': 327.84291, 'gr_ceu': 0.00015, 'gr_chb': 0.00045, 'm_yri_ooa': 1e-05, 'm_yri_ceu': 1e-05, 'm_yri_chb': 0.0, 'm_ceu_chb': 0.0} -67548.95625388497
x: {'t1': 1.73148, 't2': 2.32267, 't3': 95.15226, 'N_anc': 498.72509, 'N_yri': 343.03244, 'N_ooa': 965.80304, 'N_ceu': 312.65339, 'N_chb': 327.84291, 'gr_ceu': 0.00015, 'gr_chb': 0.0003, 'm_yri_ooa': 1e-05, 'm_yri_ceu': 1e-05, 'm_yri_chb': 0.0, 'm_ceu_chb': 0.0} -67548.94893398783
x_down: {'t1': 1.73148, 't2': 2.32267, 't3': 95.15226, 'N_anc': 498.72509, 'N_yri': 343.03244, 'N_ooa': 965.80304, 'N_ceu': 312.65339, 'N_chb': 327.84291, 'gr_ceu': 0.00015, 'gr_chb': 0.00015, 'm_yri_ooa': 1e-05, 'm_yri_ceu': 1e-05, 'm_yri_chb': 0.0, 'm_ceu_chb': 0.0} -67548.9416361413
 
 
x_up: {'t1': 1.73148, 't2': 2.32267, 't3': 95.15226, 'N_anc': 498.72509, 'N_yri': 343.03244, 'N_ooa': 965.80304, 'N_ceu': 312.65339, 'N_chb': 327.84291, 'gr_ceu': 0.00015, 'gr_chb': 0.00015, 'm_yri_ooa': 0.0, 'm_yri_ceu': 1e-05, 'm_yri_chb': 0.0, 'm_ceu_chb': 0.0} -67549.15356098316
x: {'t1': 1.73148, 't2': 2.32267, 't3': 95.15226, 'N_anc': 498.72509, 'N_yri': 343.03244, 'N_ooa': 965.80304, 'N_ceu': 312.65339, 'N_chb': 327.84291, 'gr_ceu': 0.00015, 'gr_chb': 0.00015, 'm_yri_ooa': 1e-05, 'm_yri_ceu': 1e-05, 'm_yri_chb': 0.0, 'm_ceu_chb': 0.0} -67548.9416361413
x_down: {'t1': 1.73148, 't2': 2.32267, 't3': 95.15226, 'N_anc': 498.72509, 'N_yri': 343.03244, 'N_ooa': 965.80304, 'N_ceu': 312.65339, 'N_chb': 327.84291, 'gr_ceu': 0.00015, 'gr_chb': 0.00015, 'm_yri_ooa': 1e-05, 'm_yri_ceu': 1e-05, 'm_yri_chb': 0.0, 'm_ceu_chb': 0.0} -67548.9416361413
 
 
x_up: {'t1': 1.73148, 't2': 2.32267, 't3': 95.15226, 'N_anc': 498.72509, 'N_yri': 343.03244, 'N_ooa': 965.80304, 'N_ceu': 312.65339, 'N_chb': 327.84291, 'gr_ceu': 0.00015, 'gr_chb': 0.00015, 'm_yri_ooa': 1e-05, 'm_yri_ceu': 0.0, 'm_yri_chb': 0.0, 'm_ceu_chb': 0.0} -67548.9416361327
x: {'t1': 1.73148, 't2': 2.32267, 't3': 95.15226, 'N_anc': 498.72509, 'N_yri': 343.03244, 'N_ooa': 965.80304, 'N_ceu': 312.65339, 'N_chb': 327.84291, 'gr_ceu': 0.00015, 'gr_chb': 0.00015, 'm_yri_ooa': 1e-05, 'm_yri_ceu': 1e-05, 'm_yri_chb': 0.0, 'm_ceu_chb': 0.0} -67548.9416361413
x_down: {'t1': 1.73148, 't2': 2.32267, 't3': 95.15226, 'N_anc': 498.72509, 'N_yri': 343.03244, 'N_ooa': 965.80304, 'N_ceu': 312.65339, 'N_chb': 327.84291, 'gr_ceu': 0.00015, 'gr_chb': 0.00015, 'm_yri_ooa': 1e-05, 'm_yri_ceu': 1e-05, 'm_yri_chb': 0.0, 'm_ceu_chb': 0.0} -67548.9416361413
 
 
x_up: {'t1': 1.73148, 't2': 2.32267, 't3': 95.15226, 'N_anc': 498.72509, 'N_yri': 343.03244, 'N_ooa': 965.80304, 'N_ceu': 312.65339, 'N_chb': 327.84291, 'gr_ceu': 0.00015, 'gr_chb': 0.00015, 'm_yri_ooa': 1e-05, 'm_yri_ceu': 0.0, 'm_yri_chb': 0.0, 'm_ceu_chb': 0.0} -67548.9416361327
x: {'t1': 1.73148, 't2': 2.32267, 't3': 95.15226, 'N_anc': 498.72509, 'N_yri': 343.03244, 'N_ooa': 965.80304, 'N_ceu': 312.65339, 'N_chb': 327.84291, 'gr_ceu': 0.00015, 'gr_chb': 0.00015, 'm_yri_ooa': 1e-05, 'm_yri_ceu': 0.0, 'm_yri_chb': 0.0, 'm_ceu_chb': 0.0} -67548.9416361327
x_down: {'t1': 1.73148, 't2': 2.32267, 't3': 95.15226, 'N_anc': 498.72509, 'N_yri': 343.03244, 'N_ooa': 965.80304, 'N_ceu': 312.65339, 'N_chb': 327.84291, 'gr_ceu': 0.00015, 'gr_chb': 0.00015, 'm_yri_ooa': 1e-05, 'm_yri_ceu': 0.0, 'm_yri_chb': 1e-05, 'm_ceu_chb': 0.0} -67548.9416361413
 
 
x_up: {'t1': 1.73148, 't2': 2.32267, 't3': 95.15226, 'N_anc': 498.72509, 'N_yri': 343.03244, 'N_ooa': 965.80304, 'N_ceu': 312.65339, 'N_chb': 327.84291, 'gr_ceu': 0.00015, 'gr_chb': 0.00015, 'm_yri_ooa': 1e-05, 'm_yri_ceu': 0.0, 'm_yri_chb': 0.0, 'm_ceu_chb': 0.0} -67548.9416361327
x: {'t1': 1.73148, 't2': 2.32267, 't3': 95.15226, 'N_anc': 498.72509, 'N_yri': 343.03244, 'N_ooa': 965.80304, 'N_ceu': 312.65339, 'N_chb': 327.84291, 'gr_ceu': 0.00015, 'gr_chb': 0.00015, 'm_yri_ooa': 1e-05, 'm_yri_ceu': 0.0, 'm_yri_chb': 0.0, 'm_ceu_chb': 0.0} -67548.9416361327
x_down: {'t1': 1.73148, 't2': 2.32267, 't3': 95.15226, 'N_anc': 498.72509, 'N_yri': 343.03244, 'N_ooa': 965.80304, 'N_ceu': 312.65339, 'N_chb': 327.84291, 'gr_ceu': 0.00015, 'gr_chb': 0.00015, 'm_yri_ooa': 1e-05, 'm_yri_ceu': 0.0, 'm_yri_chb': 0.0, 'm_ceu_chb': 1e-05} -67548.94163614119
 
{'t1': 1.73148, 't2': 2.32267, 't3': 95.15226, 'N_anc': 498.72509, 'N_yri': 343.03244, 'N_ooa': 965.80304, 'N_ceu': 312.65339, 'N_chb': 327.84291, 'gr_ceu': 0.00015, 'gr_chb': 0.00015, 'm_yri_ooa': 1e-05, 'm_yri_ceu': 0.0, 'm_yri_chb': 0.0, 'm_ceu_chb': 0.0} -67548.9416361327
 
x_up: {'t1': 1.80538, 't2': 2.32267, 't3': 95.15226, 'N_anc': 498.72509, 'N_yri': 343.03244, 'N_ooa': 965.80304, 'N_ceu': 312.65339, 'N_chb': 327.84291, 'gr_ceu': 0.00015, 'gr_chb': 0.00015, 'm_yri_ooa': 1e-05, 'm_yri_ceu': 0.0, 'm_yri_chb': 0.0, 'm_ceu_chb': 0.0} -67556.54511414729
x: {'t1': 1.73148, 't2': 2.32267, 't3': 95.15226, 'N_anc': 498.72509, 'N_yri': 343.03244, 'N_ooa': 965.80304, 'N_ceu': 312.65339, 'N_chb': 327.84291, 'gr_ceu': 0.00015, 'gr_chb': 0.00015, 'm_yri_ooa': 1e-05, 'm_yri_ceu': 0.0, 'm_yri_chb': 0.0, 'm_ceu_chb': 0.0} -67548.9416361327
x_down: {'t1': 1.65758, 't2': 2.32267, 't3': 95.15226, 'N_anc': 498.72509, 'N_yri': 343.03244, 'N_ooa': 965.80304, 'N_ceu': 312.65339, 'N_chb': 327.84291, 'gr_ceu': 0.00015, 'gr_chb': 0.00015, 'm_yri_ooa': 1e-05, 'm_yri_ceu': 0.0, 'm_yri_chb': 0.0, 'm_ceu_chb': 0.0} -67559.02654788615
 
 
x_up: {'t1': 1.73148, 't2': 2.43352, 't3': 95.15226, 'N_anc': 498.72509, 'N_yri': 343.03244, 'N_ooa': 965.80304, 'N_ceu': 312.65339, 'N_chb': 327.84291, 'gr_ceu': 0.00015, 'gr_chb': 0.00015, 'm_yri_ooa': 1e-05, 'm_yri_ceu': 0.0, 'm_yri_chb': 0.0, 'm_ceu_chb': 0.0} -67560.24673663704
x: {'t1': 1.73148, 't2': 2.32267, 't3': 95.15226, 'N_anc': 498.72509, 'N_yri': 343.03244, 'N_ooa': 965.80304, 'N_ceu': 312.65339, 'N_chb': 327.84291, 'gr_ceu': 0.00015, 'gr_chb': 0.00015, 'm_yri_ooa': 1e-05, 'm_yri_ceu': 0.0, 'm_yri_chb': 0.0, 'm_ceu_chb': 0.0} -67548.9416361327
x_down: {'t1': 1.73148, 't2': 2.21182, 't3': 95.15226, 'N_anc': 498.72509, 'N_yri': 343.03244, 'N_ooa': 965.80304, 'N_ceu': 312.65339, 'N_chb': 327.84291, 'gr_ceu': 0.00015, 'gr_chb': 0.00015, 'm_yri_ooa': 1e-05, 'm_yri_ceu': 0.0, 'm_yri_chb': 0.0, 'm_ceu_chb': 0.0} -67557.7394363296
 
 
x_up: {'t1': 1.73148, 't2': 2.32267, 't3': 99.79374, 'N_anc': 498.72509, 'N_yri': 343.03244, 'N_ooa': 965.80304, 'N_ceu': 312.65339, 'N_chb': 327.84291, 'gr_ceu': 0.00015, 'gr_chb': 0.00015, 'm_yri_ooa': 1e-05, 'm_yri_ceu': 0.0, 'm_yri_chb': 0.0, 'm_ceu_chb': 0.0} -67551.74875484663
x: {'t1': 1.73148, 't2': 2.32267, 't3': 95.15226, 'N_anc': 498.72509, 'N_yri': 343.03244, 'N_ooa': 965.80304, 'N_ceu': 312.65339, 'N_chb': 327.84291, 'gr_ceu': 0.00015, 'gr_chb': 0.00015, 'm_yri_ooa': 1e-05, 'm_yri_ceu': 0.0, 'm_yri_chb': 0.0, 'm_ceu_chb': 0.0} -67548.9416361327
x_down: {'t1': 1.73148, 't2': 2.32267, 't3': 90.51078, 'N_anc': 498.72509, 'N_yri': 343.03244, 'N_ooa': 965.80304, 'N_ceu': 312.65339, 'N_chb': 327.84291, 'gr_ceu': 0.00015, 'gr_chb': 0.00015, 'm_yri_ooa': 1e-05, 'm_yri_ceu': 0.0, 'm_yri_chb': 0.0, 'm_ceu_chb': 0.0} -67554.28709992582
 
 
x_up: {'t1': 1.73148, 't2': 2.32267, 't3': 95.15226, 'N_anc': 554.79581, 'N_yri': 343.03244, 'N_ooa': 965.80304, 'N_ceu': 312.65339, 'N_chb': 327.84291, 'gr_ceu': 0.00015, 'gr_chb': 0.00015, 'm_yri_ooa': 1e-05, 'm_yri_ceu': 0.0, 'm_yri_chb': 0.0, 'm_ceu_chb': 0.0} -67550.43670611689
x: {'t1': 1.73148, 't2': 2.32267, 't3': 95.15226, 'N_anc': 498.72509, 'N_yri': 343.03244, 'N_ooa': 965.80304, 'N_ceu': 312.65339, 'N_chb': 327.84291, 'gr_ceu': 0.00015, 'gr_chb': 0.00015, 'm_yri_ooa': 1e-05, 'm_yri_ceu': 0.0, 'm_yri_chb': 0.0, 'm_ceu_chb': 0.0} -67548.9416361327
x_down: {'t1': 1.73148, 't2': 2.32267, 't3': 95.15226, 'N_anc': 442.65437, 'N_yri': 343.03244, 'N_ooa': 965.80304, 'N_ceu': 312.65339, 'N_chb': 327.84291, 'gr_ceu': 0.00015, 'gr_chb': 0.00015, 'm_yri_ooa': 1e-05, 'm_yri_ceu': 0.0, 'm_yri_chb': 0.0, 'm_ceu_chb': 0.0} -67549.73654867256
 
 
x_up: {'t1': 1.73148, 't2': 2.32267, 't3': 95.15226, 'N_anc': 498.72509, 'N_yri': 355.18406, 'N_ooa': 965.80304, 'N_ceu': 312.65339, 'N_chb': 327.84291, 'gr_ceu': 0.00015, 'gr_chb': 0.00015, 'm_yri_ooa': 1e-05, 'm_yri_ceu': 0.0, 'm_yri_chb': 0.0, 'm_ceu_chb': 0.0} -67550.34150601305
x: {'t1': 1.73148, 't2': 2.32267, 't3': 95.15226, 'N_anc': 498.72509, 'N_yri': 343.03244, 'N_ooa': 965.80304, 'N_ceu': 312.65339, 'N_chb': 327.84291, 'gr_ceu': 0.00015, 'gr_chb': 0.00015, 'm_yri_ooa': 1e-05, 'm_yri_ceu': 0.0, 'm_yri_chb': 0.0, 'm_ceu_chb': 0.0} -67548.9416361327
x_down: {'t1': 1.73148, 't2': 2.32267, 't3': 95.15226, 'N_anc': 498.72509, 'N_yri': 330.88082, 'N_ooa': 965.80304, 'N_ceu': 312.65339, 'N_chb': 327.84291, 'gr_ceu': 0.00015, 'gr_chb': 0.00015, 'm_yri_ooa': 1e-05, 'm_yri_ceu': 0.0, 'm_yri_chb': 0.0, 'm_ceu_chb': 0.0} -67551.83854929035
 
 
x_up: {'t1': 1.73148, 't2': 2.32267, 't3': 95.15226, 'N_anc': 498.72509, 'N_yri': 343.03244, 'N_ooa': 1026.67982, 'N_ceu': 312.65339, 'N_chb': 327.84291, 'gr_ceu': 0.00015, 'gr_chb': 0.00015, 'm_yri_ooa': 1e-05, 'm_yri_ceu': 0.0, 'm_yri_chb': 0.0, 'm_ceu_chb': 0.0} -67577.31164416739
x: {'t1': 1.73148, 't2': 2.32267, 't3': 95.15226, 'N_anc': 498.72509, 'N_yri': 343.03244, 'N_ooa': 965.80304, 'N_ceu': 312.65339, 'N_chb': 327.84291, 'gr_ceu': 0.00015, 'gr_chb': 0.00015, 'm_yri_ooa': 1e-05, 'm_yri_ceu': 0.0, 'm_yri_chb': 0.0, 'm_ceu_chb': 0.0} -67548.9416361327
x_down: {'t1': 1.73148, 't2': 2.32267, 't3': 95.15226, 'N_anc': 498.72509, 'N_yri': 343.03244, 'N_ooa': 904.92626, 'N_ceu': 312.65339, 'N_chb': 327.84291, 'gr_ceu': 0.00015, 'gr_chb': 0.00015, 'm_yri_ooa': 1e-05, 'm_yri_ceu': 0.0, 'm_yri_chb': 0.0, 'm_ceu_chb': 0.0} -67539.78924138777
 
 
x_up: {'t1': 1.73148, 't2': 2.32267, 't3': 95.15226, 'N_anc': 498.72509, 'N_yri': 343.03244, 'N_ooa': 904.92626, 'N_ceu': 332.58965, 'N_chb': 327.84291, 'gr_ceu': 0.00015, 'gr_chb': 0.00015, 'm_yri_ooa': 1e-05, 'm_yri_ceu': 0.0, 'm_yri_chb': 0.0, 'm_ceu_chb': 0.0} -67541.04680231209
x: {'t1': 1.73148, 't2': 2.32267, 't3': 95.15226, 'N_anc': 498.72509, 'N_yri': 343.03244, 'N_ooa': 904.92626, 'N_ceu': 312.65339, 'N_chb': 327.84291, 'gr_ceu': 0.00015, 'gr_chb': 0.00015, 'm_yri_ooa': 1e-05, 'm_yri_ceu': 0.0, 'm_yri_chb': 0.0, 'm_ceu_chb': 0.0} -67539.78924138777
x_down: {'t1': 1.73148, 't2': 2.32267, 't3': 95.15226, 'N_anc': 498.72509, 'N_yri': 343.03244, 'N_ooa': 904.92626, 'N_ceu': 292.71713, 'N_chb': 327.84291, 'gr_ceu': 0.00015, 'gr_chb': 0.00015, 'm_yri_ooa': 1e-05, 'm_yri_ceu': 0.0, 'm_yri_chb': 0.0, 'm_ceu_chb': 0.0} -67541.60266407
 
 
x_up: {'t1': 1.73148, 't2': 2.32267, 't3': 95.15226, 'N_anc': 498.72509, 'N_yri': 343.03244, 'N_ooa': 904.92626, 'N_ceu': 312.65339, 'N_chb': 349.20318, 'gr_ceu': 0.00015, 'gr_chb': 0.00015, 'm_yri_ooa': 1e-05, 'm_yri_ceu': 0.0, 'm_yri_chb': 0.0, 'm_ceu_chb': 0.0} -67540.9662102926
x: {'t1': 1.73148, 't2': 2.32267, 't3': 95.15226, 'N_anc': 498.72509, 'N_yri': 343.03244, 'N_ooa': 904.92626, 'N_ceu': 312.65339, 'N_chb': 327.84291, 'gr_ceu': 0.00015, 'gr_chb': 0.00015, 'm_yri_ooa': 1e-05, 'm_yri_ceu': 0.0, 'm_yri_chb': 0.0, 'm_ceu_chb': 0.0} -67539.78924138777
x_down: {'t1': 1.73148, 't2': 2.32267, 't3': 95.15226, 'N_anc': 498.72509, 'N_yri': 343.03244, 'N_ooa': 904.92626, 'N_ceu': 312.65339, 'N_chb': 306.48264, 'gr_ceu': 0.00015, 'gr_chb': 0.00015, 'm_yri_ooa': 1e-05, 'm_yri_ceu': 0.0, 'm_yri_chb': 0.0, 'm_ceu_chb': 0.0} -67541.53198164619
 
 
x_up: {'t1': 1.73148, 't2': 2.32267, 't3': 95.15226, 'N_anc': 498.72509, 'N_yri': 343.03244, 'N_ooa': 904.92626, 'N_ceu': 312.65339, 'N_chb': 327.84291, 'gr_ceu': 0.00022, 'gr_chb': 0.00015, 'm_yri_ooa': 1e-05, 'm_yri_ceu': 0.0, 'm_yri_chb': 0.0, 'm_ceu_chb': 0.0} -67539.79206119546
x: {'t1': 1.73148, 't2': 2.32267, 't3': 95.15226, 'N_anc': 498.72509, 'N_yri': 343.03244, 'N_ooa': 904.92626, 'N_ceu': 312.65339, 'N_chb': 327.84291, 'gr_ceu': 0.00015, 'gr_chb': 0.00015, 'm_yri_ooa': 1e-05, 'm_yri_ceu': 0.0, 'm_yri_chb': 0.0, 'm_ceu_chb': 0.0} -67539.78924138777
x_down: {'t1': 1.73148, 't2': 2.32267, 't3': 95.15226, 'N_anc': 498.72509, 'N_yri': 343.03244, 'N_ooa': 904.92626, 'N_ceu': 312.65339, 'N_chb': 327.84291, 'gr_ceu': 7e-05, 'gr_chb': 0.00015, 'm_yri_ooa': 1e-05, 'm_yri_ceu': 0.0, 'm_yri_chb': 0.0, 'm_ceu_chb': 0.0} -67539.78602492226
 
 
x_up: {'t1': 1.73148, 't2': 2.32267, 't3': 95.15226, 'N_anc': 498.72509, 'N_yri': 343.03244, 'N_ooa': 904.92626, 'N_ceu': 312.65339, 'N_chb': 327.84291, 'gr_ceu': 7e-05, 'gr_chb': 0.00022, 'm_yri_ooa': 1e-05, 'm_yri_ceu': 0.0, 'm_yri_chb': 0.0, 'm_ceu_chb': 0.0} -67539.78904645491
x: {'t1': 1.73148, 't2': 2.32267, 't3': 95.15226, 'N_anc': 498.72509, 'N_yri': 343.03244, 'N_ooa': 904.92626, 'N_ceu': 312.65339, 'N_chb': 327.84291, 'gr_ceu': 7e-05, 'gr_chb': 0.00015, 'm_yri_ooa': 1e-05, 'm_yri_ceu': 0.0, 'm_yri_chb': 0.0, 'm_ceu_chb': 0.0} -67539.78602492226
x_down: {'t1': 1.73148, 't2': 2.32267, 't3': 95.15226, 'N_anc': 498.72509, 'N_yri': 343.03244, 'N_ooa': 904.92626, 'N_ceu': 312.65339, 'N_chb': 327.84291, 'gr_ceu': 7e-05, 'gr_chb': 7e-05, 'm_yri_ooa': 1e-05, 'm_yri_ceu': 0.0, 'm_yri_chb': 0.0, 'm_ceu_chb': 0.0} -67539.78257634936
 
 
x_up: {'t1': 1.73148, 't2': 2.32267, 't3': 95.15226, 'N_anc': 498.72509, 'N_yri': 343.03244, 'N_ooa': 904.92626, 'N_ceu': 312.65339, 'N_chb': 327.84291, 'gr_ceu': 7e-05, 'gr_chb': 7e-05, 'm_yri_ooa': 0.0, 'm_yri_ceu': 0.0, 'm_yri_chb': 0.0, 'm_ceu_chb': 0.0} -67540.2067036612
x: {'t1': 1.73148, 't2': 2.32267, 't3': 95.15226, 'N_anc': 498.72509, 'N_yri': 343.03244, 'N_ooa': 904.92626, 'N_ceu': 312.65339, 'N_chb': 327.84291, 'gr_ceu': 7e-05, 'gr_chb': 7e-05, 'm_yri_ooa': 1e-05, 'm_yri_ceu': 0.0, 'm_yri_chb': 0.0, 'm_ceu_chb': 0.0} -67539.78257634936
x_down: {'t1': 1.73148, 't2': 2.32267, 't3': 95.15226, 'N_anc': 498.72509, 'N_yri': 343.03244, 'N_ooa': 904.92626, 'N_ceu': 312.65339, 'N_chb': 327.84291, 'gr_ceu': 7e-05, 'gr_chb': 7e-05, 'm_yri_ooa': 1e-05, 'm_yri_ceu': 0.0, 'm_yri_chb': 0.0, 'm_ceu_chb': 0.0} -67539.78257634936
 
 
x_up: {'t1': 1.73148, 't2': 2.32267, 't3': 95.15226, 'N_anc': 498.72509, 'N_yri': 343.03244, 'N_ooa': 904.92626, 'N_ceu': 312.65339, 'N_chb': 327.84291, 'gr_ceu': 7e-05, 'gr_chb': 7e-05, 'm_yri_ooa': 1e-05, 'm_yri_ceu': 0.0, 'm_yri_chb': 0.0, 'm_ceu_chb': 0.0} -67539.78257634936
x: {'t1': 1.73148, 't2': 2.32267, 't3': 95.15226, 'N_anc': 498.72509, 'N_yri': 343.03244, 'N_ooa': 904.92626, 'N_ceu': 312.65339, 'N_chb': 327.84291, 'gr_ceu': 7e-05, 'gr_chb': 7e-05, 'm_yri_ooa': 1e-05, 'm_yri_ceu': 0.0, 'm_yri_chb': 0.0, 'm_ceu_chb': 0.0} -67539.78257634936
x_down: {'t1': 1.73148, 't2': 2.32267, 't3': 95.15226, 'N_anc': 498.72509, 'N_yri': 343.03244, 'N_ooa': 904.92626, 'N_ceu': 312.65339, 'N_chb': 327.84291, 'gr_ceu': 7e-05, 'gr_chb': 7e-05, 'm_yri_ooa': 1e-05, 'm_yri_ceu': 1e-05, 'm_yri_chb': 0.0, 'm_ceu_chb': 0.0} -67539.78257635218
 
 
x_up: {'t1': 1.73148, 't2': 2.32267, 't3': 95.15226, 'N_anc': 498.72509, 'N_yri': 343.03244, 'N_ooa': 904.92626, 'N_ceu': 312.65339, 'N_chb': 327.84291, 'gr_ceu': 7e-05, 'gr_chb': 7e-05, 'm_yri_ooa': 1e-05, 'm_yri_ceu': 0.0, 'm_yri_chb': 0.0, 'm_ceu_chb': 0.0} -67539.78257634936
x: {'t1': 1.73148, 't2': 2.32267, 't3': 95.15226, 'N_anc': 498.72509, 'N_yri': 343.03244, 'N_ooa': 904.92626, 'N_ceu': 312.65339, 'N_chb': 327.84291, 'gr_ceu': 7e-05, 'gr_chb': 7e-05, 'm_yri_ooa': 1e-05, 'm_yri_ceu': 0.0, 'm_yri_chb': 0.0, 'm_ceu_chb': 0.0} -67539.78257634936
x_down: {'t1': 1.73148, 't2': 2.32267, 't3': 95.15226, 'N_anc': 498.72509, 'N_yri': 343.03244, 'N_ooa': 904.92626, 'N_ceu': 312.65339, 'N_chb': 327.84291, 'gr_ceu': 7e-05, 'gr_chb': 7e-05, 'm_yri_ooa': 1e-05, 'm_yri_ceu': 0.0, 'm_yri_chb': 1e-05, 'm_ceu_chb': 0.0} -67539.78257635243
 
 
x_up: {'t1': 1.73148, 't2': 2.32267, 't3': 95.15226, 'N_anc': 498.72509, 'N_yri': 343.03244, 'N_ooa': 904.92626, 'N_ceu': 312.65339, 'N_chb': 327.84291, 'gr_ceu': 7e-05, 'gr_chb': 7e-05, 'm_yri_ooa': 1e-05, 'm_yri_ceu': 0.0, 'm_yri_chb': 0.0, 'm_ceu_chb': 0.0} -67539.78257634936
x: {'t1': 1.73148, 't2': 2.32267, 't3': 95.15226, 'N_anc': 498.72509, 'N_yri': 343.03244, 'N_ooa': 904.92626, 'N_ceu': 312.65339, 'N_chb': 327.84291, 'gr_ceu': 7e-05, 'gr_chb': 7e-05, 'm_yri_ooa': 1e-05, 'm_yri_ceu': 0.0, 'm_yri_chb': 0.0, 'm_ceu_chb': 0.0} -67539.78257634936
x_down: {'t1': 1.73148, 't2': 2.32267, 't3': 95.15226, 'N_anc': 498.72509, 'N_yri': 343.03244, 'N_ooa': 904.92626, 'N_ceu': 312.65339, 'N_chb': 327.84291, 'gr_ceu': 7e-05, 'gr_chb': 7e-05, 'm_yri_ooa': 1e-05, 'm_yri_ceu': 0.0, 'm_yri_chb': 0.0, 'm_ceu_chb': 1e-05} -67539.78257635196
 
{'t1': 1.73148, 't2': 2.32267, 't3': 95.15226, 'N_anc': 498.72509, 'N_yri': 343.03244, 'N_ooa': 904.92626, 'N_ceu': 312.65339, 'N_chb': 327.84291, 'gr_ceu': 7e-05, 'gr_chb': 7e-05, 'm_yri_ooa': 1e-05, 'm_yri_ceu': 0.0, 'm_yri_chb': 0.0, 'm_ceu_chb': 0.0} -67539.78257634936
 
x_up: {'t1': 1.76843, 't2': 2.32267, 't3': 95.15226, 'N_anc': 498.72509, 'N_yri': 343.03244, 'N_ooa': 904.92626, 'N_ceu': 312.65339, 'N_chb': 327.84291, 'gr_ceu': 7e-05, 'gr_chb': 7e-05, 'm_yri_ooa': 1e-05, 'm_yri_ceu': 0.0, 'm_yri_chb': 0.0, 'm_ceu_chb': 0.0} -67538.93153282731
x: {'t1': 1.73148, 't2': 2.32267, 't3': 95.15226, 'N_anc': 498.72509, 'N_yri': 343.03244, 'N_ooa': 904.92626, 'N_ceu': 312.65339, 'N_chb': 327.84291, 'gr_ceu': 7e-05, 'gr_chb': 7e-05, 'm_yri_ooa': 1e-05, 'm_yri_ceu': 0.0, 'm_yri_chb': 0.0, 'm_ceu_chb': 0.0} -67539.78257634936
x_down: {'t1': 1.69453, 't2': 2.32267, 't3': 95.15226, 'N_anc': 498.72509, 'N_yri': 343.03244, 'N_ooa': 904.92626, 'N_ceu': 312.65339, 'N_chb': 327.84291, 'gr_ceu': 7e-05, 'gr_chb': 7e-05, 'm_yri_ooa': 1e-05, 'm_yri_ceu': 0.0, 'm_yri_chb': 0.0, 'm_ceu_chb': 0.0} -67544.57034121483
 
 
x_up: {'t1': 1.76843, 't2': 2.37463, 't3': 95.15226, 'N_anc': 498.72509, 'N_yri': 343.03244, 'N_ooa': 904.92626, 'N_ceu': 312.65339, 'N_chb': 327.84291, 'gr_ceu': 7e-05, 'gr_chb': 7e-05, 'm_yri_ooa': 1e-05, 'm_yri_ceu': 0.0, 'm_yri_chb': 0.0, 'm_ceu_chb': 0.0} -67547.00191928442
x: {'t1': 1.76843, 't2': 2.32267, 't3': 95.15226, 'N_anc': 498.72509, 'N_yri': 343.03244, 'N_ooa': 904.92626, 'N_ceu': 312.65339, 'N_chb': 327.84291, 'gr_ceu': 7e-05, 'gr_chb': 7e-05, 'm_yri_ooa': 1e-05, 'm_yri_ceu': 0.0, 'm_yri_chb': 0.0, 'm_ceu_chb': 0.0} -67538.93153282731
x_down: {'t1': 1.76843, 't2': 2.27071, 't3': 95.15226, 'N_anc': 498.72509, 'N_yri': 343.03244, 'N_ooa': 904.92626, 'N_ceu': 312.65339, 'N_chb': 327.84291, 'gr_ceu': 7e-05, 'gr_chb': 7e-05, 'm_yri_ooa': 1e-05, 'm_yri_ceu': 0.0, 'm_yri_chb': 0.0, 'm_ceu_chb': 0.0} -67548.46071072314
 
 
x_up: {'t1': 1.76843, 't2': 2.32267, 't3': 99.79374, 'N_anc': 498.72509, 'N_yri': 343.03244, 'N_ooa': 904.92626, 'N_ceu': 312.65339, 'N_chb': 327.84291, 'gr_ceu': 7e-05, 'gr_chb': 7e-05, 'm_yri_ooa': 1e-05, 'm_yri_ceu': 0.0, 'm_yri_chb': 0.0, 'm_ceu_chb': 0.0} -67541.25488334348
x: {'t1': 1.76843, 't2': 2.32267, 't3': 95.15226, 'N_anc': 498.72509, 'N_yri': 343.03244, 'N_ooa': 904.92626, 'N_ceu': 312.65339, 'N_chb': 327.84291, 'gr_ceu': 7e-05, 'gr_chb': 7e-05, 'm_yri_ooa': 1e-05, 'm_yri_ceu': 0.0, 'm_yri_chb': 0.0, 'm_ceu_chb': 0.0} -67538.93153282731
x_down: {'t1': 1.76843, 't2': 2.32267, 't3': 90.51078, 'N_anc': 498.72509, 'N_yri': 343.03244, 'N_ooa': 904.92626, 'N_ceu': 312.65339, 'N_chb': 327.84291, 'gr_ceu': 7e-05, 'gr_chb': 7e-05, 'm_yri_ooa': 1e-05, 'm_yri_ceu': 0.0, 'm_yri_chb': 0.0, 'm_ceu_chb': 0.0} -67543.98119387735
 
 
x_up: {'t1': 1.76843, 't2': 2.32267, 't3': 95.15226, 'N_anc': 526.76045, 'N_yri': 343.03244, 'N_ooa': 904.92626, 'N_ceu': 312.65339, 'N_chb': 327.84291, 'gr_ceu': 7e-05, 'gr_chb': 7e-05, 'm_yri_ooa': 1e-05, 'm_yri_ceu': 0.0, 'm_yri_chb': 0.0, 'm_ceu_chb': 0.0} -67539.45387958427
x: {'t1': 1.76843, 't2': 2.32267, 't3': 95.15226, 'N_anc': 498.72509, 'N_yri': 343.03244, 'N_ooa': 904.92626, 'N_ceu': 312.65339, 'N_chb': 327.84291, 'gr_ceu': 7e-05, 'gr_chb': 7e-05, 'm_yri_ooa': 1e-05, 'm_yri_ceu': 0.0, 'm_yri_chb': 0.0, 'm_ceu_chb': 0.0} -67538.93153282731
x_down: {'t1': 1.76843, 't2': 2.32267, 't3': 95.15226, 'N_anc': 470.68973, 'N_yri': 343.03244, 'N_ooa': 904.92626, 'N_ceu': 312.65339, 'N_chb': 327.84291, 'gr_ceu': 7e-05, 'gr_chb': 7e-05, 'm_yri_ooa': 1e-05, 'm_yri_ceu': 0.0, 'm_yri_chb': 0.0, 'm_ceu_chb': 0.0} -67538.97341243025
 
 
x_up: {'t1': 1.76843, 't2': 2.32267, 't3': 95.15226, 'N_anc': 498.72509, 'N_yri': 355.18406, 'N_ooa': 904.92626, 'N_ceu': 312.65339, 'N_chb': 327.84291, 'gr_ceu': 7e-05, 'gr_chb': 7e-05, 'm_yri_ooa': 1e-05, 'm_yri_ceu': 0.0, 'm_yri_chb': 0.0, 'm_ceu_chb': 0.0} -67537.36959536736
x: {'t1': 1.76843, 't2': 2.32267, 't3': 95.15226, 'N_anc': 498.72509, 'N_yri': 343.03244, 'N_ooa': 904.92626, 'N_ceu': 312.65339, 'N_chb': 327.84291, 'gr_ceu': 7e-05, 'gr_chb': 7e-05, 'm_yri_ooa': 1e-05, 'm_yri_ceu': 0.0, 'm_yri_chb': 0.0, 'm_ceu_chb': 0.0} -67538.93153282731
x_down: {'t1': 1.76843, 't2': 2.32267, 't3': 95.15226, 'N_anc': 498.72509, 'N_yri': 330.88082, 'N_ooa': 904.92626, 'N_ceu': 312.65339, 'N_chb': 327.84291, 'gr_ceu': 7e-05, 'gr_chb': 7e-05, 'm_yri_ooa': 1e-05, 'm_yri_ceu': 0.0, 'm_yri_chb': 0.0, 'm_ceu_chb': 0.0} -67540.83929268329
 
 
x_up: {'t1': 1.76843, 't2': 2.32267, 't3': 95.15226, 'N_anc': 498.72509, 'N_yri': 355.18406, 'N_ooa': 989.82083, 'N_ceu': 312.65339, 'N_chb': 327.84291, 'gr_ceu': 7e-05, 'gr_chb': 7e-05, 'm_yri_ooa': 1e-05, 'm_yri_ceu': 0.0, 'm_yri_chb': 0.0, 'm_ceu_chb': 0.0} -67557.6390955486
x: {'t1': 1.76843, 't2': 2.32267, 't3': 95.15226, 'N_anc': 498.72509, 'N_yri': 355.18406, 'N_ooa': 904.92626, 'N_ceu': 312.65339, 'N_chb': 327.84291, 'gr_ceu': 7e-05, 'gr_chb': 7e-05, 'm_yri_ooa': 1e-05, 'm_yri_ceu': 0.0, 'm_yri_chb': 0.0, 'm_ceu_chb': 0.0} -67537.36959536736
x_down: {'t1': 1.76843, 't2': 2.32267, 't3': 95.15226, 'N_anc': 498.72509, 'N_yri': 355.18406, 'N_ooa': 820.03169, 'N_ceu': 312.65339, 'N_chb': 327.84291, 'gr_ceu': 7e-05, 'gr_chb': 7e-05, 'm_yri_ooa': 1e-05, 'm_yri_ceu': 0.0, 'm_yri_chb': 0.0, 'm_ceu_chb': 0.0} -67560.95384926489
 
 
x_up: {'t1': 1.76843, 't2': 2.32267, 't3': 95.15226, 'N_anc': 498.72509, 'N_yri': 355.18406, 'N_ooa': 904.92626, 'N_ceu': 323.28606, 'N_chb': 327.84291, 'gr_ceu': 7e-05, 'gr_chb': 7e-05, 'm_yri_ooa': 1e-05, 'm_yri_ceu': 0.0, 'm_yri_chb': 0.0, 'm_ceu_chb': 0.0} -67538.41291152367
x: {'t1': 1.76843, 't2': 2.32267, 't3': 95.15226, 'N_anc': 498.72509, 'N_yri': 355.18406, 'N_ooa': 904.92626, 'N_ceu': 312.65339, 'N_chb': 327.84291, 'gr_ceu': 7e-05, 'gr_chb': 7e-05, 'm_yri_ooa': 1e-05, 'm_yri_ceu': 0.0, 'm_yri_chb': 0.0, 'm_ceu_chb': 0.0} -67537.36959536736
x_down: {'t1': 1.76843, 't2': 2.32267, 't3': 95.15226, 'N_anc': 498.72509, 'N_yri': 355.18406, 'N_ooa': 904.92626, 'N_ceu': 302.02072, 'N_chb': 327.84291, 'gr_ceu': 7e-05, 'gr_chb': 7e-05, 'm_yri_ooa': 1e-05, 'm_yri_ceu': 0.0, 'm_yri_chb': 0.0, 'm_ceu_chb': 0.0} -67537.35392752598
 
 
x_up: {'t1': 1.76843, 't2': 2.32267, 't3': 95.15226, 'N_anc': 498.72509, 'N_yri': 355.18406, 'N_ooa': 904.92626, 'N_ceu': 302.02072, 'N_chb': 339.23506, 'gr_ceu': 7e-05, 'gr_chb': 7e-05, 'm_yri_ooa': 1e-05, 'm_yri_ceu': 0.0, 'm_yri_chb': 0.0, 'm_ceu_chb': 0.0} -67537.14641595849
x: {'t1': 1.76843, 't2': 2.32267, 't3': 95.15226, 'N_anc': 498.72509, 'N_yri': 355.18406, 'N_ooa': 904.92626, 'N_ceu': 302.02072, 'N_chb': 327.84291, 'gr_ceu': 7e-05, 'gr_chb': 7e-05, 'm_yri_ooa': 1e-05, 'm_yri_ceu': 0.0, 'm_yri_chb': 0.0, 'm_ceu_chb': 0.0} -67537.35392752598
x_down: {'t1': 1.76843, 't2': 2.32267, 't3': 95.15226, 'N_anc': 498.72509, 'N_yri': 355.18406, 'N_ooa': 904.92626, 'N_ceu': 302.02072, 'N_chb': 316.45076, 'gr_ceu': 7e-05, 'gr_chb': 7e-05, 'm_yri_ooa': 1e-05, 'm_yri_ceu': 0.0, 'm_yri_chb': 0.0, 'm_ceu_chb': 0.0} -67538.85586904702
 
 
x_up: {'t1': 1.76843, 't2': 2.32267, 't3': 95.15226, 'N_anc': 498.72509, 'N_yri': 355.18406, 'N_ooa': 904.92626, 'N_ceu': 302.02072, 'N_chb': 339.23506, 'gr_ceu': 0.0001, 'gr_chb': 7e-05, 'm_yri_ooa': 1e-05, 'm_yri_ceu': 0.0, 'm_yri_chb': 0.0, 'm_ceu_chb': 0.0} -67537.14800414865
x: {'t1': 1.76843, 't2': 2.32267, 't3': 95.15226, 'N_anc': 498.72509, 'N_yri': 355.18406, 'N_ooa': 904.92626, 'N_ceu': 302.02072, 'N_chb': 339.23506, 'gr_ceu': 7e-05, 'gr_chb': 7e-05, 'm_yri_ooa': 1e-05, 'm_yri_ceu': 0.0, 'm_yri_chb': 0.0, 'm_ceu_chb': 0.0} -67537.14641595849
x_down: {'t1': 1.76843, 't2': 2.32267, 't3': 95.15226, 'N_anc': 498.72509, 'N_yri': 355.18406, 'N_ooa': 904.92626, 'N_ceu': 302.02072, 'N_chb': 339.23506, 'gr_ceu': 3e-05, 'gr_chb': 7e-05, 'm_yri_ooa': 1e-05, 'm_yri_ceu': 0.0, 'm_yri_chb': 0.0, 'm_ceu_chb': 0.0} -67537.1443003094
 
 
x_up: {'t1': 1.76843, 't2': 2.32267, 't3': 95.15226, 'N_anc': 498.72509, 'N_yri': 355.18406, 'N_ooa': 904.92626, 'N_ceu': 302.02072, 'N_chb': 339.23506, 'gr_ceu': 3e-05, 'gr_chb': 0.0001, 'm_yri_ooa': 1e-05, 'm_yri_ceu': 0.0, 'm_yri_chb': 0.0, 'm_ceu_chb': 0.0} -67537.14578933296
x: {'t1': 1.76843, 't2': 2.32267, 't3': 95.15226, 'N_anc': 498.72509, 'N_yri': 355.18406, 'N_ooa': 904.92626, 'N_ceu': 302.02072, 'N_chb': 339.23506, 'gr_ceu': 3e-05, 'gr_chb': 7e-05, 'm_yri_ooa': 1e-05, 'm_yri_ceu': 0.0, 'm_yri_chb': 0.0, 'm_ceu_chb': 0.0} -67537.1443003094
x_down: {'t1': 1.76843, 't2': 2.32267, 't3': 95.15226, 'N_anc': 498.72509, 'N_yri': 355.18406, 'N_ooa': 904.92626, 'N_ceu': 302.02072, 'N_chb': 339.23506, 'gr_ceu': 3e-05, 'gr_chb': 3e-05, 'm_yri_ooa': 1e-05, 'm_yri_ceu': 0.0, 'm_yri_chb': 0.0, 'm_ceu_chb': 0.0} -67537.14231684998
 
 
x_up: {'t1': 1.76843, 't2': 2.32267, 't3': 95.15226, 'N_anc': 498.72509, 'N_yri': 355.18406, 'N_ooa': 904.92626, 'N_ceu': 302.02072, 'N_chb': 339.23506, 'gr_ceu': 3e-05, 'gr_chb': 3e-05, 'm_yri_ooa': 0.0, 'm_yri_ceu': 0.0, 'm_yri_chb': 0.0, 'm_ceu_chb': 0.0} -67537.28520713256
x: {'t1': 1.76843, 't2': 2.32267, 't3': 95.15226, 'N_anc': 498.72509, 'N_yri': 355.18406, 'N_ooa': 904.92626, 'N_ceu': 302.02072, 'N_chb': 339.23506, 'gr_ceu': 3e-05, 'gr_chb': 3e-05, 'm_yri_ooa': 1e-05, 'm_yri_ceu': 0.0, 'm_yri_chb': 0.0, 'm_ceu_chb': 0.0} -67537.14231684998
x_down: {'t1': 1.76843, 't2': 2.32267, 't3': 95.15226, 'N_anc': 498.72509, 'N_yri': 355.18406, 'N_ooa': 904.92626, 'N_ceu': 302.02072, 'N_chb': 339.23506, 'gr_ceu': 3e-05, 'gr_chb': 3e-05, 'm_yri_ooa': 1e-05, 'm_yri_ceu': 0.0, 'm_yri_chb': 0.0, 'm_ceu_chb': 0.0} -67537.14231684998
 
 
x_up: {'t1': 1.76843, 't2': 2.32267, 't3': 95.15226, 'N_anc': 498.72509, 'N_yri': 355.18406, 'N_ooa': 904.92626, 'N_ceu': 302.02072, 'N_chb': 339.23506, 'gr_ceu': 3e-05, 'gr_chb': 3e-05, 'm_yri_ooa': 1e-05, 'm_yri_ceu': 0.0, 'm_yri_chb': 0.0, 'm_ceu_chb': 0.0} -67537.14231684998
x: {'t1': 1.76843, 't2': 2.32267, 't3': 95.15226, 'N_anc': 498.72509, 'N_yri': 355.18406, 'N_ooa': 904.92626, 'N_ceu': 302.02072, 'N_chb': 339.23506, 'gr_ceu': 3e-05, 'gr_chb': 3e-05, 'm_yri_ooa': 1e-05, 'm_yri_ceu': 0.0, 'm_yri_chb': 0.0, 'm_ceu_chb': 0.0} -67537.14231684998
x_down: {'t1': 1.76843, 't2': 2.32267, 't3': 95.15226, 'N_anc': 498.72509, 'N_yri': 355.18406, 'N_ooa': 904.92626, 'N_ceu': 302.02072, 'N_chb': 339.23506, 'gr_ceu': 3e-05, 'gr_chb': 3e-05, 'm_yri_ooa': 1e-05, 'm_yri_ceu': 1e-05, 'm_yri_chb': 0.0, 'm_ceu_chb': 0.0} -67537.14231686377
 
 
x_up: {'t1': 1.76843, 't2': 2.32267, 't3': 95.15226, 'N_anc': 498.72509, 'N_yri': 355.18406, 'N_ooa': 904.92626, 'N_ceu': 302.02072, 'N_chb': 339.23506, 'gr_ceu': 3e-05, 'gr_chb': 3e-05, 'm_yri_ooa': 1e-05, 'm_yri_ceu': 0.0, 'm_yri_chb': 0.0, 'm_ceu_chb': 0.0} -67537.14231684998
x: {'t1': 1.76843, 't2': 2.32267, 't3': 95.15226, 'N_anc': 498.72509, 'N_yri': 355.18406, 'N_ooa': 904.92626, 'N_ceu': 302.02072, 'N_chb': 339.23506, 'gr_ceu': 3e-05, 'gr_chb': 3e-05, 'm_yri_ooa': 1e-05, 'm_yri_ceu': 0.0, 'm_yri_chb': 0.0, 'm_ceu_chb': 0.0} -67537.14231684998
x_down: {'t1': 1.76843, 't2': 2.32267, 't3': 95.15226, 'N_anc': 498.72509, 'N_yri': 355.18406, 'N_ooa': 904.92626, 'N_ceu': 302.02072, 'N_chb': 339.23506, 'gr_ceu': 3e-05, 'gr_chb': 3e-05, 'm_yri_ooa': 1e-05, 'm_yri_ceu': 0.0, 'm_yri_chb': 1e-05, 'm_ceu_chb': 0.0} -67537.142316864
 
 
x_up: {'t1': 1.76843, 't2': 2.32267, 't3': 95.15226, 'N_anc': 498.72509, 'N_yri': 355.18406, 'N_ooa': 904.92626, 'N_ceu': 302.02072, 'N_chb': 339.23506, 'gr_ceu': 3e-05, 'gr_chb': 3e-05, 'm_yri_ooa': 1e-05, 'm_yri_ceu': 0.0, 'm_yri_chb': 0.0, 'm_ceu_chb': 0.0} -67537.14231684998
x: {'t1': 1.76843, 't2': 2.32267, 't3': 95.15226, 'N_anc': 498.72509, 'N_yri': 355.18406, 'N_ooa': 904.92626, 'N_ceu': 302.02072, 'N_chb': 339.23506, 'gr_ceu': 3e-05, 'gr_chb': 3e-05, 'm_yri_ooa': 1e-05, 'm_yri_ceu': 0.0, 'm_yri_chb': 0.0, 'm_ceu_chb': 0.0} -67537.14231684998
x_down: {'t1': 1.76843, 't2': 2.32267, 't3': 95.15226, 'N_anc': 498.72509, 'N_yri': 355.18406, 'N_ooa': 904.92626, 'N_ceu': 302.02072, 'N_chb': 339.23506, 'gr_ceu': 3e-05, 'gr_chb': 3e-05, 'm_yri_ooa': 1e-05, 'm_yri_ceu': 0.0, 'm_yri_chb': 0.0, 'm_ceu_chb': 1e-05} -67537.14231686394
 
{'t1': 1.76843, 't2': 2.32267, 't3': 95.15226, 'N_anc': 498.72509, 'N_yri': 355.18406, 'N_ooa': 904.92626, 'N_ceu': 302.02072, 'N_chb': 339.23506, 'gr_ceu': 3e-05, 'gr_chb': 3e-05, 'm_yri_ooa': 1e-05, 'm_yri_ceu': 0.0, 'm_yri_chb': 0.0, 'm_ceu_chb': 0.0} -67537.14231684998
 
x_up: {'t1': 1.82039, 't2': 2.32267, 't3': 95.15226, 'N_anc': 498.72509, 'N_yri': 355.18406, 'N_ooa': 904.92626, 'N_ceu': 302.02072, 'N_chb': 339.23506, 'gr_ceu': 3e-05, 'gr_chb': 3e-05, 'm_yri_ooa': 1e-05, 'm_yri_ceu': 0.0, 'm_yri_chb': 0.0, 'm_ceu_chb': 0.0} -67544.63532181273
x: {'t1': 1.76843, 't2': 2.32267, 't3': 95.15226, 'N_anc': 498.72509, 'N_yri': 355.18406, 'N_ooa': 904.92626, 'N_ceu': 302.02072, 'N_chb': 339.23506, 'gr_ceu': 3e-05, 'gr_chb': 3e-05, 'm_yri_ooa': 1e-05, 'm_yri_ceu': 0.0, 'm_yri_chb': 0.0, 'm_ceu_chb': 0.0} -67537.14231684998
x_down: {'t1': 1.71647, 't2': 2.32267, 't3': 95.15226, 'N_anc': 498.72509, 'N_yri': 355.18406, 'N_ooa': 904.92626, 'N_ceu': 302.02072, 'N_chb': 339.23506, 'gr_ceu': 3e-05, 'gr_chb': 3e-05, 'm_yri_ooa': 1e-05, 'm_yri_ceu': 0.0, 'm_yri_chb': 0.0, 'm_ceu_chb': 0.0} -67537.41862296396
 
 
x_up: {'t1': 1.76843, 't2': 2.35038, 't3': 95.15226, 'N_anc': 498.72509, 'N_yri': 355.18406, 'N_ooa': 904.92626, 'N_ceu': 302.02072, 'N_chb': 339.23506, 'gr_ceu': 3e-05, 'gr_chb': 3e-05, 'm_yri_ooa': 1e-05, 'm_yri_ceu': 0.0, 'm_yri_chb': 0.0, 'm_ceu_chb': 0.0} -67553.64546768139
x: {'t1': 1.76843, 't2': 2.32267, 't3': 95.15226, 'N_anc': 498.72509, 'N_yri': 355.18406, 'N_ooa': 904.92626, 'N_ceu': 302.02072, 'N_chb': 339.23506, 'gr_ceu': 3e-05, 'gr_chb': 3e-05, 'm_yri_ooa': 1e-05, 'm_yri_ceu': 0.0, 'm_yri_chb': 0.0, 'm_ceu_chb': 0.0} -67537.14231684998
x_down: {'t1': 1.76843, 't2': 2.29496, 't3': 95.15226, 'N_anc': 498.72509, 'N_yri': 355.18406, 'N_ooa': 904.92626, 'N_ceu': 302.02072, 'N_chb': 339.23506, 'gr_ceu': 3e-05, 'gr_chb': 3e-05, 'm_yri_ooa': 1e-05, 'm_yri_ceu': 0.0, 'm_yri_chb': 0.0, 'm_ceu_chb': 0.0} -67546.83607322475
 
 
x_up: {'t1': 1.76843, 't2': 2.32267, 't3': 99.79374, 'N_anc': 498.72509, 'N_yri': 355.18406, 'N_ooa': 904.92626, 'N_ceu': 302.02072, 'N_chb': 339.23506, 'gr_ceu': 3e-05, 'gr_chb': 3e-05, 'm_yri_ooa': 1e-05, 'm_yri_ceu': 0.0, 'm_yri_chb': 0.0, 'm_ceu_chb': 0.0} -67539.46566736614
x: {'t1': 1.76843, 't2': 2.32267, 't3': 95.15226, 'N_anc': 498.72509, 'N_yri': 355.18406, 'N_ooa': 904.92626, 'N_ceu': 302.02072, 'N_chb': 339.23506, 'gr_ceu': 3e-05, 'gr_chb': 3e-05, 'm_yri_ooa': 1e-05, 'm_yri_ceu': 0.0, 'm_yri_chb': 0.0, 'm_ceu_chb': 0.0} -67537.14231684998
x_down: {'t1': 1.76843, 't2': 2.32267, 't3': 90.51078, 'N_anc': 498.72509, 'N_yri': 355.18406, 'N_ooa': 904.92626, 'N_ceu': 302.02072, 'N_chb': 339.23506, 'gr_ceu': 3e-05, 'gr_chb': 3e-05, 'm_yri_ooa': 1e-05, 'm_yri_ceu': 0.0, 'm_yri_chb': 0.0, 'm_ceu_chb': 0.0} -67542.1919779
 
 
x_up: {'t1': 1.76843, 't2': 2.32267, 't3': 95.15226, 'N_anc': 518.66134, 'N_yri': 355.18406, 'N_ooa': 904.92626, 'N_ceu': 302.02072, 'N_chb': 339.23506, 'gr_ceu': 3e-05, 'gr_chb': 3e-05, 'm_yri_ooa': 1e-05, 'm_yri_ceu': 0.0, 'm_yri_chb': 0.0, 'm_ceu_chb': 0.0} -67537.46300505858
x: {'t1': 1.76843, 't2': 2.32267, 't3': 95.15226, 'N_anc': 498.72509, 'N_yri': 355.18406, 'N_ooa': 904.92626, 'N_ceu': 302.02072, 'N_chb': 339.23506, 'gr_ceu': 3e-05, 'gr_chb': 3e-05, 'm_yri_ooa': 1e-05, 'm_yri_ceu': 0.0, 'm_yri_chb': 0.0, 'm_ceu_chb': 0.0} -67537.14231684998
x_down: {'t1': 1.76843, 't2': 2.32267, 't3': 95.15226, 'N_anc': 478.78884, 'N_yri': 355.18406, 'N_ooa': 904.92626, 'N_ceu': 302.02072, 'N_chb': 339.23506, 'gr_ceu': 3e-05, 'gr_chb': 3e-05, 'm_yri_ooa': 1e-05, 'm_yri_ceu': 0.0, 'm_yri_chb': 0.0, 'm_ceu_chb': 0.0} -67537.10626536932
 
 
x_up: {'t1': 1.76843, 't2': 2.32267, 't3': 95.15226, 'N_anc': 478.78884, 'N_yri': 374.32286, 'N_ooa': 904.92626, 'N_ceu': 302.02072, 'N_chb': 339.23506, 'gr_ceu': 3e-05, 'gr_chb': 3e-05, 'm_yri_ooa': 1e-05, 'm_yri_ceu': 0.0, 'm_yri_chb': 0.0, 'm_ceu_chb': 0.0} -67541.20544727023
x: {'t1': 1.76843, 't2': 2.32267, 't3': 95.15226, 'N_anc': 478.78884, 'N_yri': 355.18406, 'N_ooa': 904.92626, 'N_ceu': 302.02072, 'N_chb': 339.23506, 'gr_ceu': 3e-05, 'gr_chb': 3e-05, 'm_yri_ooa': 1e-05, 'm_yri_ceu': 0.0, 'm_yri_chb': 0.0, 'm_ceu_chb': 0.0} -67537.10626536932
x_down: {'t1': 1.76843, 't2': 2.32267, 't3': 95.15226, 'N_anc': 478.78884, 'N_yri': 336.04526, 'N_ooa': 904.92626, 'N_ceu': 302.02072, 'N_chb': 339.23506, 'gr_ceu': 3e-05, 'gr_chb': 3e-05, 'm_yri_ooa': 1e-05, 'm_yri_ceu': 0.0, 'm_yri_chb': 0.0, 'm_ceu_chb': 0.0} -67539.57484062258
 
 
x_up: {'t1': 1.76843, 't2': 2.32267, 't3': 95.15226, 'N_anc': 478.78884, 'N_yri': 355.18406, 'N_ooa': 947.37354, 'N_ceu': 302.02072, 'N_chb': 339.23506, 'gr_ceu': 3e-05, 'gr_chb': 3e-05, 'm_yri_ooa': 1e-05, 'm_yri_ceu': 0.0, 'm_yri_chb': 0.0, 'm_ceu_chb': 0.0} -67544.65195167862
x: {'t1': 1.76843, 't2': 2.32267, 't3': 95.15226, 'N_anc': 478.78884, 'N_yri': 355.18406, 'N_ooa': 904.92626, 'N_ceu': 302.02072, 'N_chb': 339.23506, 'gr_ceu': 3e-05, 'gr_chb': 3e-05, 'm_yri_ooa': 1e-05, 'm_yri_ceu': 0.0, 'm_yri_chb': 0.0, 'm_ceu_chb': 0.0} -67537.10626536932
x_down: {'t1': 1.76843, 't2': 2.32267, 't3': 95.15226, 'N_anc': 478.78884, 'N_yri': 355.18406, 'N_ooa': 862.47898, 'N_ceu': 302.02072, 'N_chb': 339.23506, 'gr_ceu': 3e-05, 'gr_chb': 3e-05, 'm_yri_ooa': 1e-05, 'm_yri_ceu': 0.0, 'm_yri_chb': 0.0, 'm_ceu_chb': 0.0} -67543.73940797974
 
 
x_up: {'t1': 1.76843, 't2': 2.32267, 't3': 95.15226, 'N_anc': 478.78884, 'N_yri': 355.18406, 'N_ooa': 904.92626, 'N_ceu': 317.17227, 'N_chb': 339.23506, 'gr_ceu': 3e-05, 'gr_chb': 3e-05, 'm_yri_ooa': 1e-05, 'm_yri_ceu': 0.0, 'm_yri_chb': 0.0, 'm_ceu_chb': 0.0} -67538.07413907074
x: {'t1': 1.76843, 't2': 2.32267, 't3': 95.15226, 'N_anc': 478.78884, 'N_yri': 355.18406, 'N_ooa': 904.92626, 'N_ceu': 302.02072, 'N_chb': 339.23506, 'gr_ceu': 3e-05, 'gr_chb': 3e-05, 'm_yri_ooa': 1e-05, 'm_yri_ceu': 0.0, 'm_yri_chb': 0.0, 'm_ceu_chb': 0.0} -67537.10626536932
x_down: {'t1': 1.76843, 't2': 2.32267, 't3': 95.15226, 'N_anc': 478.78884, 'N_yri': 355.18406, 'N_ooa': 904.92626, 'N_ceu': 286.86917, 'N_chb': 339.23506, 'gr_ceu': 3e-05, 'gr_chb': 3e-05, 'm_yri_ooa': 1e-05, 'm_yri_ceu': 0.0, 'm_yri_chb': 0.0, 'm_ceu_chb': 0.0} -67538.89830580245
 
 
x_up: {'t1': 1.76843, 't2': 2.32267, 't3': 95.15226, 'N_anc': 478.78884, 'N_yri': 355.18406, 'N_ooa': 904.92626, 'N_ceu': 302.02072, 'N_chb': 357.17769, 'gr_ceu': 3e-05, 'gr_chb': 3e-05, 'm_yri_ooa': 1e-05, 'm_yri_ceu': 0.0, 'm_yri_chb': 0.0, 'm_ceu_chb': 0.0} -67539.14223087543
x: {'t1': 1.76843, 't2': 2.32267, 't3': 95.15226, 'N_anc': 478.78884, 'N_yri': 355.18406, 'N_ooa': 904.92626, 'N_ceu': 302.02072, 'N_chb': 339.23506, 'gr_ceu': 3e-05, 'gr_chb': 3e-05, 'm_yri_ooa': 1e-05, 'm_yri_ceu': 0.0, 'm_yri_chb': 0.0, 'm_ceu_chb': 0.0} -67537.10626536932
x_down: {'t1': 1.76843, 't2': 2.32267, 't3': 95.15226, 'N_anc': 478.78884, 'N_yri': 355.18406, 'N_ooa': 904.92626, 'N_ceu': 302.02072, 'N_chb': 321.29243, 'gr_ceu': 3e-05, 'gr_chb': 3e-05, 'm_yri_ooa': 1e-05, 'm_yri_ceu': 0.0, 'm_yri_chb': 0.0, 'm_ceu_chb': 0.0} -67538.0164758986
 
 
x_up: {'t1': 1.76843, 't2': 2.32267, 't3': 95.15226, 'N_anc': 478.78884, 'N_yri': 355.18406, 'N_ooa': 904.92626, 'N_ceu': 302.02072, 'N_chb': 339.23506, 'gr_ceu': 5e-05, 'gr_chb': 3e-05, 'm_yri_ooa': 1e-05, 'm_yri_ceu': 0.0, 'm_yri_chb': 0.0, 'm_ceu_chb': 0.0} -67537.10732260383
x: {'t1': 1.76843, 't2': 2.32267, 't3': 95.15226, 'N_anc': 478.78884, 'N_yri': 355.18406, 'N_ooa': 904.92626, 'N_ceu': 302.02072, 'N_chb': 339.23506, 'gr_ceu': 3e-05, 'gr_chb': 3e-05, 'm_yri_ooa': 1e-05, 'm_yri_ceu': 0.0, 'm_yri_chb': 0.0, 'm_ceu_chb': 0.0} -67537.10626536932
x_down: {'t1': 1.76843, 't2': 2.32267, 't3': 95.15226, 'N_anc': 478.78884, 'N_yri': 355.18406, 'N_ooa': 904.92626, 'N_ceu': 302.02072, 'N_chb': 339.23506, 'gr_ceu': 2e-05, 'gr_chb': 3e-05, 'm_yri_ooa': 1e-05, 'm_yri_ceu': 0.0, 'm_yri_chb': 0.0, 'm_ceu_chb': 0.0} -67537.10573695584
 
 
x_up: {'t1': 1.76843, 't2': 2.32267, 't3': 95.15226, 'N_anc': 478.78884, 'N_yri': 355.18406, 'N_ooa': 904.92626, 'N_ceu': 302.02072, 'N_chb': 339.23506, 'gr_ceu': 2e-05, 'gr_chb': 5e-05, 'm_yri_ooa': 1e-05, 'm_yri_ceu': 0.0, 'm_yri_chb': 0.0, 'm_ceu_chb': 0.0} -67537.10672833506
x: {'t1': 1.76843, 't2': 2.32267, 't3': 95.15226, 'N_anc': 478.78884, 'N_yri': 355.18406, 'N_ooa': 904.92626, 'N_ceu': 302.02072, 'N_chb': 339.23506, 'gr_ceu': 2e-05, 'gr_chb': 3e-05, 'm_yri_ooa': 1e-05, 'm_yri_ceu': 0.0, 'm_yri_chb': 0.0, 'm_ceu_chb': 0.0} -67537.10573695584
x_down: {'t1': 1.76843, 't2': 2.32267, 't3': 95.15226, 'N_anc': 478.78884, 'N_yri': 355.18406, 'N_ooa': 904.92626, 'N_ceu': 302.02072, 'N_chb': 339.23506, 'gr_ceu': 2e-05, 'gr_chb': 2e-05, 'm_yri_ooa': 1e-05, 'm_yri_ceu': 0.0, 'm_yri_chb': 0.0, 'm_ceu_chb': 0.0} -67537.10524146678
 
 
x_up: {'t1': 1.76843, 't2': 2.32267, 't3': 95.15226, 'N_anc': 478.78884, 'N_yri': 355.18406, 'N_ooa': 904.92626, 'N_ceu': 302.02072, 'N_chb': 339.23506, 'gr_ceu': 2e-05, 'gr_chb': 2e-05, 'm_yri_ooa': 0.0, 'm_yri_ceu': 0.0, 'm_yri_chb': 0.0, 'm_ceu_chb': 0.0} -67537.24815140589
x: {'t1': 1.76843, 't2': 2.32267, 't3': 95.15226, 'N_anc': 478.78884, 'N_yri': 355.18406, 'N_ooa': 904.92626, 'N_ceu': 302.02072, 'N_chb': 339.23506, 'gr_ceu': 2e-05, 'gr_chb': 2e-05, 'm_yri_ooa': 1e-05, 'm_yri_ceu': 0.0, 'm_yri_chb': 0.0, 'm_ceu_chb': 0.0} -67537.10524146678
x_down: {'t1': 1.76843, 't2': 2.32267, 't3': 95.15226, 'N_anc': 478.78884, 'N_yri': 355.18406, 'N_ooa': 904.92626, 'N_ceu': 302.02072, 'N_chb': 339.23506, 'gr_ceu': 2e-05, 'gr_chb': 2e-05, 'm_yri_ooa': 1e-05, 'm_yri_ceu': 0.0, 'm_yri_chb': 0.0, 'm_ceu_chb': 0.0} -67537.10524146678
 
 
x_up: {'t1': 1.76843, 't2': 2.32267, 't3': 95.15226, 'N_anc': 478.78884, 'N_yri': 355.18406, 'N_ooa': 904.92626, 'N_ceu': 302.02072, 'N_chb': 339.23506, 'gr_ceu': 2e-05, 'gr_chb': 2e-05, 'm_yri_ooa': 1e-05, 'm_yri_ceu': 0.0, 'm_yri_chb': 0.0, 'm_ceu_chb': 0.0} -67537.10524146678
x: {'t1': 1.76843, 't2': 2.32267, 't3': 95.15226, 'N_anc': 478.78884, 'N_yri': 355.18406, 'N_ooa': 904.92626, 'N_ceu': 302.02072, 'N_chb': 339.23506, 'gr_ceu': 2e-05, 'gr_chb': 2e-05, 'm_yri_ooa': 1e-05, 'm_yri_ceu': 0.0, 'm_yri_chb': 0.0, 'm_ceu_chb': 0.0} -67537.10524146678
x_down: {'t1': 1.76843, 't2': 2.32267, 't3': 95.15226, 'N_anc': 478.78884, 'N_yri': 355.18406, 'N_ooa': 904.92626, 'N_ceu': 302.02072, 'N_chb': 339.23506, 'gr_ceu': 2e-05, 'gr_chb': 2e-05, 'm_yri_ooa': 1e-05, 'm_yri_ceu': 1e-05, 'm_yri_chb': 0.0, 'm_ceu_chb': 0.0} -67537.10524148066
 
 
x_up: {'t1': 1.76843, 't2': 2.32267, 't3': 95.15226, 'N_anc': 478.78884, 'N_yri': 355.18406, 'N_ooa': 904.92626, 'N_ceu': 302.02072, 'N_chb': 339.23506, 'gr_ceu': 2e-05, 'gr_chb': 2e-05, 'm_yri_ooa': 1e-05, 'm_yri_ceu': 0.0, 'm_yri_chb': 0.0, 'm_ceu_chb': 0.0} -67537.10524146678
x: {'t1': 1.76843, 't2': 2.32267, 't3': 95.15226, 'N_anc': 478.78884, 'N_yri': 355.18406, 'N_ooa': 904.92626, 'N_ceu': 302.02072, 'N_chb': 339.23506, 'gr_ceu': 2e-05, 'gr_chb': 2e-05, 'm_yri_ooa': 1e-05, 'm_yri_ceu': 0.0, 'm_yri_chb': 0.0, 'm_ceu_chb': 0.0} -67537.10524146678
x_down: {'t1': 1.76843, 't2': 2.32267, 't3': 95.15226, 'N_anc': 478.78884, 'N_yri': 355.18406, 'N_ooa': 904.92626, 'N_ceu': 302.02072, 'N_chb': 339.23506, 'gr_ceu': 2e-05, 'gr_chb': 2e-05, 'm_yri_ooa': 1e-05, 'm_yri_ceu': 0.0, 'm_yri_chb': 1e-05, 'm_ceu_chb': 0.0} -67537.10524148066
 
 
x_up: {'t1': 1.76843, 't2': 2.32267, 't3': 95.15226, 'N_anc': 478.78884, 'N_yri': 355.18406, 'N_ooa': 904.92626, 'N_ceu': 302.02072, 'N_chb': 339.23506, 'gr_ceu': 2e-05, 'gr_chb': 2e-05, 'm_yri_ooa': 1e-05, 'm_yri_ceu': 0.0, 'm_yri_chb': 0.0, 'm_ceu_chb': 0.0} -67537.10524146678
x: {'t1': 1.76843, 't2': 2.32267, 't3': 95.15226, 'N_anc': 478.78884, 'N_yri': 355.18406, 'N_ooa': 904.92626, 'N_ceu': 302.02072, 'N_chb': 339.23506, 'gr_ceu': 2e-05, 'gr_chb': 2e-05, 'm_yri_ooa': 1e-05, 'm_yri_ceu': 0.0, 'm_yri_chb': 0.0, 'm_ceu_chb': 0.0} -67537.10524146678
x_down: {'t1': 1.76843, 't2': 2.32267, 't3': 95.15226, 'N_anc': 478.78884, 'N_yri': 355.18406, 'N_ooa': 904.92626, 'N_ceu': 302.02072, 'N_chb': 339.23506, 'gr_ceu': 2e-05, 'gr_chb': 2e-05, 'm_yri_ooa': 1e-05, 'm_yri_ceu': 0.0, 'm_yri_chb': 0.0, 'm_ceu_chb': 1e-05} -67537.10524148049
 
{'t1': 1.76843, 't2': 2.32267, 't3': 95.15226, 'N_anc': 478.78884, 'N_yri': 355.18406, 'N_ooa': 904.92626, 'N_ceu': 302.02072, 'N_chb': 339.23506, 'gr_ceu': 2e-05, 'gr_chb': 2e-05, 'm_yri_ooa': 1e-05, 'm_yri_ceu': 0.0, 'm_yri_chb': 0.0, 'm_ceu_chb': 0.0} -67537.10524146678
 
x_up: {'t1': 1.79614, 't2': 2.32267, 't3': 95.15226, 'N_anc': 478.78884, 'N_yri': 355.18406, 'N_ooa': 904.92626, 'N_ceu': 302.02072, 'N_chb': 339.23506, 'gr_ceu': 2e-05, 'gr_chb': 2e-05, 'm_yri_ooa': 1e-05, 'm_yri_ceu': 0.0, 'm_yri_chb': 0.0, 'm_ceu_chb': 0.0} -67538.40857550532
x: {'t1': 1.76843, 't2': 2.32267, 't3': 95.15226, 'N_anc': 478.78884, 'N_yri': 355.18406, 'N_ooa': 904.92626, 'N_ceu': 302.02072, 'N_chb': 339.23506, 'gr_ceu': 2e-05, 'gr_chb': 2e-05, 'm_yri_ooa': 1e-05, 'm_yri_ceu': 0.0, 'm_yri_chb': 0.0, 'm_ceu_chb': 0.0} -67537.10524146678
x_down: {'t1': 1.74072, 't2': 2.32267, 't3': 95.15226, 'N_anc': 478.78884, 'N_yri': 355.18406, 'N_ooa': 904.92626, 'N_ceu': 302.02072, 'N_chb': 339.23506, 'gr_ceu': 2e-05, 'gr_chb': 2e-05, 'm_yri_ooa': 1e-05, 'm_yri_ceu': 0.0, 'm_yri_chb': 0.0, 'm_ceu_chb': 0.0} -67540.4922841203
 
 
x_up: {'t1': 1.76843, 't2': 2.35038, 't3': 95.15226, 'N_anc': 478.78884, 'N_yri': 355.18406, 'N_ooa': 904.92626, 'N_ceu': 302.02072, 'N_chb': 339.23506, 'gr_ceu': 2e-05, 'gr_chb': 2e-05, 'm_yri_ooa': 1e-05, 'm_yri_ceu': 0.0, 'm_yri_chb': 0.0, 'm_ceu_chb': 0.0} -67553.60816081597
x: {'t1': 1.76843, 't2': 2.32267, 't3': 95.15226, 'N_anc': 478.78884, 'N_yri': 355.18406, 'N_ooa': 904.92626, 'N_ceu': 302.02072, 'N_chb': 339.23506, 'gr_ceu': 2e-05, 'gr_chb': 2e-05, 'm_yri_ooa': 1e-05, 'm_yri_ceu': 0.0, 'm_yri_chb': 0.0, 'm_ceu_chb': 0.0} -67537.10524146678
x_down: {'t1': 1.76843, 't2': 2.29496, 't3': 95.15226, 'N_anc': 478.78884, 'N_yri': 355.18406, 'N_ooa': 904.92626, 'N_ceu': 302.02072, 'N_chb': 339.23506, 'gr_ceu': 2e-05, 'gr_chb': 2e-05, 'm_yri_ooa': 1e-05, 'm_yri_ceu': 0.0, 'm_yri_chb': 0.0, 'm_ceu_chb': 0.0} -67546.79882620744
 
 
x_up: {'t1': 1.76843, 't2': 2.32267, 't3': 99.79374, 'N_anc': 478.78884, 'N_yri': 355.18406, 'N_ooa': 904.92626, 'N_ceu': 302.02072, 'N_chb': 339.23506, 'gr_ceu': 2e-05, 'gr_chb': 2e-05, 'm_yri_ooa': 1e-05, 'm_yri_ceu': 0.0, 'm_yri_chb': 0.0, 'm_ceu_chb': 0.0} -67539.4125549511
x: {'t1': 1.76843, 't2': 2.32267, 't3': 95.15226, 'N_anc': 478.78884, 'N_yri': 355.18406, 'N_ooa': 904.92626, 'N_ceu': 302.02072, 'N_chb': 339.23506, 'gr_ceu': 2e-05, 'gr_chb': 2e-05, 'm_yri_ooa': 1e-05, 'm_yri_ceu': 0.0, 'm_yri_chb': 0.0, 'm_ceu_chb': 0.0} -67537.10524146678
x_down: {'t1': 1.76843, 't2': 2.32267, 't3': 90.51078, 'N_anc': 478.78884, 'N_yri': 355.18406, 'N_ooa': 904.92626, 'N_ceu': 302.02072, 'N_chb': 339.23506, 'gr_ceu': 2e-05, 'gr_chb': 2e-05, 'm_yri_ooa': 1e-05, 'm_yri_ceu': 0.0, 'm_yri_chb': 0.0, 'm_ceu_chb': 0.0} -67542.69568201235
 
 
x_up: {'t1': 1.76843, 't2': 2.32267, 't3': 95.15226, 'N_anc': 507.198, 'N_yri': 355.18406, 'N_ooa': 904.92626, 'N_ceu': 302.02072, 'N_chb': 339.23506, 'gr_ceu': 2e-05, 'gr_chb': 2e-05, 'm_yri_ooa': 1e-05, 'm_yri_ceu': 0.0, 'm_yri_chb': 0.0, 'm_ceu_chb': 0.0} -67537.24543077544
x: {'t1': 1.76843, 't2': 2.32267, 't3': 95.15226, 'N_anc': 478.78884, 'N_yri': 355.18406, 'N_ooa': 904.92626, 'N_ceu': 302.02072, 'N_chb': 339.23506, 'gr_ceu': 2e-05, 'gr_chb': 2e-05, 'm_yri_ooa': 1e-05, 'm_yri_ceu': 0.0, 'm_yri_chb': 0.0, 'm_ceu_chb': 0.0} -67537.10524146678
x_down: {'t1': 1.76843, 't2': 2.32267, 't3': 95.15226, 'N_anc': 450.37968, 'N_yri': 355.18406, 'N_ooa': 904.92626, 'N_ceu': 302.02072, 'N_chb': 339.23506, 'gr_ceu': 2e-05, 'gr_chb': 2e-05, 'm_yri_ooa': 1e-05, 'm_yri_ceu': 0.0, 'm_yri_chb': 0.0, 'm_ceu_chb': 0.0} -67537.64767697701
 
 
x_up: {'t1': 1.76843, 't2': 2.32267, 't3': 95.15226, 'N_anc': 478.78884, 'N_yri': 367.94326, 'N_ooa': 904.92626, 'N_ceu': 302.02072, 'N_chb': 339.23506, 'gr_ceu': 2e-05, 'gr_chb': 2e-05, 'm_yri_ooa': 1e-05, 'm_yri_ceu': 0.0, 'm_yri_chb': 0.0, 'm_ceu_chb': 0.0} -67536.43072062655
x: {'t1': 1.76843, 't2': 2.32267, 't3': 95.15226, 'N_anc': 478.78884, 'N_yri': 355.18406, 'N_ooa': 904.92626, 'N_ceu': 302.02072, 'N_chb': 339.23506, 'gr_ceu': 2e-05, 'gr_chb': 2e-05, 'm_yri_ooa': 1e-05, 'm_yri_ceu': 0.0, 'm_yri_chb': 0.0, 'm_ceu_chb': 0.0} -67537.10524146678
x_down: {'t1': 1.76843, 't2': 2.32267, 't3': 95.15226, 'N_anc': 478.78884, 'N_yri': 342.42486, 'N_ooa': 904.92626, 'N_ceu': 302.02072, 'N_chb': 339.23506, 'gr_ceu': 2e-05, 'gr_chb': 2e-05, 'm_yri_ooa': 1e-05, 'm_yri_ceu': 0.0, 'm_yri_chb': 0.0, 'm_ceu_chb': 0.0} -67539.49135228764
 
 
x_up: {'t1': 1.76843, 't2': 2.32267, 't3': 95.15226, 'N_anc': 478.78884, 'N_yri': 367.94326, 'N_ooa': 945.17257, 'N_ceu': 302.02072, 'N_chb': 339.23506, 'gr_ceu': 2e-05, 'gr_chb': 2e-05, 'm_yri_ooa': 1e-05, 'm_yri_ceu': 0.0, 'm_yri_chb': 0.0, 'm_ceu_chb': 0.0} -67540.43389028379
x: {'t1': 1.76843, 't2': 2.32267, 't3': 95.15226, 'N_anc': 478.78884, 'N_yri': 367.94326, 'N_ooa': 904.92626, 'N_ceu': 302.02072, 'N_chb': 339.23506, 'gr_ceu': 2e-05, 'gr_chb': 2e-05, 'm_yri_ooa': 1e-05, 'm_yri_ceu': 0.0, 'm_yri_chb': 0.0, 'm_ceu_chb': 0.0} -67536.43072062655
x_down: {'t1': 1.76843, 't2': 2.32267, 't3': 95.15226, 'N_anc': 478.78884, 'N_yri': 367.94326, 'N_ooa': 864.67995, 'N_ceu': 302.02072, 'N_chb': 339.23506, 'gr_ceu': 2e-05, 'gr_chb': 2e-05, 'm_yri_ooa': 1e-05, 'm_yri_ceu': 0.0, 'm_yri_chb': 0.0, 'm_ceu_chb': 0.0} -67542.56298476816
 
 
x_up: {'t1': 1.76843, 't2': 2.32267, 't3': 95.15226, 'N_anc': 478.78884, 'N_yri': 367.94326, 'N_ooa': 904.92626, 'N_ceu': 312.12176, 'N_chb': 339.23506, 'gr_ceu': 2e-05, 'gr_chb': 2e-05, 'm_yri_ooa': 1e-05, 'm_yri_ceu': 0.0, 'm_yri_chb': 0.0, 'm_ceu_chb': 0.0} -67536.86275736002
x: {'t1': 1.76843, 't2': 2.32267, 't3': 95.15226, 'N_anc': 478.78884, 'N_yri': 367.94326, 'N_ooa': 904.92626, 'N_ceu': 302.02072, 'N_chb': 339.23506, 'gr_ceu': 2e-05, 'gr_chb': 2e-05, 'm_yri_ooa': 1e-05, 'm_yri_ceu': 0.0, 'm_yri_chb': 0.0, 'm_ceu_chb': 0.0} -67536.43072062655
x_down: {'t1': 1.76843, 't2': 2.32267, 't3': 95.15226, 'N_anc': 478.78884, 'N_yri': 367.94326, 'N_ooa': 904.92626, 'N_ceu': 291.91968, 'N_chb': 339.23506, 'gr_ceu': 2e-05, 'gr_chb': 2e-05, 'm_yri_ooa': 1e-05, 'm_yri_ceu': 0.0, 'm_yri_chb': 0.0, 'm_ceu_chb': 0.0} -67537.17642697004
 
 
x_up: {'t1': 1.76843, 't2': 2.32267, 't3': 95.15226, 'N_anc': 478.78884, 'N_yri': 367.94326, 'N_ooa': 904.92626, 'N_ceu': 302.02072, 'N_chb': 351.19681, 'gr_ceu': 2e-05, 'gr_chb': 2e-05, 'm_yri_ooa': 1e-05, 'm_yri_ceu': 0.0, 'm_yri_chb': 0.0, 'm_ceu_chb': 0.0} -67537.61639493867
x: {'t1': 1.76843, 't2': 2.32267, 't3': 95.15226, 'N_anc': 478.78884, 'N_yri': 367.94326, 'N_ooa': 904.92626, 'N_ceu': 302.02072, 'N_chb': 339.23506, 'gr_ceu': 2e-05, 'gr_chb': 2e-05, 'm_yri_ooa': 1e-05, 'm_yri_ceu': 0.0, 'm_yri_chb': 0.0, 'm_ceu_chb': 0.0} -67536.43072062655
x_down: {'t1': 1.76843, 't2': 2.32267, 't3': 95.15226, 'N_anc': 478.78884, 'N_yri': 367.94326, 'N_ooa': 904.92626, 'N_ceu': 302.02072, 'N_chb': 327.27331, 'gr_ceu': 2e-05, 'gr_chb': 2e-05, 'm_yri_ooa': 1e-05, 'm_yri_ceu': 0.0, 'm_yri_chb': 0.0, 'm_ceu_chb': 0.0} -67536.41908789656
 
 
x_up: {'t1': 1.76843, 't2': 2.32267, 't3': 95.15226, 'N_anc': 478.78884, 'N_yri': 367.94326, 'N_ooa': 904.92626, 'N_ceu': 302.02072, 'N_chb': 327.27331, 'gr_ceu': 3e-05, 'gr_chb': 2e-05, 'm_yri_ooa': 1e-05, 'm_yri_ceu': 0.0, 'm_yri_chb': 0.0, 'm_ceu_chb': 0.0} -67536.41943089686
x: {'t1': 1.76843, 't2': 2.32267, 't3': 95.15226, 'N_anc': 478.78884, 'N_yri': 367.94326, 'N_ooa': 904.92626, 'N_ceu': 302.02072, 'N_chb': 327.27331, 'gr_ceu': 2e-05, 'gr_chb': 2e-05, 'm_yri_ooa': 1e-05, 'm_yri_ceu': 0.0, 'm_yri_chb': 0.0, 'm_ceu_chb': 0.0} -67536.41908789656
x_down: {'t1': 1.76843, 't2': 2.32267, 't3': 95.15226, 'N_anc': 478.78884, 'N_yri': 367.94326, 'N_ooa': 904.92626, 'N_ceu': 302.02072, 'N_chb': 327.27331, 'gr_ceu': 1e-05, 'gr_chb': 2e-05, 'm_yri_ooa': 1e-05, 'm_yri_ceu': 0.0, 'm_yri_chb': 0.0, 'm_ceu_chb': 0.0} -67536.41874503861
 
 
x_up: {'t1': 1.76843, 't2': 2.32267, 't3': 95.15226, 'N_anc': 478.78884, 'N_yri': 367.94326, 'N_ooa': 904.92626, 'N_ceu': 302.02072, 'N_chb': 327.27331, 'gr_ceu': 1e-05, 'gr_chb': 3e-05, 'm_yri_ooa': 1e-05, 'm_yri_ceu': 0.0, 'm_yri_chb': 0.0, 'm_ceu_chb': 0.0} -67536.41899444153
x: {'t1': 1.76843, 't2': 2.32267, 't3': 95.15226, 'N_anc': 478.78884, 'N_yri': 367.94326, 'N_ooa': 904.92626, 'N_ceu': 302.02072, 'N_chb': 327.27331, 'gr_ceu': 1e-05, 'gr_chb': 2e-05, 'm_yri_ooa': 1e-05, 'm_yri_ceu': 0.0, 'm_yri_chb': 0.0, 'm_ceu_chb': 0.0} -67536.41874503861
x_down: {'t1': 1.76843, 't2': 2.32267, 't3': 95.15226, 'N_anc': 478.78884, 'N_yri': 367.94326, 'N_ooa': 904.92626, 'N_ceu': 302.02072, 'N_chb': 327.27331, 'gr_ceu': 1e-05, 'gr_chb': 1e-05, 'm_yri_ooa': 1e-05, 'm_yri_ceu': 0.0, 'm_yri_chb': 0.0, 'm_ceu_chb': 0.0} -67536.41849576704
 
 
x_up: {'t1': 1.76843, 't2': 2.32267, 't3': 95.15226, 'N_anc': 478.78884, 'N_yri': 367.94326, 'N_ooa': 904.92626, 'N_ceu': 302.02072, 'N_chb': 327.27331, 'gr_ceu': 1e-05, 'gr_chb': 1e-05, 'm_yri_ooa': 0.0, 'm_yri_ceu': 0.0, 'm_yri_chb': 0.0, 'm_ceu_chb': 0.0} -67536.43245365532
x: {'t1': 1.76843, 't2': 2.32267, 't3': 95.15226, 'N_anc': 478.78884, 'N_yri': 367.94326, 'N_ooa': 904.92626, 'N_ceu': 302.02072, 'N_chb': 327.27331, 'gr_ceu': 1e-05, 'gr_chb': 1e-05, 'm_yri_ooa': 1e-05, 'm_yri_ceu': 0.0, 'm_yri_chb': 0.0, 'm_ceu_chb': 0.0} -67536.41849576704
x_down: {'t1': 1.76843, 't2': 2.32267, 't3': 95.15226, 'N_anc': 478.78884, 'N_yri': 367.94326, 'N_ooa': 904.92626, 'N_ceu': 302.02072, 'N_chb': 327.27331, 'gr_ceu': 1e-05, 'gr_chb': 1e-05, 'm_yri_ooa': 1e-05, 'm_yri_ceu': 0.0, 'm_yri_chb': 0.0, 'm_ceu_chb': 0.0} -67536.41849576704
 
 
x_up: {'t1': 1.76843, 't2': 2.32267, 't3': 95.15226, 'N_anc': 478.78884, 'N_yri': 367.94326, 'N_ooa': 904.92626, 'N_ceu': 302.02072, 'N_chb': 327.27331, 'gr_ceu': 1e-05, 'gr_chb': 1e-05, 'm_yri_ooa': 1e-05, 'm_yri_ceu': 0.0, 'm_yri_chb': 0.0, 'm_ceu_chb': 0.0} -67536.41849576704
x: {'t1': 1.76843, 't2': 2.32267, 't3': 95.15226, 'N_anc': 478.78884, 'N_yri': 367.94326, 'N_ooa': 904.92626, 'N_ceu': 302.02072, 'N_chb': 327.27331, 'gr_ceu': 1e-05, 'gr_chb': 1e-05, 'm_yri_ooa': 1e-05, 'm_yri_ceu': 0.0, 'm_yri_chb': 0.0, 'm_ceu_chb': 0.0} -67536.41849576704
x_down: {'t1': 1.76843, 't2': 2.32267, 't3': 95.15226, 'N_anc': 478.78884, 'N_yri': 367.94326, 'N_ooa': 904.92626, 'N_ceu': 302.02072, 'N_chb': 327.27331, 'gr_ceu': 1e-05, 'gr_chb': 1e-05, 'm_yri_ooa': 1e-05, 'm_yri_ceu': 1e-05, 'm_yri_chb': 0.0, 'm_ceu_chb': 0.0} -67536.41849576571
 
 
x_up: {'t1': 1.76843, 't2': 2.32267, 't3': 95.15226, 'N_anc': 478.78884, 'N_yri': 367.94326, 'N_ooa': 904.92626, 'N_ceu': 302.02072, 'N_chb': 327.27331, 'gr_ceu': 1e-05, 'gr_chb': 1e-05, 'm_yri_ooa': 1e-05, 'm_yri_ceu': 1e-05, 'm_yri_chb': 0.0, 'm_ceu_chb': 0.0} -67536.41849576571
x: {'t1': 1.76843, 't2': 2.32267, 't3': 95.15226, 'N_anc': 478.78884, 'N_yri': 367.94326, 'N_ooa': 904.92626, 'N_ceu': 302.02072, 'N_chb': 327.27331, 'gr_ceu': 1e-05, 'gr_chb': 1e-05, 'm_yri_ooa': 1e-05, 'm_yri_ceu': 1e-05, 'm_yri_chb': 0.0, 'm_ceu_chb': 0.0} -67536.41849576571
x_down: {'t1': 1.76843, 't2': 2.32267, 't3': 95.15226, 'N_anc': 478.78884, 'N_yri': 367.94326, 'N_ooa': 904.92626, 'N_ceu': 302.02072, 'N_chb': 327.27331, 'gr_ceu': 1e-05, 'gr_chb': 1e-05, 'm_yri_ooa': 1e-05, 'm_yri_ceu': 1e-05, 'm_yri_chb': 1e-05, 'm_ceu_chb': 0.0} -67536.41849576482
 
 
x_up: {'t1': 1.76843, 't2': 2.32267, 't3': 95.15226, 'N_anc': 478.78884, 'N_yri': 367.94326, 'N_ooa': 904.92626, 'N_ceu': 302.02072, 'N_chb': 327.27331, 'gr_ceu': 1e-05, 'gr_chb': 1e-05, 'm_yri_ooa': 1e-05, 'm_yri_ceu': 1e-05, 'm_yri_chb': 1e-05, 'm_ceu_chb': 0.0} -67536.41849576482
x: {'t1': 1.76843, 't2': 2.32267, 't3': 95.15226, 'N_anc': 478.78884, 'N_yri': 367.94326, 'N_ooa': 904.92626, 'N_ceu': 302.02072, 'N_chb': 327.27331, 'gr_ceu': 1e-05, 'gr_chb': 1e-05, 'm_yri_ooa': 1e-05, 'm_yri_ceu': 1e-05, 'm_yri_chb': 1e-05, 'm_ceu_chb': 0.0} -67536.41849576482
x_down: {'t1': 1.76843, 't2': 2.32267, 't3': 95.15226, 'N_anc': 478.78884, 'N_yri': 367.94326, 'N_ooa': 904.92626, 'N_ceu': 302.02072, 'N_chb': 327.27331, 'gr_ceu': 1e-05, 'gr_chb': 1e-05, 'm_yri_ooa': 1e-05, 'm_yri_ceu': 1e-05, 'm_yri_chb': 1e-05, 'm_ceu_chb': 1e-05} -67536.41849576525
 
{'t1': 1.76843, 't2': 2.32267, 't3': 95.15226, 'N_anc': 478.78884, 'N_yri': 367.94326, 'N_ooa': 904.92626, 'N_ceu': 302.02072, 'N_chb': 327.27331, 'gr_ceu': 1e-05, 'gr_chb': 1e-05, 'm_yri_ooa': 1e-05, 'm_yri_ceu': 1e-05, 'm_yri_chb': 1e-05, 'm_ceu_chb': 0.0} -67536.41849576482
 
x_up: {'t1': 1.79614, 't2': 2.32267, 't3': 95.15226, 'N_anc': 478.78884, 'N_yri': 367.94326, 'N_ooa': 904.92626, 'N_ceu': 302.02072, 'N_chb': 327.27331, 'gr_ceu': 1e-05, 'gr_chb': 1e-05, 'm_yri_ooa': 1e-05, 'm_yri_ceu': 1e-05, 'm_yri_chb': 1e-05, 'm_ceu_chb': 0.0} -67539.06970462961
x: {'t1': 1.76843, 't2': 2.32267, 't3': 95.15226, 'N_anc': 478.78884, 'N_yri': 367.94326, 'N_ooa': 904.92626, 'N_ceu': 302.02072, 'N_chb': 327.27331, 'gr_ceu': 1e-05, 'gr_chb': 1e-05, 'm_yri_ooa': 1e-05, 'm_yri_ceu': 1e-05, 'm_yri_chb': 1e-05, 'm_ceu_chb': 0.0} -67536.41849576482
x_down: {'t1': 1.74072, 't2': 2.32267, 't3': 95.15226, 'N_anc': 478.78884, 'N_yri': 367.94326, 'N_ooa': 904.92626, 'N_ceu': 302.02072, 'N_chb': 327.27331, 'gr_ceu': 1e-05, 'gr_chb': 1e-05, 'm_yri_ooa': 1e-05, 'm_yri_ceu': 1e-05, 'm_yri_chb': 1e-05, 'm_ceu_chb': 0.0} -67539.92928754933
 
 
x_up: {'t1': 1.76843, 't2': 2.35038, 't3': 95.15226, 'N_anc': 478.78884, 'N_yri': 367.94326, 'N_ooa': 904.92626, 'N_ceu': 302.02072, 'N_chb': 327.27331, 'gr_ceu': 1e-05, 'gr_chb': 1e-05, 'm_yri_ooa': 1e-05, 'm_yri_ceu': 1e-05, 'm_yri_chb': 1e-05, 'm_ceu_chb': 0.0} -67551.33928480039
x: {'t1': 1.76843, 't2': 2.32267, 't3': 95.15226, 'N_anc': 478.78884, 'N_yri': 367.94326, 'N_ooa': 904.92626, 'N_ceu': 302.02072, 'N_chb': 327.27331, 'gr_ceu': 1e-05, 'gr_chb': 1e-05, 'm_yri_ooa': 1e-05, 'm_yri_ceu': 1e-05, 'm_yri_chb': 1e-05, 'm_ceu_chb': 0.0} -67536.41849576482
x_down: {'t1': 1.76843, 't2': 2.29496, 't3': 95.15226, 'N_anc': 478.78884, 'N_yri': 367.94326, 'N_ooa': 904.92626, 'N_ceu': 302.02072, 'N_chb': 327.27331, 'gr_ceu': 1e-05, 'gr_chb': 1e-05, 'm_yri_ooa': 1e-05, 'm_yri_ceu': 1e-05, 'm_yri_chb': 1e-05, 'm_ceu_chb': 0.0} -67549.27333532544
 
 
x_up: {'t1': 1.76843, 't2': 2.32267, 't3': 99.79374, 'N_anc': 478.78884, 'N_yri': 367.94326, 'N_ooa': 904.92626, 'N_ceu': 302.02072, 'N_chb': 327.27331, 'gr_ceu': 1e-05, 'gr_chb': 1e-05, 'm_yri_ooa': 1e-05, 'm_yri_ceu': 1e-05, 'm_yri_chb': 1e-05, 'm_ceu_chb': 0.0} -67538.72580924914
x: {'t1': 1.76843, 't2': 2.32267, 't3': 95.15226, 'N_anc': 478.78884, 'N_yri': 367.94326, 'N_ooa': 904.92626, 'N_ceu': 302.02072, 'N_chb': 327.27331, 'gr_ceu': 1e-05, 'gr_chb': 1e-05, 'm_yri_ooa': 1e-05, 'm_yri_ceu': 1e-05, 'm_yri_chb': 1e-05, 'm_ceu_chb': 0.0} -67536.41849576482
x_down: {'t1': 1.76843, 't2': 2.32267, 't3': 90.51078, 'N_anc': 478.78884, 'N_yri': 367.94326, 'N_ooa': 904.92626, 'N_ceu': 302.02072, 'N_chb': 327.27331, 'gr_ceu': 1e-05, 'gr_chb': 1e-05, 'm_yri_ooa': 1e-05, 'm_yri_ceu': 1e-05, 'm_yri_chb': 1e-05, 'm_ceu_chb': 0.0} -67542.00893631039
 
 
x_up: {'t1': 1.76843, 't2': 2.32267, 't3': 95.15226, 'N_anc': 497.72828, 'N_yri': 367.94326, 'N_ooa': 904.92626, 'N_ceu': 302.02072, 'N_chb': 327.27331, 'gr_ceu': 1e-05, 'gr_chb': 1e-05, 'm_yri_ooa': 1e-05, 'm_yri_ceu': 1e-05, 'm_yri_chb': 1e-05, 'm_ceu_chb': 0.0} -67536.4456006193
x: {'t1': 1.76843, 't2': 2.32267, 't3': 95.15226, 'N_anc': 478.78884, 'N_yri': 367.94326, 'N_ooa': 904.92626, 'N_ceu': 302.02072, 'N_chb': 327.27331, 'gr_ceu': 1e-05, 'gr_chb': 1e-05, 'm_yri_ooa': 1e-05, 'm_yri_ceu': 1e-05, 'm_yri_chb': 1e-05, 'm_ceu_chb': 0.0} -67536.41849576482
x_down: {'t1': 1.76843, 't2': 2.32267, 't3': 95.15226, 'N_anc': 459.8494, 'N_yri': 367.94326, 'N_ooa': 904.92626, 'N_ceu': 302.02072, 'N_chb': 327.27331, 'gr_ceu': 1e-05, 'gr_chb': 1e-05, 'm_yri_ooa': 1e-05, 'm_yri_ceu': 1e-05, 'm_yri_chb': 1e-05, 'm_ceu_chb': 0.0} -67536.6938982788
 
 
x_up: {'t1': 1.76843, 't2': 2.32267, 't3': 95.15226, 'N_anc': 478.78884, 'N_yri': 388.039, 'N_ooa': 904.92626, 'N_ceu': 302.02072, 'N_chb': 327.27331, 'gr_ceu': 1e-05, 'gr_chb': 1e-05, 'm_yri_ooa': 1e-05, 'm_yri_ceu': 1e-05, 'm_yri_chb': 1e-05, 'm_ceu_chb': 0.0} -67540.82031702185
x: {'t1': 1.76843, 't2': 2.32267, 't3': 95.15226, 'N_anc': 478.78884, 'N_yri': 367.94326, 'N_ooa': 904.92626, 'N_ceu': 302.02072, 'N_chb': 327.27331, 'gr_ceu': 1e-05, 'gr_chb': 1e-05, 'm_yri_ooa': 1e-05, 'm_yri_ceu': 1e-05, 'm_yri_chb': 1e-05, 'm_ceu_chb': 0.0} -67536.41849576482
x_down: {'t1': 1.76843, 't2': 2.32267, 't3': 95.15226, 'N_anc': 478.78884, 'N_yri': 347.84752, 'N_ooa': 904.92626, 'N_ceu': 302.02072, 'N_chb': 327.27331, 'gr_ceu': 1e-05, 'gr_chb': 1e-05, 'm_yri_ooa': 1e-05, 'm_yri_ceu': 1e-05, 'm_yri_chb': 1e-05, 'm_ceu_chb': 0.0} -67537.14301137516
 
 
x_up: {'t1': 1.76843, 't2': 2.32267, 't3': 95.15226, 'N_anc': 478.78884, 'N_yri': 367.94326, 'N_ooa': 945.17257, 'N_ceu': 302.02072, 'N_chb': 327.27331, 'gr_ceu': 1e-05, 'gr_chb': 1e-05, 'm_yri_ooa': 1e-05, 'm_yri_ceu': 1e-05, 'm_yri_chb': 1e-05, 'm_ceu_chb': 0.0} -67541.17196880591
x: {'t1': 1.76843, 't2': 2.32267, 't3': 95.15226, 'N_anc': 478.78884, 'N_yri': 367.94326, 'N_ooa': 904.92626, 'N_ceu': 302.02072, 'N_chb': 327.27331, 'gr_ceu': 1e-05, 'gr_chb': 1e-05, 'm_yri_ooa': 1e-05, 'm_yri_ceu': 1e-05, 'm_yri_chb': 1e-05, 'm_ceu_chb': 0.0} -67536.41849576482
x_down: {'t1': 1.76843, 't2': 2.32267, 't3': 95.15226, 'N_anc': 478.78884, 'N_yri': 367.94326, 'N_ooa': 864.67995, 'N_ceu': 302.02072, 'N_chb': 327.27331, 'gr_ceu': 1e-05, 'gr_chb': 1e-05, 'm_yri_ooa': 1e-05, 'm_yri_ceu': 1e-05, 'm_yri_chb': 1e-05, 'm_ceu_chb': 0.0} -67542.60997306992
 
 
x_up: {'t1': 1.76843, 't2': 2.32267, 't3': 95.15226, 'N_anc': 478.78884, 'N_yri': 367.94326, 'N_ooa': 904.92626, 'N_ceu': 312.12176, 'N_chb': 327.27331, 'gr_ceu': 1e-05, 'gr_chb': 1e-05, 'm_yri_ooa': 1e-05, 'm_yri_ceu': 1e-05, 'm_yri_chb': 1e-05, 'm_ceu_chb': 0.0} -67536.34945193538
x: {'t1': 1.76843, 't2': 2.32267, 't3': 95.15226, 'N_anc': 478.78884, 'N_yri': 367.94326, 'N_ooa': 904.92626, 'N_ceu': 302.02072, 'N_chb': 327.27331, 'gr_ceu': 1e-05, 'gr_chb': 1e-05, 'm_yri_ooa': 1e-05, 'm_yri_ceu': 1e-05, 'm_yri_chb': 1e-05, 'm_ceu_chb': 0.0} -67536.41849576482
x_down: {'t1': 1.76843, 't2': 2.32267, 't3': 95.15226, 'N_anc': 478.78884, 'N_yri': 367.94326, 'N_ooa': 904.92626, 'N_ceu': 291.91968, 'N_chb': 327.27331, 'gr_ceu': 1e-05, 'gr_chb': 1e-05, 'm_yri_ooa': 1e-05, 'm_yri_ceu': 1e-05, 'm_yri_chb': 1e-05, 'm_ceu_chb': 0.0} -67537.63451863214
 
 
x_up: {'t1': 1.76843, 't2': 2.32267, 't3': 95.15226, 'N_anc': 478.78884, 'N_yri': 367.94326, 'N_ooa': 904.92626, 'N_ceu': 312.12176, 'N_chb': 344.31881, 'gr_ceu': 1e-05, 'gr_chb': 1e-05, 'm_yri_ooa': 1e-05, 'm_yri_ceu': 1e-05, 'm_yri_chb': 1e-05, 'm_ceu_chb': 0.0} -67537.4196652419
x: {'t1': 1.76843, 't2': 2.32267, 't3': 95.15226, 'N_anc': 478.78884, 'N_yri': 367.94326, 'N_ooa': 904.92626, 'N_ceu': 312.12176, 'N_chb': 327.27331, 'gr_ceu': 1e-05, 'gr_chb': 1e-05, 'm_yri_ooa': 1e-05, 'm_yri_ceu': 1e-05, 'm_yri_chb': 1e-05, 'm_ceu_chb': 0.0} -67536.34945193538
x_down: {'t1': 1.76843, 't2': 2.32267, 't3': 95.15226, 'N_anc': 478.78884, 'N_yri': 367.94326, 'N_ooa': 904.92626, 'N_ceu': 312.12176, 'N_chb': 310.22781, 'gr_ceu': 1e-05, 'gr_chb': 1e-05, 'm_yri_ooa': 1e-05, 'm_yri_ceu': 1e-05, 'm_yri_chb': 1e-05, 'm_ceu_chb': 0.0} -67537.68257697193
 
 
x_up: {'t1': 1.76843, 't2': 2.32267, 't3': 95.15226, 'N_anc': 478.78884, 'N_yri': 367.94326, 'N_ooa': 904.92626, 'N_ceu': 312.12176, 'N_chb': 327.27331, 'gr_ceu': 2e-05, 'gr_chb': 1e-05, 'm_yri_ooa': 1e-05, 'm_yri_ceu': 1e-05, 'm_yri_chb': 1e-05, 'm_ceu_chb': 0.0} -67536.35013290265
x: {'t1': 1.76843, 't2': 2.32267, 't3': 95.15226, 'N_anc': 478.78884, 'N_yri': 367.94326, 'N_ooa': 904.92626, 'N_ceu': 312.12176, 'N_chb': 327.27331, 'gr_ceu': 1e-05, 'gr_chb': 1e-05, 'm_yri_ooa': 1e-05, 'm_yri_ceu': 1e-05, 'm_yri_chb': 1e-05, 'm_ceu_chb': 0.0} -67536.34945193538
x_down: {'t1': 1.76843, 't2': 2.32267, 't3': 95.15226, 'N_anc': 478.78884, 'N_yri': 367.94326, 'N_ooa': 904.92626, 'N_ceu': 312.12176, 'N_chb': 327.27331, 'gr_ceu': 1e-05, 'gr_chb': 1e-05, 'm_yri_ooa': 1e-05, 'm_yri_ceu': 1e-05, 'm_yri_chb': 1e-05, 'm_ceu_chb': 0.0} -67536.34945193538
 
 
x_up: {'t1': 1.76843, 't2': 2.32267, 't3': 95.15226, 'N_anc': 478.78884, 'N_yri': 367.94326, 'N_ooa': 904.92626, 'N_ceu': 312.12176, 'N_chb': 327.27331, 'gr_ceu': 1e-05, 'gr_chb': 2e-05, 'm_yri_ooa': 1e-05, 'm_yri_ceu': 1e-05, 'm_yri_chb': 1e-05, 'm_ceu_chb': 0.0} -67536.34985440866
x: {'t1': 1.76843, 't2': 2.32267, 't3': 95.15226, 'N_anc': 478.78884, 'N_yri': 367.94326, 'N_ooa': 904.92626, 'N_ceu': 312.12176, 'N_chb': 327.27331, 'gr_ceu': 1e-05, 'gr_chb': 1e-05, 'm_yri_ooa': 1e-05, 'm_yri_ceu': 1e-05, 'm_yri_chb': 1e-05, 'm_ceu_chb': 0.0} -67536.34945193538
x_down: {'t1': 1.76843, 't2': 2.32267, 't3': 95.15226, 'N_anc': 478.78884, 'N_yri': 367.94326, 'N_ooa': 904.92626, 'N_ceu': 312.12176, 'N_chb': 327.27331, 'gr_ceu': 1e-05, 'gr_chb': 1e-05, 'm_yri_ooa': 1e-05, 'm_yri_ceu': 1e-05, 'm_yri_chb': 1e-05, 'm_ceu_chb': 0.0} -67536.34945193538
 
 
x_up: {'t1': 1.76843, 't2': 2.32267, 't3': 95.15226, 'N_anc': 478.78884, 'N_yri': 367.94326, 'N_ooa': 904.92626, 'N_ceu': 312.12176, 'N_chb': 327.27331, 'gr_ceu': 1e-05, 'gr_chb': 1e-05, 'm_yri_ooa': 0.0, 'm_yri_ceu': 1e-05, 'm_yri_chb': 1e-05, 'm_ceu_chb': 0.0} -67536.34027550345
x: {'t1': 1.76843, 't2': 2.32267, 't3': 95.15226, 'N_anc': 478.78884, 'N_yri': 367.94326, 'N_ooa': 904.92626, 'N_ceu': 312.12176, 'N_chb': 327.27331, 'gr_ceu': 1e-05, 'gr_chb': 1e-05, 'm_yri_ooa': 1e-05, 'm_yri_ceu': 1e-05, 'm_yri_chb': 1e-05, 'm_ceu_chb': 0.0} -67536.34945193538
x_down: {'t1': 1.76843, 't2': 2.32267, 't3': 95.15226, 'N_anc': 478.78884, 'N_yri': 367.94326, 'N_ooa': 904.92626, 'N_ceu': 312.12176, 'N_chb': 327.27331, 'gr_ceu': 1e-05, 'gr_chb': 1e-05, 'm_yri_ooa': 1e-05, 'm_yri_ceu': 1e-05, 'm_yri_chb': 1e-05, 'm_ceu_chb': 0.0} -67536.34945193538
 
 
x_up: {'t1': 1.76843, 't2': 2.32267, 't3': 95.15226, 'N_anc': 478.78884, 'N_yri': 367.94326, 'N_ooa': 904.92626, 'N_ceu': 312.12176, 'N_chb': 327.27331, 'gr_ceu': 1e-05, 'gr_chb': 1e-05, 'm_yri_ooa': 0.0, 'm_yri_ceu': 0.0, 'm_yri_chb': 1e-05, 'm_ceu_chb': 0.0} -67536.34027550423
x: {'t1': 1.76843, 't2': 2.32267, 't3': 95.15226, 'N_anc': 478.78884, 'N_yri': 367.94326, 'N_ooa': 904.92626, 'N_ceu': 312.12176, 'N_chb': 327.27331, 'gr_ceu': 1e-05, 'gr_chb': 1e-05, 'm_yri_ooa': 0.0, 'm_yri_ceu': 1e-05, 'm_yri_chb': 1e-05, 'm_ceu_chb': 0.0} -67536.34027550345
x_down: {'t1': 1.76843, 't2': 2.32267, 't3': 95.15226, 'N_anc': 478.78884, 'N_yri': 367.94326, 'N_ooa': 904.92626, 'N_ceu': 312.12176, 'N_chb': 327.27331, 'gr_ceu': 1e-05, 'gr_chb': 1e-05, 'm_yri_ooa': 0.0, 'm_yri_ceu': 1e-05, 'm_yri_chb': 1e-05, 'm_ceu_chb': 0.0} -67536.34027550345
 
 
x_up: {'t1': 1.76843, 't2': 2.32267, 't3': 95.15226, 'N_anc': 478.78884, 'N_yri': 367.94326, 'N_ooa': 904.92626, 'N_ceu': 312.12176, 'N_chb': 327.27331, 'gr_ceu': 1e-05, 'gr_chb': 1e-05, 'm_yri_ooa': 0.0, 'm_yri_ceu': 1e-05, 'm_yri_chb': 0.0, 'm_ceu_chb': 0.0} -67536.3402755047
x: {'t1': 1.76843, 't2': 2.32267, 't3': 95.15226, 'N_anc': 478.78884, 'N_yri': 367.94326, 'N_ooa': 904.92626, 'N_ceu': 312.12176, 'N_chb': 327.27331, 'gr_ceu': 1e-05, 'gr_chb': 1e-05, 'm_yri_ooa': 0.0, 'm_yri_ceu': 1e-05, 'm_yri_chb': 1e-05, 'm_ceu_chb': 0.0} -67536.34027550345
x_down: {'t1': 1.76843, 't2': 2.32267, 't3': 95.15226, 'N_anc': 478.78884, 'N_yri': 367.94326, 'N_ooa': 904.92626, 'N_ceu': 312.12176, 'N_chb': 327.27331, 'gr_ceu': 1e-05, 'gr_chb': 1e-05, 'm_yri_ooa': 0.0, 'm_yri_ceu': 1e-05, 'm_yri_chb': 1e-05, 'm_ceu_chb': 0.0} -67536.34027550345
 
 
x_up: {'t1': 1.76843, 't2': 2.32267, 't3': 95.15226, 'N_anc': 478.78884, 'N_yri': 367.94326, 'N_ooa': 904.92626, 'N_ceu': 312.12176, 'N_chb': 327.27331, 'gr_ceu': 1e-05, 'gr_chb': 1e-05, 'm_yri_ooa': 0.0, 'm_yri_ceu': 1e-05, 'm_yri_chb': 1e-05, 'm_ceu_chb': 0.0} -67536.34027550345
x: {'t1': 1.76843, 't2': 2.32267, 't3': 95.15226, 'N_anc': 478.78884, 'N_yri': 367.94326, 'N_ooa': 904.92626, 'N_ceu': 312.12176, 'N_chb': 327.27331, 'gr_ceu': 1e-05, 'gr_chb': 1e-05, 'm_yri_ooa': 0.0, 'm_yri_ceu': 1e-05, 'm_yri_chb': 1e-05, 'm_ceu_chb': 0.0} -67536.34027550345
x_down: {'t1': 1.76843, 't2': 2.32267, 't3': 95.15226, 'N_anc': 478.78884, 'N_yri': 367.94326, 'N_ooa': 904.92626, 'N_ceu': 312.12176, 'N_chb': 327.27331, 'gr_ceu': 1e-05, 'gr_chb': 1e-05, 'm_yri_ooa': 0.0, 'm_yri_ceu': 1e-05, 'm_yri_chb': 1e-05, 'm_ceu_chb': 1e-05} -67536.34027550349
 
{'t1': 1.76843, 't2': 2.32267, 't3': 95.15226, 'N_anc': 478.78884, 'N_yri': 367.94326, 'N_ooa': 904.92626, 'N_ceu': 312.12176, 'N_chb': 327.27331, 'gr_ceu': 1e-05, 'gr_chb': 1e-05, 'm_yri_ooa': 0.0, 'm_yri_ceu': 1e-05, 'm_yri_chb': 1e-05, 'm_ceu_chb': 0.0} -67536.34027550345
 
x_up: {'t1': 1.79614, 't2': 2.32267, 't3': 95.15226, 'N_anc': 478.78884, 'N_yri': 367.94326, 'N_ooa': 904.92626, 'N_ceu': 312.12176, 'N_chb': 327.27331, 'gr_ceu': 1e-05, 'gr_chb': 1e-05, 'm_yri_ooa': 0.0, 'm_yri_ceu': 1e-05, 'm_yri_chb': 1e-05, 'm_ceu_chb': 0.0} -67539.26002802463
x: {'t1': 1.76843, 't2': 2.32267, 't3': 95.15226, 'N_anc': 478.78884, 'N_yri': 367.94326, 'N_ooa': 904.92626, 'N_ceu': 312.12176, 'N_chb': 327.27331, 'gr_ceu': 1e-05, 'gr_chb': 1e-05, 'm_yri_ooa': 0.0, 'm_yri_ceu': 1e-05, 'm_yri_chb': 1e-05, 'm_ceu_chb': 0.0} -67536.34027550345
x_down: {'t1': 1.74072, 't2': 2.32267, 't3': 95.15226, 'N_anc': 478.78884, 'N_yri': 367.94326, 'N_ooa': 904.92626, 'N_ceu': 312.12176, 'N_chb': 327.27331, 'gr_ceu': 1e-05, 'gr_chb': 1e-05, 'm_yri_ooa': 0.0, 'm_yri_ceu': 1e-05, 'm_yri_chb': 1e-05, 'm_ceu_chb': 0.0} -67539.26370956958
 
 
x_up: {'t1': 1.76843, 't2': 2.35038, 't3': 95.15226, 'N_anc': 478.78884, 'N_yri': 367.94326, 'N_ooa': 904.92626, 'N_ceu': 312.12176, 'N_chb': 327.27331, 'gr_ceu': 1e-05, 'gr_chb': 1e-05, 'm_yri_ooa': 0.0, 'm_yri_ceu': 1e-05, 'm_yri_chb': 1e-05, 'm_ceu_chb': 0.0} -67550.64502491166
x: {'t1': 1.76843, 't2': 2.32267, 't3': 95.15226, 'N_anc': 478.78884, 'N_yri': 367.94326, 'N_ooa': 904.92626, 'N_ceu': 312.12176, 'N_chb': 327.27331, 'gr_ceu': 1e-05, 'gr_chb': 1e-05, 'm_yri_ooa': 0.0, 'm_yri_ceu': 1e-05, 'm_yri_chb': 1e-05, 'm_ceu_chb': 0.0} -67536.34027550345
x_down: {'t1': 1.76843, 't2': 2.29496, 't3': 95.15226, 'N_anc': 478.78884, 'N_yri': 367.94326, 'N_ooa': 904.92626, 'N_ceu': 312.12176, 'N_chb': 327.27331, 'gr_ceu': 1e-05, 'gr_chb': 1e-05, 'm_yri_ooa': 0.0, 'm_yri_ceu': 1e-05, 'm_yri_chb': 1e-05, 'm_ceu_chb': 0.0} -67549.3017272532
 
 
x_up: {'t1': 1.76843, 't2': 2.32267, 't3': 99.79374, 'N_anc': 478.78884, 'N_yri': 367.94326, 'N_ooa': 904.92626, 'N_ceu': 312.12176, 'N_chb': 327.27331, 'gr_ceu': 1e-05, 'gr_chb': 1e-05, 'm_yri_ooa': 0.0, 'm_yri_ceu': 1e-05, 'm_yri_chb': 1e-05, 'm_ceu_chb': 0.0} -67538.64758898776
x: {'t1': 1.76843, 't2': 2.32267, 't3': 95.15226, 'N_anc': 478.78884, 'N_yri': 367.94326, 'N_ooa': 904.92626, 'N_ceu': 312.12176, 'N_chb': 327.27331, 'gr_ceu': 1e-05, 'gr_chb': 1e-05, 'm_yri_ooa': 0.0, 'm_yri_ceu': 1e-05, 'm_yri_chb': 1e-05, 'm_ceu_chb': 0.0} -67536.34027550345
x_down: {'t1': 1.76843, 't2': 2.32267, 't3': 90.51078, 'N_anc': 478.78884, 'N_yri': 367.94326, 'N_ooa': 904.92626, 'N_ceu': 312.12176, 'N_chb': 327.27331, 'gr_ceu': 1e-05, 'gr_chb': 1e-05, 'm_yri_ooa': 0.0, 'm_yri_ceu': 1e-05, 'm_yri_chb': 1e-05, 'm_ceu_chb': 0.0} -67541.930716049
 
 
x_up: {'t1': 1.76843, 't2': 2.32267, 't3': 95.15226, 'N_anc': 497.72828, 'N_yri': 367.94326, 'N_ooa': 904.92626, 'N_ceu': 312.12176, 'N_chb': 327.27331, 'gr_ceu': 1e-05, 'gr_chb': 1e-05, 'm_yri_ooa': 0.0, 'm_yri_ceu': 1e-05, 'm_yri_chb': 1e-05, 'm_ceu_chb': 0.0} -67536.36738035791
x: {'t1': 1.76843, 't2': 2.32267, 't3': 95.15226, 'N_anc': 478.78884, 'N_yri': 367.94326, 'N_ooa': 904.92626, 'N_ceu': 312.12176, 'N_chb': 327.27331, 'gr_ceu': 1e-05, 'gr_chb': 1e-05, 'm_yri_ooa': 0.0, 'm_yri_ceu': 1e-05, 'm_yri_chb': 1e-05, 'm_ceu_chb': 0.0} -67536.34027550345
x_down: {'t1': 1.76843, 't2': 2.32267, 't3': 95.15226, 'N_anc': 459.8494, 'N_yri': 367.94326, 'N_ooa': 904.92626, 'N_ceu': 312.12176, 'N_chb': 327.27331, 'gr_ceu': 1e-05, 'gr_chb': 1e-05, 'm_yri_ooa': 0.0, 'm_yri_ceu': 1e-05, 'm_yri_chb': 1e-05, 'm_ceu_chb': 0.0} -67536.61567801739
 
 
x_up: {'t1': 1.76843, 't2': 2.32267, 't3': 95.15226, 'N_anc': 478.78884, 'N_yri': 381.34042, 'N_ooa': 904.92626, 'N_ceu': 312.12176, 'N_chb': 327.27331, 'gr_ceu': 1e-05, 'gr_chb': 1e-05, 'm_yri_ooa': 0.0, 'm_yri_ceu': 1e-05, 'm_yri_chb': 1e-05, 'm_ceu_chb': 0.0} -67537.8571024511
x: {'t1': 1.76843, 't2': 2.32267, 't3': 95.15226, 'N_anc': 478.78884, 'N_yri': 367.94326, 'N_ooa': 904.92626, 'N_ceu': 312.12176, 'N_chb': 327.27331, 'gr_ceu': 1e-05, 'gr_chb': 1e-05, 'm_yri_ooa': 0.0, 'm_yri_ceu': 1e-05, 'm_yri_chb': 1e-05, 'm_ceu_chb': 0.0} -67536.34027550345
x_down: {'t1': 1.76843, 't2': 2.32267, 't3': 95.15226, 'N_anc': 478.78884, 'N_yri': 354.5461, 'N_ooa': 904.92626, 'N_ceu': 312.12176, 'N_chb': 327.27331, 'gr_ceu': 1e-05, 'gr_chb': 1e-05, 'm_yri_ooa': 0.0, 'm_yri_ceu': 1e-05, 'm_yri_chb': 1e-05, 'm_ceu_chb': 0.0} -67534.36685566553
 
 
x_up: {'t1': 1.76843, 't2': 2.32267, 't3': 95.15226, 'N_anc': 478.78884, 'N_yri': 354.5461, 'N_ooa': 945.17257, 'N_ceu': 312.12176, 'N_chb': 327.27331, 'gr_ceu': 1e-05, 'gr_chb': 1e-05, 'm_yri_ooa': 0.0, 'm_yri_ceu': 1e-05, 'm_yri_chb': 1e-05, 'm_ceu_chb': 0.0} -67543.06366293889
x: {'t1': 1.76843, 't2': 2.32267, 't3': 95.15226, 'N_anc': 478.78884, 'N_yri': 354.5461, 'N_ooa': 904.92626, 'N_ceu': 312.12176, 'N_chb': 327.27331, 'gr_ceu': 1e-05, 'gr_chb': 1e-05, 'm_yri_ooa': 0.0, 'm_yri_ceu': 1e-05, 'm_yri_chb': 1e-05, 'm_ceu_chb': 0.0} -67534.36685566553
x_down: {'t1': 1.76843, 't2': 2.32267, 't3': 95.15226, 'N_anc': 478.78884, 'N_yri': 354.5461, 'N_ooa': 864.67995, 'N_ceu': 312.12176, 'N_chb': 327.27331, 'gr_ceu': 1e-05, 'gr_chb': 1e-05, 'm_yri_ooa': 0.0, 'm_yri_ceu': 1e-05, 'm_yri_chb': 1e-05, 'm_ceu_chb': 0.0} -67542.45445377371
 
 
x_up: {'t1': 1.76843, 't2': 2.32267, 't3': 95.15226, 'N_anc': 478.78884, 'N_yri': 354.5461, 'N_ooa': 904.92626, 'N_ceu': 328.03089, 'N_chb': 327.27331, 'gr_ceu': 1e-05, 'gr_chb': 1e-05, 'm_yri_ooa': 0.0, 'm_yri_ceu': 1e-05, 'm_yri_chb': 1e-05, 'm_ceu_chb': 0.0} -67535.31063198793
x: {'t1': 1.76843, 't2': 2.32267, 't3': 95.15226, 'N_anc': 478.78884, 'N_yri': 354.5461, 'N_ooa': 904.92626, 'N_ceu': 312.12176, 'N_chb': 327.27331, 'gr_ceu': 1e-05, 'gr_chb': 1e-05, 'm_yri_ooa': 0.0, 'm_yri_ceu': 1e-05, 'm_yri_chb': 1e-05, 'm_ceu_chb': 0.0} -67534.36685566553
x_down: {'t1': 1.76843, 't2': 2.32267, 't3': 95.15226, 'N_anc': 478.78884, 'N_yri': 354.5461, 'N_ooa': 904.92626, 'N_ceu': 296.21263, 'N_chb': 327.27331, 'gr_ceu': 1e-05, 'gr_chb': 1e-05, 'm_yri_ooa': 0.0, 'm_yri_ceu': 1e-05, 'm_yri_chb': 1e-05, 'm_ceu_chb': 0.0} -67535.89196525948
 
 
x_up: {'t1': 1.76843, 't2': 2.32267, 't3': 95.15226, 'N_anc': 478.78884, 'N_yri': 354.5461, 'N_ooa': 904.92626, 'N_ceu': 312.12176, 'N_chb': 338.63698, 'gr_ceu': 1e-05, 'gr_chb': 1e-05, 'm_yri_ooa': 0.0, 'm_yri_ceu': 1e-05, 'm_yri_chb': 1e-05, 'm_ceu_chb': 0.0} -67535.18892231298
x: {'t1': 1.76843, 't2': 2.32267, 't3': 95.15226, 'N_anc': 478.78884, 'N_yri': 354.5461, 'N_ooa': 904.92626, 'N_ceu': 312.12176, 'N_chb': 327.27331, 'gr_ceu': 1e-05, 'gr_chb': 1e-05, 'm_yri_ooa': 0.0, 'm_yri_ceu': 1e-05, 'm_yri_chb': 1e-05, 'm_ceu_chb': 0.0} -67534.36685566553
x_down: {'t1': 1.76843, 't2': 2.32267, 't3': 95.15226, 'N_anc': 478.78884, 'N_yri': 354.5461, 'N_ooa': 904.92626, 'N_ceu': 312.12176, 'N_chb': 315.90964, 'gr_ceu': 1e-05, 'gr_chb': 1e-05, 'm_yri_ooa': 0.0, 'm_yri_ceu': 1e-05, 'm_yri_chb': 1e-05, 'm_ceu_chb': 0.0} -67534.7391164503
 
 
x_up: {'t1': 1.76843, 't2': 2.32267, 't3': 95.15226, 'N_anc': 478.78884, 'N_yri': 354.5461, 'N_ooa': 904.92626, 'N_ceu': 312.12176, 'N_chb': 327.27331, 'gr_ceu': 2e-05, 'gr_chb': 1e-05, 'm_yri_ooa': 0.0, 'm_yri_ceu': 1e-05, 'm_yri_chb': 1e-05, 'm_ceu_chb': 0.0} -67534.36737372442
x: {'t1': 1.76843, 't2': 2.32267, 't3': 95.15226, 'N_anc': 478.78884, 'N_yri': 354.5461, 'N_ooa': 904.92626, 'N_ceu': 312.12176, 'N_chb': 327.27331, 'gr_ceu': 1e-05, 'gr_chb': 1e-05, 'm_yri_ooa': 0.0, 'm_yri_ceu': 1e-05, 'm_yri_chb': 1e-05, 'm_ceu_chb': 0.0} -67534.36685566553
x_down: {'t1': 1.76843, 't2': 2.32267, 't3': 95.15226, 'N_anc': 478.78884, 'N_yri': 354.5461, 'N_ooa': 904.92626, 'N_ceu': 312.12176, 'N_chb': 327.27331, 'gr_ceu': 1e-05, 'gr_chb': 1e-05, 'm_yri_ooa': 0.0, 'm_yri_ceu': 1e-05, 'm_yri_chb': 1e-05, 'm_ceu_chb': 0.0} -67534.36685566553
 
 
x_up: {'t1': 1.76843, 't2': 2.32267, 't3': 95.15226, 'N_anc': 478.78884, 'N_yri': 354.5461, 'N_ooa': 904.92626, 'N_ceu': 312.12176, 'N_chb': 327.27331, 'gr_ceu': 1e-05, 'gr_chb': 2e-05, 'm_yri_ooa': 0.0, 'm_yri_ceu': 1e-05, 'm_yri_chb': 1e-05, 'm_ceu_chb': 0.0} -67534.3674374956
x: {'t1': 1.76843, 't2': 2.32267, 't3': 95.15226, 'N_anc': 478.78884, 'N_yri': 354.5461, 'N_ooa': 904.92626, 'N_ceu': 312.12176, 'N_chb': 327.27331, 'gr_ceu': 1e-05, 'gr_chb': 1e-05, 'm_yri_ooa': 0.0, 'm_yri_ceu': 1e-05, 'm_yri_chb': 1e-05, 'm_ceu_chb': 0.0} -67534.36685566553
x_down: {'t1': 1.76843, 't2': 2.32267, 't3': 95.15226, 'N_anc': 478.78884, 'N_yri': 354.5461, 'N_ooa': 904.92626, 'N_ceu': 312.12176, 'N_chb': 327.27331, 'gr_ceu': 1e-05, 'gr_chb': 1e-05, 'm_yri_ooa': 0.0, 'm_yri_ceu': 1e-05, 'm_yri_chb': 1e-05, 'm_ceu_chb': 0.0} -67534.36685566553
 
 
x_up: {'t1': 1.76843, 't2': 2.32267, 't3': 95.15226, 'N_anc': 478.78884, 'N_yri': 354.5461, 'N_ooa': 904.92626, 'N_ceu': 312.12176, 'N_chb': 327.27331, 'gr_ceu': 1e-05, 'gr_chb': 1e-05, 'm_yri_ooa': 0.0, 'm_yri_ceu': 1e-05, 'm_yri_chb': 1e-05, 'm_ceu_chb': 0.0} -67534.36685566553
x: {'t1': 1.76843, 't2': 2.32267, 't3': 95.15226, 'N_anc': 478.78884, 'N_yri': 354.5461, 'N_ooa': 904.92626, 'N_ceu': 312.12176, 'N_chb': 327.27331, 'gr_ceu': 1e-05, 'gr_chb': 1e-05, 'm_yri_ooa': 0.0, 'm_yri_ceu': 1e-05, 'm_yri_chb': 1e-05, 'm_ceu_chb': 0.0} -67534.36685566553
x_down: {'t1': 1.76843, 't2': 2.32267, 't3': 95.15226, 'N_anc': 478.78884, 'N_yri': 354.5461, 'N_ooa': 904.92626, 'N_ceu': 312.12176, 'N_chb': 327.27331, 'gr_ceu': 1e-05, 'gr_chb': 1e-05, 'm_yri_ooa': 1e-05, 'm_yri_ceu': 1e-05, 'm_yri_chb': 1e-05, 'm_ceu_chb': 0.0} -67534.36919772439
 
 
x_up: {'t1': 1.76843, 't2': 2.32267, 't3': 95.15226, 'N_anc': 478.78884, 'N_yri': 354.5461, 'N_ooa': 904.92626, 'N_ceu': 312.12176, 'N_chb': 327.27331, 'gr_ceu': 1e-05, 'gr_chb': 1e-05, 'm_yri_ooa': 0.0, 'm_yri_ceu': 0.0, 'm_yri_chb': 1e-05, 'm_ceu_chb': 0.0} -67534.36685566697
x: {'t1': 1.76843, 't2': 2.32267, 't3': 95.15226, 'N_anc': 478.78884, 'N_yri': 354.5461, 'N_ooa': 904.92626, 'N_ceu': 312.12176, 'N_chb': 327.27331, 'gr_ceu': 1e-05, 'gr_chb': 1e-05, 'm_yri_ooa': 0.0, 'm_yri_ceu': 1e-05, 'm_yri_chb': 1e-05, 'm_ceu_chb': 0.0} -67534.36685566553
x_down: {'t1': 1.76843, 't2': 2.32267, 't3': 95.15226, 'N_anc': 478.78884, 'N_yri': 354.5461, 'N_ooa': 904.92626, 'N_ceu': 312.12176, 'N_chb': 327.27331, 'gr_ceu': 1e-05, 'gr_chb': 1e-05, 'm_yri_ooa': 0.0, 'm_yri_ceu': 1e-05, 'm_yri_chb': 1e-05, 'm_ceu_chb': 0.0} -67534.36685566553
 
 
x_up: {'t1': 1.76843, 't2': 2.32267, 't3': 95.15226, 'N_anc': 478.78884, 'N_yri': 354.5461, 'N_ooa': 904.92626, 'N_ceu': 312.12176, 'N_chb': 327.27331, 'gr_ceu': 1e-05, 'gr_chb': 1e-05, 'm_yri_ooa': 0.0, 'm_yri_ceu': 1e-05, 'm_yri_chb': 0.0, 'm_ceu_chb': 0.0} -67534.36685566683
x: {'t1': 1.76843, 't2': 2.32267, 't3': 95.15226, 'N_anc': 478.78884, 'N_yri': 354.5461, 'N_ooa': 904.92626, 'N_ceu': 312.12176, 'N_chb': 327.27331, 'gr_ceu': 1e-05, 'gr_chb': 1e-05, 'm_yri_ooa': 0.0, 'm_yri_ceu': 1e-05, 'm_yri_chb': 1e-05, 'm_ceu_chb': 0.0} -67534.36685566553
x_down: {'t1': 1.76843, 't2': 2.32267, 't3': 95.15226, 'N_anc': 478.78884, 'N_yri': 354.5461, 'N_ooa': 904.92626, 'N_ceu': 312.12176, 'N_chb': 327.27331, 'gr_ceu': 1e-05, 'gr_chb': 1e-05, 'm_yri_ooa': 0.0, 'm_yri_ceu': 1e-05, 'm_yri_chb': 1e-05, 'm_ceu_chb': 0.0} -67534.36685566553
 
 
x_up: {'t1': 1.76843, 't2': 2.32267, 't3': 95.15226, 'N_anc': 478.78884, 'N_yri': 354.5461, 'N_ooa': 904.92626, 'N_ceu': 312.12176, 'N_chb': 327.27331, 'gr_ceu': 1e-05, 'gr_chb': 1e-05, 'm_yri_ooa': 0.0, 'm_yri_ceu': 1e-05, 'm_yri_chb': 1e-05, 'm_ceu_chb': 0.0} -67534.36685566553
x: {'t1': 1.76843, 't2': 2.32267, 't3': 95.15226, 'N_anc': 478.78884, 'N_yri': 354.5461, 'N_ooa': 904.92626, 'N_ceu': 312.12176, 'N_chb': 327.27331, 'gr_ceu': 1e-05, 'gr_chb': 1e-05, 'm_yri_ooa': 0.0, 'm_yri_ceu': 1e-05, 'm_yri_chb': 1e-05, 'm_ceu_chb': 0.0} -67534.36685566553
x_down: {'t1': 1.76843, 't2': 2.32267, 't3': 95.15226, 'N_anc': 478.78884, 'N_yri': 354.5461, 'N_ooa': 904.92626, 'N_ceu': 312.12176, 'N_chb': 327.27331, 'gr_ceu': 1e-05, 'gr_chb': 1e-05, 'm_yri_ooa': 0.0, 'm_yri_ceu': 1e-05, 'm_yri_chb': 1e-05, 'm_ceu_chb': 1e-05} -67534.36685566505
 
{'t1': 1.76843, 't2': 2.32267, 't3': 95.15226, 'N_anc': 478.78884, 'N_yri': 354.5461, 'N_ooa': 904.92626, 'N_ceu': 312.12176, 'N_chb': 327.27331, 'gr_ceu': 1e-05, 'gr_chb': 1e-05, 'm_yri_ooa': 0.0, 'm_yri_ceu': 1e-05, 'm_yri_chb': 1e-05, 'm_ceu_chb': 1e-05} -67534.36685566505
 
x_up: {'t1': 1.79614, 't2': 2.32267, 't3': 95.15226, 'N_anc': 478.78884, 'N_yri': 354.5461, 'N_ooa': 904.92626, 'N_ceu': 312.12176, 'N_chb': 327.27331, 'gr_ceu': 1e-05, 'gr_chb': 1e-05, 'm_yri_ooa': 0.0, 'm_yri_ceu': 1e-05, 'm_yri_chb': 1e-05, 'm_ceu_chb': 1e-05} -67538.78573639138
x: {'t1': 1.76843, 't2': 2.32267, 't3': 95.15226, 'N_anc': 478.78884, 'N_yri': 354.5461, 'N_ooa': 904.92626, 'N_ceu': 312.12176, 'N_chb': 327.27331, 'gr_ceu': 1e-05, 'gr_chb': 1e-05, 'm_yri_ooa': 0.0, 'm_yri_ceu': 1e-05, 'm_yri_chb': 1e-05, 'm_ceu_chb': 1e-05} -67534.36685566505
x_down: {'t1': 1.74072, 't2': 2.32267, 't3': 95.15226, 'N_anc': 478.78884, 'N_yri': 354.5461, 'N_ooa': 904.92626, 'N_ceu': 312.12176, 'N_chb': 327.27331, 'gr_ceu': 1e-05, 'gr_chb': 1e-05, 'm_yri_ooa': 0.0, 'm_yri_ceu': 1e-05, 'm_yri_chb': 1e-05, 'm_ceu_chb': 1e-05} -67538.68103218017
 
 
x_up: {'t1': 1.76843, 't2': 2.35038, 't3': 95.15226, 'N_anc': 478.78884, 'N_yri': 354.5461, 'N_ooa': 904.92626, 'N_ceu': 312.12176, 'N_chb': 327.27331, 'gr_ceu': 1e-05, 'gr_chb': 1e-05, 'm_yri_ooa': 0.0, 'm_yri_ceu': 1e-05, 'm_yri_chb': 1e-05, 'm_ceu_chb': 1e-05} -67553.66631614626
x: {'t1': 1.76843, 't2': 2.32267, 't3': 95.15226, 'N_anc': 478.78884, 'N_yri': 354.5461, 'N_ooa': 904.92626, 'N_ceu': 312.12176, 'N_chb': 327.27331, 'gr_ceu': 1e-05, 'gr_chb': 1e-05, 'm_yri_ooa': 0.0, 'm_yri_ceu': 1e-05, 'm_yri_chb': 1e-05, 'm_ceu_chb': 1e-05} -67534.36685566505
x_down: {'t1': 1.76843, 't2': 2.29496, 't3': 95.15226, 'N_anc': 478.78884, 'N_yri': 354.5461, 'N_ooa': 904.92626, 'N_ceu': 312.12176, 'N_chb': 327.27331, 'gr_ceu': 1e-05, 'gr_chb': 1e-05, 'm_yri_ooa': 0.0, 'm_yri_ceu': 1e-05, 'm_yri_chb': 1e-05, 'm_ceu_chb': 1e-05} -67546.30269697525
 
 
x_up: {'t1': 1.76843, 't2': 2.32267, 't3': 99.79374, 'N_anc': 478.78884, 'N_yri': 354.5461, 'N_ooa': 904.92626, 'N_ceu': 312.12176, 'N_chb': 327.27331, 'gr_ceu': 1e-05, 'gr_chb': 1e-05, 'm_yri_ooa': 0.0, 'm_yri_ceu': 1e-05, 'm_yri_chb': 1e-05, 'm_ceu_chb': 1e-05} -67536.67416914935
x: {'t1': 1.76843, 't2': 2.32267, 't3': 95.15226, 'N_anc': 478.78884, 'N_yri': 354.5461, 'N_ooa': 904.92626, 'N_ceu': 312.12176, 'N_chb': 327.27331, 'gr_ceu': 1e-05, 'gr_chb': 1e-05, 'm_yri_ooa': 0.0, 'm_yri_ceu': 1e-05, 'm_yri_chb': 1e-05, 'm_ceu_chb': 1e-05} -67534.36685566505
x_down: {'t1': 1.76843, 't2': 2.32267, 't3': 90.51078, 'N_anc': 478.78884, 'N_yri': 354.5461, 'N_ooa': 904.92626, 'N_ceu': 312.12176, 'N_chb': 327.27331, 'gr_ceu': 1e-05, 'gr_chb': 1e-05, 'm_yri_ooa': 0.0, 'm_yri_ceu': 1e-05, 'm_yri_chb': 1e-05, 'm_ceu_chb': 1e-05} -67539.9572962106
 
 
x_up: {'t1': 1.76843, 't2': 2.32267, 't3': 95.15226, 'N_anc': 497.72828, 'N_yri': 354.5461, 'N_ooa': 904.92626, 'N_ceu': 312.12176, 'N_chb': 327.27331, 'gr_ceu': 1e-05, 'gr_chb': 1e-05, 'm_yri_ooa': 0.0, 'm_yri_ceu': 1e-05, 'm_yri_chb': 1e-05, 'm_ceu_chb': 1e-05} -67534.39396051952
x: {'t1': 1.76843, 't2': 2.32267, 't3': 95.15226, 'N_anc': 478.78884, 'N_yri': 354.5461, 'N_ooa': 904.92626, 'N_ceu': 312.12176, 'N_chb': 327.27331, 'gr_ceu': 1e-05, 'gr_chb': 1e-05, 'm_yri_ooa': 0.0, 'm_yri_ceu': 1e-05, 'm_yri_chb': 1e-05, 'm_ceu_chb': 1e-05} -67534.36685566505
x_down: {'t1': 1.76843, 't2': 2.32267, 't3': 95.15226, 'N_anc': 459.8494, 'N_yri': 354.5461, 'N_ooa': 904.92626, 'N_ceu': 312.12176, 'N_chb': 327.27331, 'gr_ceu': 1e-05, 'gr_chb': 1e-05, 'm_yri_ooa': 0.0, 'm_yri_ceu': 1e-05, 'm_yri_chb': 1e-05, 'm_ceu_chb': 1e-05} -67534.642258179
 
 
x_up: {'t1': 1.76843, 't2': 2.32267, 't3': 95.15226, 'N_anc': 478.78884, 'N_yri': 373.63706, 'N_ooa': 904.92626, 'N_ceu': 312.12176, 'N_chb': 327.27331, 'gr_ceu': 1e-05, 'gr_chb': 1e-05, 'm_yri_ooa': 0.0, 'm_yri_ceu': 1e-05, 'm_yri_chb': 1e-05, 'm_ceu_chb': 1e-05} -67538.22499868755
x: {'t1': 1.76843, 't2': 2.32267, 't3': 95.15226, 'N_anc': 478.78884, 'N_yri': 354.5461, 'N_ooa': 904.92626, 'N_ceu': 312.12176, 'N_chb': 327.27331, 'gr_ceu': 1e-05, 'gr_chb': 1e-05, 'm_yri_ooa': 0.0, 'm_yri_ceu': 1e-05, 'm_yri_chb': 1e-05, 'm_ceu_chb': 1e-05} -67534.36685566505
x_down: {'t1': 1.76843, 't2': 2.32267, 't3': 95.15226, 'N_anc': 478.78884, 'N_yri': 335.45514, 'N_ooa': 904.92626, 'N_ceu': 312.12176, 'N_chb': 327.27331, 'gr_ceu': 1e-05, 'gr_chb': 1e-05, 'm_yri_ooa': 0.0, 'm_yri_ceu': 1e-05, 'm_yri_chb': 1e-05, 'm_ceu_chb': 1e-05} -67541.2544656799
 
 
x_up: {'t1': 1.76843, 't2': 2.32267, 't3': 95.15226, 'N_anc': 478.78884, 'N_yri': 354.5461, 'N_ooa': 945.17257, 'N_ceu': 312.12176, 'N_chb': 327.27331, 'gr_ceu': 1e-05, 'gr_chb': 1e-05, 'm_yri_ooa': 0.0, 'm_yri_ceu': 1e-05, 'm_yri_chb': 1e-05, 'm_ceu_chb': 1e-05} -67543.06366293835
x: {'t1': 1.76843, 't2': 2.32267, 't3': 95.15226, 'N_anc': 478.78884, 'N_yri': 354.5461, 'N_ooa': 904.92626, 'N_ceu': 312.12176, 'N_chb': 327.27331, 'gr_ceu': 1e-05, 'gr_chb': 1e-05, 'm_yri_ooa': 0.0, 'm_yri_ceu': 1e-05, 'm_yri_chb': 1e-05, 'm_ceu_chb': 1e-05} -67534.36685566505
x_down: {'t1': 1.76843, 't2': 2.32267, 't3': 95.15226, 'N_anc': 478.78884, 'N_yri': 354.5461, 'N_ooa': 864.67995, 'N_ceu': 312.12176, 'N_chb': 327.27331, 'gr_ceu': 1e-05, 'gr_chb': 1e-05, 'm_yri_ooa': 0.0, 'm_yri_ceu': 1e-05, 'm_yri_chb': 1e-05, 'm_ceu_chb': 1e-05} -67542.45445377397
 
 
x_up: {'t1': 1.76843, 't2': 2.32267, 't3': 95.15226, 'N_anc': 478.78884, 'N_yri': 354.5461, 'N_ooa': 904.92626, 'N_ceu': 322.72785, 'N_chb': 327.27331, 'gr_ceu': 1e-05, 'gr_chb': 1e-05, 'm_yri_ooa': 0.0, 'm_yri_ceu': 1e-05, 'm_yri_chb': 1e-05, 'm_ceu_chb': 1e-05} -67534.76780088095
x: {'t1': 1.76843, 't2': 2.32267, 't3': 95.15226, 'N_anc': 478.78884, 'N_yri': 354.5461, 'N_ooa': 904.92626, 'N_ceu': 312.12176, 'N_chb': 327.27331, 'gr_ceu': 1e-05, 'gr_chb': 1e-05, 'm_yri_ooa': 0.0, 'm_yri_ceu': 1e-05, 'm_yri_chb': 1e-05, 'm_ceu_chb': 1e-05} -67534.36685566505
x_down: {'t1': 1.76843, 't2': 2.32267, 't3': 95.15226, 'N_anc': 478.78884, 'N_yri': 354.5461, 'N_ooa': 904.92626, 'N_ceu': 301.51567, 'N_chb': 327.27331, 'gr_ceu': 1e-05, 'gr_chb': 1e-05, 'm_yri_ooa': 0.0, 'm_yri_ceu': 1e-05, 'm_yri_chb': 1e-05, 'm_ceu_chb': 1e-05} -67535.06352846313
 
 
x_up: {'t1': 1.76843, 't2': 2.32267, 't3': 95.15226, 'N_anc': 478.78884, 'N_yri': 354.5461, 'N_ooa': 904.92626, 'N_ceu': 312.12176, 'N_chb': 338.63698, 'gr_ceu': 1e-05, 'gr_chb': 1e-05, 'm_yri_ooa': 0.0, 'm_yri_ceu': 1e-05, 'm_yri_chb': 1e-05, 'm_ceu_chb': 1e-05} -67535.188922313
x: {'t1': 1.76843, 't2': 2.32267, 't3': 95.15226, 'N_anc': 478.78884, 'N_yri': 354.5461, 'N_ooa': 904.92626, 'N_ceu': 312.12176, 'N_chb': 327.27331, 'gr_ceu': 1e-05, 'gr_chb': 1e-05, 'm_yri_ooa': 0.0, 'm_yri_ceu': 1e-05, 'm_yri_chb': 1e-05, 'm_ceu_chb': 1e-05} -67534.36685566505
x_down: {'t1': 1.76843, 't2': 2.32267, 't3': 95.15226, 'N_anc': 478.78884, 'N_yri': 354.5461, 'N_ooa': 904.92626, 'N_ceu': 312.12176, 'N_chb': 315.90964, 'gr_ceu': 1e-05, 'gr_chb': 1e-05, 'm_yri_ooa': 0.0, 'm_yri_ceu': 1e-05, 'm_yri_chb': 1e-05, 'm_ceu_chb': 1e-05} -67534.73911645025
 
 
x_up: {'t1': 1.76843, 't2': 2.32267, 't3': 95.15226, 'N_anc': 478.78884, 'N_yri': 354.5461, 'N_ooa': 904.92626, 'N_ceu': 312.12176, 'N_chb': 327.27331, 'gr_ceu': 2e-05, 'gr_chb': 1e-05, 'm_yri_ooa': 0.0, 'm_yri_ceu': 1e-05, 'm_yri_chb': 1e-05, 'm_ceu_chb': 1e-05} -67534.367373724
x: {'t1': 1.76843, 't2': 2.32267, 't3': 95.15226, 'N_anc': 478.78884, 'N_yri': 354.5461, 'N_ooa': 904.92626, 'N_ceu': 312.12176, 'N_chb': 327.27331, 'gr_ceu': 1e-05, 'gr_chb': 1e-05, 'm_yri_ooa': 0.0, 'm_yri_ceu': 1e-05, 'm_yri_chb': 1e-05, 'm_ceu_chb': 1e-05} -67534.36685566505
x_down: {'t1': 1.76843, 't2': 2.32267, 't3': 95.15226, 'N_anc': 478.78884, 'N_yri': 354.5461, 'N_ooa': 904.92626, 'N_ceu': 312.12176, 'N_chb': 327.27331, 'gr_ceu': 1e-05, 'gr_chb': 1e-05, 'm_yri_ooa': 0.0, 'm_yri_ceu': 1e-05, 'm_yri_chb': 1e-05, 'm_ceu_chb': 1e-05} -67534.36685566505
 
 
x_up: {'t1': 1.76843, 't2': 2.32267, 't3': 95.15226, 'N_anc': 478.78884, 'N_yri': 354.5461, 'N_ooa': 904.92626, 'N_ceu': 312.12176, 'N_chb': 327.27331, 'gr_ceu': 1e-05, 'gr_chb': 2e-05, 'm_yri_ooa': 0.0, 'm_yri_ceu': 1e-05, 'm_yri_chb': 1e-05, 'm_ceu_chb': 1e-05} -67534.36743749518
x: {'t1': 1.76843, 't2': 2.32267, 't3': 95.15226, 'N_anc': 478.78884, 'N_yri': 354.5461, 'N_ooa': 904.92626, 'N_ceu': 312.12176, 'N_chb': 327.27331, 'gr_ceu': 1e-05, 'gr_chb': 1e-05, 'm_yri_ooa': 0.0, 'm_yri_ceu': 1e-05, 'm_yri_chb': 1e-05, 'm_ceu_chb': 1e-05} -67534.36685566505
x_down: {'t1': 1.76843, 't2': 2.32267, 't3': 95.15226, 'N_anc': 478.78884, 'N_yri': 354.5461, 'N_ooa': 904.92626, 'N_ceu': 312.12176, 'N_chb': 327.27331, 'gr_ceu': 1e-05, 'gr_chb': 1e-05, 'm_yri_ooa': 0.0, 'm_yri_ceu': 1e-05, 'm_yri_chb': 1e-05, 'm_ceu_chb': 1e-05} -67534.36685566505
 
 
x_up: {'t1': 1.76843, 't2': 2.32267, 't3': 95.15226, 'N_anc': 478.78884, 'N_yri': 354.5461, 'N_ooa': 904.92626, 'N_ceu': 312.12176, 'N_chb': 327.27331, 'gr_ceu': 1e-05, 'gr_chb': 1e-05, 'm_yri_ooa': 0.0, 'm_yri_ceu': 1e-05, 'm_yri_chb': 1e-05, 'm_ceu_chb': 1e-05} -67534.36685566505
x: {'t1': 1.76843, 't2': 2.32267, 't3': 95.15226, 'N_anc': 478.78884, 'N_yri': 354.5461, 'N_ooa': 904.92626, 'N_ceu': 312.12176, 'N_chb': 327.27331, 'gr_ceu': 1e-05, 'gr_chb': 1e-05, 'm_yri_ooa': 0.0, 'm_yri_ceu': 1e-05, 'm_yri_chb': 1e-05, 'm_ceu_chb': 1e-05} -67534.36685566505
x_down: {'t1': 1.76843, 't2': 2.32267, 't3': 95.15226, 'N_anc': 478.78884, 'N_yri': 354.5461, 'N_ooa': 904.92626, 'N_ceu': 312.12176, 'N_chb': 327.27331, 'gr_ceu': 1e-05, 'gr_chb': 1e-05, 'm_yri_ooa': 1e-05, 'm_yri_ceu': 1e-05, 'm_yri_chb': 1e-05, 'm_ceu_chb': 1e-05} -67534.3691977241
 
 
x_up: {'t1': 1.76843, 't2': 2.32267, 't3': 95.15226, 'N_anc': 478.78884, 'N_yri': 354.5461, 'N_ooa': 904.92626, 'N_ceu': 312.12176, 'N_chb': 327.27331, 'gr_ceu': 1e-05, 'gr_chb': 1e-05, 'm_yri_ooa': 0.0, 'm_yri_ceu': 0.0, 'm_yri_chb': 1e-05, 'm_ceu_chb': 1e-05} -67534.36685566648
x: {'t1': 1.76843, 't2': 2.32267, 't3': 95.15226, 'N_anc': 478.78884, 'N_yri': 354.5461, 'N_ooa': 904.92626, 'N_ceu': 312.12176, 'N_chb': 327.27331, 'gr_ceu': 1e-05, 'gr_chb': 1e-05, 'm_yri_ooa': 0.0, 'm_yri_ceu': 1e-05, 'm_yri_chb': 1e-05, 'm_ceu_chb': 1e-05} -67534.36685566505
x_down: {'t1': 1.76843, 't2': 2.32267, 't3': 95.15226, 'N_anc': 478.78884, 'N_yri': 354.5461, 'N_ooa': 904.92626, 'N_ceu': 312.12176, 'N_chb': 327.27331, 'gr_ceu': 1e-05, 'gr_chb': 1e-05, 'm_yri_ooa': 0.0, 'm_yri_ceu': 1e-05, 'm_yri_chb': 1e-05, 'm_ceu_chb': 1e-05} -67534.36685566505
 
 
x_up: {'t1': 1.76843, 't2': 2.32267, 't3': 95.15226, 'N_anc': 478.78884, 'N_yri': 354.5461, 'N_ooa': 904.92626, 'N_ceu': 312.12176, 'N_chb': 327.27331, 'gr_ceu': 1e-05, 'gr_chb': 1e-05, 'm_yri_ooa': 0.0, 'm_yri_ceu': 1e-05, 'm_yri_chb': 0.0, 'm_ceu_chb': 1e-05} -67534.36685566639
x: {'t1': 1.76843, 't2': 2.32267, 't3': 95.15226, 'N_anc': 478.78884, 'N_yri': 354.5461, 'N_ooa': 904.92626, 'N_ceu': 312.12176, 'N_chb': 327.27331, 'gr_ceu': 1e-05, 'gr_chb': 1e-05, 'm_yri_ooa': 0.0, 'm_yri_ceu': 1e-05, 'm_yri_chb': 1e-05, 'm_ceu_chb': 1e-05} -67534.36685566505
x_down: {'t1': 1.76843, 't2': 2.32267, 't3': 95.15226, 'N_anc': 478.78884, 'N_yri': 354.5461, 'N_ooa': 904.92626, 'N_ceu': 312.12176, 'N_chb': 327.27331, 'gr_ceu': 1e-05, 'gr_chb': 1e-05, 'm_yri_ooa': 0.0, 'm_yri_ceu': 1e-05, 'm_yri_chb': 1e-05, 'm_ceu_chb': 1e-05} -67534.36685566505
 
 
x_up: {'t1': 1.76843, 't2': 2.32267, 't3': 95.15226, 'N_anc': 478.78884, 'N_yri': 354.5461, 'N_ooa': 904.92626, 'N_ceu': 312.12176, 'N_chb': 327.27331, 'gr_ceu': 1e-05, 'gr_chb': 1e-05, 'm_yri_ooa': 0.0, 'm_yri_ceu': 1e-05, 'm_yri_chb': 1e-05, 'm_ceu_chb': 0.0} -67534.36685566553
x: {'t1': 1.76843, 't2': 2.32267, 't3': 95.15226, 'N_anc': 478.78884, 'N_yri': 354.5461, 'N_ooa': 904.92626, 'N_ceu': 312.12176, 'N_chb': 327.27331, 'gr_ceu': 1e-05, 'gr_chb': 1e-05, 'm_yri_ooa': 0.0, 'm_yri_ceu': 1e-05, 'm_yri_chb': 1e-05, 'm_ceu_chb': 1e-05} -67534.36685566505
x_down: {'t1': 1.76843, 't2': 2.32267, 't3': 95.15226, 'N_anc': 478.78884, 'N_yri': 354.5461, 'N_ooa': 904.92626, 'N_ceu': 312.12176, 'N_chb': 327.27331, 'gr_ceu': 1e-05, 'gr_chb': 1e-05, 'm_yri_ooa': 0.0, 'm_yri_ceu': 1e-05, 'm_yri_chb': 1e-05, 'm_ceu_chb': 1e-05} -67534.36685566505
 
{'t1': 1.76843, 't2': 2.32267, 't3': 95.15226, 'N_anc': 478.78884, 'N_yri': 354.5461, 'N_ooa': 904.92626, 'N_ceu': 312.12176, 'N_chb': 327.27331, 'gr_ceu': 1e-05, 'gr_chb': 1e-05, 'm_yri_ooa': 0.0, 'm_yri_ceu': 1e-05, 'm_yri_chb': 1e-05, 'm_ceu_chb': 1e-05} -67534.36685566505
 
x_up: {'t1': 1.79614, 't2': 2.32267, 't3': 95.15226, 'N_anc': 478.78884, 'N_yri': 354.5461, 'N_ooa': 904.92626, 'N_ceu': 312.12176, 'N_chb': 327.27331, 'gr_ceu': 1e-05, 'gr_chb': 1e-05, 'm_yri_ooa': 0.0, 'm_yri_ceu': 1e-05, 'm_yri_chb': 1e-05, 'm_ceu_chb': 1e-05} -67538.78573639138
x: {'t1': 1.76843, 't2': 2.32267, 't3': 95.15226, 'N_anc': 478.78884, 'N_yri': 354.5461, 'N_ooa': 904.92626, 'N_ceu': 312.12176, 'N_chb': 327.27331, 'gr_ceu': 1e-05, 'gr_chb': 1e-05, 'm_yri_ooa': 0.0, 'm_yri_ceu': 1e-05, 'm_yri_chb': 1e-05, 'm_ceu_chb': 1e-05} -67534.36685566505
x_down: {'t1': 1.74072, 't2': 2.32267, 't3': 95.15226, 'N_anc': 478.78884, 'N_yri': 354.5461, 'N_ooa': 904.92626, 'N_ceu': 312.12176, 'N_chb': 327.27331, 'gr_ceu': 1e-05, 'gr_chb': 1e-05, 'm_yri_ooa': 0.0, 'm_yri_ceu': 1e-05, 'm_yri_chb': 1e-05, 'm_ceu_chb': 1e-05} -67538.68103218017
 
 
x_up: {'t1': 1.76843, 't2': 2.35038, 't3': 95.15226, 'N_anc': 478.78884, 'N_yri': 354.5461, 'N_ooa': 904.92626, 'N_ceu': 312.12176, 'N_chb': 327.27331, 'gr_ceu': 1e-05, 'gr_chb': 1e-05, 'm_yri_ooa': 0.0, 'm_yri_ceu': 1e-05, 'm_yri_chb': 1e-05, 'm_ceu_chb': 1e-05} -67553.66631614626
x: {'t1': 1.76843, 't2': 2.32267, 't3': 95.15226, 'N_anc': 478.78884, 'N_yri': 354.5461, 'N_ooa': 904.92626, 'N_ceu': 312.12176, 'N_chb': 327.27331, 'gr_ceu': 1e-05, 'gr_chb': 1e-05, 'm_yri_ooa': 0.0, 'm_yri_ceu': 1e-05, 'm_yri_chb': 1e-05, 'm_ceu_chb': 1e-05} -67534.36685566505
x_down: {'t1': 1.76843, 't2': 2.29496, 't3': 95.15226, 'N_anc': 478.78884, 'N_yri': 354.5461, 'N_ooa': 904.92626, 'N_ceu': 312.12176, 'N_chb': 327.27331, 'gr_ceu': 1e-05, 'gr_chb': 1e-05, 'm_yri_ooa': 0.0, 'm_yri_ceu': 1e-05, 'm_yri_chb': 1e-05, 'm_ceu_chb': 1e-05} -67546.30269697525
 
 
x_up: {'t1': 1.76843, 't2': 2.32267, 't3': 99.79374, 'N_anc': 478.78884, 'N_yri': 354.5461, 'N_ooa': 904.92626, 'N_ceu': 312.12176, 'N_chb': 327.27331, 'gr_ceu': 1e-05, 'gr_chb': 1e-05, 'm_yri_ooa': 0.0, 'm_yri_ceu': 1e-05, 'm_yri_chb': 1e-05, 'm_ceu_chb': 1e-05} -67536.67416914935
x: {'t1': 1.76843, 't2': 2.32267, 't3': 95.15226, 'N_anc': 478.78884, 'N_yri': 354.5461, 'N_ooa': 904.92626, 'N_ceu': 312.12176, 'N_chb': 327.27331, 'gr_ceu': 1e-05, 'gr_chb': 1e-05, 'm_yri_ooa': 0.0, 'm_yri_ceu': 1e-05, 'm_yri_chb': 1e-05, 'm_ceu_chb': 1e-05} -67534.36685566505
x_down: {'t1': 1.76843, 't2': 2.32267, 't3': 90.51078, 'N_anc': 478.78884, 'N_yri': 354.5461, 'N_ooa': 904.92626, 'N_ceu': 312.12176, 'N_chb': 327.27331, 'gr_ceu': 1e-05, 'gr_chb': 1e-05, 'm_yri_ooa': 0.0, 'm_yri_ceu': 1e-05, 'm_yri_chb': 1e-05, 'm_ceu_chb': 1e-05} -67539.9572962106
 
 
x_up: {'t1': 1.76843, 't2': 2.32267, 't3': 95.15226, 'N_anc': 497.72828, 'N_yri': 354.5461, 'N_ooa': 904.92626, 'N_ceu': 312.12176, 'N_chb': 327.27331, 'gr_ceu': 1e-05, 'gr_chb': 1e-05, 'm_yri_ooa': 0.0, 'm_yri_ceu': 1e-05, 'm_yri_chb': 1e-05, 'm_ceu_chb': 1e-05} -67534.39396051952
x: {'t1': 1.76843, 't2': 2.32267, 't3': 95.15226, 'N_anc': 478.78884, 'N_yri': 354.5461, 'N_ooa': 904.92626, 'N_ceu': 312.12176, 'N_chb': 327.27331, 'gr_ceu': 1e-05, 'gr_chb': 1e-05, 'm_yri_ooa': 0.0, 'm_yri_ceu': 1e-05, 'm_yri_chb': 1e-05, 'm_ceu_chb': 1e-05} -67534.36685566505
x_down: {'t1': 1.76843, 't2': 2.32267, 't3': 95.15226, 'N_anc': 459.8494, 'N_yri': 354.5461, 'N_ooa': 904.92626, 'N_ceu': 312.12176, 'N_chb': 327.27331, 'gr_ceu': 1e-05, 'gr_chb': 1e-05, 'm_yri_ooa': 0.0, 'm_yri_ceu': 1e-05, 'm_yri_chb': 1e-05, 'm_ceu_chb': 1e-05} -67534.642258179
 
 
x_up: {'t1': 1.76843, 't2': 2.32267, 't3': 95.15226, 'N_anc': 478.78884, 'N_yri': 367.27341, 'N_ooa': 904.92626, 'N_ceu': 312.12176, 'N_chb': 327.27331, 'gr_ceu': 1e-05, 'gr_chb': 1e-05, 'm_yri_ooa': 0.0, 'm_yri_ceu': 1e-05, 'm_yri_chb': 1e-05, 'm_ceu_chb': 1e-05} -67535.72606098975
x: {'t1': 1.76843, 't2': 2.32267, 't3': 95.15226, 'N_anc': 478.78884, 'N_yri': 354.5461, 'N_ooa': 904.92626, 'N_ceu': 312.12176, 'N_chb': 327.27331, 'gr_ceu': 1e-05, 'gr_chb': 1e-05, 'm_yri_ooa': 0.0, 'm_yri_ceu': 1e-05, 'm_yri_chb': 1e-05, 'm_ceu_chb': 1e-05} -67534.36685566505
x_down: {'t1': 1.76843, 't2': 2.32267, 't3': 95.15226, 'N_anc': 478.78884, 'N_yri': 341.8188, 'N_ooa': 904.92626, 'N_ceu': 312.12176, 'N_chb': 327.27331, 'gr_ceu': 1e-05, 'gr_chb': 1e-05, 'm_yri_ooa': 0.0, 'm_yri_ceu': 1e-05, 'm_yri_chb': 1e-05, 'm_ceu_chb': 1e-05} -67540.13752769856
 
 
x_up: {'t1': 1.76843, 't2': 2.32267, 't3': 95.15226, 'N_anc': 478.78884, 'N_yri': 354.5461, 'N_ooa': 945.17257, 'N_ceu': 312.12176, 'N_chb': 327.27331, 'gr_ceu': 1e-05, 'gr_chb': 1e-05, 'm_yri_ooa': 0.0, 'm_yri_ceu': 1e-05, 'm_yri_chb': 1e-05, 'm_ceu_chb': 1e-05} -67543.06366293835
x: {'t1': 1.76843, 't2': 2.32267, 't3': 95.15226, 'N_anc': 478.78884, 'N_yri': 354.5461, 'N_ooa': 904.92626, 'N_ceu': 312.12176, 'N_chb': 327.27331, 'gr_ceu': 1e-05, 'gr_chb': 1e-05, 'm_yri_ooa': 0.0, 'm_yri_ceu': 1e-05, 'm_yri_chb': 1e-05, 'm_ceu_chb': 1e-05} -67534.36685566505
x_down: {'t1': 1.76843, 't2': 2.32267, 't3': 95.15226, 'N_anc': 478.78884, 'N_yri': 354.5461, 'N_ooa': 864.67995, 'N_ceu': 312.12176, 'N_chb': 327.27331, 'gr_ceu': 1e-05, 'gr_chb': 1e-05, 'm_yri_ooa': 0.0, 'm_yri_ceu': 1e-05, 'm_yri_chb': 1e-05, 'm_ceu_chb': 1e-05} -67542.45445377397
 
 
x_up: {'t1': 1.76843, 't2': 2.32267, 't3': 95.15226, 'N_anc': 478.78884, 'N_yri': 354.5461, 'N_ooa': 904.92626, 'N_ceu': 322.72785, 'N_chb': 327.27331, 'gr_ceu': 1e-05, 'gr_chb': 1e-05, 'm_yri_ooa': 0.0, 'm_yri_ceu': 1e-05, 'm_yri_chb': 1e-05, 'm_ceu_chb': 1e-05} -67534.76780088095
x: {'t1': 1.76843, 't2': 2.32267, 't3': 95.15226, 'N_anc': 478.78884, 'N_yri': 354.5461, 'N_ooa': 904.92626, 'N_ceu': 312.12176, 'N_chb': 327.27331, 'gr_ceu': 1e-05, 'gr_chb': 1e-05, 'm_yri_ooa': 0.0, 'm_yri_ceu': 1e-05, 'm_yri_chb': 1e-05, 'm_ceu_chb': 1e-05} -67534.36685566505
x_down: {'t1': 1.76843, 't2': 2.32267, 't3': 95.15226, 'N_anc': 478.78884, 'N_yri': 354.5461, 'N_ooa': 904.92626, 'N_ceu': 301.51567, 'N_chb': 327.27331, 'gr_ceu': 1e-05, 'gr_chb': 1e-05, 'm_yri_ooa': 0.0, 'm_yri_ceu': 1e-05, 'm_yri_chb': 1e-05, 'm_ceu_chb': 1e-05} -67535.06352846313
 
 
x_up: {'t1': 1.76843, 't2': 2.32267, 't3': 95.15226, 'N_anc': 478.78884, 'N_yri': 354.5461, 'N_ooa': 904.92626, 'N_ceu': 312.12176, 'N_chb': 338.63698, 'gr_ceu': 1e-05, 'gr_chb': 1e-05, 'm_yri_ooa': 0.0, 'm_yri_ceu': 1e-05, 'm_yri_chb': 1e-05, 'm_ceu_chb': 1e-05} -67535.188922313
x: {'t1': 1.76843, 't2': 2.32267, 't3': 95.15226, 'N_anc': 478.78884, 'N_yri': 354.5461, 'N_ooa': 904.92626, 'N_ceu': 312.12176, 'N_chb': 327.27331, 'gr_ceu': 1e-05, 'gr_chb': 1e-05, 'm_yri_ooa': 0.0, 'm_yri_ceu': 1e-05, 'm_yri_chb': 1e-05, 'm_ceu_chb': 1e-05} -67534.36685566505
x_down: {'t1': 1.76843, 't2': 2.32267, 't3': 95.15226, 'N_anc': 478.78884, 'N_yri': 354.5461, 'N_ooa': 904.92626, 'N_ceu': 312.12176, 'N_chb': 315.90964, 'gr_ceu': 1e-05, 'gr_chb': 1e-05, 'm_yri_ooa': 0.0, 'm_yri_ceu': 1e-05, 'm_yri_chb': 1e-05, 'm_ceu_chb': 1e-05} -67534.73911645025
 
 
x_up: {'t1': 1.76843, 't2': 2.32267, 't3': 95.15226, 'N_anc': 478.78884, 'N_yri': 354.5461, 'N_ooa': 904.92626, 'N_ceu': 312.12176, 'N_chb': 327.27331, 'gr_ceu': 2e-05, 'gr_chb': 1e-05, 'm_yri_ooa': 0.0, 'm_yri_ceu': 1e-05, 'm_yri_chb': 1e-05, 'm_ceu_chb': 1e-05} -67534.367373724
x: {'t1': 1.76843, 't2': 2.32267, 't3': 95.15226, 'N_anc': 478.78884, 'N_yri': 354.5461, 'N_ooa': 904.92626, 'N_ceu': 312.12176, 'N_chb': 327.27331, 'gr_ceu': 1e-05, 'gr_chb': 1e-05, 'm_yri_ooa': 0.0, 'm_yri_ceu': 1e-05, 'm_yri_chb': 1e-05, 'm_ceu_chb': 1e-05} -67534.36685566505
x_down: {'t1': 1.76843, 't2': 2.32267, 't3': 95.15226, 'N_anc': 478.78884, 'N_yri': 354.5461, 'N_ooa': 904.92626, 'N_ceu': 312.12176, 'N_chb': 327.27331, 'gr_ceu': 1e-05, 'gr_chb': 1e-05, 'm_yri_ooa': 0.0, 'm_yri_ceu': 1e-05, 'm_yri_chb': 1e-05, 'm_ceu_chb': 1e-05} -67534.36685566505
 
 
x_up: {'t1': 1.76843, 't2': 2.32267, 't3': 95.15226, 'N_anc': 478.78884, 'N_yri': 354.5461, 'N_ooa': 904.92626, 'N_ceu': 312.12176, 'N_chb': 327.27331, 'gr_ceu': 1e-05, 'gr_chb': 2e-05, 'm_yri_ooa': 0.0, 'm_yri_ceu': 1e-05, 'm_yri_chb': 1e-05, 'm_ceu_chb': 1e-05} -67534.36743749518
x: {'t1': 1.76843, 't2': 2.32267, 't3': 95.15226, 'N_anc': 478.78884, 'N_yri': 354.5461, 'N_ooa': 904.92626, 'N_ceu': 312.12176, 'N_chb': 327.27331, 'gr_ceu': 1e-05, 'gr_chb': 1e-05, 'm_yri_ooa': 0.0, 'm_yri_ceu': 1e-05, 'm_yri_chb': 1e-05, 'm_ceu_chb': 1e-05} -67534.36685566505
x_down: {'t1': 1.76843, 't2': 2.32267, 't3': 95.15226, 'N_anc': 478.78884, 'N_yri': 354.5461, 'N_ooa': 904.92626, 'N_ceu': 312.12176, 'N_chb': 327.27331, 'gr_ceu': 1e-05, 'gr_chb': 1e-05, 'm_yri_ooa': 0.0, 'm_yri_ceu': 1e-05, 'm_yri_chb': 1e-05, 'm_ceu_chb': 1e-05} -67534.36685566505
 
 
x_up: {'t1': 1.76843, 't2': 2.32267, 't3': 95.15226, 'N_anc': 478.78884, 'N_yri': 354.5461, 'N_ooa': 904.92626, 'N_ceu': 312.12176, 'N_chb': 327.27331, 'gr_ceu': 1e-05, 'gr_chb': 1e-05, 'm_yri_ooa': 0.0, 'm_yri_ceu': 1e-05, 'm_yri_chb': 1e-05, 'm_ceu_chb': 1e-05} -67534.36685566505
x: {'t1': 1.76843, 't2': 2.32267, 't3': 95.15226, 'N_anc': 478.78884, 'N_yri': 354.5461, 'N_ooa': 904.92626, 'N_ceu': 312.12176, 'N_chb': 327.27331, 'gr_ceu': 1e-05, 'gr_chb': 1e-05, 'm_yri_ooa': 0.0, 'm_yri_ceu': 1e-05, 'm_yri_chb': 1e-05, 'm_ceu_chb': 1e-05} -67534.36685566505
x_down: {'t1': 1.76843, 't2': 2.32267, 't3': 95.15226, 'N_anc': 478.78884, 'N_yri': 354.5461, 'N_ooa': 904.92626, 'N_ceu': 312.12176, 'N_chb': 327.27331, 'gr_ceu': 1e-05, 'gr_chb': 1e-05, 'm_yri_ooa': 1e-05, 'm_yri_ceu': 1e-05, 'm_yri_chb': 1e-05, 'm_ceu_chb': 1e-05} -67534.3691977241
 
 
x_up: {'t1': 1.76843, 't2': 2.32267, 't3': 95.15226, 'N_anc': 478.78884, 'N_yri': 354.5461, 'N_ooa': 904.92626, 'N_ceu': 312.12176, 'N_chb': 327.27331, 'gr_ceu': 1e-05, 'gr_chb': 1e-05, 'm_yri_ooa': 0.0, 'm_yri_ceu': 0.0, 'm_yri_chb': 1e-05, 'm_ceu_chb': 1e-05} -67534.36685566648
x: {'t1': 1.76843, 't2': 2.32267, 't3': 95.15226, 'N_anc': 478.78884, 'N_yri': 354.5461, 'N_ooa': 904.92626, 'N_ceu': 312.12176, 'N_chb': 327.27331, 'gr_ceu': 1e-05, 'gr_chb': 1e-05, 'm_yri_ooa': 0.0, 'm_yri_ceu': 1e-05, 'm_yri_chb': 1e-05, 'm_ceu_chb': 1e-05} -67534.36685566505
x_down: {'t1': 1.76843, 't2': 2.32267, 't3': 95.15226, 'N_anc': 478.78884, 'N_yri': 354.5461, 'N_ooa': 904.92626, 'N_ceu': 312.12176, 'N_chb': 327.27331, 'gr_ceu': 1e-05, 'gr_chb': 1e-05, 'm_yri_ooa': 0.0, 'm_yri_ceu': 1e-05, 'm_yri_chb': 1e-05, 'm_ceu_chb': 1e-05} -67534.36685566505
 
 
x_up: {'t1': 1.76843, 't2': 2.32267, 't3': 95.15226, 'N_anc': 478.78884, 'N_yri': 354.5461, 'N_ooa': 904.92626, 'N_ceu': 312.12176, 'N_chb': 327.27331, 'gr_ceu': 1e-05, 'gr_chb': 1e-05, 'm_yri_ooa': 0.0, 'm_yri_ceu': 1e-05, 'm_yri_chb': 0.0, 'm_ceu_chb': 1e-05} -67534.36685566639
x: {'t1': 1.76843, 't2': 2.32267, 't3': 95.15226, 'N_anc': 478.78884, 'N_yri': 354.5461, 'N_ooa': 904.92626, 'N_ceu': 312.12176, 'N_chb': 327.27331, 'gr_ceu': 1e-05, 'gr_chb': 1e-05, 'm_yri_ooa': 0.0, 'm_yri_ceu': 1e-05, 'm_yri_chb': 1e-05, 'm_ceu_chb': 1e-05} -67534.36685566505
x_down: {'t1': 1.76843, 't2': 2.32267, 't3': 95.15226, 'N_anc': 478.78884, 'N_yri': 354.5461, 'N_ooa': 904.92626, 'N_ceu': 312.12176, 'N_chb': 327.27331, 'gr_ceu': 1e-05, 'gr_chb': 1e-05, 'm_yri_ooa': 0.0, 'm_yri_ceu': 1e-05, 'm_yri_chb': 1e-05, 'm_ceu_chb': 1e-05} -67534.36685566505
 
 
x_up: {'t1': 1.76843, 't2': 2.32267, 't3': 95.15226, 'N_anc': 478.78884, 'N_yri': 354.5461, 'N_ooa': 904.92626, 'N_ceu': 312.12176, 'N_chb': 327.27331, 'gr_ceu': 1e-05, 'gr_chb': 1e-05, 'm_yri_ooa': 0.0, 'm_yri_ceu': 1e-05, 'm_yri_chb': 1e-05, 'm_ceu_chb': 0.0} -67534.36685566553
x: {'t1': 1.76843, 't2': 2.32267, 't3': 95.15226, 'N_anc': 478.78884, 'N_yri': 354.5461, 'N_ooa': 904.92626, 'N_ceu': 312.12176, 'N_chb': 327.27331, 'gr_ceu': 1e-05, 'gr_chb': 1e-05, 'm_yri_ooa': 0.0, 'm_yri_ceu': 1e-05, 'm_yri_chb': 1e-05, 'm_ceu_chb': 1e-05} -67534.36685566505
x_down: {'t1': 1.76843, 't2': 2.32267, 't3': 95.15226, 'N_anc': 478.78884, 'N_yri': 354.5461, 'N_ooa': 904.92626, 'N_ceu': 312.12176, 'N_chb': 327.27331, 'gr_ceu': 1e-05, 'gr_chb': 1e-05, 'm_yri_ooa': 0.0, 'm_yri_ceu': 1e-05, 'm_yri_chb': 1e-05, 'm_ceu_chb': 1e-05} -67534.36685566505
 
{'t1': 1.76843, 't2': 2.32267, 't3': 95.15226, 'N_anc': 478.78884, 'N_yri': 354.5461, 'N_ooa': 904.92626, 'N_ceu': 312.12176, 'N_chb': 327.27331, 'gr_ceu': 1e-05, 'gr_chb': 1e-05, 'm_yri_ooa': 0.0, 'm_yri_ceu': 1e-05, 'm_yri_chb': 1e-05, 'm_ceu_chb': 1e-05} -67534.36685566505
2026-09-23 12:08:42,900 - INFO - Finished fitting ARG.
2026-09-23 12:08:42,900 - INFO - Finished in 5h 27m 23.5s
2026-09-23 12:08:42,900 - INFO - Estimated: {'t1': 1.76843, 't2': 2.32267, 't3': 95.15226, 'N_anc': 478.78884, 'N_yri': 354.5461, 'N_ooa': 904.92626, 'N_ceu': 312.12176, 'N_chb': 327.27331, 'gr_ceu': 1e-05, 'gr_chb': 1e-05, 'm_yri_ooa': 0.0, 'm_yri_ceu': 1e-05, 'm_yri_chb': 1e-05, 'm_ceu_chb': 1e-05}
2026-09-23 12:08:42,900 - INFO - logp = -67534.36685566505  (true = -115987.79849825357)
2026-09-23 12:08:42,900 - INFO - Pipeline executed succesfully.
