2026-09-23 06:38:34,446 - INFO - Beginning execution of simulate_and_fit_ARG.py in directory /home1/mahj/glike_optimize/opt_scripts

2026-09-23 06:38:34,446 - INFO - Progress is being logged to ../opt_results_glike_3G09_no_m1/ntree_10_rep_2_simulate_ARG.log

2026-09-23 06:38:34,446 - INFO - Parsed the following arguments:
	N_SAMPLES = 1000.0
	SEQUENCE_LENGTH = 30000000.0
	RECOMBINATION_RATE = 1e-08
	SEED = 1
	NUM_TREES = 10
	OPTIMIZER = glike
	MODEL = 3G09
	KAPPA = 10000
	outprefix = ../opt_results_glike_3G09_no_m1/ntree_10_rep_2

2026-09-23 06:38:34,490 - INFO - Sampling 1000 individuals with ploidy 1 in population 1 (name='ceu') at time 0
2026-09-23 06:38:34,492 - INFO - Starting replicate 0
2026-09-23 06:38:34,493 - INFO - model[0] {'name': 'hudson'} started at time=0 nodes=1000 edges=0
2026-09-23 06:38:34,493 - INFO - Running model {'name': 'hudson'} until max time: inf
2026-09-23 06:38:34,508 - INFO - Completed at time=825.393 nodes=4008 edges=12940
2026-09-23 06:38:34,577 - INFO - Finished simulating ARG.
[phase from 0.0 to 19.0]
        admix
ns   0.000006
grs  0.078000

[phase from 19.0 to 411.0]
       afr    eur   asia    pol
admix  0.0  0.198  0.334  0.468
        afr       eur     asia       pol
ns   0.0001  0.000075  0.00004  0.000064
grs  0.0000  0.000000  0.00000  0.000000

[phase from 411.0 to 1040.0]
      afr  eur  asia
afr     1    0     0
eur     0    1     0
asia    0    0     1
pol     0    0     1
        afr       eur     asia
ns   0.0001  0.000075  0.00037
grs  0.0000  0.000000  0.00000

[phase from 1040.0 to 2004.0]
      afr  eur
afr     1    0
eur     0    1
asia    0    1
        afr       eur
ns   0.0001  0.000405
grs  0.0000  0.000000

[phase from 2004.0 to inf]
     A
afr  1
eur  1
            A
ns   0.000375
grs  0.000000

2026-09-23 06:38:34,663 - INFO - Starting glike optimization.
{'t1': 10, 't2': 50, 't3': 100, 'N_anc': 10000, 'N_yri': 10000, 'N_ooa': 10000, 'N_ceu': 10000, 'N_chb': 10000, 'gr_ceu': 0.1, 'gr_chb': 0.1, 'm_yri_ooa': 0.0, 'm_yri_ceu': 0.0, 'm_yri_chb': 0.0, 'm_ceu_chb': 0.0} -96355.16191599827
 
x_up: {'t1': 10.9, 't2': 50, 't3': 100, 'N_anc': 10000, 'N_yri': 10000, 'N_ooa': 10000, 'N_ceu': 10000, 'N_chb': 10000, 'gr_ceu': 0.1, 'gr_chb': 0.1, 'm_yri_ooa': 0.0, 'm_yri_ceu': 0.0, 'm_yri_chb': 0.0, 'm_ceu_chb': 0.0} -96876.48152242656
x: {'t1': 10, 't2': 50, 't3': 100, 'N_anc': 10000, 'N_yri': 10000, 'N_ooa': 10000, 'N_ceu': 10000, 'N_chb': 10000, 'gr_ceu': 0.1, 'gr_chb': 0.1, 'm_yri_ooa': 0.0, 'm_yri_ceu': 0.0, 'm_yri_chb': 0.0, 'm_ceu_chb': 0.0} -96355.16191599827
x_down: {'t1': 9.1, 't2': 50, 't3': 100, 'N_anc': 10000, 'N_yri': 10000, 'N_ooa': 10000, 'N_ceu': 10000, 'N_chb': 10000, 'gr_ceu': 0.1, 'gr_chb': 0.1, 'm_yri_ooa': 0.0, 'm_yri_ceu': 0.0, 'm_yri_chb': 0.0, 'm_ceu_chb': 0.0} -95760.38015400687
 
 
x_up: {'t1': 9.1, 't2': 54.09, 't3': 100, 'N_anc': 10000, 'N_yri': 10000, 'N_ooa': 10000, 'N_ceu': 10000, 'N_chb': 10000, 'gr_ceu': 0.1, 'gr_chb': 0.1, 'm_yri_ooa': 0.0, 'm_yri_ceu': 0.0, 'm_yri_chb': 0.0, 'm_ceu_chb': 0.0} -95780.470678352
x: {'t1': 9.1, 't2': 50, 't3': 100, 'N_anc': 10000, 'N_yri': 10000, 'N_ooa': 10000, 'N_ceu': 10000, 'N_chb': 10000, 'gr_ceu': 0.1, 'gr_chb': 0.1, 'm_yri_ooa': 0.0, 'm_yri_ceu': 0.0, 'm_yri_chb': 0.0, 'm_ceu_chb': 0.0} -95760.38015400687
x_down: {'t1': 9.1, 't2': 45.91, 't3': 100, 'N_anc': 10000, 'N_yri': 10000, 'N_ooa': 10000, 'N_ceu': 10000, 'N_chb': 10000, 'gr_ceu': 0.1, 'gr_chb': 0.1, 'm_yri_ooa': 0.0, 'm_yri_ceu': 0.0, 'm_yri_chb': 0.0, 'm_ceu_chb': 0.0} -95703.56674348339
 
 
x_up: {'t1': 9.1, 't2': 45.91, 't3': 105.409, 'N_anc': 10000, 'N_yri': 10000, 'N_ooa': 10000, 'N_ceu': 10000, 'N_chb': 10000, 'gr_ceu': 0.1, 'gr_chb': 0.1, 'm_yri_ooa': 0.0, 'm_yri_ceu': 0.0, 'm_yri_chb': 0.0, 'm_ceu_chb': 0.0} -95703.56674348339
x: {'t1': 9.1, 't2': 45.91, 't3': 100, 'N_anc': 10000, 'N_yri': 10000, 'N_ooa': 10000, 'N_ceu': 10000, 'N_chb': 10000, 'gr_ceu': 0.1, 'gr_chb': 0.1, 'm_yri_ooa': 0.0, 'm_yri_ceu': 0.0, 'm_yri_chb': 0.0, 'm_ceu_chb': 0.0} -95703.56674348339
x_down: {'t1': 9.1, 't2': 45.91, 't3': 94.591, 'N_anc': 10000, 'N_yri': 10000, 'N_ooa': 10000, 'N_ceu': 10000, 'N_chb': 10000, 'gr_ceu': 0.1, 'gr_chb': 0.1, 'm_yri_ooa': 0.0, 'm_yri_ceu': 0.0, 'm_yri_chb': 0.0, 'm_ceu_chb': 0.0} -95703.56674348339
 
 
x_up: {'t1': 9.1, 't2': 45.91, 't3': 100, 'N_anc': 10990.0, 'N_yri': 10000, 'N_ooa': 10000, 'N_ceu': 10000, 'N_chb': 10000, 'gr_ceu': 0.1, 'gr_chb': 0.1, 'm_yri_ooa': 0.0, 'm_yri_ceu': 0.0, 'm_yri_chb': 0.0, 'm_ceu_chb': 0.0} -95718.87069701217
x: {'t1': 9.1, 't2': 45.91, 't3': 100, 'N_anc': 10000, 'N_yri': 10000, 'N_ooa': 10000, 'N_ceu': 10000, 'N_chb': 10000, 'gr_ceu': 0.1, 'gr_chb': 0.1, 'm_yri_ooa': 0.0, 'm_yri_ceu': 0.0, 'm_yri_chb': 0.0, 'm_ceu_chb': 0.0} -95703.56674348339
x_down: {'t1': 9.1, 't2': 45.91, 't3': 100, 'N_anc': 9010.0, 'N_yri': 10000, 'N_ooa': 10000, 'N_ceu': 10000, 'N_chb': 10000, 'gr_ceu': 0.1, 'gr_chb': 0.1, 'm_yri_ooa': 0.0, 'm_yri_ceu': 0.0, 'm_yri_chb': 0.0, 'm_ceu_chb': 0.0} -95686.75193492297
 
 
x_up: {'t1': 9.1, 't2': 45.91, 't3': 100, 'N_anc': 9010.0, 'N_yri': 10990.0, 'N_ooa': 10000, 'N_ceu': 10000, 'N_chb': 10000, 'gr_ceu': 0.1, 'gr_chb': 0.1, 'm_yri_ooa': 0.0, 'm_yri_ceu': 0.0, 'm_yri_chb': 0.0, 'm_ceu_chb': 0.0} -95847.2757710199
x: {'t1': 9.1, 't2': 45.91, 't3': 100, 'N_anc': 9010.0, 'N_yri': 10000, 'N_ooa': 10000, 'N_ceu': 10000, 'N_chb': 10000, 'gr_ceu': 0.1, 'gr_chb': 0.1, 'm_yri_ooa': 0.0, 'm_yri_ceu': 0.0, 'm_yri_chb': 0.0, 'm_ceu_chb': 0.0} -95686.75193492297
x_down: {'t1': 9.1, 't2': 45.91, 't3': 100, 'N_anc': 9010.0, 'N_yri': 9010.0, 'N_ooa': 10000, 'N_ceu': 10000, 'N_chb': 10000, 'gr_ceu': 0.1, 'gr_chb': 0.1, 'm_yri_ooa': 0.0, 'm_yri_ceu': 0.0, 'm_yri_chb': 0.0, 'm_ceu_chb': 0.0} -95496.81576793907
 
 
x_up: {'t1': 9.1, 't2': 45.91, 't3': 100, 'N_anc': 9010.0, 'N_yri': 9010.0, 'N_ooa': 10990.0, 'N_ceu': 10000, 'N_chb': 10000, 'gr_ceu': 0.1, 'gr_chb': 0.1, 'm_yri_ooa': 0.0, 'm_yri_ceu': 0.0, 'm_yri_chb': 0.0, 'm_ceu_chb': 0.0} -95627.39479127742
x: {'t1': 9.1, 't2': 45.91, 't3': 100, 'N_anc': 9010.0, 'N_yri': 9010.0, 'N_ooa': 10000, 'N_ceu': 10000, 'N_chb': 10000, 'gr_ceu': 0.1, 'gr_chb': 0.1, 'm_yri_ooa': 0.0, 'm_yri_ceu': 0.0, 'm_yri_chb': 0.0, 'm_ceu_chb': 0.0} -95496.81576793907
x_down: {'t1': 9.1, 't2': 45.91, 't3': 100, 'N_anc': 9010.0, 'N_yri': 9010.0, 'N_ooa': 9010.0, 'N_ceu': 10000, 'N_chb': 10000, 'gr_ceu': 0.1, 'gr_chb': 0.1, 'm_yri_ooa': 0.0, 'm_yri_ceu': 0.0, 'm_yri_chb': 0.0, 'm_ceu_chb': 0.0} -95379.36609276882
 
 
x_up: {'t1': 9.1, 't2': 45.91, 't3': 100, 'N_anc': 9010.0, 'N_yri': 9010.0, 'N_ooa': 9010.0, 'N_ceu': 10990.0, 'N_chb': 10000, 'gr_ceu': 0.1, 'gr_chb': 0.1, 'm_yri_ooa': 0.0, 'm_yri_ceu': 0.0, 'm_yri_chb': 0.0, 'm_ceu_chb': 0.0} -95639.40577649735
x: {'t1': 9.1, 't2': 45.91, 't3': 100, 'N_anc': 9010.0, 'N_yri': 9010.0, 'N_ooa': 9010.0, 'N_ceu': 10000, 'N_chb': 10000, 'gr_ceu': 0.1, 'gr_chb': 0.1, 'm_yri_ooa': 0.0, 'm_yri_ceu': 0.0, 'm_yri_chb': 0.0, 'm_ceu_chb': 0.0} -95379.36609276882
x_down: {'t1': 9.1, 't2': 45.91, 't3': 100, 'N_anc': 9010.0, 'N_yri': 9010.0, 'N_ooa': 9010.0, 'N_ceu': 9010.0, 'N_chb': 10000, 'gr_ceu': 0.1, 'gr_chb': 0.1, 'm_yri_ooa': 0.0, 'm_yri_ceu': 0.0, 'm_yri_chb': 0.0, 'm_ceu_chb': 0.0} -94977.27592553209
 
 
x_up: {'t1': 9.1, 't2': 45.91, 't3': 100, 'N_anc': 9010.0, 'N_yri': 9010.0, 'N_ooa': 9010.0, 'N_ceu': 9010.0, 'N_chb': 10990.0, 'gr_ceu': 0.1, 'gr_chb': 0.1, 'm_yri_ooa': 0.0, 'm_yri_ceu': 0.0, 'm_yri_chb': 0.0, 'm_ceu_chb': 0.0} -95176.87720937509
x: {'t1': 9.1, 't2': 45.91, 't3': 100, 'N_anc': 9010.0, 'N_yri': 9010.0, 'N_ooa': 9010.0, 'N_ceu': 9010.0, 'N_chb': 10000, 'gr_ceu': 0.1, 'gr_chb': 0.1, 'm_yri_ooa': 0.0, 'm_yri_ceu': 0.0, 'm_yri_chb': 0.0, 'm_ceu_chb': 0.0} -94977.27592553209
x_down: {'t1': 9.1, 't2': 45.91, 't3': 100, 'N_anc': 9010.0, 'N_yri': 9010.0, 'N_ooa': 9010.0, 'N_ceu': 9010.0, 'N_chb': 9010.0, 'gr_ceu': 0.1, 'gr_chb': 0.1, 'm_yri_ooa': 0.0, 'm_yri_ceu': 0.0, 'm_yri_chb': 0.0, 'm_ceu_chb': 0.0} -94698.34633397375
 
 
x_up: {'t1': 9.1, 't2': 45.91, 't3': 100, 'N_anc': 9010.0, 'N_yri': 9010.0, 'N_ooa': 9010.0, 'N_ceu': 9010.0, 'N_chb': 9010.0, 'gr_ceu': 0.11, 'gr_chb': 0.1, 'm_yri_ooa': 0.0, 'm_yri_ceu': 0.0, 'm_yri_chb': 0.0, 'm_ceu_chb': 0.0} -94894.59897989951
x: {'t1': 9.1, 't2': 45.91, 't3': 100, 'N_anc': 9010.0, 'N_yri': 9010.0, 'N_ooa': 9010.0, 'N_ceu': 9010.0, 'N_chb': 9010.0, 'gr_ceu': 0.1, 'gr_chb': 0.1, 'm_yri_ooa': 0.0, 'm_yri_ceu': 0.0, 'm_yri_chb': 0.0, 'm_ceu_chb': 0.0} -94698.34633397375
x_down: {'t1': 9.1, 't2': 45.91, 't3': 100, 'N_anc': 9010.0, 'N_yri': 9010.0, 'N_ooa': 9010.0, 'N_ceu': 9010.0, 'N_chb': 9010.0, 'gr_ceu': 0.09, 'gr_chb': 0.1, 'm_yri_ooa': 0.0, 'm_yri_ceu': 0.0, 'm_yri_chb': 0.0, 'm_ceu_chb': 0.0} -94445.80019677558
 
 
x_up: {'t1': 9.1, 't2': 45.91, 't3': 100, 'N_anc': 9010.0, 'N_yri': 9010.0, 'N_ooa': 9010.0, 'N_ceu': 9010.0, 'N_chb': 9010.0, 'gr_ceu': 0.09, 'gr_chb': 0.11, 'm_yri_ooa': 0.0, 'm_yri_ceu': 0.0, 'm_yri_chb': 0.0, 'm_ceu_chb': 0.0} -94600.7402044272
x: {'t1': 9.1, 't2': 45.91, 't3': 100, 'N_anc': 9010.0, 'N_yri': 9010.0, 'N_ooa': 9010.0, 'N_ceu': 9010.0, 'N_chb': 9010.0, 'gr_ceu': 0.09, 'gr_chb': 0.1, 'm_yri_ooa': 0.0, 'm_yri_ceu': 0.0, 'm_yri_chb': 0.0, 'm_ceu_chb': 0.0} -94445.80019677558
x_down: {'t1': 9.1, 't2': 45.91, 't3': 100, 'N_anc': 9010.0, 'N_yri': 9010.0, 'N_ooa': 9010.0, 'N_ceu': 9010.0, 'N_chb': 9010.0, 'gr_ceu': 0.09, 'gr_chb': 0.09, 'm_yri_ooa': 0.0, 'm_yri_ceu': 0.0, 'm_yri_chb': 0.0, 'm_ceu_chb': 0.0} -94251.0351722341
 
 
x_up: {'t1': 9.1, 't2': 45.91, 't3': 100, 'N_anc': 9010.0, 'N_yri': 9010.0, 'N_ooa': 9010.0, 'N_ceu': 9010.0, 'N_chb': 9010.0, 'gr_ceu': 0.09, 'gr_chb': 0.09, 'm_yri_ooa': 0.0, 'm_yri_ceu': 0.0, 'm_yri_chb': 0.0, 'm_ceu_chb': 0.0} -94251.0351722341
x: {'t1': 9.1, 't2': 45.91, 't3': 100, 'N_anc': 9010.0, 'N_yri': 9010.0, 'N_ooa': 9010.0, 'N_ceu': 9010.0, 'N_chb': 9010.0, 'gr_ceu': 0.09, 'gr_chb': 0.09, 'm_yri_ooa': 0.0, 'm_yri_ceu': 0.0, 'm_yri_chb': 0.0, 'm_ceu_chb': 0.0} -94251.0351722341
x_down: {'t1': 9.1, 't2': 45.91, 't3': 100, 'N_anc': 9010.0, 'N_yri': 9010.0, 'N_ooa': 9010.0, 'N_ceu': 9010.0, 'N_chb': 9010.0, 'gr_ceu': 0.09, 'gr_chb': 0.09, 'm_yri_ooa': 1e-05, 'm_yri_ceu': 0.0, 'm_yri_chb': 0.0, 'm_ceu_chb': 0.0} -94184.70389894271
 
 
x_up: {'t1': 9.1, 't2': 45.91, 't3': 100, 'N_anc': 9010.0, 'N_yri': 9010.0, 'N_ooa': 9010.0, 'N_ceu': 9010.0, 'N_chb': 9010.0, 'gr_ceu': 0.09, 'gr_chb': 0.09, 'm_yri_ooa': 1e-05, 'm_yri_ceu': 0.0, 'm_yri_chb': 0.0, 'm_ceu_chb': 0.0} -94184.70389894271
x: {'t1': 9.1, 't2': 45.91, 't3': 100, 'N_anc': 9010.0, 'N_yri': 9010.0, 'N_ooa': 9010.0, 'N_ceu': 9010.0, 'N_chb': 9010.0, 'gr_ceu': 0.09, 'gr_chb': 0.09, 'm_yri_ooa': 1e-05, 'm_yri_ceu': 0.0, 'm_yri_chb': 0.0, 'm_ceu_chb': 0.0} -94184.70389894271
x_down: {'t1': 9.1, 't2': 45.91, 't3': 100, 'N_anc': 9010.0, 'N_yri': 9010.0, 'N_ooa': 9010.0, 'N_ceu': 9010.0, 'N_chb': 9010.0, 'gr_ceu': 0.09, 'gr_chb': 0.09, 'm_yri_ooa': 1e-05, 'm_yri_ceu': 1e-05, 'm_yri_chb': 0.0, 'm_ceu_chb': 0.0} -94184.703898944
 
 
x_up: {'t1': 9.1, 't2': 45.91, 't3': 100, 'N_anc': 9010.0, 'N_yri': 9010.0, 'N_ooa': 9010.0, 'N_ceu': 9010.0, 'N_chb': 9010.0, 'gr_ceu': 0.09, 'gr_chb': 0.09, 'm_yri_ooa': 1e-05, 'm_yri_ceu': 0.0, 'm_yri_chb': 0.0, 'm_ceu_chb': 0.0} -94184.70389894271
x: {'t1': 9.1, 't2': 45.91, 't3': 100, 'N_anc': 9010.0, 'N_yri': 9010.0, 'N_ooa': 9010.0, 'N_ceu': 9010.0, 'N_chb': 9010.0, 'gr_ceu': 0.09, 'gr_chb': 0.09, 'm_yri_ooa': 1e-05, 'm_yri_ceu': 0.0, 'm_yri_chb': 0.0, 'm_ceu_chb': 0.0} -94184.70389894271
x_down: {'t1': 9.1, 't2': 45.91, 't3': 100, 'N_anc': 9010.0, 'N_yri': 9010.0, 'N_ooa': 9010.0, 'N_ceu': 9010.0, 'N_chb': 9010.0, 'gr_ceu': 0.09, 'gr_chb': 0.09, 'm_yri_ooa': 1e-05, 'm_yri_ceu': 0.0, 'm_yri_chb': 1e-05, 'm_ceu_chb': 0.0} -94184.7038989436
 
 
x_up: {'t1': 9.1, 't2': 45.91, 't3': 100, 'N_anc': 9010.0, 'N_yri': 9010.0, 'N_ooa': 9010.0, 'N_ceu': 9010.0, 'N_chb': 9010.0, 'gr_ceu': 0.09, 'gr_chb': 0.09, 'm_yri_ooa': 1e-05, 'm_yri_ceu': 0.0, 'm_yri_chb': 0.0, 'm_ceu_chb': 0.0} -94184.70389894271
x: {'t1': 9.1, 't2': 45.91, 't3': 100, 'N_anc': 9010.0, 'N_yri': 9010.0, 'N_ooa': 9010.0, 'N_ceu': 9010.0, 'N_chb': 9010.0, 'gr_ceu': 0.09, 'gr_chb': 0.09, 'm_yri_ooa': 1e-05, 'm_yri_ceu': 0.0, 'm_yri_chb': 0.0, 'm_ceu_chb': 0.0} -94184.70389894271
x_down: {'t1': 9.1, 't2': 45.91, 't3': 100, 'N_anc': 9010.0, 'N_yri': 9010.0, 'N_ooa': 9010.0, 'N_ceu': 9010.0, 'N_chb': 9010.0, 'gr_ceu': 0.09, 'gr_chb': 0.09, 'm_yri_ooa': 1e-05, 'm_yri_ceu': 0.0, 'm_yri_chb': 0.0, 'm_ceu_chb': 1e-05} -94184.70389894296
 
{'t1': 9.1, 't2': 45.91, 't3': 100, 'N_anc': 9010.0, 'N_yri': 9010.0, 'N_ooa': 9010.0, 'N_ceu': 9010.0, 'N_chb': 9010.0, 'gr_ceu': 0.09, 'gr_chb': 0.09, 'm_yri_ooa': 1e-05, 'm_yri_ceu': 0.0, 'm_yri_chb': 0.0, 'm_ceu_chb': 0.0} -94184.70389894271
 
x_up: {'t1': 10.315, 't2': 45.91, 't3': 100, 'N_anc': 9010.0, 'N_yri': 9010.0, 'N_ooa': 9010.0, 'N_ceu': 9010.0, 'N_chb': 9010.0, 'gr_ceu': 0.09, 'gr_chb': 0.09, 'm_yri_ooa': 1e-05, 'm_yri_ceu': 0.0, 'm_yri_chb': 0.0, 'm_ceu_chb': 0.0} -94771.06615881578
x: {'t1': 9.1, 't2': 45.91, 't3': 100, 'N_anc': 9010.0, 'N_yri': 9010.0, 'N_ooa': 9010.0, 'N_ceu': 9010.0, 'N_chb': 9010.0, 'gr_ceu': 0.09, 'gr_chb': 0.09, 'm_yri_ooa': 1e-05, 'm_yri_ceu': 0.0, 'm_yri_chb': 0.0, 'm_ceu_chb': 0.0} -94184.70389894271
x_down: {'t1': 7.885, 't2': 45.91, 't3': 100, 'N_anc': 9010.0, 'N_yri': 9010.0, 'N_ooa': 9010.0, 'N_ceu': 9010.0, 'N_chb': 9010.0, 'gr_ceu': 0.09, 'gr_chb': 0.09, 'm_yri_ooa': 1e-05, 'm_yri_ceu': 0.0, 'm_yri_chb': 0.0, 'm_ceu_chb': 0.0} -93448.75709872693
 
 
x_up: {'t1': 7.885, 't2': 51.61375, 't3': 100, 'N_anc': 9010.0, 'N_yri': 9010.0, 'N_ooa': 9010.0, 'N_ceu': 9010.0, 'N_chb': 9010.0, 'gr_ceu': 0.09, 'gr_chb': 0.09, 'm_yri_ooa': 1e-05, 'm_yri_ceu': 0.0, 'm_yri_chb': 0.0, 'm_ceu_chb': 0.0} -93509.98497747134
x: {'t1': 7.885, 't2': 45.91, 't3': 100, 'N_anc': 9010.0, 'N_yri': 9010.0, 'N_ooa': 9010.0, 'N_ceu': 9010.0, 'N_chb': 9010.0, 'gr_ceu': 0.09, 'gr_chb': 0.09, 'm_yri_ooa': 1e-05, 'm_yri_ceu': 0.0, 'm_yri_chb': 0.0, 'm_ceu_chb': 0.0} -93448.75709872693
x_down: {'t1': 7.885, 't2': 40.20625, 't3': 100, 'N_anc': 9010.0, 'N_yri': 9010.0, 'N_ooa': 9010.0, 'N_ceu': 9010.0, 'N_chb': 9010.0, 'gr_ceu': 0.09, 'gr_chb': 0.09, 'm_yri_ooa': 1e-05, 'm_yri_ceu': 0.0, 'm_yri_chb': 0.0, 'm_ceu_chb': 0.0} -93274.61123966807
 
 
x_up: {'t1': 7.885, 't2': 40.20625, 't3': 102.98969, 'N_anc': 9010.0, 'N_yri': 9010.0, 'N_ooa': 9010.0, 'N_ceu': 9010.0, 'N_chb': 9010.0, 'gr_ceu': 0.09, 'gr_chb': 0.09, 'm_yri_ooa': 1e-05, 'm_yri_ceu': 0.0, 'm_yri_chb': 0.0, 'm_ceu_chb': 0.0} -93274.61123966807
x: {'t1': 7.885, 't2': 40.20625, 't3': 100, 'N_anc': 9010.0, 'N_yri': 9010.0, 'N_ooa': 9010.0, 'N_ceu': 9010.0, 'N_chb': 9010.0, 'gr_ceu': 0.09, 'gr_chb': 0.09, 'm_yri_ooa': 1e-05, 'm_yri_ceu': 0.0, 'm_yri_chb': 0.0, 'm_ceu_chb': 0.0} -93274.61123966807
x_down: {'t1': 7.885, 't2': 40.20625, 't3': 97.01031, 'N_anc': 9010.0, 'N_yri': 9010.0, 'N_ooa': 9010.0, 'N_ceu': 9010.0, 'N_chb': 9010.0, 'gr_ceu': 0.09, 'gr_chb': 0.09, 'm_yri_ooa': 1e-05, 'm_yri_ceu': 0.0, 'm_yri_chb': 0.0, 'm_ceu_chb': 0.0} -93274.61123966807
 
 
x_up: {'t1': 7.885, 't2': 40.20625, 't3': 100, 'N_anc': 10346.5, 'N_yri': 9010.0, 'N_ooa': 9010.0, 'N_ceu': 9010.0, 'N_chb': 9010.0, 'gr_ceu': 0.09, 'gr_chb': 0.09, 'm_yri_ooa': 1e-05, 'm_yri_ceu': 0.0, 'm_yri_chb': 0.0, 'm_ceu_chb': 0.0} -93296.94013759808
x: {'t1': 7.885, 't2': 40.20625, 't3': 100, 'N_anc': 9010.0, 'N_yri': 9010.0, 'N_ooa': 9010.0, 'N_ceu': 9010.0, 'N_chb': 9010.0, 'gr_ceu': 0.09, 'gr_chb': 0.09, 'm_yri_ooa': 1e-05, 'm_yri_ceu': 0.0, 'm_yri_chb': 0.0, 'm_ceu_chb': 0.0} -93274.61123966807
x_down: {'t1': 7.885, 't2': 40.20625, 't3': 100, 'N_anc': 7673.5, 'N_yri': 9010.0, 'N_ooa': 9010.0, 'N_ceu': 9010.0, 'N_chb': 9010.0, 'gr_ceu': 0.09, 'gr_chb': 0.09, 'm_yri_ooa': 1e-05, 'm_yri_ceu': 0.0, 'm_yri_chb': 0.0, 'm_ceu_chb': 0.0} -93248.91256867677
 
 
x_up: {'t1': 7.885, 't2': 40.20625, 't3': 100, 'N_anc': 7673.5, 'N_yri': 10346.5, 'N_ooa': 9010.0, 'N_ceu': 9010.0, 'N_chb': 9010.0, 'gr_ceu': 0.09, 'gr_chb': 0.09, 'm_yri_ooa': 1e-05, 'm_yri_ceu': 0.0, 'm_yri_chb': 0.0, 'm_ceu_chb': 0.0} -93532.19196347111
x: {'t1': 7.885, 't2': 40.20625, 't3': 100, 'N_anc': 7673.5, 'N_yri': 9010.0, 'N_ooa': 9010.0, 'N_ceu': 9010.0, 'N_chb': 9010.0, 'gr_ceu': 0.09, 'gr_chb': 0.09, 'm_yri_ooa': 1e-05, 'm_yri_ceu': 0.0, 'm_yri_chb': 0.0, 'm_ceu_chb': 0.0} -93248.91256867677
x_down: {'t1': 7.885, 't2': 40.20625, 't3': 100, 'N_anc': 7673.5, 'N_yri': 7673.5, 'N_ooa': 9010.0, 'N_ceu': 9010.0, 'N_chb': 9010.0, 'gr_ceu': 0.09, 'gr_chb': 0.09, 'm_yri_ooa': 1e-05, 'm_yri_ceu': 0.0, 'm_yri_chb': 0.0, 'm_ceu_chb': 0.0} -92935.62845156062
 
 
x_up: {'t1': 7.885, 't2': 40.20625, 't3': 100, 'N_anc': 7673.5, 'N_yri': 7673.5, 'N_ooa': 10346.5, 'N_ceu': 9010.0, 'N_chb': 9010.0, 'gr_ceu': 0.09, 'gr_chb': 0.09, 'm_yri_ooa': 1e-05, 'm_yri_ceu': 0.0, 'm_yri_chb': 0.0, 'm_ceu_chb': 0.0} -93130.12841608158
x: {'t1': 7.885, 't2': 40.20625, 't3': 100, 'N_anc': 7673.5, 'N_yri': 7673.5, 'N_ooa': 9010.0, 'N_ceu': 9010.0, 'N_chb': 9010.0, 'gr_ceu': 0.09, 'gr_chb': 0.09, 'm_yri_ooa': 1e-05, 'm_yri_ceu': 0.0, 'm_yri_chb': 0.0, 'm_ceu_chb': 0.0} -92935.62845156062
x_down: {'t1': 7.885, 't2': 40.20625, 't3': 100, 'N_anc': 7673.5, 'N_yri': 7673.5, 'N_ooa': 7673.5, 'N_ceu': 9010.0, 'N_chb': 9010.0, 'gr_ceu': 0.09, 'gr_chb': 0.09, 'm_yri_ooa': 1e-05, 'm_yri_ceu': 0.0, 'm_yri_chb': 0.0, 'm_ceu_chb': 0.0} -92709.30522132631
 
 
x_up: {'t1': 7.885, 't2': 40.20625, 't3': 100, 'N_anc': 7673.5, 'N_yri': 7673.5, 'N_ooa': 7673.5, 'N_ceu': 10346.5, 'N_chb': 9010.0, 'gr_ceu': 0.09, 'gr_chb': 0.09, 'm_yri_ooa': 1e-05, 'm_yri_ceu': 0.0, 'm_yri_chb': 0.0, 'm_ceu_chb': 0.0} -93090.25047940105
x: {'t1': 7.885, 't2': 40.20625, 't3': 100, 'N_anc': 7673.5, 'N_yri': 7673.5, 'N_ooa': 7673.5, 'N_ceu': 9010.0, 'N_chb': 9010.0, 'gr_ceu': 0.09, 'gr_chb': 0.09, 'm_yri_ooa': 1e-05, 'm_yri_ceu': 0.0, 'm_yri_chb': 0.0, 'm_ceu_chb': 0.0} -92709.30522132631
x_down: {'t1': 7.885, 't2': 40.20625, 't3': 100, 'N_anc': 7673.5, 'N_yri': 7673.5, 'N_ooa': 7673.5, 'N_ceu': 7673.5, 'N_chb': 9010.0, 'gr_ceu': 0.09, 'gr_chb': 0.09, 'm_yri_ooa': 1e-05, 'm_yri_ceu': 0.0, 'm_yri_chb': 0.0, 'm_ceu_chb': 0.0} -92172.80950042562
 
 
x_up: {'t1': 7.885, 't2': 40.20625, 't3': 100, 'N_anc': 7673.5, 'N_yri': 7673.5, 'N_ooa': 7673.5, 'N_ceu': 7673.5, 'N_chb': 10346.5, 'gr_ceu': 0.09, 'gr_chb': 0.09, 'm_yri_ooa': 1e-05, 'm_yri_ceu': 0.0, 'm_yri_chb': 0.0, 'm_ceu_chb': 0.0} -92466.02363098206
x: {'t1': 7.885, 't2': 40.20625, 't3': 100, 'N_anc': 7673.5, 'N_yri': 7673.5, 'N_ooa': 7673.5, 'N_ceu': 7673.5, 'N_chb': 9010.0, 'gr_ceu': 0.09, 'gr_chb': 0.09, 'm_yri_ooa': 1e-05, 'm_yri_ceu': 0.0, 'm_yri_chb': 0.0, 'm_ceu_chb': 0.0} -92172.80950042562
x_down: {'t1': 7.885, 't2': 40.20625, 't3': 100, 'N_anc': 7673.5, 'N_yri': 7673.5, 'N_ooa': 7673.5, 'N_ceu': 7673.5, 'N_chb': 7673.5, 'gr_ceu': 0.09, 'gr_chb': 0.09, 'm_yri_ooa': 1e-05, 'm_yri_ceu': 0.0, 'm_yri_chb': 0.0, 'm_ceu_chb': 0.0} -91744.41658278012
 
 
x_up: {'t1': 7.885, 't2': 40.20625, 't3': 100, 'N_anc': 7673.5, 'N_yri': 7673.5, 'N_ooa': 7673.5, 'N_ceu': 7673.5, 'N_chb': 7673.5, 'gr_ceu': 0.1035, 'gr_chb': 0.09, 'm_yri_ooa': 1e-05, 'm_yri_ceu': 0.0, 'm_yri_chb': 0.0, 'm_ceu_chb': 0.0} -91963.28975875657
x: {'t1': 7.885, 't2': 40.20625, 't3': 100, 'N_anc': 7673.5, 'N_yri': 7673.5, 'N_ooa': 7673.5, 'N_ceu': 7673.5, 'N_chb': 7673.5, 'gr_ceu': 0.09, 'gr_chb': 0.09, 'm_yri_ooa': 1e-05, 'm_yri_ceu': 0.0, 'm_yri_chb': 0.0, 'm_ceu_chb': 0.0} -91744.41658278012
x_down: {'t1': 7.885, 't2': 40.20625, 't3': 100, 'N_anc': 7673.5, 'N_yri': 7673.5, 'N_ooa': 7673.5, 'N_ceu': 7673.5, 'N_chb': 7673.5, 'gr_ceu': 0.0765, 'gr_chb': 0.09, 'm_yri_ooa': 1e-05, 'm_yri_ceu': 0.0, 'm_yri_chb': 0.0, 'm_ceu_chb': 0.0} -91492.64556674943
 
 
x_up: {'t1': 7.885, 't2': 40.20625, 't3': 100, 'N_anc': 7673.5, 'N_yri': 7673.5, 'N_ooa': 7673.5, 'N_ceu': 7673.5, 'N_chb': 7673.5, 'gr_ceu': 0.0765, 'gr_chb': 0.1035, 'm_yri_ooa': 1e-05, 'm_yri_ceu': 0.0, 'm_yri_chb': 0.0, 'm_ceu_chb': 0.0} -91685.8292750129
x: {'t1': 7.885, 't2': 40.20625, 't3': 100, 'N_anc': 7673.5, 'N_yri': 7673.5, 'N_ooa': 7673.5, 'N_ceu': 7673.5, 'N_chb': 7673.5, 'gr_ceu': 0.0765, 'gr_chb': 0.09, 'm_yri_ooa': 1e-05, 'm_yri_ceu': 0.0, 'm_yri_chb': 0.0, 'm_ceu_chb': 0.0} -91492.64556674943
x_down: {'t1': 7.885, 't2': 40.20625, 't3': 100, 'N_anc': 7673.5, 'N_yri': 7673.5, 'N_ooa': 7673.5, 'N_ceu': 7673.5, 'N_chb': 7673.5, 'gr_ceu': 0.0765, 'gr_chb': 0.0765, 'm_yri_ooa': 1e-05, 'm_yri_ceu': 0.0, 'm_yri_chb': 0.0, 'm_ceu_chb': 0.0} -91272.93910496579
 
 
x_up: {'t1': 7.885, 't2': 40.20625, 't3': 100, 'N_anc': 7673.5, 'N_yri': 7673.5, 'N_ooa': 7673.5, 'N_ceu': 7673.5, 'N_chb': 7673.5, 'gr_ceu': 0.0765, 'gr_chb': 0.0765, 'm_yri_ooa': 0.0, 'm_yri_ceu': 0.0, 'm_yri_chb': 0.0, 'm_ceu_chb': 0.0} -91308.16713942883
x: {'t1': 7.885, 't2': 40.20625, 't3': 100, 'N_anc': 7673.5, 'N_yri': 7673.5, 'N_ooa': 7673.5, 'N_ceu': 7673.5, 'N_chb': 7673.5, 'gr_ceu': 0.0765, 'gr_chb': 0.0765, 'm_yri_ooa': 1e-05, 'm_yri_ceu': 0.0, 'm_yri_chb': 0.0, 'm_ceu_chb': 0.0} -91272.93910496579
x_down: {'t1': 7.885, 't2': 40.20625, 't3': 100, 'N_anc': 7673.5, 'N_yri': 7673.5, 'N_ooa': 7673.5, 'N_ceu': 7673.5, 'N_chb': 7673.5, 'gr_ceu': 0.0765, 'gr_chb': 0.0765, 'm_yri_ooa': 1e-05, 'm_yri_ceu': 0.0, 'm_yri_chb': 0.0, 'm_ceu_chb': 0.0} -91272.93910496579
 
 
x_up: {'t1': 7.885, 't2': 40.20625, 't3': 100, 'N_anc': 7673.5, 'N_yri': 7673.5, 'N_ooa': 7673.5, 'N_ceu': 7673.5, 'N_chb': 7673.5, 'gr_ceu': 0.0765, 'gr_chb': 0.0765, 'm_yri_ooa': 1e-05, 'm_yri_ceu': 0.0, 'm_yri_chb': 0.0, 'm_ceu_chb': 0.0} -91272.93910496579
x: {'t1': 7.885, 't2': 40.20625, 't3': 100, 'N_anc': 7673.5, 'N_yri': 7673.5, 'N_ooa': 7673.5, 'N_ceu': 7673.5, 'N_chb': 7673.5, 'gr_ceu': 0.0765, 'gr_chb': 0.0765, 'm_yri_ooa': 1e-05, 'm_yri_ceu': 0.0, 'm_yri_chb': 0.0, 'm_ceu_chb': 0.0} -91272.93910496579
x_down: {'t1': 7.885, 't2': 40.20625, 't3': 100, 'N_anc': 7673.5, 'N_yri': 7673.5, 'N_ooa': 7673.5, 'N_ceu': 7673.5, 'N_chb': 7673.5, 'gr_ceu': 0.0765, 'gr_chb': 0.0765, 'm_yri_ooa': 1e-05, 'm_yri_ceu': 1e-05, 'm_yri_chb': 0.0, 'm_ceu_chb': 0.0} -91272.93910496015
 
 
x_up: {'t1': 7.885, 't2': 40.20625, 't3': 100, 'N_anc': 7673.5, 'N_yri': 7673.5, 'N_ooa': 7673.5, 'N_ceu': 7673.5, 'N_chb': 7673.5, 'gr_ceu': 0.0765, 'gr_chb': 0.0765, 'm_yri_ooa': 1e-05, 'm_yri_ceu': 1e-05, 'm_yri_chb': 0.0, 'm_ceu_chb': 0.0} -91272.93910496015
x: {'t1': 7.885, 't2': 40.20625, 't3': 100, 'N_anc': 7673.5, 'N_yri': 7673.5, 'N_ooa': 7673.5, 'N_ceu': 7673.5, 'N_chb': 7673.5, 'gr_ceu': 0.0765, 'gr_chb': 0.0765, 'm_yri_ooa': 1e-05, 'm_yri_ceu': 1e-05, 'm_yri_chb': 0.0, 'm_ceu_chb': 0.0} -91272.93910496015
x_down: {'t1': 7.885, 't2': 40.20625, 't3': 100, 'N_anc': 7673.5, 'N_yri': 7673.5, 'N_ooa': 7673.5, 'N_ceu': 7673.5, 'N_chb': 7673.5, 'gr_ceu': 0.0765, 'gr_chb': 0.0765, 'm_yri_ooa': 1e-05, 'm_yri_ceu': 1e-05, 'm_yri_chb': 1e-05, 'm_ceu_chb': 0.0} -91272.93910496005
 
 
x_up: {'t1': 7.885, 't2': 40.20625, 't3': 100, 'N_anc': 7673.5, 'N_yri': 7673.5, 'N_ooa': 7673.5, 'N_ceu': 7673.5, 'N_chb': 7673.5, 'gr_ceu': 0.0765, 'gr_chb': 0.0765, 'm_yri_ooa': 1e-05, 'm_yri_ceu': 1e-05, 'm_yri_chb': 1e-05, 'm_ceu_chb': 0.0} -91272.93910496005
x: {'t1': 7.885, 't2': 40.20625, 't3': 100, 'N_anc': 7673.5, 'N_yri': 7673.5, 'N_ooa': 7673.5, 'N_ceu': 7673.5, 'N_chb': 7673.5, 'gr_ceu': 0.0765, 'gr_chb': 0.0765, 'm_yri_ooa': 1e-05, 'm_yri_ceu': 1e-05, 'm_yri_chb': 1e-05, 'm_ceu_chb': 0.0} -91272.93910496005
x_down: {'t1': 7.885, 't2': 40.20625, 't3': 100, 'N_anc': 7673.5, 'N_yri': 7673.5, 'N_ooa': 7673.5, 'N_ceu': 7673.5, 'N_chb': 7673.5, 'gr_ceu': 0.0765, 'gr_chb': 0.0765, 'm_yri_ooa': 1e-05, 'm_yri_ceu': 1e-05, 'm_yri_chb': 1e-05, 'm_ceu_chb': 1e-05} -91272.93910495966
 
{'t1': 7.885, 't2': 40.20625, 't3': 100, 'N_anc': 7673.5, 'N_yri': 7673.5, 'N_ooa': 7673.5, 'N_ceu': 7673.5, 'N_chb': 7673.5, 'gr_ceu': 0.0765, 'gr_chb': 0.0765, 'm_yri_ooa': 1e-05, 'm_yri_ceu': 1e-05, 'm_yri_chb': 1e-05, 'm_ceu_chb': 1e-05} -91272.93910495966
 
x_up: {'t1': 9.43412, 't2': 40.20625, 't3': 100, 'N_anc': 7673.5, 'N_yri': 7673.5, 'N_ooa': 7673.5, 'N_ceu': 7673.5, 'N_chb': 7673.5, 'gr_ceu': 0.0765, 'gr_chb': 0.0765, 'm_yri_ooa': 1e-05, 'm_yri_ceu': 1e-05, 'm_yri_chb': 1e-05, 'm_ceu_chb': 1e-05} -91959.62920120054
x: {'t1': 7.885, 't2': 40.20625, 't3': 100, 'N_anc': 7673.5, 'N_yri': 7673.5, 'N_ooa': 7673.5, 'N_ceu': 7673.5, 'N_chb': 7673.5, 'gr_ceu': 0.0765, 'gr_chb': 0.0765, 'm_yri_ooa': 1e-05, 'm_yri_ceu': 1e-05, 'm_yri_chb': 1e-05, 'm_ceu_chb': 1e-05} -91272.93910495966
x_down: {'t1': 6.33587, 't2': 40.20625, 't3': 100, 'N_anc': 7673.5, 'N_yri': 7673.5, 'N_ooa': 7673.5, 'N_ceu': 7673.5, 'N_chb': 7673.5, 'gr_ceu': 0.0765, 'gr_chb': 0.0765, 'm_yri_ooa': 1e-05, 'm_yri_ceu': 1e-05, 'm_yri_chb': 1e-05, 'm_ceu_chb': 1e-05} -90426.81287235348
 
 
x_up: {'t1': 6.33587, 't2': 47.82709, 't3': 100, 'N_anc': 7673.5, 'N_yri': 7673.5, 'N_ooa': 7673.5, 'N_ceu': 7673.5, 'N_chb': 7673.5, 'gr_ceu': 0.0765, 'gr_chb': 0.0765, 'm_yri_ooa': 1e-05, 'm_yri_ceu': 1e-05, 'm_yri_chb': 1e-05, 'm_ceu_chb': 1e-05} -90542.56887065886
x: {'t1': 6.33587, 't2': 40.20625, 't3': 100, 'N_anc': 7673.5, 'N_yri': 7673.5, 'N_ooa': 7673.5, 'N_ceu': 7673.5, 'N_chb': 7673.5, 'gr_ceu': 0.0765, 'gr_chb': 0.0765, 'm_yri_ooa': 1e-05, 'm_yri_ceu': 1e-05, 'm_yri_chb': 1e-05, 'm_ceu_chb': 1e-05} -90426.81287235348
x_down: {'t1': 6.33587, 't2': 32.58541, 't3': 100, 'N_anc': 7673.5, 'N_yri': 7673.5, 'N_ooa': 7673.5, 'N_ceu': 7673.5, 'N_chb': 7673.5, 'gr_ceu': 0.0765, 'gr_chb': 0.0765, 'm_yri_ooa': 1e-05, 'm_yri_ceu': 1e-05, 'm_yri_chb': 1e-05, 'm_ceu_chb': 1e-05} -90309.2997320234
 
 
x_up: {'t1': 6.33587, 't2': 32.58541, 't3': 103.37073, 'N_anc': 7673.5, 'N_yri': 7673.5, 'N_ooa': 7673.5, 'N_ceu': 7673.5, 'N_chb': 7673.5, 'gr_ceu': 0.0765, 'gr_chb': 0.0765, 'm_yri_ooa': 1e-05, 'm_yri_ceu': 1e-05, 'm_yri_chb': 1e-05, 'm_ceu_chb': 1e-05} -90309.2997320234
x: {'t1': 6.33587, 't2': 32.58541, 't3': 100, 'N_anc': 7673.5, 'N_yri': 7673.5, 'N_ooa': 7673.5, 'N_ceu': 7673.5, 'N_chb': 7673.5, 'gr_ceu': 0.0765, 'gr_chb': 0.0765, 'm_yri_ooa': 1e-05, 'm_yri_ceu': 1e-05, 'm_yri_chb': 1e-05, 'm_ceu_chb': 1e-05} -90309.2997320234
x_down: {'t1': 6.33587, 't2': 32.58541, 't3': 96.62927, 'N_anc': 7673.5, 'N_yri': 7673.5, 'N_ooa': 7673.5, 'N_ceu': 7673.5, 'N_chb': 7673.5, 'gr_ceu': 0.0765, 'gr_chb': 0.0765, 'm_yri_ooa': 1e-05, 'm_yri_ceu': 1e-05, 'm_yri_chb': 1e-05, 'm_ceu_chb': 1e-05} -90309.2997320234
 
 
x_up: {'t1': 6.33587, 't2': 32.58541, 't3': 100, 'N_anc': 9377.5375, 'N_yri': 7673.5, 'N_ooa': 7673.5, 'N_ceu': 7673.5, 'N_chb': 7673.5, 'gr_ceu': 0.0765, 'gr_chb': 0.0765, 'm_yri_ooa': 1e-05, 'm_yri_ceu': 1e-05, 'm_yri_chb': 1e-05, 'm_ceu_chb': 1e-05} -90341.43601517729
x: {'t1': 6.33587, 't2': 32.58541, 't3': 100, 'N_anc': 7673.5, 'N_yri': 7673.5, 'N_ooa': 7673.5, 'N_ceu': 7673.5, 'N_chb': 7673.5, 'gr_ceu': 0.0765, 'gr_chb': 0.0765, 'm_yri_ooa': 1e-05, 'm_yri_ceu': 1e-05, 'm_yri_chb': 1e-05, 'm_ceu_chb': 1e-05} -90309.2997320234
x_down: {'t1': 6.33587, 't2': 32.58541, 't3': 100, 'N_anc': 5969.4625, 'N_yri': 7673.5, 'N_ooa': 7673.5, 'N_ceu': 7673.5, 'N_chb': 7673.5, 'gr_ceu': 0.0765, 'gr_chb': 0.0765, 'm_yri_ooa': 1e-05, 'm_yri_ceu': 1e-05, 'm_yri_chb': 1e-05, 'm_ceu_chb': 1e-05} -90269.68314478979
 
 
x_up: {'t1': 6.33587, 't2': 32.58541, 't3': 100, 'N_anc': 5969.4625, 'N_yri': 9377.5375, 'N_ooa': 7673.5, 'N_ceu': 7673.5, 'N_chb': 7673.5, 'gr_ceu': 0.0765, 'gr_chb': 0.0765, 'm_yri_ooa': 1e-05, 'm_yri_ceu': 1e-05, 'm_yri_chb': 1e-05, 'm_ceu_chb': 1e-05} -90614.21716970415
x: {'t1': 6.33587, 't2': 32.58541, 't3': 100, 'N_anc': 5969.4625, 'N_yri': 7673.5, 'N_ooa': 7673.5, 'N_ceu': 7673.5, 'N_chb': 7673.5, 'gr_ceu': 0.0765, 'gr_chb': 0.0765, 'm_yri_ooa': 1e-05, 'm_yri_ceu': 1e-05, 'm_yri_chb': 1e-05, 'm_ceu_chb': 1e-05} -90269.68314478979
x_down: {'t1': 6.33587, 't2': 32.58541, 't3': 100, 'N_anc': 5969.4625, 'N_yri': 5969.4625, 'N_ooa': 7673.5, 'N_ceu': 7673.5, 'N_chb': 7673.5, 'gr_ceu': 0.0765, 'gr_chb': 0.0765, 'm_yri_ooa': 1e-05, 'm_yri_ceu': 1e-05, 'm_yri_chb': 1e-05, 'm_ceu_chb': 1e-05} -89822.07452922722
 
 
x_up: {'t1': 6.33587, 't2': 32.58541, 't3': 100, 'N_anc': 5969.4625, 'N_yri': 5969.4625, 'N_ooa': 9377.5375, 'N_ceu': 7673.5, 'N_chb': 7673.5, 'gr_ceu': 0.0765, 'gr_chb': 0.0765, 'm_yri_ooa': 1e-05, 'm_yri_ceu': 1e-05, 'm_yri_chb': 1e-05, 'm_ceu_chb': 1e-05} -90195.84759934379
x: {'t1': 6.33587, 't2': 32.58541, 't3': 100, 'N_anc': 5969.4625, 'N_yri': 5969.4625, 'N_ooa': 7673.5, 'N_ceu': 7673.5, 'N_chb': 7673.5, 'gr_ceu': 0.0765, 'gr_chb': 0.0765, 'm_yri_ooa': 1e-05, 'm_yri_ceu': 1e-05, 'm_yri_chb': 1e-05, 'm_ceu_chb': 1e-05} -89822.07452922722
x_down: {'t1': 6.33587, 't2': 32.58541, 't3': 100, 'N_anc': 5969.4625, 'N_yri': 5969.4625, 'N_ooa': 5969.4625, 'N_ceu': 7673.5, 'N_chb': 7673.5, 'gr_ceu': 0.0765, 'gr_chb': 0.0765, 'm_yri_ooa': 1e-05, 'm_yri_ceu': 1e-05, 'm_yri_chb': 1e-05, 'm_ceu_chb': 1e-05} -89378.89205772929
 
 
x_up: {'t1': 6.33587, 't2': 32.58541, 't3': 100, 'N_anc': 5969.4625, 'N_yri': 5969.4625, 'N_ooa': 5969.4625, 'N_ceu': 9377.5375, 'N_chb': 7673.5, 'gr_ceu': 0.0765, 'gr_chb': 0.0765, 'm_yri_ooa': 1e-05, 'm_yri_ceu': 1e-05, 'm_yri_chb': 1e-05, 'm_ceu_chb': 1e-05} -89881.04210884549
x: {'t1': 6.33587, 't2': 32.58541, 't3': 100, 'N_anc': 5969.4625, 'N_yri': 5969.4625, 'N_ooa': 5969.4625, 'N_ceu': 7673.5, 'N_chb': 7673.5, 'gr_ceu': 0.0765, 'gr_chb': 0.0765, 'm_yri_ooa': 1e-05, 'm_yri_ceu': 1e-05, 'm_yri_chb': 1e-05, 'm_ceu_chb': 1e-05} -89378.89205772929
x_down: {'t1': 6.33587, 't2': 32.58541, 't3': 100, 'N_anc': 5969.4625, 'N_yri': 5969.4625, 'N_ooa': 5969.4625, 'N_ceu': 5969.4625, 'N_chb': 7673.5, 'gr_ceu': 0.0765, 'gr_chb': 0.0765, 'm_yri_ooa': 1e-05, 'm_yri_ceu': 1e-05, 'm_yri_chb': 1e-05, 'm_ceu_chb': 1e-05} -88520.53164907626
 
 
x_up: {'t1': 6.33587, 't2': 32.58541, 't3': 100, 'N_anc': 5969.4625, 'N_yri': 5969.4625, 'N_ooa': 5969.4625, 'N_ceu': 5969.4625, 'N_chb': 9377.5375, 'gr_ceu': 0.0765, 'gr_chb': 0.0765, 'm_yri_ooa': 1e-05, 'm_yri_ceu': 1e-05, 'm_yri_chb': 1e-05, 'm_ceu_chb': 1e-05} -88891.37285820994
x: {'t1': 6.33587, 't2': 32.58541, 't3': 100, 'N_anc': 5969.4625, 'N_yri': 5969.4625, 'N_ooa': 5969.4625, 'N_ceu': 5969.4625, 'N_chb': 7673.5, 'gr_ceu': 0.0765, 'gr_chb': 0.0765, 'm_yri_ooa': 1e-05, 'm_yri_ceu': 1e-05, 'm_yri_chb': 1e-05, 'm_ceu_chb': 1e-05} -88520.53164907626
x_down: {'t1': 6.33587, 't2': 32.58541, 't3': 100, 'N_anc': 5969.4625, 'N_yri': 5969.4625, 'N_ooa': 5969.4625, 'N_ceu': 5969.4625, 'N_chb': 5969.4625, 'gr_ceu': 0.0765, 'gr_chb': 0.0765, 'm_yri_ooa': 1e-05, 'm_yri_ceu': 1e-05, 'm_yri_chb': 1e-05, 'm_ceu_chb': 1e-05} -87937.52463623174
 
 
x_up: {'t1': 6.33587, 't2': 32.58541, 't3': 100, 'N_anc': 5969.4625, 'N_yri': 5969.4625, 'N_ooa': 5969.4625, 'N_ceu': 5969.4625, 'N_chb': 5969.4625, 'gr_ceu': 0.09371, 'gr_chb': 0.0765, 'm_yri_ooa': 1e-05, 'm_yri_ceu': 1e-05, 'm_yri_chb': 1e-05, 'm_ceu_chb': 1e-05} -88145.59041947959
x: {'t1': 6.33587, 't2': 32.58541, 't3': 100, 'N_anc': 5969.4625, 'N_yri': 5969.4625, 'N_ooa': 5969.4625, 'N_ceu': 5969.4625, 'N_chb': 5969.4625, 'gr_ceu': 0.0765, 'gr_chb': 0.0765, 'm_yri_ooa': 1e-05, 'm_yri_ceu': 1e-05, 'm_yri_chb': 1e-05, 'm_ceu_chb': 1e-05} -87937.52463623174
x_down: {'t1': 6.33587, 't2': 32.58541, 't3': 100, 'N_anc': 5969.4625, 'N_yri': 5969.4625, 'N_ooa': 5969.4625, 'N_ceu': 5969.4625, 'N_chb': 5969.4625, 'gr_ceu': 0.05929, 'gr_chb': 0.0765, 'm_yri_ooa': 1e-05, 'm_yri_ceu': 1e-05, 'm_yri_chb': 1e-05, 'm_ceu_chb': 1e-05} -87694.9927270328
 
 
x_up: {'t1': 6.33587, 't2': 32.58541, 't3': 100, 'N_anc': 5969.4625, 'N_yri': 5969.4625, 'N_ooa': 5969.4625, 'N_ceu': 5969.4625, 'N_chb': 5969.4625, 'gr_ceu': 0.05929, 'gr_chb': 0.09371, 'm_yri_ooa': 1e-05, 'm_yri_ceu': 1e-05, 'm_yri_chb': 1e-05, 'm_ceu_chb': 1e-05} -87873.85642025806
x: {'t1': 6.33587, 't2': 32.58541, 't3': 100, 'N_anc': 5969.4625, 'N_yri': 5969.4625, 'N_ooa': 5969.4625, 'N_ceu': 5969.4625, 'N_chb': 5969.4625, 'gr_ceu': 0.05929, 'gr_chb': 0.0765, 'm_yri_ooa': 1e-05, 'm_yri_ceu': 1e-05, 'm_yri_chb': 1e-05, 'm_ceu_chb': 1e-05} -87694.9927270328
x_down: {'t1': 6.33587, 't2': 32.58541, 't3': 100, 'N_anc': 5969.4625, 'N_yri': 5969.4625, 'N_ooa': 5969.4625, 'N_ceu': 5969.4625, 'N_chb': 5969.4625, 'gr_ceu': 0.05929, 'gr_chb': 0.05929, 'm_yri_ooa': 1e-05, 'm_yri_ceu': 1e-05, 'm_yri_chb': 1e-05, 'm_ceu_chb': 1e-05} -87487.04032340848
 
 
x_up: {'t1': 6.33587, 't2': 32.58541, 't3': 100, 'N_anc': 5969.4625, 'N_yri': 5969.4625, 'N_ooa': 5969.4625, 'N_ceu': 5969.4625, 'N_chb': 5969.4625, 'gr_ceu': 0.05929, 'gr_chb': 0.05929, 'm_yri_ooa': 0.0, 'm_yri_ceu': 1e-05, 'm_yri_chb': 1e-05, 'm_ceu_chb': 1e-05} -87492.04112379222
x: {'t1': 6.33587, 't2': 32.58541, 't3': 100, 'N_anc': 5969.4625, 'N_yri': 5969.4625, 'N_ooa': 5969.4625, 'N_ceu': 5969.4625, 'N_chb': 5969.4625, 'gr_ceu': 0.05929, 'gr_chb': 0.05929, 'm_yri_ooa': 1e-05, 'm_yri_ceu': 1e-05, 'm_yri_chb': 1e-05, 'm_ceu_chb': 1e-05} -87487.04032340848
x_down: {'t1': 6.33587, 't2': 32.58541, 't3': 100, 'N_anc': 5969.4625, 'N_yri': 5969.4625, 'N_ooa': 5969.4625, 'N_ceu': 5969.4625, 'N_chb': 5969.4625, 'gr_ceu': 0.05929, 'gr_chb': 0.05929, 'm_yri_ooa': 1e-05, 'm_yri_ceu': 1e-05, 'm_yri_chb': 1e-05, 'm_ceu_chb': 1e-05} -87487.04032340848
 
 
x_up: {'t1': 6.33587, 't2': 32.58541, 't3': 100, 'N_anc': 5969.4625, 'N_yri': 5969.4625, 'N_ooa': 5969.4625, 'N_ceu': 5969.4625, 'N_chb': 5969.4625, 'gr_ceu': 0.05929, 'gr_chb': 0.05929, 'm_yri_ooa': 1e-05, 'm_yri_ceu': 0.0, 'm_yri_chb': 1e-05, 'm_ceu_chb': 1e-05} -87487.04032341069
x: {'t1': 6.33587, 't2': 32.58541, 't3': 100, 'N_anc': 5969.4625, 'N_yri': 5969.4625, 'N_ooa': 5969.4625, 'N_ceu': 5969.4625, 'N_chb': 5969.4625, 'gr_ceu': 0.05929, 'gr_chb': 0.05929, 'm_yri_ooa': 1e-05, 'm_yri_ceu': 1e-05, 'm_yri_chb': 1e-05, 'm_ceu_chb': 1e-05} -87487.04032340848
x_down: {'t1': 6.33587, 't2': 32.58541, 't3': 100, 'N_anc': 5969.4625, 'N_yri': 5969.4625, 'N_ooa': 5969.4625, 'N_ceu': 5969.4625, 'N_chb': 5969.4625, 'gr_ceu': 0.05929, 'gr_chb': 0.05929, 'm_yri_ooa': 1e-05, 'm_yri_ceu': 1e-05, 'm_yri_chb': 1e-05, 'm_ceu_chb': 1e-05} -87487.04032340848
 
 
x_up: {'t1': 6.33587, 't2': 32.58541, 't3': 100, 'N_anc': 5969.4625, 'N_yri': 5969.4625, 'N_ooa': 5969.4625, 'N_ceu': 5969.4625, 'N_chb': 5969.4625, 'gr_ceu': 0.05929, 'gr_chb': 0.05929, 'm_yri_ooa': 1e-05, 'm_yri_ceu': 1e-05, 'm_yri_chb': 0.0, 'm_ceu_chb': 1e-05} -87487.04032341078
x: {'t1': 6.33587, 't2': 32.58541, 't3': 100, 'N_anc': 5969.4625, 'N_yri': 5969.4625, 'N_ooa': 5969.4625, 'N_ceu': 5969.4625, 'N_chb': 5969.4625, 'gr_ceu': 0.05929, 'gr_chb': 0.05929, 'm_yri_ooa': 1e-05, 'm_yri_ceu': 1e-05, 'm_yri_chb': 1e-05, 'm_ceu_chb': 1e-05} -87487.04032340848
x_down: {'t1': 6.33587, 't2': 32.58541, 't3': 100, 'N_anc': 5969.4625, 'N_yri': 5969.4625, 'N_ooa': 5969.4625, 'N_ceu': 5969.4625, 'N_chb': 5969.4625, 'gr_ceu': 0.05929, 'gr_chb': 0.05929, 'm_yri_ooa': 1e-05, 'm_yri_ceu': 1e-05, 'm_yri_chb': 1e-05, 'm_ceu_chb': 1e-05} -87487.04032340848
 
 
x_up: {'t1': 6.33587, 't2': 32.58541, 't3': 100, 'N_anc': 5969.4625, 'N_yri': 5969.4625, 'N_ooa': 5969.4625, 'N_ceu': 5969.4625, 'N_chb': 5969.4625, 'gr_ceu': 0.05929, 'gr_chb': 0.05929, 'm_yri_ooa': 1e-05, 'm_yri_ceu': 1e-05, 'm_yri_chb': 1e-05, 'm_ceu_chb': 0.0} -87487.04032340876
x: {'t1': 6.33587, 't2': 32.58541, 't3': 100, 'N_anc': 5969.4625, 'N_yri': 5969.4625, 'N_ooa': 5969.4625, 'N_ceu': 5969.4625, 'N_chb': 5969.4625, 'gr_ceu': 0.05929, 'gr_chb': 0.05929, 'm_yri_ooa': 1e-05, 'm_yri_ceu': 1e-05, 'm_yri_chb': 1e-05, 'm_ceu_chb': 1e-05} -87487.04032340848
x_down: {'t1': 6.33587, 't2': 32.58541, 't3': 100, 'N_anc': 5969.4625, 'N_yri': 5969.4625, 'N_ooa': 5969.4625, 'N_ceu': 5969.4625, 'N_chb': 5969.4625, 'gr_ceu': 0.05929, 'gr_chb': 0.05929, 'm_yri_ooa': 1e-05, 'm_yri_ceu': 1e-05, 'm_yri_chb': 1e-05, 'm_ceu_chb': 1e-05} -87487.04032340848
 
{'t1': 6.33587, 't2': 32.58541, 't3': 100, 'N_anc': 5969.4625, 'N_yri': 5969.4625, 'N_ooa': 5969.4625, 'N_ceu': 5969.4625, 'N_chb': 5969.4625, 'gr_ceu': 0.05929, 'gr_chb': 0.05929, 'm_yri_ooa': 1e-05, 'm_yri_ceu': 1e-05, 'm_yri_chb': 1e-05, 'm_ceu_chb': 1e-05} -87487.04032340848
 
x_up: {'t1': 8.13673, 't2': 32.58541, 't3': 100, 'N_anc': 5969.4625, 'N_yri': 5969.4625, 'N_ooa': 5969.4625, 'N_ceu': 5969.4625, 'N_chb': 5969.4625, 'gr_ceu': 0.05929, 'gr_chb': 0.05929, 'm_yri_ooa': 1e-05, 'm_yri_ceu': 1e-05, 'm_yri_chb': 1e-05, 'm_ceu_chb': 1e-05} -88264.91119916305
x: {'t1': 6.33587, 't2': 32.58541, 't3': 100, 'N_anc': 5969.4625, 'N_yri': 5969.4625, 'N_ooa': 5969.4625, 'N_ceu': 5969.4625, 'N_chb': 5969.4625, 'gr_ceu': 0.05929, 'gr_chb': 0.05929, 'm_yri_ooa': 1e-05, 'm_yri_ceu': 1e-05, 'm_yri_chb': 1e-05, 'm_ceu_chb': 1e-05} -87487.04032340848
x_down: {'t1': 4.53501, 't2': 32.58541, 't3': 100, 'N_anc': 5969.4625, 'N_yri': 5969.4625, 'N_ooa': 5969.4625, 'N_ceu': 5969.4625, 'N_chb': 5969.4625, 'gr_ceu': 0.05929, 'gr_chb': 0.05929, 'm_yri_ooa': 1e-05, 'm_yri_ceu': 1e-05, 'm_yri_chb': 1e-05, 'm_ceu_chb': 1e-05} -86602.16944824513
 
 
x_up: {'t1': 4.53501, 't2': 42.05242, 't3': 100, 'N_anc': 5969.4625, 'N_yri': 5969.4625, 'N_ooa': 5969.4625, 'N_ceu': 5969.4625, 'N_chb': 5969.4625, 'gr_ceu': 0.05929, 'gr_chb': 0.05929, 'm_yri_ooa': 1e-05, 'm_yri_ceu': 1e-05, 'm_yri_chb': 1e-05, 'm_ceu_chb': 1e-05} -86712.36045581746
x: {'t1': 4.53501, 't2': 32.58541, 't3': 100, 'N_anc': 5969.4625, 'N_yri': 5969.4625, 'N_ooa': 5969.4625, 'N_ceu': 5969.4625, 'N_chb': 5969.4625, 'gr_ceu': 0.05929, 'gr_chb': 0.05929, 'm_yri_ooa': 1e-05, 'm_yri_ceu': 1e-05, 'm_yri_chb': 1e-05, 'm_ceu_chb': 1e-05} -86602.16944824513
x_down: {'t1': 4.53501, 't2': 23.1184, 't3': 100, 'N_anc': 5969.4625, 'N_yri': 5969.4625, 'N_ooa': 5969.4625, 'N_ceu': 5969.4625, 'N_chb': 5969.4625, 'gr_ceu': 0.05929, 'gr_chb': 0.05929, 'm_yri_ooa': 1e-05, 'm_yri_ceu': 1e-05, 'm_yri_chb': 1e-05, 'm_ceu_chb': 1e-05} -86490.862074612
 
 
x_up: {'t1': 4.53501, 't2': 23.1184, 't3': 103.84408, 'N_anc': 5969.4625, 'N_yri': 5969.4625, 'N_ooa': 5969.4625, 'N_ceu': 5969.4625, 'N_chb': 5969.4625, 'gr_ceu': 0.05929, 'gr_chb': 0.05929, 'm_yri_ooa': 1e-05, 'm_yri_ceu': 1e-05, 'm_yri_chb': 1e-05, 'm_ceu_chb': 1e-05} -86490.86207461199
x: {'t1': 4.53501, 't2': 23.1184, 't3': 100, 'N_anc': 5969.4625, 'N_yri': 5969.4625, 'N_ooa': 5969.4625, 'N_ceu': 5969.4625, 'N_chb': 5969.4625, 'gr_ceu': 0.05929, 'gr_chb': 0.05929, 'm_yri_ooa': 1e-05, 'm_yri_ceu': 1e-05, 'm_yri_chb': 1e-05, 'm_ceu_chb': 1e-05} -86490.862074612
x_down: {'t1': 4.53501, 't2': 23.1184, 't3': 96.15592, 'N_anc': 5969.4625, 'N_yri': 5969.4625, 'N_ooa': 5969.4625, 'N_ceu': 5969.4625, 'N_chb': 5969.4625, 'gr_ceu': 0.05929, 'gr_chb': 0.05929, 'm_yri_ooa': 1e-05, 'm_yri_ceu': 1e-05, 'm_yri_chb': 1e-05, 'm_ceu_chb': 1e-05} -86490.862074612
 
 
x_up: {'t1': 4.53501, 't2': 23.1184, 't3': 103.84408, 'N_anc': 7950.40609, 'N_yri': 5969.4625, 'N_ooa': 5969.4625, 'N_ceu': 5969.4625, 'N_chb': 5969.4625, 'gr_ceu': 0.05929, 'gr_chb': 0.05929, 'm_yri_ooa': 1e-05, 'm_yri_ceu': 1e-05, 'm_yri_chb': 1e-05, 'm_ceu_chb': 1e-05} -86533.4950454177
x: {'t1': 4.53501, 't2': 23.1184, 't3': 103.84408, 'N_anc': 5969.4625, 'N_yri': 5969.4625, 'N_ooa': 5969.4625, 'N_ceu': 5969.4625, 'N_chb': 5969.4625, 'gr_ceu': 0.05929, 'gr_chb': 0.05929, 'm_yri_ooa': 1e-05, 'm_yri_ceu': 1e-05, 'm_yri_chb': 1e-05, 'm_ceu_chb': 1e-05} -86490.86207461199
x_down: {'t1': 4.53501, 't2': 23.1184, 't3': 103.84408, 'N_anc': 3988.51891, 'N_yri': 5969.4625, 'N_ooa': 5969.4625, 'N_ceu': 5969.4625, 'N_chb': 5969.4625, 'gr_ceu': 0.05929, 'gr_chb': 0.05929, 'm_yri_ooa': 1e-05, 'm_yri_ceu': 1e-05, 'm_yri_chb': 1e-05, 'm_ceu_chb': 1e-05} -86432.75789794418
 
 
x_up: {'t1': 4.53501, 't2': 23.1184, 't3': 103.84408, 'N_anc': 3988.51891, 'N_yri': 7950.40609, 'N_ooa': 5969.4625, 'N_ceu': 5969.4625, 'N_chb': 5969.4625, 'gr_ceu': 0.05929, 'gr_chb': 0.05929, 'm_yri_ooa': 1e-05, 'm_yri_ceu': 1e-05, 'm_yri_chb': 1e-05, 'm_ceu_chb': 1e-05} -86762.78197252733
x: {'t1': 4.53501, 't2': 23.1184, 't3': 103.84408, 'N_anc': 3988.51891, 'N_yri': 5969.4625, 'N_ooa': 5969.4625, 'N_ceu': 5969.4625, 'N_chb': 5969.4625, 'gr_ceu': 0.05929, 'gr_chb': 0.05929, 'm_yri_ooa': 1e-05, 'm_yri_ceu': 1e-05, 'm_yri_chb': 1e-05, 'm_ceu_chb': 1e-05} -86432.75789794418
x_down: {'t1': 4.53501, 't2': 23.1184, 't3': 103.84408, 'N_anc': 3988.51891, 'N_yri': 3988.51891, 'N_ooa': 5969.4625, 'N_ceu': 5969.4625, 'N_chb': 5969.4625, 'gr_ceu': 0.05929, 'gr_chb': 0.05929, 'm_yri_ooa': 1e-05, 'm_yri_ceu': 1e-05, 'm_yri_chb': 1e-05, 'm_ceu_chb': 1e-05} -85847.89281856256
 
 
x_up: {'t1': 4.53501, 't2': 23.1184, 't3': 103.84408, 'N_anc': 3988.51891, 'N_yri': 3988.51891, 'N_ooa': 7950.40609, 'N_ceu': 5969.4625, 'N_chb': 5969.4625, 'gr_ceu': 0.05929, 'gr_chb': 0.05929, 'm_yri_ooa': 1e-05, 'm_yri_ceu': 1e-05, 'm_yri_chb': 1e-05, 'm_ceu_chb': 1e-05} -86516.34284781945
x: {'t1': 4.53501, 't2': 23.1184, 't3': 103.84408, 'N_anc': 3988.51891, 'N_yri': 3988.51891, 'N_ooa': 5969.4625, 'N_ceu': 5969.4625, 'N_chb': 5969.4625, 'gr_ceu': 0.05929, 'gr_chb': 0.05929, 'm_yri_ooa': 1e-05, 'm_yri_ceu': 1e-05, 'm_yri_chb': 1e-05, 'm_ceu_chb': 1e-05} -85847.89281856256
x_down: {'t1': 4.53501, 't2': 23.1184, 't3': 103.84408, 'N_anc': 3988.51891, 'N_yri': 3988.51891, 'N_ooa': 3988.51891, 'N_ceu': 5969.4625, 'N_chb': 5969.4625, 'gr_ceu': 0.05929, 'gr_chb': 0.05929, 'm_yri_ooa': 1e-05, 'm_yri_ceu': 1e-05, 'm_yri_chb': 1e-05, 'm_ceu_chb': 1e-05} -84957.65435907431
 
 
x_up: {'t1': 4.53501, 't2': 23.1184, 't3': 103.84408, 'N_anc': 3988.51891, 'N_yri': 3988.51891, 'N_ooa': 3988.51891, 'N_ceu': 7950.40609, 'N_chb': 5969.4625, 'gr_ceu': 0.05929, 'gr_chb': 0.05929, 'm_yri_ooa': 1e-05, 'm_yri_ceu': 1e-05, 'm_yri_chb': 1e-05, 'm_ceu_chb': 1e-05} -85582.47141088088
x: {'t1': 4.53501, 't2': 23.1184, 't3': 103.84408, 'N_anc': 3988.51891, 'N_yri': 3988.51891, 'N_ooa': 3988.51891, 'N_ceu': 5969.4625, 'N_chb': 5969.4625, 'gr_ceu': 0.05929, 'gr_chb': 0.05929, 'm_yri_ooa': 1e-05, 'm_yri_ceu': 1e-05, 'm_yri_chb': 1e-05, 'm_ceu_chb': 1e-05} -84957.65435907431
x_down: {'t1': 4.53501, 't2': 23.1184, 't3': 103.84408, 'N_anc': 3988.51891, 'N_yri': 3988.51891, 'N_ooa': 3988.51891, 'N_ceu': 3988.51891, 'N_chb': 5969.4625, 'gr_ceu': 0.05929, 'gr_chb': 0.05929, 'm_yri_ooa': 1e-05, 'm_yri_ceu': 1e-05, 'm_yri_chb': 1e-05, 'm_ceu_chb': 1e-05} -83660.47661506593
 
 
x_up: {'t1': 4.53501, 't2': 23.1184, 't3': 103.84408, 'N_anc': 3988.51891, 'N_yri': 3988.51891, 'N_ooa': 3988.51891, 'N_ceu': 3988.51891, 'N_chb': 7950.40609, 'gr_ceu': 0.05929, 'gr_chb': 0.05929, 'm_yri_ooa': 1e-05, 'm_yri_ceu': 1e-05, 'm_yri_chb': 1e-05, 'm_ceu_chb': 1e-05} -84188.21120763832
x: {'t1': 4.53501, 't2': 23.1184, 't3': 103.84408, 'N_anc': 3988.51891, 'N_yri': 3988.51891, 'N_ooa': 3988.51891, 'N_ceu': 3988.51891, 'N_chb': 5969.4625, 'gr_ceu': 0.05929, 'gr_chb': 0.05929, 'm_yri_ooa': 1e-05, 'm_yri_ceu': 1e-05, 'm_yri_chb': 1e-05, 'm_ceu_chb': 1e-05} -83660.47661506593
x_down: {'t1': 4.53501, 't2': 23.1184, 't3': 103.84408, 'N_anc': 3988.51891, 'N_yri': 3988.51891, 'N_ooa': 3988.51891, 'N_ceu': 3988.51891, 'N_chb': 3988.51891, 'gr_ceu': 0.05929, 'gr_chb': 0.05929, 'm_yri_ooa': 1e-05, 'm_yri_ceu': 1e-05, 'm_yri_chb': 1e-05, 'm_ceu_chb': 1e-05} -82825.02382181297
 
 
x_up: {'t1': 4.53501, 't2': 23.1184, 't3': 103.84408, 'N_anc': 3988.51891, 'N_yri': 3988.51891, 'N_ooa': 3988.51891, 'N_ceu': 3988.51891, 'N_chb': 3988.51891, 'gr_ceu': 0.0793, 'gr_chb': 0.05929, 'm_yri_ooa': 1e-05, 'm_yri_ceu': 1e-05, 'm_yri_chb': 1e-05, 'm_ceu_chb': 1e-05} -82979.55813114523
x: {'t1': 4.53501, 't2': 23.1184, 't3': 103.84408, 'N_anc': 3988.51891, 'N_yri': 3988.51891, 'N_ooa': 3988.51891, 'N_ceu': 3988.51891, 'N_chb': 3988.51891, 'gr_ceu': 0.05929, 'gr_chb': 0.05929, 'm_yri_ooa': 1e-05, 'm_yri_ceu': 1e-05, 'm_yri_chb': 1e-05, 'm_ceu_chb': 1e-05} -82825.02382181297
x_down: {'t1': 4.53501, 't2': 23.1184, 't3': 103.84408, 'N_anc': 3988.51891, 'N_yri': 3988.51891, 'N_ooa': 3988.51891, 'N_ceu': 3988.51891, 'N_chb': 3988.51891, 'gr_ceu': 0.03928, 'gr_chb': 0.05929, 'm_yri_ooa': 1e-05, 'm_yri_ceu': 1e-05, 'm_yri_chb': 1e-05, 'm_ceu_chb': 1e-05} -82653.48269832476
 
 
x_up: {'t1': 4.53501, 't2': 23.1184, 't3': 103.84408, 'N_anc': 3988.51891, 'N_yri': 3988.51891, 'N_ooa': 3988.51891, 'N_ceu': 3988.51891, 'N_chb': 3988.51891, 'gr_ceu': 0.03928, 'gr_chb': 0.0793, 'm_yri_ooa': 1e-05, 'm_yri_ceu': 1e-05, 'm_yri_chb': 1e-05, 'm_ceu_chb': 1e-05} -82790.8024632399
x: {'t1': 4.53501, 't2': 23.1184, 't3': 103.84408, 'N_anc': 3988.51891, 'N_yri': 3988.51891, 'N_ooa': 3988.51891, 'N_ceu': 3988.51891, 'N_chb': 3988.51891, 'gr_ceu': 0.03928, 'gr_chb': 0.05929, 'm_yri_ooa': 1e-05, 'm_yri_ceu': 1e-05, 'm_yri_chb': 1e-05, 'm_ceu_chb': 1e-05} -82653.48269832476
x_down: {'t1': 4.53501, 't2': 23.1184, 't3': 103.84408, 'N_anc': 3988.51891, 'N_yri': 3988.51891, 'N_ooa': 3988.51891, 'N_ceu': 3988.51891, 'N_chb': 3988.51891, 'gr_ceu': 0.03928, 'gr_chb': 0.03928, 'm_yri_ooa': 1e-05, 'm_yri_ceu': 1e-05, 'm_yri_chb': 1e-05, 'm_ceu_chb': 1e-05} -82501.27131043137
 
 
x_up: {'t1': 4.53501, 't2': 23.1184, 't3': 103.84408, 'N_anc': 3988.51891, 'N_yri': 3988.51891, 'N_ooa': 3988.51891, 'N_ceu': 3988.51891, 'N_chb': 3988.51891, 'gr_ceu': 0.03928, 'gr_chb': 0.03928, 'm_yri_ooa': 0.0, 'm_yri_ceu': 1e-05, 'm_yri_chb': 1e-05, 'm_ceu_chb': 1e-05} -82501.38107070731
x: {'t1': 4.53501, 't2': 23.1184, 't3': 103.84408, 'N_anc': 3988.51891, 'N_yri': 3988.51891, 'N_ooa': 3988.51891, 'N_ceu': 3988.51891, 'N_chb': 3988.51891, 'gr_ceu': 0.03928, 'gr_chb': 0.03928, 'm_yri_ooa': 1e-05, 'm_yri_ceu': 1e-05, 'm_yri_chb': 1e-05, 'm_ceu_chb': 1e-05} -82501.27131043137
x_down: {'t1': 4.53501, 't2': 23.1184, 't3': 103.84408, 'N_anc': 3988.51891, 'N_yri': 3988.51891, 'N_ooa': 3988.51891, 'N_ceu': 3988.51891, 'N_chb': 3988.51891, 'gr_ceu': 0.03928, 'gr_chb': 0.03928, 'm_yri_ooa': 1e-05, 'm_yri_ceu': 1e-05, 'm_yri_chb': 1e-05, 'm_ceu_chb': 1e-05} -82501.27131043137
 
 
x_up: {'t1': 4.53501, 't2': 23.1184, 't3': 103.84408, 'N_anc': 3988.51891, 'N_yri': 3988.51891, 'N_ooa': 3988.51891, 'N_ceu': 3988.51891, 'N_chb': 3988.51891, 'gr_ceu': 0.03928, 'gr_chb': 0.03928, 'm_yri_ooa': 1e-05, 'm_yri_ceu': 0.0, 'm_yri_chb': 1e-05, 'm_ceu_chb': 1e-05} -82501.27131043714
x: {'t1': 4.53501, 't2': 23.1184, 't3': 103.84408, 'N_anc': 3988.51891, 'N_yri': 3988.51891, 'N_ooa': 3988.51891, 'N_ceu': 3988.51891, 'N_chb': 3988.51891, 'gr_ceu': 0.03928, 'gr_chb': 0.03928, 'm_yri_ooa': 1e-05, 'm_yri_ceu': 1e-05, 'm_yri_chb': 1e-05, 'm_ceu_chb': 1e-05} -82501.27131043137
x_down: {'t1': 4.53501, 't2': 23.1184, 't3': 103.84408, 'N_anc': 3988.51891, 'N_yri': 3988.51891, 'N_ooa': 3988.51891, 'N_ceu': 3988.51891, 'N_chb': 3988.51891, 'gr_ceu': 0.03928, 'gr_chb': 0.03928, 'm_yri_ooa': 1e-05, 'm_yri_ceu': 1e-05, 'm_yri_chb': 1e-05, 'm_ceu_chb': 1e-05} -82501.27131043137
 
 
x_up: {'t1': 4.53501, 't2': 23.1184, 't3': 103.84408, 'N_anc': 3988.51891, 'N_yri': 3988.51891, 'N_ooa': 3988.51891, 'N_ceu': 3988.51891, 'N_chb': 3988.51891, 'gr_ceu': 0.03928, 'gr_chb': 0.03928, 'm_yri_ooa': 1e-05, 'm_yri_ceu': 1e-05, 'm_yri_chb': 0.0, 'm_ceu_chb': 1e-05} -82501.27131043689
x: {'t1': 4.53501, 't2': 23.1184, 't3': 103.84408, 'N_anc': 3988.51891, 'N_yri': 3988.51891, 'N_ooa': 3988.51891, 'N_ceu': 3988.51891, 'N_chb': 3988.51891, 'gr_ceu': 0.03928, 'gr_chb': 0.03928, 'm_yri_ooa': 1e-05, 'm_yri_ceu': 1e-05, 'm_yri_chb': 1e-05, 'm_ceu_chb': 1e-05} -82501.27131043137
x_down: {'t1': 4.53501, 't2': 23.1184, 't3': 103.84408, 'N_anc': 3988.51891, 'N_yri': 3988.51891, 'N_ooa': 3988.51891, 'N_ceu': 3988.51891, 'N_chb': 3988.51891, 'gr_ceu': 0.03928, 'gr_chb': 0.03928, 'm_yri_ooa': 1e-05, 'm_yri_ceu': 1e-05, 'm_yri_chb': 1e-05, 'm_ceu_chb': 1e-05} -82501.27131043137
 
 
x_up: {'t1': 4.53501, 't2': 23.1184, 't3': 103.84408, 'N_anc': 3988.51891, 'N_yri': 3988.51891, 'N_ooa': 3988.51891, 'N_ceu': 3988.51891, 'N_chb': 3988.51891, 'gr_ceu': 0.03928, 'gr_chb': 0.03928, 'm_yri_ooa': 1e-05, 'm_yri_ceu': 1e-05, 'm_yri_chb': 1e-05, 'm_ceu_chb': 0.0} -82501.27131043162
x: {'t1': 4.53501, 't2': 23.1184, 't3': 103.84408, 'N_anc': 3988.51891, 'N_yri': 3988.51891, 'N_ooa': 3988.51891, 'N_ceu': 3988.51891, 'N_chb': 3988.51891, 'gr_ceu': 0.03928, 'gr_chb': 0.03928, 'm_yri_ooa': 1e-05, 'm_yri_ceu': 1e-05, 'm_yri_chb': 1e-05, 'm_ceu_chb': 1e-05} -82501.27131043137
x_down: {'t1': 4.53501, 't2': 23.1184, 't3': 103.84408, 'N_anc': 3988.51891, 'N_yri': 3988.51891, 'N_ooa': 3988.51891, 'N_ceu': 3988.51891, 'N_chb': 3988.51891, 'gr_ceu': 0.03928, 'gr_chb': 0.03928, 'm_yri_ooa': 1e-05, 'm_yri_ceu': 1e-05, 'm_yri_chb': 1e-05, 'm_ceu_chb': 1e-05} -82501.27131043137
 
{'t1': 4.53501, 't2': 23.1184, 't3': 103.84408, 'N_anc': 3988.51891, 'N_yri': 3988.51891, 'N_ooa': 3988.51891, 'N_ceu': 3988.51891, 'N_chb': 3988.51891, 'gr_ceu': 0.03928, 'gr_chb': 0.03928, 'm_yri_ooa': 1e-05, 'm_yri_ceu': 1e-05, 'm_yri_chb': 1e-05, 'm_ceu_chb': 1e-05} -82501.27131043137
 
x_up: {'t1': 6.30251, 't2': 23.1184, 't3': 103.84408, 'N_anc': 3988.51891, 'N_yri': 3988.51891, 'N_ooa': 3988.51891, 'N_ceu': 3988.51891, 'N_chb': 3988.51891, 'gr_ceu': 0.03928, 'gr_chb': 0.03928, 'm_yri_ooa': 1e-05, 'm_yri_ceu': 1e-05, 'm_yri_chb': 1e-05, 'm_ceu_chb': 1e-05} -83127.49617609085
x: {'t1': 4.53501, 't2': 23.1184, 't3': 103.84408, 'N_anc': 3988.51891, 'N_yri': 3988.51891, 'N_ooa': 3988.51891, 'N_ceu': 3988.51891, 'N_chb': 3988.51891, 'gr_ceu': 0.03928, 'gr_chb': 0.03928, 'm_yri_ooa': 1e-05, 'm_yri_ceu': 1e-05, 'm_yri_chb': 1e-05, 'm_ceu_chb': 1e-05} -82501.27131043137
x_down: {'t1': 2.7675, 't2': 23.1184, 't3': 103.84408, 'N_anc': 3988.51891, 'N_yri': 3988.51891, 'N_ooa': 3988.51891, 'N_ceu': 3988.51891, 'N_chb': 3988.51891, 'gr_ceu': 0.03928, 'gr_chb': 0.03928, 'm_yri_ooa': 1e-05, 'm_yri_ceu': 1e-05, 'm_yri_chb': 1e-05, 'm_ceu_chb': 1e-05} -81549.87428350629
 
 
x_up: {'t1': 2.7675, 't2': 33.29385, 't3': 103.84408, 'N_anc': 3988.51891, 'N_yri': 3988.51891, 'N_ooa': 3988.51891, 'N_ceu': 3988.51891, 'N_chb': 3988.51891, 'gr_ceu': 0.03928, 'gr_chb': 0.03928, 'm_yri_ooa': 1e-05, 'm_yri_ceu': 1e-05, 'm_yri_chb': 1e-05, 'm_ceu_chb': 1e-05} -81645.87922281136
x: {'t1': 2.7675, 't2': 23.1184, 't3': 103.84408, 'N_anc': 3988.51891, 'N_yri': 3988.51891, 'N_ooa': 3988.51891, 'N_ceu': 3988.51891, 'N_chb': 3988.51891, 'gr_ceu': 0.03928, 'gr_chb': 0.03928, 'm_yri_ooa': 1e-05, 'm_yri_ceu': 1e-05, 'm_yri_chb': 1e-05, 'm_ceu_chb': 1e-05} -81549.87428350629
x_down: {'t1': 2.7675, 't2': 12.94295, 't3': 103.84408, 'N_anc': 3988.51891, 'N_yri': 3988.51891, 'N_ooa': 3988.51891, 'N_ceu': 3988.51891, 'N_chb': 3988.51891, 'gr_ceu': 0.03928, 'gr_chb': 0.03928, 'm_yri_ooa': 1e-05, 'm_yri_ceu': 1e-05, 'm_yri_chb': 1e-05, 'm_ceu_chb': 1e-05} -81263.35715925024
 
 
x_up: {'t1': 2.7675, 't2': 12.94295, 't3': 110.66166, 'N_anc': 3988.51891, 'N_yri': 3988.51891, 'N_ooa': 3988.51891, 'N_ceu': 3988.51891, 'N_chb': 3988.51891, 'gr_ceu': 0.03928, 'gr_chb': 0.03928, 'm_yri_ooa': 1e-05, 'm_yri_ceu': 1e-05, 'm_yri_chb': 1e-05, 'm_ceu_chb': 1e-05} -81263.35715925024
x: {'t1': 2.7675, 't2': 12.94295, 't3': 103.84408, 'N_anc': 3988.51891, 'N_yri': 3988.51891, 'N_ooa': 3988.51891, 'N_ceu': 3988.51891, 'N_chb': 3988.51891, 'gr_ceu': 0.03928, 'gr_chb': 0.03928, 'm_yri_ooa': 1e-05, 'm_yri_ceu': 1e-05, 'm_yri_chb': 1e-05, 'm_ceu_chb': 1e-05} -81263.35715925024
x_down: {'t1': 2.7675, 't2': 12.94295, 't3': 97.0265, 'N_anc': 3988.51891, 'N_yri': 3988.51891, 'N_ooa': 3988.51891, 'N_ceu': 3988.51891, 'N_chb': 3988.51891, 'gr_ceu': 0.03928, 'gr_chb': 0.03928, 'm_yri_ooa': 1e-05, 'm_yri_ceu': 1e-05, 'm_yri_chb': 1e-05, 'm_ceu_chb': 1e-05} -81263.35715925024
 
 
x_up: {'t1': 2.7675, 't2': 12.94295, 't3': 103.84408, 'N_anc': 5932.77837, 'N_yri': 3988.51891, 'N_ooa': 3988.51891, 'N_ceu': 3988.51891, 'N_chb': 3988.51891, 'gr_ceu': 0.03928, 'gr_chb': 0.03928, 'm_yri_ooa': 1e-05, 'm_yri_ceu': 1e-05, 'm_yri_chb': 1e-05, 'm_ceu_chb': 1e-05} -81320.55490369679
x: {'t1': 2.7675, 't2': 12.94295, 't3': 103.84408, 'N_anc': 3988.51891, 'N_yri': 3988.51891, 'N_ooa': 3988.51891, 'N_ceu': 3988.51891, 'N_chb': 3988.51891, 'gr_ceu': 0.03928, 'gr_chb': 0.03928, 'm_yri_ooa': 1e-05, 'm_yri_ceu': 1e-05, 'm_yri_chb': 1e-05, 'm_ceu_chb': 1e-05} -81263.35715925024
x_down: {'t1': 2.7675, 't2': 12.94295, 't3': 103.84408, 'N_anc': 2044.25945, 'N_yri': 3988.51891, 'N_ooa': 3988.51891, 'N_ceu': 3988.51891, 'N_chb': 3988.51891, 'gr_ceu': 0.03928, 'gr_chb': 0.03928, 'm_yri_ooa': 1e-05, 'm_yri_ceu': 1e-05, 'm_yri_chb': 1e-05, 'm_ceu_chb': 1e-05} -81174.79763400454
 
 
x_up: {'t1': 2.7675, 't2': 12.94295, 't3': 103.84408, 'N_anc': 2044.25945, 'N_yri': 5932.77837, 'N_ooa': 3988.51891, 'N_ceu': 3988.51891, 'N_chb': 3988.51891, 'gr_ceu': 0.03928, 'gr_chb': 0.03928, 'm_yri_ooa': 1e-05, 'm_yri_ceu': 1e-05, 'm_yri_chb': 1e-05, 'm_ceu_chb': 1e-05} -81555.83279673642
x: {'t1': 2.7675, 't2': 12.94295, 't3': 103.84408, 'N_anc': 2044.25945, 'N_yri': 3988.51891, 'N_ooa': 3988.51891, 'N_ceu': 3988.51891, 'N_chb': 3988.51891, 'gr_ceu': 0.03928, 'gr_chb': 0.03928, 'm_yri_ooa': 1e-05, 'm_yri_ceu': 1e-05, 'm_yri_chb': 1e-05, 'm_ceu_chb': 1e-05} -81174.79763400454
x_down: {'t1': 2.7675, 't2': 12.94295, 't3': 103.84408, 'N_anc': 2044.25945, 'N_yri': 2044.25945, 'N_ooa': 3988.51891, 'N_ceu': 3988.51891, 'N_chb': 3988.51891, 'gr_ceu': 0.03928, 'gr_chb': 0.03928, 'm_yri_ooa': 1e-05, 'm_yri_ceu': 1e-05, 'm_yri_chb': 1e-05, 'm_ceu_chb': 1e-05} -80233.16112247657
 
 
x_up: {'t1': 2.7675, 't2': 12.94295, 't3': 103.84408, 'N_anc': 2044.25945, 'N_yri': 2044.25945, 'N_ooa': 5932.77837, 'N_ceu': 3988.51891, 'N_chb': 3988.51891, 'gr_ceu': 0.03928, 'gr_chb': 0.03928, 'm_yri_ooa': 1e-05, 'm_yri_ceu': 1e-05, 'm_yri_chb': 1e-05, 'm_ceu_chb': 1e-05} -81465.2689980634
x: {'t1': 2.7675, 't2': 12.94295, 't3': 103.84408, 'N_anc': 2044.25945, 'N_yri': 2044.25945, 'N_ooa': 3988.51891, 'N_ceu': 3988.51891, 'N_chb': 3988.51891, 'gr_ceu': 0.03928, 'gr_chb': 0.03928, 'm_yri_ooa': 1e-05, 'm_yri_ceu': 1e-05, 'm_yri_chb': 1e-05, 'm_ceu_chb': 1e-05} -80233.16112247657
x_down: {'t1': 2.7675, 't2': 12.94295, 't3': 103.84408, 'N_anc': 2044.25945, 'N_yri': 2044.25945, 'N_ooa': 2044.25945, 'N_ceu': 3988.51891, 'N_chb': 3988.51891, 'gr_ceu': 0.03928, 'gr_chb': 0.03928, 'm_yri_ooa': 1e-05, 'm_yri_ceu': 1e-05, 'm_yri_chb': 1e-05, 'm_ceu_chb': 1e-05} -78406.10812843668
 
 
x_up: {'t1': 2.7675, 't2': 12.94295, 't3': 103.84408, 'N_anc': 2044.25945, 'N_yri': 2044.25945, 'N_ooa': 2044.25945, 'N_ceu': 5932.77837, 'N_chb': 3988.51891, 'gr_ceu': 0.03928, 'gr_chb': 0.03928, 'm_yri_ooa': 1e-05, 'm_yri_ceu': 1e-05, 'm_yri_chb': 1e-05, 'm_ceu_chb': 1e-05} -79095.54923468691
x: {'t1': 2.7675, 't2': 12.94295, 't3': 103.84408, 'N_anc': 2044.25945, 'N_yri': 2044.25945, 'N_ooa': 2044.25945, 'N_ceu': 3988.51891, 'N_chb': 3988.51891, 'gr_ceu': 0.03928, 'gr_chb': 0.03928, 'm_yri_ooa': 1e-05, 'm_yri_ceu': 1e-05, 'm_yri_chb': 1e-05, 'm_ceu_chb': 1e-05} -78406.10812843668
x_down: {'t1': 2.7675, 't2': 12.94295, 't3': 103.84408, 'N_anc': 2044.25945, 'N_yri': 2044.25945, 'N_ooa': 2044.25945, 'N_ceu': 2044.25945, 'N_chb': 3988.51891, 'gr_ceu': 0.03928, 'gr_chb': 0.03928, 'm_yri_ooa': 1e-05, 'm_yri_ceu': 1e-05, 'm_yri_chb': 1e-05, 'm_ceu_chb': 1e-05} -76770.4757273227
 
 
x_up: {'t1': 2.7675, 't2': 12.94295, 't3': 103.84408, 'N_anc': 2044.25945, 'N_yri': 2044.25945, 'N_ooa': 2044.25945, 'N_ceu': 2044.25945, 'N_chb': 5932.77837, 'gr_ceu': 0.03928, 'gr_chb': 0.03928, 'm_yri_ooa': 1e-05, 'm_yri_ceu': 1e-05, 'm_yri_chb': 1e-05, 'm_ceu_chb': 1e-05} -77339.8789167121
x: {'t1': 2.7675, 't2': 12.94295, 't3': 103.84408, 'N_anc': 2044.25945, 'N_yri': 2044.25945, 'N_ooa': 2044.25945, 'N_ceu': 2044.25945, 'N_chb': 3988.51891, 'gr_ceu': 0.03928, 'gr_chb': 0.03928, 'm_yri_ooa': 1e-05, 'm_yri_ceu': 1e-05, 'm_yri_chb': 1e-05, 'm_ceu_chb': 1e-05} -76770.4757273227
x_down: {'t1': 2.7675, 't2': 12.94295, 't3': 103.84408, 'N_anc': 2044.25945, 'N_yri': 2044.25945, 'N_ooa': 2044.25945, 'N_ceu': 2044.25945, 'N_chb': 2044.25945, 'gr_ceu': 0.03928, 'gr_chb': 0.03928, 'm_yri_ooa': 1e-05, 'm_yri_ceu': 1e-05, 'm_yri_chb': 1e-05, 'm_ceu_chb': 1e-05} -75753.10024166468
 
 
x_up: {'t1': 2.7675, 't2': 12.94295, 't3': 103.84408, 'N_anc': 2044.25945, 'N_yri': 2044.25945, 'N_ooa': 2044.25945, 'N_ceu': 2044.25945, 'N_chb': 2044.25945, 'gr_ceu': 0.05892, 'gr_chb': 0.03928, 'm_yri_ooa': 1e-05, 'm_yri_ceu': 1e-05, 'm_yri_chb': 1e-05, 'm_ceu_chb': 1e-05} -75818.79839645536
x: {'t1': 2.7675, 't2': 12.94295, 't3': 103.84408, 'N_anc': 2044.25945, 'N_yri': 2044.25945, 'N_ooa': 2044.25945, 'N_ceu': 2044.25945, 'N_chb': 2044.25945, 'gr_ceu': 0.03928, 'gr_chb': 0.03928, 'm_yri_ooa': 1e-05, 'm_yri_ceu': 1e-05, 'm_yri_chb': 1e-05, 'm_ceu_chb': 1e-05} -75753.10024166468
x_down: {'t1': 2.7675, 't2': 12.94295, 't3': 103.84408, 'N_anc': 2044.25945, 'N_yri': 2044.25945, 'N_ooa': 2044.25945, 'N_ceu': 2044.25945, 'N_chb': 2044.25945, 'gr_ceu': 0.01964, 'gr_chb': 0.03928, 'm_yri_ooa': 1e-05, 'm_yri_ceu': 1e-05, 'm_yri_chb': 1e-05, 'm_ceu_chb': 1e-05} -75684.96807793569
 
 
x_up: {'t1': 2.7675, 't2': 12.94295, 't3': 103.84408, 'N_anc': 2044.25945, 'N_yri': 2044.25945, 'N_ooa': 2044.25945, 'N_ceu': 2044.25945, 'N_chb': 2044.25945, 'gr_ceu': 0.01964, 'gr_chb': 0.05892, 'm_yri_ooa': 1e-05, 'm_yri_ceu': 1e-05, 'm_yri_chb': 1e-05, 'm_ceu_chb': 1e-05} -75748.01244647197
x: {'t1': 2.7675, 't2': 12.94295, 't3': 103.84408, 'N_anc': 2044.25945, 'N_yri': 2044.25945, 'N_ooa': 2044.25945, 'N_ceu': 2044.25945, 'N_chb': 2044.25945, 'gr_ceu': 0.01964, 'gr_chb': 0.03928, 'm_yri_ooa': 1e-05, 'm_yri_ceu': 1e-05, 'm_yri_chb': 1e-05, 'm_ceu_chb': 1e-05} -75684.96807793569
x_down: {'t1': 2.7675, 't2': 12.94295, 't3': 103.84408, 'N_anc': 2044.25945, 'N_yri': 2044.25945, 'N_ooa': 2044.25945, 'N_ceu': 2044.25945, 'N_chb': 2044.25945, 'gr_ceu': 0.01964, 'gr_chb': 0.01964, 'm_yri_ooa': 1e-05, 'm_yri_ceu': 1e-05, 'm_yri_chb': 1e-05, 'm_ceu_chb': 1e-05} -75619.51360473853
 
 
x_up: {'t1': 2.7675, 't2': 12.94295, 't3': 103.84408, 'N_anc': 2044.25945, 'N_yri': 2044.25945, 'N_ooa': 2044.25945, 'N_ceu': 2044.25945, 'N_chb': 2044.25945, 'gr_ceu': 0.01964, 'gr_chb': 0.01964, 'm_yri_ooa': 0.0, 'm_yri_ceu': 1e-05, 'm_yri_chb': 1e-05, 'm_ceu_chb': 1e-05} -75619.32458597554
x: {'t1': 2.7675, 't2': 12.94295, 't3': 103.84408, 'N_anc': 2044.25945, 'N_yri': 2044.25945, 'N_ooa': 2044.25945, 'N_ceu': 2044.25945, 'N_chb': 2044.25945, 'gr_ceu': 0.01964, 'gr_chb': 0.01964, 'm_yri_ooa': 1e-05, 'm_yri_ceu': 1e-05, 'm_yri_chb': 1e-05, 'm_ceu_chb': 1e-05} -75619.51360473853
x_down: {'t1': 2.7675, 't2': 12.94295, 't3': 103.84408, 'N_anc': 2044.25945, 'N_yri': 2044.25945, 'N_ooa': 2044.25945, 'N_ceu': 2044.25945, 'N_chb': 2044.25945, 'gr_ceu': 0.01964, 'gr_chb': 0.01964, 'm_yri_ooa': 1e-05, 'm_yri_ceu': 1e-05, 'm_yri_chb': 1e-05, 'm_ceu_chb': 1e-05} -75619.51360473853
 
 
x_up: {'t1': 2.7675, 't2': 12.94295, 't3': 103.84408, 'N_anc': 2044.25945, 'N_yri': 2044.25945, 'N_ooa': 2044.25945, 'N_ceu': 2044.25945, 'N_chb': 2044.25945, 'gr_ceu': 0.01964, 'gr_chb': 0.01964, 'm_yri_ooa': 0.0, 'm_yri_ceu': 0.0, 'm_yri_chb': 1e-05, 'm_ceu_chb': 1e-05} -75619.32458598231
x: {'t1': 2.7675, 't2': 12.94295, 't3': 103.84408, 'N_anc': 2044.25945, 'N_yri': 2044.25945, 'N_ooa': 2044.25945, 'N_ceu': 2044.25945, 'N_chb': 2044.25945, 'gr_ceu': 0.01964, 'gr_chb': 0.01964, 'm_yri_ooa': 0.0, 'm_yri_ceu': 1e-05, 'm_yri_chb': 1e-05, 'm_ceu_chb': 1e-05} -75619.32458597554
x_down: {'t1': 2.7675, 't2': 12.94295, 't3': 103.84408, 'N_anc': 2044.25945, 'N_yri': 2044.25945, 'N_ooa': 2044.25945, 'N_ceu': 2044.25945, 'N_chb': 2044.25945, 'gr_ceu': 0.01964, 'gr_chb': 0.01964, 'm_yri_ooa': 0.0, 'm_yri_ceu': 1e-05, 'm_yri_chb': 1e-05, 'm_ceu_chb': 1e-05} -75619.32458597554
 
 
x_up: {'t1': 2.7675, 't2': 12.94295, 't3': 103.84408, 'N_anc': 2044.25945, 'N_yri': 2044.25945, 'N_ooa': 2044.25945, 'N_ceu': 2044.25945, 'N_chb': 2044.25945, 'gr_ceu': 0.01964, 'gr_chb': 0.01964, 'm_yri_ooa': 0.0, 'm_yri_ceu': 1e-05, 'm_yri_chb': 0.0, 'm_ceu_chb': 1e-05} -75619.32458598174
x: {'t1': 2.7675, 't2': 12.94295, 't3': 103.84408, 'N_anc': 2044.25945, 'N_yri': 2044.25945, 'N_ooa': 2044.25945, 'N_ceu': 2044.25945, 'N_chb': 2044.25945, 'gr_ceu': 0.01964, 'gr_chb': 0.01964, 'm_yri_ooa': 0.0, 'm_yri_ceu': 1e-05, 'm_yri_chb': 1e-05, 'm_ceu_chb': 1e-05} -75619.32458597554
x_down: {'t1': 2.7675, 't2': 12.94295, 't3': 103.84408, 'N_anc': 2044.25945, 'N_yri': 2044.25945, 'N_ooa': 2044.25945, 'N_ceu': 2044.25945, 'N_chb': 2044.25945, 'gr_ceu': 0.01964, 'gr_chb': 0.01964, 'm_yri_ooa': 0.0, 'm_yri_ceu': 1e-05, 'm_yri_chb': 1e-05, 'm_ceu_chb': 1e-05} -75619.32458597554
 
 
x_up: {'t1': 2.7675, 't2': 12.94295, 't3': 103.84408, 'N_anc': 2044.25945, 'N_yri': 2044.25945, 'N_ooa': 2044.25945, 'N_ceu': 2044.25945, 'N_chb': 2044.25945, 'gr_ceu': 0.01964, 'gr_chb': 0.01964, 'm_yri_ooa': 0.0, 'm_yri_ceu': 1e-05, 'm_yri_chb': 1e-05, 'm_ceu_chb': 0.0} -75619.32458597557
x: {'t1': 2.7675, 't2': 12.94295, 't3': 103.84408, 'N_anc': 2044.25945, 'N_yri': 2044.25945, 'N_ooa': 2044.25945, 'N_ceu': 2044.25945, 'N_chb': 2044.25945, 'gr_ceu': 0.01964, 'gr_chb': 0.01964, 'm_yri_ooa': 0.0, 'm_yri_ceu': 1e-05, 'm_yri_chb': 1e-05, 'm_ceu_chb': 1e-05} -75619.32458597554
x_down: {'t1': 2.7675, 't2': 12.94295, 't3': 103.84408, 'N_anc': 2044.25945, 'N_yri': 2044.25945, 'N_ooa': 2044.25945, 'N_ceu': 2044.25945, 'N_chb': 2044.25945, 'gr_ceu': 0.01964, 'gr_chb': 0.01964, 'm_yri_ooa': 0.0, 'm_yri_ceu': 1e-05, 'm_yri_chb': 1e-05, 'm_ceu_chb': 1e-05} -75619.32458597554
 
{'t1': 2.7675, 't2': 12.94295, 't3': 103.84408, 'N_anc': 2044.25945, 'N_yri': 2044.25945, 'N_ooa': 2044.25945, 'N_ceu': 2044.25945, 'N_chb': 2044.25945, 'gr_ceu': 0.01964, 'gr_chb': 0.01964, 'm_yri_ooa': 0.0, 'm_yri_ceu': 1e-05, 'm_yri_chb': 1e-05, 'm_ceu_chb': 1e-05} -75619.32458597554
 
x_up: {'t1': 3.65125, 't2': 12.94295, 't3': 103.84408, 'N_anc': 2044.25945, 'N_yri': 2044.25945, 'N_ooa': 2044.25945, 'N_ceu': 2044.25945, 'N_chb': 2044.25945, 'gr_ceu': 0.01964, 'gr_chb': 0.01964, 'm_yri_ooa': 0.0, 'm_yri_ceu': 1e-05, 'm_yri_chb': 1e-05, 'm_ceu_chb': 1e-05} -75986.7799541178
x: {'t1': 2.7675, 't2': 12.94295, 't3': 103.84408, 'N_anc': 2044.25945, 'N_yri': 2044.25945, 'N_ooa': 2044.25945, 'N_ceu': 2044.25945, 'N_chb': 2044.25945, 'gr_ceu': 0.01964, 'gr_chb': 0.01964, 'm_yri_ooa': 0.0, 'm_yri_ceu': 1e-05, 'm_yri_chb': 1e-05, 'm_ceu_chb': 1e-05} -75619.32458597554
x_down: {'t1': 1.88375, 't2': 12.94295, 't3': 103.84408, 'N_anc': 2044.25945, 'N_yri': 2044.25945, 'N_ooa': 2044.25945, 'N_ceu': 2044.25945, 'N_chb': 2044.25945, 'gr_ceu': 0.01964, 'gr_chb': 0.01964, 'm_yri_ooa': 0.0, 'm_yri_ceu': 1e-05, 'm_yri_chb': 1e-05, 'm_ceu_chb': 1e-05} -75207.91317627962
 
 
x_up: {'t1': 1.88375, 't2': 18.47255, 't3': 103.84408, 'N_anc': 2044.25945, 'N_yri': 2044.25945, 'N_ooa': 2044.25945, 'N_ceu': 2044.25945, 'N_chb': 2044.25945, 'gr_ceu': 0.01964, 'gr_chb': 0.01964, 'm_yri_ooa': 0.0, 'm_yri_ceu': 1e-05, 'm_yri_chb': 1e-05, 'm_ceu_chb': 1e-05} -75428.08394991409
x: {'t1': 1.88375, 't2': 12.94295, 't3': 103.84408, 'N_anc': 2044.25945, 'N_yri': 2044.25945, 'N_ooa': 2044.25945, 'N_ceu': 2044.25945, 'N_chb': 2044.25945, 'gr_ceu': 0.01964, 'gr_chb': 0.01964, 'm_yri_ooa': 0.0, 'm_yri_ceu': 1e-05, 'm_yri_chb': 1e-05, 'm_ceu_chb': 1e-05} -75207.91317627962
x_down: {'t1': 1.88375, 't2': 7.41335, 't3': 103.84408, 'N_anc': 2044.25945, 'N_yri': 2044.25945, 'N_ooa': 2044.25945, 'N_ceu': 2044.25945, 'N_chb': 2044.25945, 'gr_ceu': 0.01964, 'gr_chb': 0.01964, 'm_yri_ooa': 0.0, 'm_yri_ceu': 1e-05, 'm_yri_chb': 1e-05, 'm_ceu_chb': 1e-05} -74833.71022981098
 
 
x_up: {'t1': 1.88375, 't2': 7.41335, 't3': 108.66562, 'N_anc': 2044.25945, 'N_yri': 2044.25945, 'N_ooa': 2044.25945, 'N_ceu': 2044.25945, 'N_chb': 2044.25945, 'gr_ceu': 0.01964, 'gr_chb': 0.01964, 'm_yri_ooa': 0.0, 'm_yri_ceu': 1e-05, 'm_yri_chb': 1e-05, 'm_ceu_chb': 1e-05} -74833.71022981098
x: {'t1': 1.88375, 't2': 7.41335, 't3': 103.84408, 'N_anc': 2044.25945, 'N_yri': 2044.25945, 'N_ooa': 2044.25945, 'N_ceu': 2044.25945, 'N_chb': 2044.25945, 'gr_ceu': 0.01964, 'gr_chb': 0.01964, 'm_yri_ooa': 0.0, 'm_yri_ceu': 1e-05, 'm_yri_chb': 1e-05, 'm_ceu_chb': 1e-05} -74833.71022981098
x_down: {'t1': 1.88375, 't2': 7.41335, 't3': 99.02254, 'N_anc': 2044.25945, 'N_yri': 2044.25945, 'N_ooa': 2044.25945, 'N_ceu': 2044.25945, 'N_chb': 2044.25945, 'gr_ceu': 0.01964, 'gr_chb': 0.01964, 'm_yri_ooa': 0.0, 'm_yri_ceu': 1e-05, 'm_yri_chb': 1e-05, 'm_ceu_chb': 1e-05} -74833.71022981098
 
 
x_up: {'t1': 1.88375, 't2': 7.41335, 't3': 103.84408, 'N_anc': 3016.38918, 'N_yri': 2044.25945, 'N_ooa': 2044.25945, 'N_ceu': 2044.25945, 'N_chb': 2044.25945, 'gr_ceu': 0.01964, 'gr_chb': 0.01964, 'm_yri_ooa': 0.0, 'm_yri_ceu': 1e-05, 'm_yri_chb': 1e-05, 'm_ceu_chb': 1e-05} -74883.80112962831
x: {'t1': 1.88375, 't2': 7.41335, 't3': 103.84408, 'N_anc': 2044.25945, 'N_yri': 2044.25945, 'N_ooa': 2044.25945, 'N_ceu': 2044.25945, 'N_chb': 2044.25945, 'gr_ceu': 0.01964, 'gr_chb': 0.01964, 'm_yri_ooa': 0.0, 'm_yri_ceu': 1e-05, 'm_yri_chb': 1e-05, 'm_ceu_chb': 1e-05} -74833.71022981098
x_down: {'t1': 1.88375, 't2': 7.41335, 't3': 103.84408, 'N_anc': 1072.12973, 'N_yri': 2044.25945, 'N_ooa': 2044.25945, 'N_ceu': 2044.25945, 'N_chb': 2044.25945, 'gr_ceu': 0.01964, 'gr_chb': 0.01964, 'm_yri_ooa': 0.0, 'm_yri_ceu': 1e-05, 'm_yri_chb': 1e-05, 'm_ceu_chb': 1e-05} -74764.64021843094
 
 
x_up: {'t1': 1.88375, 't2': 7.41335, 't3': 103.84408, 'N_anc': 1072.12973, 'N_yri': 3016.38918, 'N_ooa': 2044.25945, 'N_ceu': 2044.25945, 'N_chb': 2044.25945, 'gr_ceu': 0.01964, 'gr_chb': 0.01964, 'm_yri_ooa': 0.0, 'm_yri_ceu': 1e-05, 'm_yri_chb': 1e-05, 'm_ceu_chb': 1e-05} -75212.91633993431
x: {'t1': 1.88375, 't2': 7.41335, 't3': 103.84408, 'N_anc': 1072.12973, 'N_yri': 2044.25945, 'N_ooa': 2044.25945, 'N_ceu': 2044.25945, 'N_chb': 2044.25945, 'gr_ceu': 0.01964, 'gr_chb': 0.01964, 'm_yri_ooa': 0.0, 'm_yri_ceu': 1e-05, 'm_yri_chb': 1e-05, 'm_ceu_chb': 1e-05} -74764.64021843094
x_down: {'t1': 1.88375, 't2': 7.41335, 't3': 103.84408, 'N_anc': 1072.12973, 'N_yri': 1072.12973, 'N_ooa': 2044.25945, 'N_ceu': 2044.25945, 'N_chb': 2044.25945, 'gr_ceu': 0.01964, 'gr_chb': 0.01964, 'm_yri_ooa': 0.0, 'm_yri_ceu': 1e-05, 'm_yri_chb': 1e-05, 'm_ceu_chb': 1e-05} -73945.1134965269
 
 
x_up: {'t1': 1.88375, 't2': 7.41335, 't3': 103.84408, 'N_anc': 1072.12973, 'N_yri': 1072.12973, 'N_ooa': 3016.38918, 'N_ceu': 2044.25945, 'N_chb': 2044.25945, 'gr_ceu': 0.01964, 'gr_chb': 0.01964, 'm_yri_ooa': 0.0, 'm_yri_ceu': 1e-05, 'm_yri_chb': 1e-05, 'm_ceu_chb': 1e-05} -75174.20073045562
x: {'t1': 1.88375, 't2': 7.41335, 't3': 103.84408, 'N_anc': 1072.12973, 'N_yri': 1072.12973, 'N_ooa': 2044.25945, 'N_ceu': 2044.25945, 'N_chb': 2044.25945, 'gr_ceu': 0.01964, 'gr_chb': 0.01964, 'm_yri_ooa': 0.0, 'm_yri_ceu': 1e-05, 'm_yri_chb': 1e-05, 'm_ceu_chb': 1e-05} -73945.1134965269
x_down: {'t1': 1.88375, 't2': 7.41335, 't3': 103.84408, 'N_anc': 1072.12973, 'N_yri': 1072.12973, 'N_ooa': 1072.12973, 'N_ceu': 2044.25945, 'N_chb': 2044.25945, 'gr_ceu': 0.01964, 'gr_chb': 0.01964, 'm_yri_ooa': 0.0, 'm_yri_ceu': 1e-05, 'm_yri_chb': 1e-05, 'm_ceu_chb': 1e-05} -72506.87856937834
 
 
x_up: {'t1': 1.88375, 't2': 7.41335, 't3': 103.84408, 'N_anc': 1072.12973, 'N_yri': 1072.12973, 'N_ooa': 1072.12973, 'N_ceu': 3016.38918, 'N_chb': 2044.25945, 'gr_ceu': 0.01964, 'gr_chb': 0.01964, 'm_yri_ooa': 0.0, 'm_yri_ceu': 1e-05, 'm_yri_chb': 1e-05, 'm_ceu_chb': 1e-05} -73006.93224023562
x: {'t1': 1.88375, 't2': 7.41335, 't3': 103.84408, 'N_anc': 1072.12973, 'N_yri': 1072.12973, 'N_ooa': 1072.12973, 'N_ceu': 2044.25945, 'N_chb': 2044.25945, 'gr_ceu': 0.01964, 'gr_chb': 0.01964, 'm_yri_ooa': 0.0, 'm_yri_ceu': 1e-05, 'm_yri_chb': 1e-05, 'm_ceu_chb': 1e-05} -72506.87856937834
x_down: {'t1': 1.88375, 't2': 7.41335, 't3': 103.84408, 'N_anc': 1072.12973, 'N_yri': 1072.12973, 'N_ooa': 1072.12973, 'N_ceu': 1072.12973, 'N_chb': 2044.25945, 'gr_ceu': 0.01964, 'gr_chb': 0.01964, 'm_yri_ooa': 0.0, 'm_yri_ceu': 1e-05, 'm_yri_chb': 1e-05, 'm_ceu_chb': 1e-05} -71446.74557246275
 
 
x_up: {'t1': 1.88375, 't2': 7.41335, 't3': 103.84408, 'N_anc': 1072.12973, 'N_yri': 1072.12973, 'N_ooa': 1072.12973, 'N_ceu': 1072.12973, 'N_chb': 3016.38918, 'gr_ceu': 0.01964, 'gr_chb': 0.01964, 'm_yri_ooa': 0.0, 'm_yri_ceu': 1e-05, 'm_yri_chb': 1e-05, 'm_ceu_chb': 1e-05} -71865.71230197384
x: {'t1': 1.88375, 't2': 7.41335, 't3': 103.84408, 'N_anc': 1072.12973, 'N_yri': 1072.12973, 'N_ooa': 1072.12973, 'N_ceu': 1072.12973, 'N_chb': 2044.25945, 'gr_ceu': 0.01964, 'gr_chb': 0.01964, 'm_yri_ooa': 0.0, 'm_yri_ceu': 1e-05, 'm_yri_chb': 1e-05, 'm_ceu_chb': 1e-05} -71446.74557246275
x_down: {'t1': 1.88375, 't2': 7.41335, 't3': 103.84408, 'N_anc': 1072.12973, 'N_yri': 1072.12973, 'N_ooa': 1072.12973, 'N_ceu': 1072.12973, 'N_chb': 1072.12973, 'gr_ceu': 0.01964, 'gr_chb': 0.01964, 'm_yri_ooa': 0.0, 'm_yri_ceu': 1e-05, 'm_yri_chb': 1e-05, 'm_ceu_chb': 1e-05} -70765.39879070713
 
 
x_up: {'t1': 1.88375, 't2': 7.41335, 't3': 103.84408, 'N_anc': 1072.12973, 'N_yri': 1072.12973, 'N_ooa': 1072.12973, 'N_ceu': 1072.12973, 'N_chb': 1072.12973, 'gr_ceu': 0.02946, 'gr_chb': 0.01964, 'm_yri_ooa': 0.0, 'm_yri_ceu': 1e-05, 'm_yri_chb': 1e-05, 'm_ceu_chb': 1e-05} -70779.44037912517
x: {'t1': 1.88375, 't2': 7.41335, 't3': 103.84408, 'N_anc': 1072.12973, 'N_yri': 1072.12973, 'N_ooa': 1072.12973, 'N_ceu': 1072.12973, 'N_chb': 1072.12973, 'gr_ceu': 0.01964, 'gr_chb': 0.01964, 'm_yri_ooa': 0.0, 'm_yri_ceu': 1e-05, 'm_yri_chb': 1e-05, 'm_ceu_chb': 1e-05} -70765.39879070713
x_down: {'t1': 1.88375, 't2': 7.41335, 't3': 103.84408, 'N_anc': 1072.12973, 'N_yri': 1072.12973, 'N_ooa': 1072.12973, 'N_ceu': 1072.12973, 'N_chb': 1072.12973, 'gr_ceu': 0.00982, 'gr_chb': 0.01964, 'm_yri_ooa': 0.0, 'm_yri_ceu': 1e-05, 'm_yri_chb': 1e-05, 'm_ceu_chb': 1e-05} -70751.26654427277
 
 
x_up: {'t1': 1.88375, 't2': 7.41335, 't3': 103.84408, 'N_anc': 1072.12973, 'N_yri': 1072.12973, 'N_ooa': 1072.12973, 'N_ceu': 1072.12973, 'N_chb': 1072.12973, 'gr_ceu': 0.00982, 'gr_chb': 0.02946, 'm_yri_ooa': 0.0, 'm_yri_ceu': 1e-05, 'm_yri_chb': 1e-05, 'm_ceu_chb': 1e-05} -70765.15245353873
x: {'t1': 1.88375, 't2': 7.41335, 't3': 103.84408, 'N_anc': 1072.12973, 'N_yri': 1072.12973, 'N_ooa': 1072.12973, 'N_ceu': 1072.12973, 'N_chb': 1072.12973, 'gr_ceu': 0.00982, 'gr_chb': 0.01964, 'm_yri_ooa': 0.0, 'm_yri_ceu': 1e-05, 'm_yri_chb': 1e-05, 'm_ceu_chb': 1e-05} -70751.26654427277
x_down: {'t1': 1.88375, 't2': 7.41335, 't3': 103.84408, 'N_anc': 1072.12973, 'N_yri': 1072.12973, 'N_ooa': 1072.12973, 'N_ceu': 1072.12973, 'N_chb': 1072.12973, 'gr_ceu': 0.00982, 'gr_chb': 0.00982, 'm_yri_ooa': 0.0, 'm_yri_ceu': 1e-05, 'm_yri_chb': 1e-05, 'm_ceu_chb': 1e-05} -70737.28974815043
 
 
x_up: {'t1': 1.88375, 't2': 7.41335, 't3': 103.84408, 'N_anc': 1072.12973, 'N_yri': 1072.12973, 'N_ooa': 1072.12973, 'N_ceu': 1072.12973, 'N_chb': 1072.12973, 'gr_ceu': 0.00982, 'gr_chb': 0.00982, 'm_yri_ooa': 0.0, 'm_yri_ceu': 1e-05, 'm_yri_chb': 1e-05, 'm_ceu_chb': 1e-05} -70737.28974815043
x: {'t1': 1.88375, 't2': 7.41335, 't3': 103.84408, 'N_anc': 1072.12973, 'N_yri': 1072.12973, 'N_ooa': 1072.12973, 'N_ceu': 1072.12973, 'N_chb': 1072.12973, 'gr_ceu': 0.00982, 'gr_chb': 0.00982, 'm_yri_ooa': 0.0, 'm_yri_ceu': 1e-05, 'm_yri_chb': 1e-05, 'm_ceu_chb': 1e-05} -70737.28974815043
x_down: {'t1': 1.88375, 't2': 7.41335, 't3': 103.84408, 'N_anc': 1072.12973, 'N_yri': 1072.12973, 'N_ooa': 1072.12973, 'N_ceu': 1072.12973, 'N_chb': 1072.12973, 'gr_ceu': 0.00982, 'gr_chb': 0.00982, 'm_yri_ooa': 1e-05, 'm_yri_ceu': 1e-05, 'm_yri_chb': 1e-05, 'm_ceu_chb': 1e-05} -70737.38714410449
 
 
x_up: {'t1': 1.88375, 't2': 7.41335, 't3': 103.84408, 'N_anc': 1072.12973, 'N_yri': 1072.12973, 'N_ooa': 1072.12973, 'N_ceu': 1072.12973, 'N_chb': 1072.12973, 'gr_ceu': 0.00982, 'gr_chb': 0.00982, 'm_yri_ooa': 0.0, 'm_yri_ceu': 0.0, 'm_yri_chb': 1e-05, 'm_ceu_chb': 1e-05} -70737.28974815688
x: {'t1': 1.88375, 't2': 7.41335, 't3': 103.84408, 'N_anc': 1072.12973, 'N_yri': 1072.12973, 'N_ooa': 1072.12973, 'N_ceu': 1072.12973, 'N_chb': 1072.12973, 'gr_ceu': 0.00982, 'gr_chb': 0.00982, 'm_yri_ooa': 0.0, 'm_yri_ceu': 1e-05, 'm_yri_chb': 1e-05, 'm_ceu_chb': 1e-05} -70737.28974815043
x_down: {'t1': 1.88375, 't2': 7.41335, 't3': 103.84408, 'N_anc': 1072.12973, 'N_yri': 1072.12973, 'N_ooa': 1072.12973, 'N_ceu': 1072.12973, 'N_chb': 1072.12973, 'gr_ceu': 0.00982, 'gr_chb': 0.00982, 'm_yri_ooa': 0.0, 'm_yri_ceu': 1e-05, 'm_yri_chb': 1e-05, 'm_ceu_chb': 1e-05} -70737.28974815043
 
 
x_up: {'t1': 1.88375, 't2': 7.41335, 't3': 103.84408, 'N_anc': 1072.12973, 'N_yri': 1072.12973, 'N_ooa': 1072.12973, 'N_ceu': 1072.12973, 'N_chb': 1072.12973, 'gr_ceu': 0.00982, 'gr_chb': 0.00982, 'm_yri_ooa': 0.0, 'm_yri_ceu': 1e-05, 'm_yri_chb': 0.0, 'm_ceu_chb': 1e-05} -70737.28974815743
x: {'t1': 1.88375, 't2': 7.41335, 't3': 103.84408, 'N_anc': 1072.12973, 'N_yri': 1072.12973, 'N_ooa': 1072.12973, 'N_ceu': 1072.12973, 'N_chb': 1072.12973, 'gr_ceu': 0.00982, 'gr_chb': 0.00982, 'm_yri_ooa': 0.0, 'm_yri_ceu': 1e-05, 'm_yri_chb': 1e-05, 'm_ceu_chb': 1e-05} -70737.28974815043
x_down: {'t1': 1.88375, 't2': 7.41335, 't3': 103.84408, 'N_anc': 1072.12973, 'N_yri': 1072.12973, 'N_ooa': 1072.12973, 'N_ceu': 1072.12973, 'N_chb': 1072.12973, 'gr_ceu': 0.00982, 'gr_chb': 0.00982, 'm_yri_ooa': 0.0, 'm_yri_ceu': 1e-05, 'm_yri_chb': 1e-05, 'm_ceu_chb': 1e-05} -70737.28974815043
 
 
x_up: {'t1': 1.88375, 't2': 7.41335, 't3': 103.84408, 'N_anc': 1072.12973, 'N_yri': 1072.12973, 'N_ooa': 1072.12973, 'N_ceu': 1072.12973, 'N_chb': 1072.12973, 'gr_ceu': 0.00982, 'gr_chb': 0.00982, 'm_yri_ooa': 0.0, 'm_yri_ceu': 1e-05, 'm_yri_chb': 1e-05, 'm_ceu_chb': 0.0} -70737.28974815064
x: {'t1': 1.88375, 't2': 7.41335, 't3': 103.84408, 'N_anc': 1072.12973, 'N_yri': 1072.12973, 'N_ooa': 1072.12973, 'N_ceu': 1072.12973, 'N_chb': 1072.12973, 'gr_ceu': 0.00982, 'gr_chb': 0.00982, 'm_yri_ooa': 0.0, 'm_yri_ceu': 1e-05, 'm_yri_chb': 1e-05, 'm_ceu_chb': 1e-05} -70737.28974815043
x_down: {'t1': 1.88375, 't2': 7.41335, 't3': 103.84408, 'N_anc': 1072.12973, 'N_yri': 1072.12973, 'N_ooa': 1072.12973, 'N_ceu': 1072.12973, 'N_chb': 1072.12973, 'gr_ceu': 0.00982, 'gr_chb': 0.00982, 'm_yri_ooa': 0.0, 'm_yri_ceu': 1e-05, 'm_yri_chb': 1e-05, 'm_ceu_chb': 1e-05} -70737.28974815043
 
{'t1': 1.88375, 't2': 7.41335, 't3': 103.84408, 'N_anc': 1072.12973, 'N_yri': 1072.12973, 'N_ooa': 1072.12973, 'N_ceu': 1072.12973, 'N_chb': 1072.12973, 'gr_ceu': 0.00982, 'gr_chb': 0.00982, 'm_yri_ooa': 0.0, 'm_yri_ceu': 1e-05, 'm_yri_chb': 1e-05, 'm_ceu_chb': 1e-05} -70737.28974815043
 
x_up: {'t1': 2.32563, 't2': 7.41335, 't3': 103.84408, 'N_anc': 1072.12973, 'N_yri': 1072.12973, 'N_ooa': 1072.12973, 'N_ceu': 1072.12973, 'N_chb': 1072.12973, 'gr_ceu': 0.00982, 'gr_chb': 0.00982, 'm_yri_ooa': 0.0, 'm_yri_ceu': 1e-05, 'm_yri_chb': 1e-05, 'm_ceu_chb': 1e-05} -70814.85044296594
x: {'t1': 1.88375, 't2': 7.41335, 't3': 103.84408, 'N_anc': 1072.12973, 'N_yri': 1072.12973, 'N_ooa': 1072.12973, 'N_ceu': 1072.12973, 'N_chb': 1072.12973, 'gr_ceu': 0.00982, 'gr_chb': 0.00982, 'm_yri_ooa': 0.0, 'm_yri_ceu': 1e-05, 'm_yri_chb': 1e-05, 'm_ceu_chb': 1e-05} -70737.28974815043
x_down: {'t1': 1.44188, 't2': 7.41335, 't3': 103.84408, 'N_anc': 1072.12973, 'N_yri': 1072.12973, 'N_ooa': 1072.12973, 'N_ceu': 1072.12973, 'N_chb': 1072.12973, 'gr_ceu': 0.00982, 'gr_chb': 0.00982, 'm_yri_ooa': 0.0, 'm_yri_ceu': 1e-05, 'm_yri_chb': 1e-05, 'm_ceu_chb': 1e-05} -70657.56232350452
 
 
x_up: {'t1': 1.44188, 't2': 10.39908, 't3': 103.84408, 'N_anc': 1072.12973, 'N_yri': 1072.12973, 'N_ooa': 1072.12973, 'N_ceu': 1072.12973, 'N_chb': 1072.12973, 'gr_ceu': 0.00982, 'gr_chb': 0.00982, 'm_yri_ooa': 0.0, 'm_yri_ceu': 1e-05, 'm_yri_chb': 1e-05, 'm_ceu_chb': 1e-05} -71013.23973398622
x: {'t1': 1.44188, 't2': 7.41335, 't3': 103.84408, 'N_anc': 1072.12973, 'N_yri': 1072.12973, 'N_ooa': 1072.12973, 'N_ceu': 1072.12973, 'N_chb': 1072.12973, 'gr_ceu': 0.00982, 'gr_chb': 0.00982, 'm_yri_ooa': 0.0, 'm_yri_ceu': 1e-05, 'm_yri_chb': 1e-05, 'm_ceu_chb': 1e-05} -70657.56232350452
x_down: {'t1': 1.44188, 't2': 4.42762, 't3': 103.84408, 'N_anc': 1072.12973, 'N_yri': 1072.12973, 'N_ooa': 1072.12973, 'N_ceu': 1072.12973, 'N_chb': 1072.12973, 'gr_ceu': 0.00982, 'gr_chb': 0.00982, 'm_yri_ooa': 0.0, 'm_yri_ceu': 1e-05, 'm_yri_chb': 1e-05, 'm_ceu_chb': 1e-05} -70260.26842548225
 
 
x_up: {'t1': 1.44188, 't2': 4.42762, 't3': 108.8149, 'N_anc': 1072.12973, 'N_yri': 1072.12973, 'N_ooa': 1072.12973, 'N_ceu': 1072.12973, 'N_chb': 1072.12973, 'gr_ceu': 0.00982, 'gr_chb': 0.00982, 'm_yri_ooa': 0.0, 'm_yri_ceu': 1e-05, 'm_yri_chb': 1e-05, 'm_ceu_chb': 1e-05} -70260.26842548225
x: {'t1': 1.44188, 't2': 4.42762, 't3': 103.84408, 'N_anc': 1072.12973, 'N_yri': 1072.12973, 'N_ooa': 1072.12973, 'N_ceu': 1072.12973, 'N_chb': 1072.12973, 'gr_ceu': 0.00982, 'gr_chb': 0.00982, 'm_yri_ooa': 0.0, 'm_yri_ceu': 1e-05, 'm_yri_chb': 1e-05, 'm_ceu_chb': 1e-05} -70260.26842548225
x_down: {'t1': 1.44188, 't2': 4.42762, 't3': 98.87326, 'N_anc': 1072.12973, 'N_yri': 1072.12973, 'N_ooa': 1072.12973, 'N_ceu': 1072.12973, 'N_chb': 1072.12973, 'gr_ceu': 0.00982, 'gr_chb': 0.00982, 'm_yri_ooa': 0.0, 'm_yri_ceu': 1e-05, 'm_yri_chb': 1e-05, 'm_ceu_chb': 1e-05} -70260.26842548225
 
 
x_up: {'t1': 1.44188, 't2': 4.42762, 't3': 103.84408, 'N_anc': 1558.1946, 'N_yri': 1072.12973, 'N_ooa': 1072.12973, 'N_ceu': 1072.12973, 'N_chb': 1072.12973, 'gr_ceu': 0.00982, 'gr_chb': 0.00982, 'm_yri_ooa': 0.0, 'm_yri_ceu': 1e-05, 'm_yri_chb': 1e-05, 'm_ceu_chb': 1e-05} -70297.66030425839
x: {'t1': 1.44188, 't2': 4.42762, 't3': 103.84408, 'N_anc': 1072.12973, 'N_yri': 1072.12973, 'N_ooa': 1072.12973, 'N_ceu': 1072.12973, 'N_chb': 1072.12973, 'gr_ceu': 0.00982, 'gr_chb': 0.00982, 'm_yri_ooa': 0.0, 'm_yri_ceu': 1e-05, 'm_yri_chb': 1e-05, 'm_ceu_chb': 1e-05} -70260.26842548225
x_down: {'t1': 1.44188, 't2': 4.42762, 't3': 103.84408, 'N_anc': 586.06487, 'N_yri': 1072.12973, 'N_ooa': 1072.12973, 'N_ceu': 1072.12973, 'N_chb': 1072.12973, 'gr_ceu': 0.00982, 'gr_chb': 0.00982, 'm_yri_ooa': 0.0, 'm_yri_ceu': 1e-05, 'm_yri_chb': 1e-05, 'm_ceu_chb': 1e-05} -70223.26594213999
 
 
x_up: {'t1': 1.44188, 't2': 4.42762, 't3': 103.84408, 'N_anc': 586.06487, 'N_yri': 1558.1946, 'N_ooa': 1072.12973, 'N_ceu': 1072.12973, 'N_chb': 1072.12973, 'gr_ceu': 0.00982, 'gr_chb': 0.00982, 'm_yri_ooa': 0.0, 'm_yri_ceu': 1e-05, 'm_yri_chb': 1e-05, 'm_ceu_chb': 1e-05} -70607.63001042878
x: {'t1': 1.44188, 't2': 4.42762, 't3': 103.84408, 'N_anc': 586.06487, 'N_yri': 1072.12973, 'N_ooa': 1072.12973, 'N_ceu': 1072.12973, 'N_chb': 1072.12973, 'gr_ceu': 0.00982, 'gr_chb': 0.00982, 'm_yri_ooa': 0.0, 'm_yri_ceu': 1e-05, 'm_yri_chb': 1e-05, 'm_ceu_chb': 1e-05} -70223.26594213999
x_down: {'t1': 1.44188, 't2': 4.42762, 't3': 103.84408, 'N_anc': 586.06487, 'N_yri': 586.06487, 'N_ooa': 1072.12973, 'N_ceu': 1072.12973, 'N_chb': 1072.12973, 'gr_ceu': 0.00982, 'gr_chb': 0.00982, 'm_yri_ooa': 0.0, 'm_yri_ceu': 1e-05, 'm_yri_chb': 1e-05, 'm_ceu_chb': 1e-05} -69587.4863586963
 
 
x_up: {'t1': 1.44188, 't2': 4.42762, 't3': 103.84408, 'N_anc': 586.06487, 'N_yri': 586.06487, 'N_ooa': 1558.1946, 'N_ceu': 1072.12973, 'N_chb': 1072.12973, 'gr_ceu': 0.00982, 'gr_chb': 0.00982, 'm_yri_ooa': 0.0, 'm_yri_ceu': 1e-05, 'm_yri_chb': 1e-05, 'm_ceu_chb': 1e-05} -70326.4063072522
x: {'t1': 1.44188, 't2': 4.42762, 't3': 103.84408, 'N_anc': 586.06487, 'N_yri': 586.06487, 'N_ooa': 1072.12973, 'N_ceu': 1072.12973, 'N_chb': 1072.12973, 'gr_ceu': 0.00982, 'gr_chb': 0.00982, 'm_yri_ooa': 0.0, 'm_yri_ceu': 1e-05, 'm_yri_chb': 1e-05, 'm_ceu_chb': 1e-05} -69587.4863586963
x_down: {'t1': 1.44188, 't2': 4.42762, 't3': 103.84408, 'N_anc': 586.06487, 'N_yri': 586.06487, 'N_ooa': 586.06487, 'N_ceu': 1072.12973, 'N_chb': 1072.12973, 'gr_ceu': 0.00982, 'gr_chb': 0.00982, 'm_yri_ooa': 0.0, 'm_yri_ceu': 1e-05, 'm_yri_chb': 1e-05, 'm_ceu_chb': 1e-05} -69621.21329852697
 
 
x_up: {'t1': 1.44188, 't2': 4.42762, 't3': 103.84408, 'N_anc': 586.06487, 'N_yri': 586.06487, 'N_ooa': 1072.12973, 'N_ceu': 1558.1946, 'N_chb': 1072.12973, 'gr_ceu': 0.00982, 'gr_chb': 0.00982, 'm_yri_ooa': 0.0, 'm_yri_ceu': 1e-05, 'm_yri_chb': 1e-05, 'm_ceu_chb': 1e-05} -69920.9430852549
x: {'t1': 1.44188, 't2': 4.42762, 't3': 103.84408, 'N_anc': 586.06487, 'N_yri': 586.06487, 'N_ooa': 1072.12973, 'N_ceu': 1072.12973, 'N_chb': 1072.12973, 'gr_ceu': 0.00982, 'gr_chb': 0.00982, 'm_yri_ooa': 0.0, 'm_yri_ceu': 1e-05, 'm_yri_chb': 1e-05, 'm_ceu_chb': 1e-05} -69587.4863586963
x_down: {'t1': 1.44188, 't2': 4.42762, 't3': 103.84408, 'N_anc': 586.06487, 'N_yri': 586.06487, 'N_ooa': 1072.12973, 'N_ceu': 586.06487, 'N_chb': 1072.12973, 'gr_ceu': 0.00982, 'gr_chb': 0.00982, 'm_yri_ooa': 0.0, 'm_yri_ceu': 1e-05, 'm_yri_chb': 1e-05, 'm_ceu_chb': 1e-05} -69024.14950478141
 
 
x_up: {'t1': 1.44188, 't2': 4.42762, 't3': 103.84408, 'N_anc': 586.06487, 'N_yri': 586.06487, 'N_ooa': 1072.12973, 'N_ceu': 586.06487, 'N_chb': 1558.1946, 'gr_ceu': 0.00982, 'gr_chb': 0.00982, 'm_yri_ooa': 0.0, 'm_yri_ceu': 1e-05, 'm_yri_chb': 1e-05, 'm_ceu_chb': 1e-05} -69288.22390764998
x: {'t1': 1.44188, 't2': 4.42762, 't3': 103.84408, 'N_anc': 586.06487, 'N_yri': 586.06487, 'N_ooa': 1072.12973, 'N_ceu': 586.06487, 'N_chb': 1072.12973, 'gr_ceu': 0.00982, 'gr_chb': 0.00982, 'm_yri_ooa': 0.0, 'm_yri_ceu': 1e-05, 'm_yri_chb': 1e-05, 'm_ceu_chb': 1e-05} -69024.14950478141
x_down: {'t1': 1.44188, 't2': 4.42762, 't3': 103.84408, 'N_anc': 586.06487, 'N_yri': 586.06487, 'N_ooa': 1072.12973, 'N_ceu': 586.06487, 'N_chb': 586.06487, 'gr_ceu': 0.00982, 'gr_chb': 0.00982, 'm_yri_ooa': 0.0, 'm_yri_ceu': 1e-05, 'm_yri_chb': 1e-05, 'm_ceu_chb': 1e-05} -68670.72269753537
 
 
x_up: {'t1': 1.44188, 't2': 4.42762, 't3': 103.84408, 'N_anc': 586.06487, 'N_yri': 586.06487, 'N_ooa': 1072.12973, 'N_ceu': 586.06487, 'N_chb': 586.06487, 'gr_ceu': 0.01473, 'gr_chb': 0.00982, 'm_yri_ooa': 0.0, 'm_yri_ceu': 1e-05, 'm_yri_chb': 1e-05, 'm_ceu_chb': 1e-05} -68673.15737816533
x: {'t1': 1.44188, 't2': 4.42762, 't3': 103.84408, 'N_anc': 586.06487, 'N_yri': 586.06487, 'N_ooa': 1072.12973, 'N_ceu': 586.06487, 'N_chb': 586.06487, 'gr_ceu': 0.00982, 'gr_chb': 0.00982, 'm_yri_ooa': 0.0, 'm_yri_ceu': 1e-05, 'm_yri_chb': 1e-05, 'm_ceu_chb': 1e-05} -68670.72269753537
x_down: {'t1': 1.44188, 't2': 4.42762, 't3': 103.84408, 'N_anc': 586.06487, 'N_yri': 586.06487, 'N_ooa': 1072.12973, 'N_ceu': 586.06487, 'N_chb': 586.06487, 'gr_ceu': 0.00491, 'gr_chb': 0.00982, 'm_yri_ooa': 0.0, 'm_yri_ceu': 1e-05, 'm_yri_chb': 1e-05, 'm_ceu_chb': 1e-05} -68668.28985809223
 
 
x_up: {'t1': 1.44188, 't2': 4.42762, 't3': 103.84408, 'N_anc': 586.06487, 'N_yri': 586.06487, 'N_ooa': 1072.12973, 'N_ceu': 586.06487, 'N_chb': 586.06487, 'gr_ceu': 0.00491, 'gr_chb': 0.01473, 'm_yri_ooa': 0.0, 'm_yri_ceu': 1e-05, 'm_yri_chb': 1e-05, 'm_ceu_chb': 1e-05} -68670.71050731683
x: {'t1': 1.44188, 't2': 4.42762, 't3': 103.84408, 'N_anc': 586.06487, 'N_yri': 586.06487, 'N_ooa': 1072.12973, 'N_ceu': 586.06487, 'N_chb': 586.06487, 'gr_ceu': 0.00491, 'gr_chb': 0.00982, 'm_yri_ooa': 0.0, 'm_yri_ceu': 1e-05, 'm_yri_chb': 1e-05, 'm_ceu_chb': 1e-05} -68668.28985809223
x_down: {'t1': 1.44188, 't2': 4.42762, 't3': 103.84408, 'N_anc': 586.06487, 'N_yri': 586.06487, 'N_ooa': 1072.12973, 'N_ceu': 586.06487, 'N_chb': 586.06487, 'gr_ceu': 0.00491, 'gr_chb': 0.00491, 'm_yri_ooa': 0.0, 'm_yri_ceu': 1e-05, 'm_yri_chb': 1e-05, 'm_ceu_chb': 1e-05} -68665.87125123193
 
 
x_up: {'t1': 1.44188, 't2': 4.42762, 't3': 103.84408, 'N_anc': 586.06487, 'N_yri': 586.06487, 'N_ooa': 1072.12973, 'N_ceu': 586.06487, 'N_chb': 586.06487, 'gr_ceu': 0.00491, 'gr_chb': 0.00491, 'm_yri_ooa': 0.0, 'm_yri_ceu': 1e-05, 'm_yri_chb': 1e-05, 'm_ceu_chb': 1e-05} -68665.87125123193
x: {'t1': 1.44188, 't2': 4.42762, 't3': 103.84408, 'N_anc': 586.06487, 'N_yri': 586.06487, 'N_ooa': 1072.12973, 'N_ceu': 586.06487, 'N_chb': 586.06487, 'gr_ceu': 0.00491, 'gr_chb': 0.00491, 'm_yri_ooa': 0.0, 'm_yri_ceu': 1e-05, 'm_yri_chb': 1e-05, 'm_ceu_chb': 1e-05} -68665.87125123193
x_down: {'t1': 1.44188, 't2': 4.42762, 't3': 103.84408, 'N_anc': 586.06487, 'N_yri': 586.06487, 'N_ooa': 1072.12973, 'N_ceu': 586.06487, 'N_chb': 586.06487, 'gr_ceu': 0.00491, 'gr_chb': 0.00491, 'm_yri_ooa': 1e-05, 'm_yri_ceu': 1e-05, 'm_yri_chb': 1e-05, 'm_ceu_chb': 1e-05} -68665.87918884684
 
 
x_up: {'t1': 1.44188, 't2': 4.42762, 't3': 103.84408, 'N_anc': 586.06487, 'N_yri': 586.06487, 'N_ooa': 1072.12973, 'N_ceu': 586.06487, 'N_chb': 586.06487, 'gr_ceu': 0.00491, 'gr_chb': 0.00491, 'm_yri_ooa': 0.0, 'm_yri_ceu': 0.0, 'm_yri_chb': 1e-05, 'm_ceu_chb': 1e-05} -68665.87125123531
x: {'t1': 1.44188, 't2': 4.42762, 't3': 103.84408, 'N_anc': 586.06487, 'N_yri': 586.06487, 'N_ooa': 1072.12973, 'N_ceu': 586.06487, 'N_chb': 586.06487, 'gr_ceu': 0.00491, 'gr_chb': 0.00491, 'm_yri_ooa': 0.0, 'm_yri_ceu': 1e-05, 'm_yri_chb': 1e-05, 'm_ceu_chb': 1e-05} -68665.87125123193
x_down: {'t1': 1.44188, 't2': 4.42762, 't3': 103.84408, 'N_anc': 586.06487, 'N_yri': 586.06487, 'N_ooa': 1072.12973, 'N_ceu': 586.06487, 'N_chb': 586.06487, 'gr_ceu': 0.00491, 'gr_chb': 0.00491, 'm_yri_ooa': 0.0, 'm_yri_ceu': 1e-05, 'm_yri_chb': 1e-05, 'm_ceu_chb': 1e-05} -68665.87125123193
 
 
x_up: {'t1': 1.44188, 't2': 4.42762, 't3': 103.84408, 'N_anc': 586.06487, 'N_yri': 586.06487, 'N_ooa': 1072.12973, 'N_ceu': 586.06487, 'N_chb': 586.06487, 'gr_ceu': 0.00491, 'gr_chb': 0.00491, 'm_yri_ooa': 0.0, 'm_yri_ceu': 1e-05, 'm_yri_chb': 0.0, 'm_ceu_chb': 1e-05} -68665.87125123672
x: {'t1': 1.44188, 't2': 4.42762, 't3': 103.84408, 'N_anc': 586.06487, 'N_yri': 586.06487, 'N_ooa': 1072.12973, 'N_ceu': 586.06487, 'N_chb': 586.06487, 'gr_ceu': 0.00491, 'gr_chb': 0.00491, 'm_yri_ooa': 0.0, 'm_yri_ceu': 1e-05, 'm_yri_chb': 1e-05, 'm_ceu_chb': 1e-05} -68665.87125123193
x_down: {'t1': 1.44188, 't2': 4.42762, 't3': 103.84408, 'N_anc': 586.06487, 'N_yri': 586.06487, 'N_ooa': 1072.12973, 'N_ceu': 586.06487, 'N_chb': 586.06487, 'gr_ceu': 0.00491, 'gr_chb': 0.00491, 'm_yri_ooa': 0.0, 'm_yri_ceu': 1e-05, 'm_yri_chb': 1e-05, 'm_ceu_chb': 1e-05} -68665.87125123193
 
 
x_up: {'t1': 1.44188, 't2': 4.42762, 't3': 103.84408, 'N_anc': 586.06487, 'N_yri': 586.06487, 'N_ooa': 1072.12973, 'N_ceu': 586.06487, 'N_chb': 586.06487, 'gr_ceu': 0.00491, 'gr_chb': 0.00491, 'm_yri_ooa': 0.0, 'm_yri_ceu': 1e-05, 'm_yri_chb': 1e-05, 'm_ceu_chb': 0.0} -68665.87125123224
x: {'t1': 1.44188, 't2': 4.42762, 't3': 103.84408, 'N_anc': 586.06487, 'N_yri': 586.06487, 'N_ooa': 1072.12973, 'N_ceu': 586.06487, 'N_chb': 586.06487, 'gr_ceu': 0.00491, 'gr_chb': 0.00491, 'm_yri_ooa': 0.0, 'm_yri_ceu': 1e-05, 'm_yri_chb': 1e-05, 'm_ceu_chb': 1e-05} -68665.87125123193
x_down: {'t1': 1.44188, 't2': 4.42762, 't3': 103.84408, 'N_anc': 586.06487, 'N_yri': 586.06487, 'N_ooa': 1072.12973, 'N_ceu': 586.06487, 'N_chb': 586.06487, 'gr_ceu': 0.00491, 'gr_chb': 0.00491, 'm_yri_ooa': 0.0, 'm_yri_ceu': 1e-05, 'm_yri_chb': 1e-05, 'm_ceu_chb': 1e-05} -68665.87125123193
 
{'t1': 1.44188, 't2': 4.42762, 't3': 103.84408, 'N_anc': 586.06487, 'N_yri': 586.06487, 'N_ooa': 1072.12973, 'N_ceu': 586.06487, 'N_chb': 586.06487, 'gr_ceu': 0.00491, 'gr_chb': 0.00491, 'm_yri_ooa': 0.0, 'm_yri_ceu': 1e-05, 'm_yri_chb': 1e-05, 'm_ceu_chb': 1e-05} -68665.87125123193
 
x_up: {'t1': 1.66282, 't2': 4.42762, 't3': 103.84408, 'N_anc': 586.06487, 'N_yri': 586.06487, 'N_ooa': 1072.12973, 'N_ceu': 586.06487, 'N_chb': 586.06487, 'gr_ceu': 0.00491, 'gr_chb': 0.00491, 'm_yri_ooa': 0.0, 'm_yri_ceu': 1e-05, 'm_yri_chb': 1e-05, 'm_ceu_chb': 1e-05} -68620.99160199621
x: {'t1': 1.44188, 't2': 4.42762, 't3': 103.84408, 'N_anc': 586.06487, 'N_yri': 586.06487, 'N_ooa': 1072.12973, 'N_ceu': 586.06487, 'N_chb': 586.06487, 'gr_ceu': 0.00491, 'gr_chb': 0.00491, 'm_yri_ooa': 0.0, 'm_yri_ceu': 1e-05, 'm_yri_chb': 1e-05, 'm_ceu_chb': 1e-05} -68665.87125123193
x_down: {'t1': 1.22094, 't2': 4.42762, 't3': 103.84408, 'N_anc': 586.06487, 'N_yri': 586.06487, 'N_ooa': 1072.12973, 'N_ceu': 586.06487, 'N_chb': 586.06487, 'gr_ceu': 0.00491, 'gr_chb': 0.00491, 'm_yri_ooa': 0.0, 'm_yri_ceu': 1e-05, 'm_yri_chb': 1e-05, 'm_ceu_chb': 1e-05} -68697.0607380309
 
 
x_up: {'t1': 1.66282, 't2': 5.81002, 't3': 103.84408, 'N_anc': 586.06487, 'N_yri': 586.06487, 'N_ooa': 1072.12973, 'N_ceu': 586.06487, 'N_chb': 586.06487, 'gr_ceu': 0.00491, 'gr_chb': 0.00491, 'm_yri_ooa': 0.0, 'm_yri_ceu': 1e-05, 'm_yri_chb': 1e-05, 'm_ceu_chb': 1e-05} -68753.37161934012
x: {'t1': 1.66282, 't2': 4.42762, 't3': 103.84408, 'N_anc': 586.06487, 'N_yri': 586.06487, 'N_ooa': 1072.12973, 'N_ceu': 586.06487, 'N_chb': 586.06487, 'gr_ceu': 0.00491, 'gr_chb': 0.00491, 'm_yri_ooa': 0.0, 'm_yri_ceu': 1e-05, 'm_yri_chb': 1e-05, 'm_ceu_chb': 1e-05} -68620.99160199621
x_down: {'t1': 1.66282, 't2': 3.04522, 't3': 103.84408, 'N_anc': 586.06487, 'N_yri': 586.06487, 'N_ooa': 1072.12973, 'N_ceu': 586.06487, 'N_chb': 586.06487, 'gr_ceu': 0.00491, 'gr_chb': 0.00491, 'm_yri_ooa': 0.0, 'm_yri_ceu': 1e-05, 'm_yri_chb': 1e-05, 'm_ceu_chb': 1e-05} -68404.36196448239
 
 
x_up: {'t1': 1.66282, 't2': 3.04522, 't3': 108.88402, 'N_anc': 586.06487, 'N_yri': 586.06487, 'N_ooa': 1072.12973, 'N_ceu': 586.06487, 'N_chb': 586.06487, 'gr_ceu': 0.00491, 'gr_chb': 0.00491, 'm_yri_ooa': 0.0, 'm_yri_ceu': 1e-05, 'm_yri_chb': 1e-05, 'm_ceu_chb': 1e-05} -68405.94963826431
x: {'t1': 1.66282, 't2': 3.04522, 't3': 103.84408, 'N_anc': 586.06487, 'N_yri': 586.06487, 'N_ooa': 1072.12973, 'N_ceu': 586.06487, 'N_chb': 586.06487, 'gr_ceu': 0.00491, 'gr_chb': 0.00491, 'm_yri_ooa': 0.0, 'm_yri_ceu': 1e-05, 'm_yri_chb': 1e-05, 'm_ceu_chb': 1e-05} -68404.36196448239
x_down: {'t1': 1.66282, 't2': 3.04522, 't3': 98.80414, 'N_anc': 586.06487, 'N_yri': 586.06487, 'N_ooa': 1072.12973, 'N_ceu': 586.06487, 'N_chb': 586.06487, 'gr_ceu': 0.00491, 'gr_chb': 0.00491, 'm_yri_ooa': 0.0, 'm_yri_ceu': 1e-05, 'm_yri_chb': 1e-05, 'm_ceu_chb': 1e-05} -68401.64489648334
 
 
x_up: {'t1': 1.66282, 't2': 3.04522, 't3': 98.80414, 'N_anc': 829.09731, 'N_yri': 586.06487, 'N_ooa': 1072.12973, 'N_ceu': 586.06487, 'N_chb': 586.06487, 'gr_ceu': 0.00491, 'gr_chb': 0.00491, 'm_yri_ooa': 0.0, 'm_yri_ceu': 1e-05, 'm_yri_chb': 1e-05, 'm_ceu_chb': 1e-05} -68419.73979687763
x: {'t1': 1.66282, 't2': 3.04522, 't3': 98.80414, 'N_anc': 586.06487, 'N_yri': 586.06487, 'N_ooa': 1072.12973, 'N_ceu': 586.06487, 'N_chb': 586.06487, 'gr_ceu': 0.00491, 'gr_chb': 0.00491, 'm_yri_ooa': 0.0, 'm_yri_ceu': 1e-05, 'm_yri_chb': 1e-05, 'm_ceu_chb': 1e-05} -68401.64489648334
x_down: {'t1': 1.66282, 't2': 3.04522, 't3': 98.80414, 'N_anc': 343.03244, 'N_yri': 586.06487, 'N_ooa': 1072.12973, 'N_ceu': 586.06487, 'N_chb': 586.06487, 'gr_ceu': 0.00491, 'gr_chb': 0.00491, 'm_yri_ooa': 0.0, 'm_yri_ceu': 1e-05, 'm_yri_chb': 1e-05, 'm_ceu_chb': 1e-05} -68410.60721093374
 
 
x_up: {'t1': 1.66282, 't2': 3.04522, 't3': 98.80414, 'N_anc': 586.06487, 'N_yri': 829.09731, 'N_ooa': 1072.12973, 'N_ceu': 586.06487, 'N_chb': 586.06487, 'gr_ceu': 0.00491, 'gr_chb': 0.00491, 'm_yri_ooa': 0.0, 'm_yri_ceu': 1e-05, 'm_yri_chb': 1e-05, 'm_ceu_chb': 1e-05} -68699.34247842127
x: {'t1': 1.66282, 't2': 3.04522, 't3': 98.80414, 'N_anc': 586.06487, 'N_yri': 586.06487, 'N_ooa': 1072.12973, 'N_ceu': 586.06487, 'N_chb': 586.06487, 'gr_ceu': 0.00491, 'gr_chb': 0.00491, 'm_yri_ooa': 0.0, 'm_yri_ceu': 1e-05, 'm_yri_chb': 1e-05, 'm_ceu_chb': 1e-05} -68401.64489648334
x_down: {'t1': 1.66282, 't2': 3.04522, 't3': 98.80414, 'N_anc': 586.06487, 'N_yri': 343.03244, 'N_ooa': 1072.12973, 'N_ceu': 586.06487, 'N_chb': 586.06487, 'gr_ceu': 0.00491, 'gr_chb': 0.00491, 'm_yri_ooa': 0.0, 'm_yri_ceu': 1e-05, 'm_yri_chb': 1e-05, 'm_ceu_chb': 1e-05} -68124.55615123035
 
 
x_up: {'t1': 1.66282, 't2': 3.04522, 't3': 98.80414, 'N_anc': 586.06487, 'N_yri': 343.03244, 'N_ooa': 1315.16216, 'N_ceu': 586.06487, 'N_chb': 586.06487, 'gr_ceu': 0.00491, 'gr_chb': 0.00491, 'm_yri_ooa': 0.0, 'm_yri_ceu': 1e-05, 'm_yri_chb': 1e-05, 'm_ceu_chb': 1e-05} -68398.3130354902
x: {'t1': 1.66282, 't2': 3.04522, 't3': 98.80414, 'N_anc': 586.06487, 'N_yri': 343.03244, 'N_ooa': 1072.12973, 'N_ceu': 586.06487, 'N_chb': 586.06487, 'gr_ceu': 0.00491, 'gr_chb': 0.00491, 'm_yri_ooa': 0.0, 'm_yri_ceu': 1e-05, 'm_yri_chb': 1e-05, 'm_ceu_chb': 1e-05} -68124.55615123035
x_down: {'t1': 1.66282, 't2': 3.04522, 't3': 98.80414, 'N_anc': 586.06487, 'N_yri': 343.03244, 'N_ooa': 829.0973, 'N_ceu': 586.06487, 'N_chb': 586.06487, 'gr_ceu': 0.00491, 'gr_chb': 0.00491, 'm_yri_ooa': 0.0, 'm_yri_ceu': 1e-05, 'm_yri_chb': 1e-05, 'm_ceu_chb': 1e-05} -68015.46414455275
 
 
x_up: {'t1': 1.66282, 't2': 3.04522, 't3': 98.80414, 'N_anc': 586.06487, 'N_yri': 343.03244, 'N_ooa': 829.0973, 'N_ceu': 829.09731, 'N_chb': 586.06487, 'gr_ceu': 0.00491, 'gr_chb': 0.00491, 'm_yri_ooa': 0.0, 'm_yri_ceu': 1e-05, 'm_yri_chb': 1e-05, 'm_ceu_chb': 1e-05} -68237.36551757556
x: {'t1': 1.66282, 't2': 3.04522, 't3': 98.80414, 'N_anc': 586.06487, 'N_yri': 343.03244, 'N_ooa': 829.0973, 'N_ceu': 586.06487, 'N_chb': 586.06487, 'gr_ceu': 0.00491, 'gr_chb': 0.00491, 'm_yri_ooa': 0.0, 'm_yri_ceu': 1e-05, 'm_yri_chb': 1e-05, 'm_ceu_chb': 1e-05} -68015.46414455275
x_down: {'t1': 1.66282, 't2': 3.04522, 't3': 98.80414, 'N_anc': 586.06487, 'N_yri': 343.03244, 'N_ooa': 829.0973, 'N_ceu': 343.03244, 'N_chb': 586.06487, 'gr_ceu': 0.00491, 'gr_chb': 0.00491, 'm_yri_ooa': 0.0, 'm_yri_ceu': 1e-05, 'm_yri_chb': 1e-05, 'm_ceu_chb': 1e-05} -67761.08114681995
 
 
x_up: {'t1': 1.66282, 't2': 3.04522, 't3': 98.80414, 'N_anc': 586.06487, 'N_yri': 343.03244, 'N_ooa': 829.0973, 'N_ceu': 343.03244, 'N_chb': 829.09731, 'gr_ceu': 0.00491, 'gr_chb': 0.00491, 'm_yri_ooa': 0.0, 'm_yri_ceu': 1e-05, 'm_yri_chb': 1e-05, 'm_ceu_chb': 1e-05} -67930.5369569588
x: {'t1': 1.66282, 't2': 3.04522, 't3': 98.80414, 'N_anc': 586.06487, 'N_yri': 343.03244, 'N_ooa': 829.0973, 'N_ceu': 343.03244, 'N_chb': 586.06487, 'gr_ceu': 0.00491, 'gr_chb': 0.00491, 'm_yri_ooa': 0.0, 'm_yri_ceu': 1e-05, 'm_yri_chb': 1e-05, 'm_ceu_chb': 1e-05} -67761.08114681995
x_down: {'t1': 1.66282, 't2': 3.04522, 't3': 98.80414, 'N_anc': 586.06487, 'N_yri': 343.03244, 'N_ooa': 829.0973, 'N_ceu': 343.03244, 'N_chb': 343.03244, 'gr_ceu': 0.00491, 'gr_chb': 0.00491, 'm_yri_ooa': 0.0, 'm_yri_ceu': 1e-05, 'm_yri_chb': 1e-05, 'm_ceu_chb': 1e-05} -67649.04762754531
 
 
x_up: {'t1': 1.66282, 't2': 3.04522, 't3': 98.80414, 'N_anc': 586.06487, 'N_yri': 343.03244, 'N_ooa': 829.0973, 'N_ceu': 343.03244, 'N_chb': 343.03244, 'gr_ceu': 0.00737, 'gr_chb': 0.00491, 'm_yri_ooa': 0.0, 'm_yri_ceu': 1e-05, 'm_yri_chb': 1e-05, 'm_ceu_chb': 1e-05} -67649.21384834162
x: {'t1': 1.66282, 't2': 3.04522, 't3': 98.80414, 'N_anc': 586.06487, 'N_yri': 343.03244, 'N_ooa': 829.0973, 'N_ceu': 343.03244, 'N_chb': 343.03244, 'gr_ceu': 0.00491, 'gr_chb': 0.00491, 'm_yri_ooa': 0.0, 'm_yri_ceu': 1e-05, 'm_yri_chb': 1e-05, 'm_ceu_chb': 1e-05} -67649.04762754531
x_down: {'t1': 1.66282, 't2': 3.04522, 't3': 98.80414, 'N_anc': 586.06487, 'N_yri': 343.03244, 'N_ooa': 829.0973, 'N_ceu': 343.03244, 'N_chb': 343.03244, 'gr_ceu': 0.00246, 'gr_chb': 0.00491, 'm_yri_ooa': 0.0, 'm_yri_ceu': 1e-05, 'm_yri_chb': 1e-05, 'm_ceu_chb': 1e-05} -67648.88702630487
 
 
x_up: {'t1': 1.66282, 't2': 3.04522, 't3': 98.80414, 'N_anc': 586.06487, 'N_yri': 343.03244, 'N_ooa': 829.0973, 'N_ceu': 343.03244, 'N_chb': 343.03244, 'gr_ceu': 0.00246, 'gr_chb': 0.00737, 'm_yri_ooa': 0.0, 'm_yri_ceu': 1e-05, 'm_yri_chb': 1e-05, 'm_ceu_chb': 1e-05} -67649.08778394286
x: {'t1': 1.66282, 't2': 3.04522, 't3': 98.80414, 'N_anc': 586.06487, 'N_yri': 343.03244, 'N_ooa': 829.0973, 'N_ceu': 343.03244, 'N_chb': 343.03244, 'gr_ceu': 0.00246, 'gr_chb': 0.00491, 'm_yri_ooa': 0.0, 'm_yri_ceu': 1e-05, 'm_yri_chb': 1e-05, 'm_ceu_chb': 1e-05} -67648.88702630487
x_down: {'t1': 1.66282, 't2': 3.04522, 't3': 98.80414, 'N_anc': 586.06487, 'N_yri': 343.03244, 'N_ooa': 829.0973, 'N_ceu': 343.03244, 'N_chb': 343.03244, 'gr_ceu': 0.00246, 'gr_chb': 0.00246, 'm_yri_ooa': 0.0, 'm_yri_ceu': 1e-05, 'm_yri_chb': 1e-05, 'm_ceu_chb': 1e-05} -67648.69203760732
 
 
x_up: {'t1': 1.66282, 't2': 3.04522, 't3': 98.80414, 'N_anc': 586.06487, 'N_yri': 343.03244, 'N_ooa': 829.0973, 'N_ceu': 343.03244, 'N_chb': 343.03244, 'gr_ceu': 0.00246, 'gr_chb': 0.00246, 'm_yri_ooa': 0.0, 'm_yri_ceu': 1e-05, 'm_yri_chb': 1e-05, 'm_ceu_chb': 1e-05} -67648.69203760732
x: {'t1': 1.66282, 't2': 3.04522, 't3': 98.80414, 'N_anc': 586.06487, 'N_yri': 343.03244, 'N_ooa': 829.0973, 'N_ceu': 343.03244, 'N_chb': 343.03244, 'gr_ceu': 0.00246, 'gr_chb': 0.00246, 'm_yri_ooa': 0.0, 'm_yri_ceu': 1e-05, 'm_yri_chb': 1e-05, 'm_ceu_chb': 1e-05} -67648.69203760732
x_down: {'t1': 1.66282, 't2': 3.04522, 't3': 98.80414, 'N_anc': 586.06487, 'N_yri': 343.03244, 'N_ooa': 829.0973, 'N_ceu': 343.03244, 'N_chb': 343.03244, 'gr_ceu': 0.00246, 'gr_chb': 0.00246, 'm_yri_ooa': 1e-05, 'm_yri_ceu': 1e-05, 'm_yri_chb': 1e-05, 'm_ceu_chb': 1e-05} -67648.74361799279
 
 
x_up: {'t1': 1.66282, 't2': 3.04522, 't3': 98.80414, 'N_anc': 586.06487, 'N_yri': 343.03244, 'N_ooa': 829.0973, 'N_ceu': 343.03244, 'N_chb': 343.03244, 'gr_ceu': 0.00246, 'gr_chb': 0.00246, 'm_yri_ooa': 0.0, 'm_yri_ceu': 0.0, 'm_yri_chb': 1e-05, 'm_ceu_chb': 1e-05} -67648.69203760766
x: {'t1': 1.66282, 't2': 3.04522, 't3': 98.80414, 'N_anc': 586.06487, 'N_yri': 343.03244, 'N_ooa': 829.0973, 'N_ceu': 343.03244, 'N_chb': 343.03244, 'gr_ceu': 0.00246, 'gr_chb': 0.00246, 'm_yri_ooa': 0.0, 'm_yri_ceu': 1e-05, 'm_yri_chb': 1e-05, 'm_ceu_chb': 1e-05} -67648.69203760732
x_down: {'t1': 1.66282, 't2': 3.04522, 't3': 98.80414, 'N_anc': 586.06487, 'N_yri': 343.03244, 'N_ooa': 829.0973, 'N_ceu': 343.03244, 'N_chb': 343.03244, 'gr_ceu': 0.00246, 'gr_chb': 0.00246, 'm_yri_ooa': 0.0, 'm_yri_ceu': 1e-05, 'm_yri_chb': 1e-05, 'm_ceu_chb': 1e-05} -67648.69203760732
 
 
x_up: {'t1': 1.66282, 't2': 3.04522, 't3': 98.80414, 'N_anc': 586.06487, 'N_yri': 343.03244, 'N_ooa': 829.0973, 'N_ceu': 343.03244, 'N_chb': 343.03244, 'gr_ceu': 0.00246, 'gr_chb': 0.00246, 'm_yri_ooa': 0.0, 'm_yri_ceu': 1e-05, 'm_yri_chb': 0.0, 'm_ceu_chb': 1e-05} -67648.69203760778
x: {'t1': 1.66282, 't2': 3.04522, 't3': 98.80414, 'N_anc': 586.06487, 'N_yri': 343.03244, 'N_ooa': 829.0973, 'N_ceu': 343.03244, 'N_chb': 343.03244, 'gr_ceu': 0.00246, 'gr_chb': 0.00246, 'm_yri_ooa': 0.0, 'm_yri_ceu': 1e-05, 'm_yri_chb': 1e-05, 'm_ceu_chb': 1e-05} -67648.69203760732
x_down: {'t1': 1.66282, 't2': 3.04522, 't3': 98.80414, 'N_anc': 586.06487, 'N_yri': 343.03244, 'N_ooa': 829.0973, 'N_ceu': 343.03244, 'N_chb': 343.03244, 'gr_ceu': 0.00246, 'gr_chb': 0.00246, 'm_yri_ooa': 0.0, 'm_yri_ceu': 1e-05, 'm_yri_chb': 1e-05, 'm_ceu_chb': 1e-05} -67648.69203760732
 
 
x_up: {'t1': 1.66282, 't2': 3.04522, 't3': 98.80414, 'N_anc': 586.06487, 'N_yri': 343.03244, 'N_ooa': 829.0973, 'N_ceu': 343.03244, 'N_chb': 343.03244, 'gr_ceu': 0.00246, 'gr_chb': 0.00246, 'm_yri_ooa': 0.0, 'm_yri_ceu': 1e-05, 'm_yri_chb': 1e-05, 'm_ceu_chb': 0.0} -67648.69203760762
x: {'t1': 1.66282, 't2': 3.04522, 't3': 98.80414, 'N_anc': 586.06487, 'N_yri': 343.03244, 'N_ooa': 829.0973, 'N_ceu': 343.03244, 'N_chb': 343.03244, 'gr_ceu': 0.00246, 'gr_chb': 0.00246, 'm_yri_ooa': 0.0, 'm_yri_ceu': 1e-05, 'm_yri_chb': 1e-05, 'm_ceu_chb': 1e-05} -67648.69203760732
x_down: {'t1': 1.66282, 't2': 3.04522, 't3': 98.80414, 'N_anc': 586.06487, 'N_yri': 343.03244, 'N_ooa': 829.0973, 'N_ceu': 343.03244, 'N_chb': 343.03244, 'gr_ceu': 0.00246, 'gr_chb': 0.00246, 'm_yri_ooa': 0.0, 'm_yri_ceu': 1e-05, 'm_yri_chb': 1e-05, 'm_ceu_chb': 1e-05} -67648.69203760732
 
{'t1': 1.66282, 't2': 3.04522, 't3': 98.80414, 'N_anc': 586.06487, 'N_yri': 343.03244, 'N_ooa': 829.0973, 'N_ceu': 343.03244, 'N_chb': 343.03244, 'gr_ceu': 0.00246, 'gr_chb': 0.00246, 'm_yri_ooa': 0.0, 'm_yri_ceu': 1e-05, 'm_yri_chb': 1e-05, 'm_ceu_chb': 1e-05} -67648.69203760732
 
x_up: {'t1': 1.99423, 't2': 3.04522, 't3': 98.80414, 'N_anc': 586.06487, 'N_yri': 343.03244, 'N_ooa': 829.0973, 'N_ceu': 343.03244, 'N_chb': 343.03244, 'gr_ceu': 0.00246, 'gr_chb': 0.00246, 'm_yri_ooa': 0.0, 'm_yri_ceu': 1e-05, 'm_yri_chb': 1e-05, 'm_ceu_chb': 1e-05} -67629.48876350516
x: {'t1': 1.66282, 't2': 3.04522, 't3': 98.80414, 'N_anc': 586.06487, 'N_yri': 343.03244, 'N_ooa': 829.0973, 'N_ceu': 343.03244, 'N_chb': 343.03244, 'gr_ceu': 0.00246, 'gr_chb': 0.00246, 'm_yri_ooa': 0.0, 'm_yri_ceu': 1e-05, 'm_yri_chb': 1e-05, 'm_ceu_chb': 1e-05} -67648.69203760732
x_down: {'t1': 1.33141, 't2': 3.04522, 't3': 98.80414, 'N_anc': 586.06487, 'N_yri': 343.03244, 'N_ooa': 829.0973, 'N_ceu': 343.03244, 'N_chb': 343.03244, 'gr_ceu': 0.00246, 'gr_chb': 0.00246, 'm_yri_ooa': 0.0, 'm_yri_ceu': 1e-05, 'm_yri_chb': 1e-05, 'm_ceu_chb': 1e-05} -67699.61254116727
 
 
x_up: {'t1': 1.99423, 't2': 3.57071, 't3': 98.80414, 'N_anc': 586.06487, 'N_yri': 343.03244, 'N_ooa': 829.0973, 'N_ceu': 343.03244, 'N_chb': 343.03244, 'gr_ceu': 0.00246, 'gr_chb': 0.00246, 'm_yri_ooa': 0.0, 'm_yri_ceu': 1e-05, 'm_yri_chb': 1e-05, 'm_ceu_chb': 1e-05} -67639.26932539808
x: {'t1': 1.99423, 't2': 3.04522, 't3': 98.80414, 'N_anc': 586.06487, 'N_yri': 343.03244, 'N_ooa': 829.0973, 'N_ceu': 343.03244, 'N_chb': 343.03244, 'gr_ceu': 0.00246, 'gr_chb': 0.00246, 'm_yri_ooa': 0.0, 'm_yri_ceu': 1e-05, 'm_yri_chb': 1e-05, 'm_ceu_chb': 1e-05} -67629.48876350516
x_down: {'t1': 1.99423, 't2': 2.51973, 't3': 98.80414, 'N_anc': 586.06487, 'N_yri': 343.03244, 'N_ooa': 829.0973, 'N_ceu': 343.03244, 'N_chb': 343.03244, 'gr_ceu': 0.00246, 'gr_chb': 0.00246, 'm_yri_ooa': 0.0, 'm_yri_ceu': 1e-05, 'm_yri_chb': 1e-05, 'm_ceu_chb': 1e-05} -67596.37215365484
 
 
x_up: {'t1': 1.99423, 't2': 2.51973, 't3': 106.02547, 'N_anc': 586.06487, 'N_yri': 343.03244, 'N_ooa': 829.0973, 'N_ceu': 343.03244, 'N_chb': 343.03244, 'gr_ceu': 0.00246, 'gr_chb': 0.00246, 'm_yri_ooa': 0.0, 'm_yri_ceu': 1e-05, 'm_yri_chb': 1e-05, 'm_ceu_chb': 1e-05} -67597.08899437478
x: {'t1': 1.99423, 't2': 2.51973, 't3': 98.80414, 'N_anc': 586.06487, 'N_yri': 343.03244, 'N_ooa': 829.0973, 'N_ceu': 343.03244, 'N_chb': 343.03244, 'gr_ceu': 0.00246, 'gr_chb': 0.00246, 'm_yri_ooa': 0.0, 'm_yri_ceu': 1e-05, 'm_yri_chb': 1e-05, 'm_ceu_chb': 1e-05} -67596.37215365484
x_down: {'t1': 1.99423, 't2': 2.51973, 't3': 91.58281, 'N_anc': 586.06487, 'N_yri': 343.03244, 'N_ooa': 829.0973, 'N_ceu': 343.03244, 'N_chb': 343.03244, 'gr_ceu': 0.00246, 'gr_chb': 0.00246, 'm_yri_ooa': 0.0, 'm_yri_ceu': 1e-05, 'm_yri_chb': 1e-05, 'm_ceu_chb': 1e-05} -67597.45805131816
 
 
x_up: {'t1': 1.99423, 't2': 2.51973, 't3': 98.80414, 'N_anc': 707.58109, 'N_yri': 343.03244, 'N_ooa': 829.0973, 'N_ceu': 343.03244, 'N_chb': 343.03244, 'gr_ceu': 0.00246, 'gr_chb': 0.00246, 'm_yri_ooa': 0.0, 'm_yri_ceu': 1e-05, 'm_yri_chb': 1e-05, 'm_ceu_chb': 1e-05} -67604.39472729998
x: {'t1': 1.99423, 't2': 2.51973, 't3': 98.80414, 'N_anc': 586.06487, 'N_yri': 343.03244, 'N_ooa': 829.0973, 'N_ceu': 343.03244, 'N_chb': 343.03244, 'gr_ceu': 0.00246, 'gr_chb': 0.00246, 'm_yri_ooa': 0.0, 'm_yri_ceu': 1e-05, 'm_yri_chb': 1e-05, 'm_ceu_chb': 1e-05} -67596.37215365484
x_down: {'t1': 1.99423, 't2': 2.51973, 't3': 98.80414, 'N_anc': 464.54865, 'N_yri': 343.03244, 'N_ooa': 829.0973, 'N_ceu': 343.03244, 'N_chb': 343.03244, 'gr_ceu': 0.00246, 'gr_chb': 0.00246, 'm_yri_ooa': 0.0, 'm_yri_ceu': 1e-05, 'm_yri_chb': 1e-05, 'm_ceu_chb': 1e-05} -67593.65846377455
 
 
x_up: {'t1': 1.99423, 't2': 2.51973, 't3': 98.80414, 'N_anc': 464.54865, 'N_yri': 464.54866, 'N_ooa': 829.0973, 'N_ceu': 343.03244, 'N_chb': 343.03244, 'gr_ceu': 0.00246, 'gr_chb': 0.00246, 'm_yri_ooa': 0.0, 'm_yri_ceu': 1e-05, 'm_yri_chb': 1e-05, 'm_ceu_chb': 1e-05} -67617.34479419857
x: {'t1': 1.99423, 't2': 2.51973, 't3': 98.80414, 'N_anc': 464.54865, 'N_yri': 343.03244, 'N_ooa': 829.0973, 'N_ceu': 343.03244, 'N_chb': 343.03244, 'gr_ceu': 0.00246, 'gr_chb': 0.00246, 'm_yri_ooa': 0.0, 'm_yri_ceu': 1e-05, 'm_yri_chb': 1e-05, 'm_ceu_chb': 1e-05} -67593.65846377455
x_down: {'t1': 1.99423, 't2': 2.51973, 't3': 98.80414, 'N_anc': 464.54865, 'N_yri': 221.51622, 'N_ooa': 829.0973, 'N_ceu': 343.03244, 'N_chb': 343.03244, 'gr_ceu': 0.00246, 'gr_chb': 0.00246, 'm_yri_ooa': 0.0, 'm_yri_ceu': 1e-05, 'm_yri_chb': 1e-05, 'm_ceu_chb': 1e-05} -67784.74533835775
 
 
x_up: {'t1': 1.99423, 't2': 2.51973, 't3': 98.80414, 'N_anc': 464.54865, 'N_yri': 343.03244, 'N_ooa': 1102.50879, 'N_ceu': 343.03244, 'N_chb': 343.03244, 'gr_ceu': 0.00246, 'gr_chb': 0.00246, 'm_yri_ooa': 0.0, 'm_yri_ceu': 1e-05, 'm_yri_chb': 1e-05, 'm_ceu_chb': 1e-05} -67665.76141259134
x: {'t1': 1.99423, 't2': 2.51973, 't3': 98.80414, 'N_anc': 464.54865, 'N_yri': 343.03244, 'N_ooa': 829.0973, 'N_ceu': 343.03244, 'N_chb': 343.03244, 'gr_ceu': 0.00246, 'gr_chb': 0.00246, 'm_yri_ooa': 0.0, 'm_yri_ceu': 1e-05, 'm_yri_chb': 1e-05, 'm_ceu_chb': 1e-05} -67593.65846377455
x_down: {'t1': 1.99423, 't2': 2.51973, 't3': 98.80414, 'N_anc': 464.54865, 'N_yri': 343.03244, 'N_ooa': 555.68581, 'N_ceu': 343.03244, 'N_chb': 343.03244, 'gr_ceu': 0.00246, 'gr_chb': 0.00246, 'm_yri_ooa': 0.0, 'm_yri_ceu': 1e-05, 'm_yri_chb': 1e-05, 'm_ceu_chb': 1e-05} -68195.55364499416
 
 
x_up: {'t1': 1.99423, 't2': 2.51973, 't3': 98.80414, 'N_anc': 464.54865, 'N_yri': 343.03244, 'N_ooa': 829.0973, 'N_ceu': 464.54866, 'N_chb': 343.03244, 'gr_ceu': 0.00246, 'gr_chb': 0.00246, 'm_yri_ooa': 0.0, 'm_yri_ceu': 1e-05, 'm_yri_chb': 1e-05, 'm_ceu_chb': 1e-05} -67659.21083306825
x: {'t1': 1.99423, 't2': 2.51973, 't3': 98.80414, 'N_anc': 464.54865, 'N_yri': 343.03244, 'N_ooa': 829.0973, 'N_ceu': 343.03244, 'N_chb': 343.03244, 'gr_ceu': 0.00246, 'gr_chb': 0.00246, 'm_yri_ooa': 0.0, 'm_yri_ceu': 1e-05, 'm_yri_chb': 1e-05, 'm_ceu_chb': 1e-05} -67593.65846377455
x_down: {'t1': 1.99423, 't2': 2.51973, 't3': 98.80414, 'N_anc': 464.54865, 'N_yri': 343.03244, 'N_ooa': 829.0973, 'N_ceu': 221.51622, 'N_chb': 343.03244, 'gr_ceu': 0.00246, 'gr_chb': 0.00246, 'm_yri_ooa': 0.0, 'm_yri_ceu': 1e-05, 'm_yri_chb': 1e-05, 'm_ceu_chb': 1e-05} -67628.73570616115
 
 
x_up: {'t1': 1.99423, 't2': 2.51973, 't3': 98.80414, 'N_anc': 464.54865, 'N_yri': 343.03244, 'N_ooa': 829.0973, 'N_ceu': 343.03244, 'N_chb': 464.54866, 'gr_ceu': 0.00246, 'gr_chb': 0.00246, 'm_yri_ooa': 0.0, 'm_yri_ceu': 1e-05, 'm_yri_chb': 1e-05, 'm_ceu_chb': 1e-05} -67666.72163954511
x: {'t1': 1.99423, 't2': 2.51973, 't3': 98.80414, 'N_anc': 464.54865, 'N_yri': 343.03244, 'N_ooa': 829.0973, 'N_ceu': 343.03244, 'N_chb': 343.03244, 'gr_ceu': 0.00246, 'gr_chb': 0.00246, 'm_yri_ooa': 0.0, 'm_yri_ceu': 1e-05, 'm_yri_chb': 1e-05, 'm_ceu_chb': 1e-05} -67593.65846377455
x_down: {'t1': 1.99423, 't2': 2.51973, 't3': 98.80414, 'N_anc': 464.54865, 'N_yri': 343.03244, 'N_ooa': 829.0973, 'N_ceu': 343.03244, 'N_chb': 221.51622, 'gr_ceu': 0.00246, 'gr_chb': 0.00246, 'm_yri_ooa': 0.0, 'm_yri_ceu': 1e-05, 'm_yri_chb': 1e-05, 'm_ceu_chb': 1e-05} -67627.30257060143
 
 
x_up: {'t1': 1.99423, 't2': 2.51973, 't3': 98.80414, 'N_anc': 464.54865, 'N_yri': 343.03244, 'N_ooa': 829.0973, 'N_ceu': 343.03244, 'N_chb': 343.03244, 'gr_ceu': 0.00369, 'gr_chb': 0.00246, 'm_yri_ooa': 0.0, 'm_yri_ceu': 1e-05, 'm_yri_chb': 1e-05, 'm_ceu_chb': 1e-05} -67593.80141521768
x: {'t1': 1.99423, 't2': 2.51973, 't3': 98.80414, 'N_anc': 464.54865, 'N_yri': 343.03244, 'N_ooa': 829.0973, 'N_ceu': 343.03244, 'N_chb': 343.03244, 'gr_ceu': 0.00246, 'gr_chb': 0.00246, 'm_yri_ooa': 0.0, 'm_yri_ceu': 1e-05, 'm_yri_chb': 1e-05, 'm_ceu_chb': 1e-05} -67593.65846377455
x_down: {'t1': 1.99423, 't2': 2.51973, 't3': 98.80414, 'N_anc': 464.54865, 'N_yri': 343.03244, 'N_ooa': 829.0973, 'N_ceu': 343.03244, 'N_chb': 343.03244, 'gr_ceu': 0.00123, 'gr_chb': 0.00246, 'm_yri_ooa': 0.0, 'm_yri_ceu': 1e-05, 'm_yri_chb': 1e-05, 'm_ceu_chb': 1e-05} -67593.51811018125
 
 
x_up: {'t1': 1.99423, 't2': 2.51973, 't3': 98.80414, 'N_anc': 464.54865, 'N_yri': 343.03244, 'N_ooa': 829.0973, 'N_ceu': 343.03244, 'N_chb': 343.03244, 'gr_ceu': 0.00123, 'gr_chb': 0.00369, 'm_yri_ooa': 0.0, 'm_yri_ceu': 1e-05, 'm_yri_chb': 1e-05, 'm_ceu_chb': 1e-05} -67593.70162864357
x: {'t1': 1.99423, 't2': 2.51973, 't3': 98.80414, 'N_anc': 464.54865, 'N_yri': 343.03244, 'N_ooa': 829.0973, 'N_ceu': 343.03244, 'N_chb': 343.03244, 'gr_ceu': 0.00123, 'gr_chb': 0.00246, 'm_yri_ooa': 0.0, 'm_yri_ceu': 1e-05, 'm_yri_chb': 1e-05, 'm_ceu_chb': 1e-05} -67593.51811018125
x_down: {'t1': 1.99423, 't2': 2.51973, 't3': 98.80414, 'N_anc': 464.54865, 'N_yri': 343.03244, 'N_ooa': 829.0973, 'N_ceu': 343.03244, 'N_chb': 343.03244, 'gr_ceu': 0.00123, 'gr_chb': 0.00123, 'm_yri_ooa': 0.0, 'm_yri_ceu': 1e-05, 'm_yri_chb': 1e-05, 'm_ceu_chb': 1e-05} -67593.33728373307
 
 
x_up: {'t1': 1.99423, 't2': 2.51973, 't3': 98.80414, 'N_anc': 464.54865, 'N_yri': 343.03244, 'N_ooa': 829.0973, 'N_ceu': 343.03244, 'N_chb': 343.03244, 'gr_ceu': 0.00123, 'gr_chb': 0.00123, 'm_yri_ooa': 0.0, 'm_yri_ceu': 1e-05, 'm_yri_chb': 1e-05, 'm_ceu_chb': 1e-05} -67593.33728373307
x: {'t1': 1.99423, 't2': 2.51973, 't3': 98.80414, 'N_anc': 464.54865, 'N_yri': 343.03244, 'N_ooa': 829.0973, 'N_ceu': 343.03244, 'N_chb': 343.03244, 'gr_ceu': 0.00123, 'gr_chb': 0.00123, 'm_yri_ooa': 0.0, 'm_yri_ceu': 1e-05, 'm_yri_chb': 1e-05, 'm_ceu_chb': 1e-05} -67593.33728373307
x_down: {'t1': 1.99423, 't2': 2.51973, 't3': 98.80414, 'N_anc': 464.54865, 'N_yri': 343.03244, 'N_ooa': 829.0973, 'N_ceu': 343.03244, 'N_chb': 343.03244, 'gr_ceu': 0.00123, 'gr_chb': 0.00123, 'm_yri_ooa': 1e-05, 'm_yri_ceu': 1e-05, 'm_yri_chb': 1e-05, 'm_ceu_chb': 1e-05} -67593.30244808983
 
 
x_up: {'t1': 1.99423, 't2': 2.51973, 't3': 98.80414, 'N_anc': 464.54865, 'N_yri': 343.03244, 'N_ooa': 829.0973, 'N_ceu': 343.03244, 'N_chb': 343.03244, 'gr_ceu': 0.00123, 'gr_chb': 0.00123, 'm_yri_ooa': 1e-05, 'm_yri_ceu': 0.0, 'm_yri_chb': 1e-05, 'm_ceu_chb': 1e-05} -67593.30244808987
x: {'t1': 1.99423, 't2': 2.51973, 't3': 98.80414, 'N_anc': 464.54865, 'N_yri': 343.03244, 'N_ooa': 829.0973, 'N_ceu': 343.03244, 'N_chb': 343.03244, 'gr_ceu': 0.00123, 'gr_chb': 0.00123, 'm_yri_ooa': 1e-05, 'm_yri_ceu': 1e-05, 'm_yri_chb': 1e-05, 'm_ceu_chb': 1e-05} -67593.30244808983
x_down: {'t1': 1.99423, 't2': 2.51973, 't3': 98.80414, 'N_anc': 464.54865, 'N_yri': 343.03244, 'N_ooa': 829.0973, 'N_ceu': 343.03244, 'N_chb': 343.03244, 'gr_ceu': 0.00123, 'gr_chb': 0.00123, 'm_yri_ooa': 1e-05, 'm_yri_ceu': 1e-05, 'm_yri_chb': 1e-05, 'm_ceu_chb': 1e-05} -67593.30244808983
 
 
x_up: {'t1': 1.99423, 't2': 2.51973, 't3': 98.80414, 'N_anc': 464.54865, 'N_yri': 343.03244, 'N_ooa': 829.0973, 'N_ceu': 343.03244, 'N_chb': 343.03244, 'gr_ceu': 0.00123, 'gr_chb': 0.00123, 'm_yri_ooa': 1e-05, 'm_yri_ceu': 1e-05, 'm_yri_chb': 0.0, 'm_ceu_chb': 1e-05} -67593.30244809017
x: {'t1': 1.99423, 't2': 2.51973, 't3': 98.80414, 'N_anc': 464.54865, 'N_yri': 343.03244, 'N_ooa': 829.0973, 'N_ceu': 343.03244, 'N_chb': 343.03244, 'gr_ceu': 0.00123, 'gr_chb': 0.00123, 'm_yri_ooa': 1e-05, 'm_yri_ceu': 1e-05, 'm_yri_chb': 1e-05, 'm_ceu_chb': 1e-05} -67593.30244808983
x_down: {'t1': 1.99423, 't2': 2.51973, 't3': 98.80414, 'N_anc': 464.54865, 'N_yri': 343.03244, 'N_ooa': 829.0973, 'N_ceu': 343.03244, 'N_chb': 343.03244, 'gr_ceu': 0.00123, 'gr_chb': 0.00123, 'm_yri_ooa': 1e-05, 'm_yri_ceu': 1e-05, 'm_yri_chb': 1e-05, 'm_ceu_chb': 1e-05} -67593.30244808983
 
 
x_up: {'t1': 1.99423, 't2': 2.51973, 't3': 98.80414, 'N_anc': 464.54865, 'N_yri': 343.03244, 'N_ooa': 829.0973, 'N_ceu': 343.03244, 'N_chb': 343.03244, 'gr_ceu': 0.00123, 'gr_chb': 0.00123, 'm_yri_ooa': 1e-05, 'm_yri_ceu': 1e-05, 'm_yri_chb': 1e-05, 'm_ceu_chb': 0.0} -67593.30244809
x: {'t1': 1.99423, 't2': 2.51973, 't3': 98.80414, 'N_anc': 464.54865, 'N_yri': 343.03244, 'N_ooa': 829.0973, 'N_ceu': 343.03244, 'N_chb': 343.03244, 'gr_ceu': 0.00123, 'gr_chb': 0.00123, 'm_yri_ooa': 1e-05, 'm_yri_ceu': 1e-05, 'm_yri_chb': 1e-05, 'm_ceu_chb': 1e-05} -67593.30244808983
x_down: {'t1': 1.99423, 't2': 2.51973, 't3': 98.80414, 'N_anc': 464.54865, 'N_yri': 343.03244, 'N_ooa': 829.0973, 'N_ceu': 343.03244, 'N_chb': 343.03244, 'gr_ceu': 0.00123, 'gr_chb': 0.00123, 'm_yri_ooa': 1e-05, 'm_yri_ceu': 1e-05, 'm_yri_chb': 1e-05, 'm_ceu_chb': 1e-05} -67593.30244808983
 
{'t1': 1.99423, 't2': 2.51973, 't3': 98.80414, 'N_anc': 464.54865, 'N_yri': 343.03244, 'N_ooa': 829.0973, 'N_ceu': 343.03244, 'N_chb': 343.03244, 'gr_ceu': 0.00123, 'gr_chb': 0.00123, 'm_yri_ooa': 1e-05, 'm_yri_ceu': 1e-05, 'm_yri_chb': 1e-05, 'm_ceu_chb': 1e-05} -67593.30244808983
 
x_up: {'t1': 2.25698, 't2': 2.51973, 't3': 98.80414, 'N_anc': 464.54865, 'N_yri': 343.03244, 'N_ooa': 829.0973, 'N_ceu': 343.03244, 'N_chb': 343.03244, 'gr_ceu': 0.00123, 'gr_chb': 0.00123, 'm_yri_ooa': 1e-05, 'm_yri_ceu': 1e-05, 'm_yri_chb': 1e-05, 'm_ceu_chb': 1e-05} -67591.42168829506
x: {'t1': 1.99423, 't2': 2.51973, 't3': 98.80414, 'N_anc': 464.54865, 'N_yri': 343.03244, 'N_ooa': 829.0973, 'N_ceu': 343.03244, 'N_chb': 343.03244, 'gr_ceu': 0.00123, 'gr_chb': 0.00123, 'm_yri_ooa': 1e-05, 'm_yri_ceu': 1e-05, 'm_yri_chb': 1e-05, 'm_ceu_chb': 1e-05} -67593.30244808983
x_down: {'t1': 1.73148, 't2': 2.51973, 't3': 98.80414, 'N_anc': 464.54865, 'N_yri': 343.03244, 'N_ooa': 829.0973, 'N_ceu': 343.03244, 'N_chb': 343.03244, 'gr_ceu': 0.00123, 'gr_chb': 0.00123, 'm_yri_ooa': 1e-05, 'm_yri_ceu': 1e-05, 'm_yri_chb': 1e-05, 'm_ceu_chb': 1e-05} -67574.88655043177
 
 
x_up: {'t1': 1.73148, 't2': 2.91385, 't3': 98.80414, 'N_anc': 464.54865, 'N_yri': 343.03244, 'N_ooa': 829.0973, 'N_ceu': 343.03244, 'N_chb': 343.03244, 'gr_ceu': 0.00123, 'gr_chb': 0.00123, 'm_yri_ooa': 1e-05, 'm_yri_ceu': 1e-05, 'm_yri_chb': 1e-05, 'm_ceu_chb': 1e-05} -67634.16479526776
x: {'t1': 1.73148, 't2': 2.51973, 't3': 98.80414, 'N_anc': 464.54865, 'N_yri': 343.03244, 'N_ooa': 829.0973, 'N_ceu': 343.03244, 'N_chb': 343.03244, 'gr_ceu': 0.00123, 'gr_chb': 0.00123, 'm_yri_ooa': 1e-05, 'm_yri_ceu': 1e-05, 'm_yri_chb': 1e-05, 'm_ceu_chb': 1e-05} -67574.88655043177
x_down: {'t1': 1.73148, 't2': 2.12561, 't3': 98.80414, 'N_anc': 464.54865, 'N_yri': 343.03244, 'N_ooa': 829.0973, 'N_ceu': 343.03244, 'N_chb': 343.03244, 'gr_ceu': 0.00123, 'gr_chb': 0.00123, 'm_yri_ooa': 1e-05, 'm_yri_ceu': 1e-05, 'm_yri_chb': 1e-05, 'm_ceu_chb': 1e-05} -67590.58458239558
 
 
x_up: {'t1': 1.73148, 't2': 2.51973, 't3': 103.61836, 'N_anc': 464.54865, 'N_yri': 343.03244, 'N_ooa': 829.0973, 'N_ceu': 343.03244, 'N_chb': 343.03244, 'gr_ceu': 0.00123, 'gr_chb': 0.00123, 'm_yri_ooa': 1e-05, 'm_yri_ceu': 1e-05, 'm_yri_chb': 1e-05, 'm_ceu_chb': 1e-05} -67576.26814430958
x: {'t1': 1.73148, 't2': 2.51973, 't3': 98.80414, 'N_anc': 464.54865, 'N_yri': 343.03244, 'N_ooa': 829.0973, 'N_ceu': 343.03244, 'N_chb': 343.03244, 'gr_ceu': 0.00123, 'gr_chb': 0.00123, 'm_yri_ooa': 1e-05, 'm_yri_ceu': 1e-05, 'm_yri_chb': 1e-05, 'm_ceu_chb': 1e-05} -67574.88655043177
x_down: {'t1': 1.73148, 't2': 2.51973, 't3': 93.98992, 'N_anc': 464.54865, 'N_yri': 343.03244, 'N_ooa': 829.0973, 'N_ceu': 343.03244, 'N_chb': 343.03244, 'gr_ceu': 0.00123, 'gr_chb': 0.00123, 'm_yri_ooa': 1e-05, 'm_yri_ceu': 1e-05, 'm_yri_chb': 1e-05, 'm_ceu_chb': 1e-05} -67574.95084619868
 
 
x_up: {'t1': 1.73148, 't2': 2.51973, 't3': 98.80414, 'N_anc': 601.25439, 'N_yri': 343.03244, 'N_ooa': 829.0973, 'N_ceu': 343.03244, 'N_chb': 343.03244, 'gr_ceu': 0.00123, 'gr_chb': 0.00123, 'm_yri_ooa': 1e-05, 'm_yri_ceu': 1e-05, 'm_yri_chb': 1e-05, 'm_ceu_chb': 1e-05} -67578.40975351699
x: {'t1': 1.73148, 't2': 2.51973, 't3': 98.80414, 'N_anc': 464.54865, 'N_yri': 343.03244, 'N_ooa': 829.0973, 'N_ceu': 343.03244, 'N_chb': 343.03244, 'gr_ceu': 0.00123, 'gr_chb': 0.00123, 'm_yri_ooa': 1e-05, 'm_yri_ceu': 1e-05, 'm_yri_chb': 1e-05, 'm_ceu_chb': 1e-05} -67574.88655043177
x_down: {'t1': 1.73148, 't2': 2.51973, 't3': 98.80414, 'N_anc': 327.84291, 'N_yri': 343.03244, 'N_ooa': 829.0973, 'N_ceu': 343.03244, 'N_chb': 343.03244, 'gr_ceu': 0.00123, 'gr_chb': 0.00123, 'm_yri_ooa': 1e-05, 'm_yri_ceu': 1e-05, 'm_yri_chb': 1e-05, 'm_ceu_chb': 1e-05} -67590.09583325477
 
 
x_up: {'t1': 1.73148, 't2': 2.51973, 't3': 98.80414, 'N_anc': 464.54865, 'N_yri': 403.79055, 'N_ooa': 829.0973, 'N_ceu': 343.03244, 'N_chb': 343.03244, 'gr_ceu': 0.00123, 'gr_chb': 0.00123, 'm_yri_ooa': 1e-05, 'm_yri_ceu': 1e-05, 'm_yri_chb': 1e-05, 'm_ceu_chb': 1e-05} -67593.85119833356
x: {'t1': 1.73148, 't2': 2.51973, 't3': 98.80414, 'N_anc': 464.54865, 'N_yri': 343.03244, 'N_ooa': 829.0973, 'N_ceu': 343.03244, 'N_chb': 343.03244, 'gr_ceu': 0.00123, 'gr_chb': 0.00123, 'm_yri_ooa': 1e-05, 'm_yri_ceu': 1e-05, 'm_yri_chb': 1e-05, 'm_ceu_chb': 1e-05} -67574.88655043177
x_down: {'t1': 1.73148, 't2': 2.51973, 't3': 98.80414, 'N_anc': 464.54865, 'N_yri': 282.27433, 'N_ooa': 829.0973, 'N_ceu': 343.03244, 'N_chb': 343.03244, 'gr_ceu': 0.00123, 'gr_chb': 0.00123, 'm_yri_ooa': 1e-05, 'm_yri_ceu': 1e-05, 'm_yri_chb': 1e-05, 'm_ceu_chb': 1e-05} -67592.97235122205
 
 
x_up: {'t1': 1.73148, 't2': 2.51973, 't3': 98.80414, 'N_anc': 464.54865, 'N_yri': 343.03244, 'N_ooa': 965.80304, 'N_ceu': 343.03244, 'N_chb': 343.03244, 'gr_ceu': 0.00123, 'gr_chb': 0.00123, 'm_yri_ooa': 1e-05, 'm_yri_ceu': 1e-05, 'm_yri_chb': 1e-05, 'm_ceu_chb': 1e-05} -67571.6420146712
x: {'t1': 1.73148, 't2': 2.51973, 't3': 98.80414, 'N_anc': 464.54865, 'N_yri': 343.03244, 'N_ooa': 829.0973, 'N_ceu': 343.03244, 'N_chb': 343.03244, 'gr_ceu': 0.00123, 'gr_chb': 0.00123, 'm_yri_ooa': 1e-05, 'm_yri_ceu': 1e-05, 'm_yri_chb': 1e-05, 'm_ceu_chb': 1e-05} -67574.88655043177
x_down: {'t1': 1.73148, 't2': 2.51973, 't3': 98.80414, 'N_anc': 464.54865, 'N_yri': 343.03244, 'N_ooa': 692.39156, 'N_ceu': 343.03244, 'N_chb': 343.03244, 'gr_ceu': 0.00123, 'gr_chb': 0.00123, 'm_yri_ooa': 1e-05, 'm_yri_ceu': 1e-05, 'm_yri_chb': 1e-05, 'm_ceu_chb': 1e-05} -67734.01054061763
 
 
x_up: {'t1': 1.73148, 't2': 2.51973, 't3': 98.80414, 'N_anc': 464.54865, 'N_yri': 343.03244, 'N_ooa': 965.80304, 'N_ceu': 403.79055, 'N_chb': 343.03244, 'gr_ceu': 0.00123, 'gr_chb': 0.00123, 'm_yri_ooa': 1e-05, 'm_yri_ceu': 1e-05, 'm_yri_chb': 1e-05, 'm_ceu_chb': 1e-05} -67591.36482354169
x: {'t1': 1.73148, 't2': 2.51973, 't3': 98.80414, 'N_anc': 464.54865, 'N_yri': 343.03244, 'N_ooa': 965.80304, 'N_ceu': 343.03244, 'N_chb': 343.03244, 'gr_ceu': 0.00123, 'gr_chb': 0.00123, 'm_yri_ooa': 1e-05, 'm_yri_ceu': 1e-05, 'm_yri_chb': 1e-05, 'm_ceu_chb': 1e-05} -67571.6420146712
x_down: {'t1': 1.73148, 't2': 2.51973, 't3': 98.80414, 'N_anc': 464.54865, 'N_yri': 343.03244, 'N_ooa': 965.80304, 'N_ceu': 282.27433, 'N_chb': 343.03244, 'gr_ceu': 0.00123, 'gr_chb': 0.00123, 'm_yri_ooa': 1e-05, 'm_yri_ceu': 1e-05, 'm_yri_chb': 1e-05, 'm_ceu_chb': 1e-05} -67575.08622879093
 
 
x_up: {'t1': 1.73148, 't2': 2.51973, 't3': 98.80414, 'N_anc': 464.54865, 'N_yri': 343.03244, 'N_ooa': 965.80304, 'N_ceu': 343.03244, 'N_chb': 403.79055, 'gr_ceu': 0.00123, 'gr_chb': 0.00123, 'm_yri_ooa': 1e-05, 'm_yri_ceu': 1e-05, 'm_yri_chb': 1e-05, 'm_ceu_chb': 1e-05} -67595.57441894193
x: {'t1': 1.73148, 't2': 2.51973, 't3': 98.80414, 'N_anc': 464.54865, 'N_yri': 343.03244, 'N_ooa': 965.80304, 'N_ceu': 343.03244, 'N_chb': 343.03244, 'gr_ceu': 0.00123, 'gr_chb': 0.00123, 'm_yri_ooa': 1e-05, 'm_yri_ceu': 1e-05, 'm_yri_chb': 1e-05, 'm_ceu_chb': 1e-05} -67571.6420146712
x_down: {'t1': 1.73148, 't2': 2.51973, 't3': 98.80414, 'N_anc': 464.54865, 'N_yri': 343.03244, 'N_ooa': 965.80304, 'N_ceu': 343.03244, 'N_chb': 282.27433, 'gr_ceu': 0.00123, 'gr_chb': 0.00123, 'm_yri_ooa': 1e-05, 'm_yri_ceu': 1e-05, 'm_yri_chb': 1e-05, 'm_ceu_chb': 1e-05} -67569.3913745474
 
 
x_up: {'t1': 1.73148, 't2': 2.51973, 't3': 98.80414, 'N_anc': 464.54865, 'N_yri': 343.03244, 'N_ooa': 965.80304, 'N_ceu': 343.03244, 'N_chb': 282.27433, 'gr_ceu': 0.00184, 'gr_chb': 0.00123, 'm_yri_ooa': 1e-05, 'm_yri_ceu': 1e-05, 'm_yri_chb': 1e-05, 'm_ceu_chb': 1e-05} -67569.36896629767
x: {'t1': 1.73148, 't2': 2.51973, 't3': 98.80414, 'N_anc': 464.54865, 'N_yri': 343.03244, 'N_ooa': 965.80304, 'N_ceu': 343.03244, 'N_chb': 282.27433, 'gr_ceu': 0.00123, 'gr_chb': 0.00123, 'm_yri_ooa': 1e-05, 'm_yri_ceu': 1e-05, 'm_yri_chb': 1e-05, 'm_ceu_chb': 1e-05} -67569.3913745474
x_down: {'t1': 1.73148, 't2': 2.51973, 't3': 98.80414, 'N_anc': 464.54865, 'N_yri': 343.03244, 'N_ooa': 965.80304, 'N_ceu': 343.03244, 'N_chb': 282.27433, 'gr_ceu': 0.00061, 'gr_chb': 0.00123, 'm_yri_ooa': 1e-05, 'm_yri_ceu': 1e-05, 'm_yri_chb': 1e-05, 'm_ceu_chb': 1e-05} -67569.41450378922
 
 
x_up: {'t1': 1.73148, 't2': 2.51973, 't3': 98.80414, 'N_anc': 464.54865, 'N_yri': 343.03244, 'N_ooa': 965.80304, 'N_ceu': 343.03244, 'N_chb': 282.27433, 'gr_ceu': 0.00184, 'gr_chb': 0.00184, 'm_yri_ooa': 1e-05, 'm_yri_ceu': 1e-05, 'm_yri_chb': 1e-05, 'm_ceu_chb': 1e-05} -67569.35359004719
x: {'t1': 1.73148, 't2': 2.51973, 't3': 98.80414, 'N_anc': 464.54865, 'N_yri': 343.03244, 'N_ooa': 965.80304, 'N_ceu': 343.03244, 'N_chb': 282.27433, 'gr_ceu': 0.00184, 'gr_chb': 0.00123, 'm_yri_ooa': 1e-05, 'm_yri_ceu': 1e-05, 'm_yri_chb': 1e-05, 'm_ceu_chb': 1e-05} -67569.36896629767
x_down: {'t1': 1.73148, 't2': 2.51973, 't3': 98.80414, 'N_anc': 464.54865, 'N_yri': 343.03244, 'N_ooa': 965.80304, 'N_ceu': 343.03244, 'N_chb': 282.27433, 'gr_ceu': 0.00184, 'gr_chb': 0.00061, 'm_yri_ooa': 1e-05, 'm_yri_ceu': 1e-05, 'm_yri_chb': 1e-05, 'm_ceu_chb': 1e-05} -67569.38502814076
 
 
x_up: {'t1': 1.73148, 't2': 2.51973, 't3': 98.80414, 'N_anc': 464.54865, 'N_yri': 343.03244, 'N_ooa': 965.80304, 'N_ceu': 343.03244, 'N_chb': 282.27433, 'gr_ceu': 0.00184, 'gr_chb': 0.00184, 'm_yri_ooa': 0.0, 'm_yri_ceu': 1e-05, 'm_yri_chb': 1e-05, 'm_ceu_chb': 1e-05} -67569.49762580561
x: {'t1': 1.73148, 't2': 2.51973, 't3': 98.80414, 'N_anc': 464.54865, 'N_yri': 343.03244, 'N_ooa': 965.80304, 'N_ceu': 343.03244, 'N_chb': 282.27433, 'gr_ceu': 0.00184, 'gr_chb': 0.00184, 'm_yri_ooa': 1e-05, 'm_yri_ceu': 1e-05, 'm_yri_chb': 1e-05, 'm_ceu_chb': 1e-05} -67569.35359004719
x_down: {'t1': 1.73148, 't2': 2.51973, 't3': 98.80414, 'N_anc': 464.54865, 'N_yri': 343.03244, 'N_ooa': 965.80304, 'N_ceu': 343.03244, 'N_chb': 282.27433, 'gr_ceu': 0.00184, 'gr_chb': 0.00184, 'm_yri_ooa': 1e-05, 'm_yri_ceu': 1e-05, 'm_yri_chb': 1e-05, 'm_ceu_chb': 1e-05} -67569.35359004719
 
 
x_up: {'t1': 1.73148, 't2': 2.51973, 't3': 98.80414, 'N_anc': 464.54865, 'N_yri': 343.03244, 'N_ooa': 965.80304, 'N_ceu': 343.03244, 'N_chb': 282.27433, 'gr_ceu': 0.00184, 'gr_chb': 0.00184, 'm_yri_ooa': 1e-05, 'm_yri_ceu': 0.0, 'm_yri_chb': 1e-05, 'm_ceu_chb': 1e-05} -67569.35359004751
x: {'t1': 1.73148, 't2': 2.51973, 't3': 98.80414, 'N_anc': 464.54865, 'N_yri': 343.03244, 'N_ooa': 965.80304, 'N_ceu': 343.03244, 'N_chb': 282.27433, 'gr_ceu': 0.00184, 'gr_chb': 0.00184, 'm_yri_ooa': 1e-05, 'm_yri_ceu': 1e-05, 'm_yri_chb': 1e-05, 'm_ceu_chb': 1e-05} -67569.35359004719
x_down: {'t1': 1.73148, 't2': 2.51973, 't3': 98.80414, 'N_anc': 464.54865, 'N_yri': 343.03244, 'N_ooa': 965.80304, 'N_ceu': 343.03244, 'N_chb': 282.27433, 'gr_ceu': 0.00184, 'gr_chb': 0.00184, 'm_yri_ooa': 1e-05, 'm_yri_ceu': 1e-05, 'm_yri_chb': 1e-05, 'm_ceu_chb': 1e-05} -67569.35359004719
 
 
x_up: {'t1': 1.73148, 't2': 2.51973, 't3': 98.80414, 'N_anc': 464.54865, 'N_yri': 343.03244, 'N_ooa': 965.80304, 'N_ceu': 343.03244, 'N_chb': 282.27433, 'gr_ceu': 0.00184, 'gr_chb': 0.00184, 'm_yri_ooa': 1e-05, 'm_yri_ceu': 1e-05, 'm_yri_chb': 0.0, 'm_ceu_chb': 1e-05} -67569.35359004745
x: {'t1': 1.73148, 't2': 2.51973, 't3': 98.80414, 'N_anc': 464.54865, 'N_yri': 343.03244, 'N_ooa': 965.80304, 'N_ceu': 343.03244, 'N_chb': 282.27433, 'gr_ceu': 0.00184, 'gr_chb': 0.00184, 'm_yri_ooa': 1e-05, 'm_yri_ceu': 1e-05, 'm_yri_chb': 1e-05, 'm_ceu_chb': 1e-05} -67569.35359004719
x_down: {'t1': 1.73148, 't2': 2.51973, 't3': 98.80414, 'N_anc': 464.54865, 'N_yri': 343.03244, 'N_ooa': 965.80304, 'N_ceu': 343.03244, 'N_chb': 282.27433, 'gr_ceu': 0.00184, 'gr_chb': 0.00184, 'm_yri_ooa': 1e-05, 'm_yri_ceu': 1e-05, 'm_yri_chb': 1e-05, 'm_ceu_chb': 1e-05} -67569.35359004719
 
 
x_up: {'t1': 1.73148, 't2': 2.51973, 't3': 98.80414, 'N_anc': 464.54865, 'N_yri': 343.03244, 'N_ooa': 965.80304, 'N_ceu': 343.03244, 'N_chb': 282.27433, 'gr_ceu': 0.00184, 'gr_chb': 0.00184, 'm_yri_ooa': 1e-05, 'm_yri_ceu': 1e-05, 'm_yri_chb': 1e-05, 'm_ceu_chb': 0.0} -67569.3535900457
x: {'t1': 1.73148, 't2': 2.51973, 't3': 98.80414, 'N_anc': 464.54865, 'N_yri': 343.03244, 'N_ooa': 965.80304, 'N_ceu': 343.03244, 'N_chb': 282.27433, 'gr_ceu': 0.00184, 'gr_chb': 0.00184, 'm_yri_ooa': 1e-05, 'm_yri_ceu': 1e-05, 'm_yri_chb': 1e-05, 'm_ceu_chb': 1e-05} -67569.35359004719
x_down: {'t1': 1.73148, 't2': 2.51973, 't3': 98.80414, 'N_anc': 464.54865, 'N_yri': 343.03244, 'N_ooa': 965.80304, 'N_ceu': 343.03244, 'N_chb': 282.27433, 'gr_ceu': 0.00184, 'gr_chb': 0.00184, 'm_yri_ooa': 1e-05, 'm_yri_ceu': 1e-05, 'm_yri_chb': 1e-05, 'm_ceu_chb': 1e-05} -67569.35359004719
 
{'t1': 1.73148, 't2': 2.51973, 't3': 98.80414, 'N_anc': 464.54865, 'N_yri': 343.03244, 'N_ooa': 965.80304, 'N_ceu': 343.03244, 'N_chb': 282.27433, 'gr_ceu': 0.00184, 'gr_chb': 0.00184, 'm_yri_ooa': 1e-05, 'm_yri_ceu': 1e-05, 'm_yri_chb': 1e-05, 'm_ceu_chb': 0.0} -67569.3535900457
 
x_up: {'t1': 2.09722, 't2': 2.51973, 't3': 98.80414, 'N_anc': 464.54865, 'N_yri': 343.03244, 'N_ooa': 965.80304, 'N_ceu': 343.03244, 'N_chb': 282.27433, 'gr_ceu': 0.00184, 'gr_chb': 0.00184, 'm_yri_ooa': 1e-05, 'm_yri_ceu': 1e-05, 'm_yri_chb': 1e-05, 'm_ceu_chb': 0.0} -67575.77353588569
x: {'t1': 1.73148, 't2': 2.51973, 't3': 98.80414, 'N_anc': 464.54865, 'N_yri': 343.03244, 'N_ooa': 965.80304, 'N_ceu': 343.03244, 'N_chb': 282.27433, 'gr_ceu': 0.00184, 'gr_chb': 0.00184, 'm_yri_ooa': 1e-05, 'm_yri_ceu': 1e-05, 'm_yri_chb': 1e-05, 'm_ceu_chb': 0.0} -67569.3535900457
x_down: {'t1': 1.36574, 't2': 2.51973, 't3': 98.80414, 'N_anc': 464.54865, 'N_yri': 343.03244, 'N_ooa': 965.80304, 'N_ceu': 343.03244, 'N_chb': 282.27433, 'gr_ceu': 0.00184, 'gr_chb': 0.00184, 'm_yri_ooa': 1e-05, 'm_yri_ceu': 1e-05, 'm_yri_chb': 1e-05, 'm_ceu_chb': 0.0} -67639.38599771308
 
 
x_up: {'t1': 1.73148, 't2': 2.71679, 't3': 98.80414, 'N_anc': 464.54865, 'N_yri': 343.03244, 'N_ooa': 965.80304, 'N_ceu': 343.03244, 'N_chb': 282.27433, 'gr_ceu': 0.00184, 'gr_chb': 0.00184, 'm_yri_ooa': 1e-05, 'm_yri_ceu': 1e-05, 'm_yri_chb': 1e-05, 'm_ceu_chb': 0.0} -67607.54580804645
x: {'t1': 1.73148, 't2': 2.51973, 't3': 98.80414, 'N_anc': 464.54865, 'N_yri': 343.03244, 'N_ooa': 965.80304, 'N_ceu': 343.03244, 'N_chb': 282.27433, 'gr_ceu': 0.00184, 'gr_chb': 0.00184, 'm_yri_ooa': 1e-05, 'm_yri_ceu': 1e-05, 'm_yri_chb': 1e-05, 'm_ceu_chb': 0.0} -67569.3535900457
x_down: {'t1': 1.73148, 't2': 2.32267, 't3': 98.80414, 'N_anc': 464.54865, 'N_yri': 343.03244, 'N_ooa': 965.80304, 'N_ceu': 343.03244, 'N_chb': 282.27433, 'gr_ceu': 0.00184, 'gr_chb': 0.00184, 'm_yri_ooa': 1e-05, 'm_yri_ceu': 1e-05, 'm_yri_chb': 1e-05, 'm_ceu_chb': 0.0} -67555.44677999325
 
 
x_up: {'t1': 1.73148, 't2': 2.32267, 't3': 103.62821, 'N_anc': 464.54865, 'N_yri': 343.03244, 'N_ooa': 965.80304, 'N_ceu': 343.03244, 'N_chb': 282.27433, 'gr_ceu': 0.00184, 'gr_chb': 0.00184, 'm_yri_ooa': 1e-05, 'm_yri_ceu': 1e-05, 'm_yri_chb': 1e-05, 'm_ceu_chb': 0.0} -67557.73639636236
x: {'t1': 1.73148, 't2': 2.32267, 't3': 98.80414, 'N_anc': 464.54865, 'N_yri': 343.03244, 'N_ooa': 965.80304, 'N_ceu': 343.03244, 'N_chb': 282.27433, 'gr_ceu': 0.00184, 'gr_chb': 0.00184, 'm_yri_ooa': 1e-05, 'm_yri_ceu': 1e-05, 'm_yri_chb': 1e-05, 'm_ceu_chb': 0.0} -67555.44677999325
x_down: {'t1': 1.73148, 't2': 2.32267, 't3': 93.98007, 'N_anc': 464.54865, 'N_yri': 343.03244, 'N_ooa': 965.80304, 'N_ceu': 343.03244, 'N_chb': 282.27433, 'gr_ceu': 0.00184, 'gr_chb': 0.00184, 'm_yri_ooa': 1e-05, 'm_yri_ceu': 1e-05, 'm_yri_chb': 1e-05, 'm_ceu_chb': 0.0} -67554.86963155995
 
 
x_up: {'t1': 1.73148, 't2': 2.32267, 't3': 93.98007, 'N_anc': 532.90152, 'N_yri': 343.03244, 'N_ooa': 965.80304, 'N_ceu': 343.03244, 'N_chb': 282.27433, 'gr_ceu': 0.00184, 'gr_chb': 0.00184, 'm_yri_ooa': 1e-05, 'm_yri_ceu': 1e-05, 'm_yri_chb': 1e-05, 'm_ceu_chb': 0.0} -67554.95402256453
x: {'t1': 1.73148, 't2': 2.32267, 't3': 93.98007, 'N_anc': 464.54865, 'N_yri': 343.03244, 'N_ooa': 965.80304, 'N_ceu': 343.03244, 'N_chb': 282.27433, 'gr_ceu': 0.00184, 'gr_chb': 0.00184, 'm_yri_ooa': 1e-05, 'm_yri_ceu': 1e-05, 'm_yri_chb': 1e-05, 'm_ceu_chb': 0.0} -67554.86963155995
x_down: {'t1': 1.73148, 't2': 2.32267, 't3': 93.98007, 'N_anc': 396.19578, 'N_yri': 343.03244, 'N_ooa': 965.80304, 'N_ceu': 343.03244, 'N_chb': 282.27433, 'gr_ceu': 0.00184, 'gr_chb': 0.00184, 'm_yri_ooa': 1e-05, 'm_yri_ceu': 1e-05, 'm_yri_chb': 1e-05, 'm_ceu_chb': 0.0} -67559.54582081988
 
 
x_up: {'t1': 1.73148, 't2': 2.32267, 't3': 93.98007, 'N_anc': 464.54865, 'N_yri': 373.4115, 'N_ooa': 965.80304, 'N_ceu': 343.03244, 'N_chb': 282.27433, 'gr_ceu': 0.00184, 'gr_chb': 0.00184, 'm_yri_ooa': 1e-05, 'm_yri_ceu': 1e-05, 'm_yri_chb': 1e-05, 'm_ceu_chb': 0.0} -67554.7856745511
x: {'t1': 1.73148, 't2': 2.32267, 't3': 93.98007, 'N_anc': 464.54865, 'N_yri': 343.03244, 'N_ooa': 965.80304, 'N_ceu': 343.03244, 'N_chb': 282.27433, 'gr_ceu': 0.00184, 'gr_chb': 0.00184, 'm_yri_ooa': 1e-05, 'm_yri_ceu': 1e-05, 'm_yri_chb': 1e-05, 'm_ceu_chb': 0.0} -67554.86963155995
x_down: {'t1': 1.73148, 't2': 2.32267, 't3': 93.98007, 'N_anc': 464.54865, 'N_yri': 312.65339, 'N_ooa': 965.80304, 'N_ceu': 343.03244, 'N_chb': 282.27433, 'gr_ceu': 0.00184, 'gr_chb': 0.00184, 'm_yri_ooa': 1e-05, 'm_yri_ceu': 1e-05, 'm_yri_chb': 1e-05, 'm_ceu_chb': 0.0} -67567.10498514104
 
 
x_up: {'t1': 1.73148, 't2': 2.32267, 't3': 93.98007, 'N_anc': 464.54865, 'N_yri': 373.4115, 'N_ooa': 1209.31014, 'N_ceu': 343.03244, 'N_chb': 282.27433, 'gr_ceu': 0.00184, 'gr_chb': 0.00184, 'm_yri_ooa': 1e-05, 'm_yri_ceu': 1e-05, 'm_yri_chb': 1e-05, 'm_ceu_chb': 0.0} -67737.13245815755
x: {'t1': 1.73148, 't2': 2.32267, 't3': 93.98007, 'N_anc': 464.54865, 'N_yri': 373.4115, 'N_ooa': 965.80304, 'N_ceu': 343.03244, 'N_chb': 282.27433, 'gr_ceu': 0.00184, 'gr_chb': 0.00184, 'm_yri_ooa': 1e-05, 'm_yri_ceu': 1e-05, 'm_yri_chb': 1e-05, 'm_ceu_chb': 0.0} -67554.7856745511
x_down: {'t1': 1.73148, 't2': 2.32267, 't3': 93.98007, 'N_anc': 464.54865, 'N_yri': 373.4115, 'N_ooa': 722.29593, 'N_ceu': 343.03244, 'N_chb': 282.27433, 'gr_ceu': 0.00184, 'gr_chb': 0.00184, 'm_yri_ooa': 1e-05, 'm_yri_ceu': 1e-05, 'm_yri_chb': 1e-05, 'm_ceu_chb': 0.0} -67674.45658264555
 
 
x_up: {'t1': 1.73148, 't2': 2.32267, 't3': 93.98007, 'N_anc': 464.54865, 'N_yri': 373.4115, 'N_ooa': 965.80304, 'N_ceu': 373.4115, 'N_chb': 282.27433, 'gr_ceu': 0.00184, 'gr_chb': 0.00184, 'm_yri_ooa': 1e-05, 'm_yri_ceu': 1e-05, 'm_yri_chb': 1e-05, 'm_ceu_chb': 0.0} -67559.45851285438
x: {'t1': 1.73148, 't2': 2.32267, 't3': 93.98007, 'N_anc': 464.54865, 'N_yri': 373.4115, 'N_ooa': 965.80304, 'N_ceu': 343.03244, 'N_chb': 282.27433, 'gr_ceu': 0.00184, 'gr_chb': 0.00184, 'm_yri_ooa': 1e-05, 'm_yri_ceu': 1e-05, 'm_yri_chb': 1e-05, 'm_ceu_chb': 0.0} -67554.7856745511
x_down: {'t1': 1.73148, 't2': 2.32267, 't3': 93.98007, 'N_anc': 464.54865, 'N_yri': 373.4115, 'N_ooa': 965.80304, 'N_ceu': 312.65339, 'N_chb': 282.27433, 'gr_ceu': 0.00184, 'gr_chb': 0.00184, 'm_yri_ooa': 1e-05, 'm_yri_ceu': 1e-05, 'm_yri_chb': 1e-05, 'm_ceu_chb': 0.0} -67556.9834142134
 
 
x_up: {'t1': 1.73148, 't2': 2.32267, 't3': 93.98007, 'N_anc': 464.54865, 'N_yri': 373.4115, 'N_ooa': 965.80304, 'N_ceu': 343.03244, 'N_chb': 350.6272, 'gr_ceu': 0.00184, 'gr_chb': 0.00184, 'm_yri_ooa': 1e-05, 'm_yri_ceu': 1e-05, 'm_yri_chb': 1e-05, 'm_ceu_chb': 0.0} -67567.95928139245
x: {'t1': 1.73148, 't2': 2.32267, 't3': 93.98007, 'N_anc': 464.54865, 'N_yri': 373.4115, 'N_ooa': 965.80304, 'N_ceu': 343.03244, 'N_chb': 282.27433, 'gr_ceu': 0.00184, 'gr_chb': 0.00184, 'm_yri_ooa': 1e-05, 'm_yri_ceu': 1e-05, 'm_yri_chb': 1e-05, 'm_ceu_chb': 0.0} -67554.7856745511
x_down: {'t1': 1.73148, 't2': 2.32267, 't3': 93.98007, 'N_anc': 464.54865, 'N_yri': 373.4115, 'N_ooa': 965.80304, 'N_ceu': 343.03244, 'N_chb': 213.92146, 'gr_ceu': 0.00184, 'gr_chb': 0.00184, 'm_yri_ooa': 1e-05, 'm_yri_ceu': 1e-05, 'm_yri_chb': 1e-05, 'm_ceu_chb': 0.0} -67605.98264958648
 
 
x_up: {'t1': 1.73148, 't2': 2.32267, 't3': 93.98007, 'N_anc': 464.54865, 'N_yri': 373.4115, 'N_ooa': 965.80304, 'N_ceu': 343.03244, 'N_chb': 282.27433, 'gr_ceu': 0.00276, 'gr_chb': 0.00184, 'm_yri_ooa': 1e-05, 'm_yri_ceu': 1e-05, 'm_yri_chb': 1e-05, 'm_ceu_chb': 0.0} -67554.84121718442
x: {'t1': 1.73148, 't2': 2.32267, 't3': 93.98007, 'N_anc': 464.54865, 'N_yri': 373.4115, 'N_ooa': 965.80304, 'N_ceu': 343.03244, 'N_chb': 282.27433, 'gr_ceu': 0.00184, 'gr_chb': 0.00184, 'm_yri_ooa': 1e-05, 'm_yri_ceu': 1e-05, 'm_yri_chb': 1e-05, 'm_ceu_chb': 0.0} -67554.7856745511
x_down: {'t1': 1.73148, 't2': 2.32267, 't3': 93.98007, 'N_anc': 464.54865, 'N_yri': 373.4115, 'N_ooa': 965.80304, 'N_ceu': 343.03244, 'N_chb': 282.27433, 'gr_ceu': 0.00092, 'gr_chb': 0.00184, 'm_yri_ooa': 1e-05, 'm_yri_ceu': 1e-05, 'm_yri_chb': 1e-05, 'm_ceu_chb': 0.0} -67554.73101830536
 
 
x_up: {'t1': 1.73148, 't2': 2.32267, 't3': 93.98007, 'N_anc': 464.54865, 'N_yri': 373.4115, 'N_ooa': 965.80304, 'N_ceu': 343.03244, 'N_chb': 282.27433, 'gr_ceu': 0.00092, 'gr_chb': 0.00276, 'm_yri_ooa': 1e-05, 'm_yri_ceu': 1e-05, 'm_yri_chb': 1e-05, 'm_ceu_chb': 0.0} -67554.74986908458
x: {'t1': 1.73148, 't2': 2.32267, 't3': 93.98007, 'N_anc': 464.54865, 'N_yri': 373.4115, 'N_ooa': 965.80304, 'N_ceu': 343.03244, 'N_chb': 282.27433, 'gr_ceu': 0.00092, 'gr_chb': 0.00184, 'm_yri_ooa': 1e-05, 'm_yri_ceu': 1e-05, 'm_yri_chb': 1e-05, 'm_ceu_chb': 0.0} -67554.73101830536
x_down: {'t1': 1.73148, 't2': 2.32267, 't3': 93.98007, 'N_anc': 464.54865, 'N_yri': 373.4115, 'N_ooa': 965.80304, 'N_ceu': 343.03244, 'N_chb': 282.27433, 'gr_ceu': 0.00092, 'gr_chb': 0.00092, 'm_yri_ooa': 1e-05, 'm_yri_ceu': 1e-05, 'm_yri_chb': 1e-05, 'm_ceu_chb': 0.0} -67554.71311056706
 
 
x_up: {'t1': 1.73148, 't2': 2.32267, 't3': 93.98007, 'N_anc': 464.54865, 'N_yri': 373.4115, 'N_ooa': 965.80304, 'N_ceu': 343.03244, 'N_chb': 282.27433, 'gr_ceu': 0.00092, 'gr_chb': 0.00092, 'm_yri_ooa': 0.0, 'm_yri_ceu': 1e-05, 'm_yri_chb': 1e-05, 'm_ceu_chb': 0.0} -67554.99212170263
x: {'t1': 1.73148, 't2': 2.32267, 't3': 93.98007, 'N_anc': 464.54865, 'N_yri': 373.4115, 'N_ooa': 965.80304, 'N_ceu': 343.03244, 'N_chb': 282.27433, 'gr_ceu': 0.00092, 'gr_chb': 0.00092, 'm_yri_ooa': 1e-05, 'm_yri_ceu': 1e-05, 'm_yri_chb': 1e-05, 'm_ceu_chb': 0.0} -67554.71311056706
x_down: {'t1': 1.73148, 't2': 2.32267, 't3': 93.98007, 'N_anc': 464.54865, 'N_yri': 373.4115, 'N_ooa': 965.80304, 'N_ceu': 343.03244, 'N_chb': 282.27433, 'gr_ceu': 0.00092, 'gr_chb': 0.00092, 'm_yri_ooa': 1e-05, 'm_yri_ceu': 1e-05, 'm_yri_chb': 1e-05, 'm_ceu_chb': 0.0} -67554.71311056706
 
 
x_up: {'t1': 1.73148, 't2': 2.32267, 't3': 93.98007, 'N_anc': 464.54865, 'N_yri': 373.4115, 'N_ooa': 965.80304, 'N_ceu': 343.03244, 'N_chb': 282.27433, 'gr_ceu': 0.00092, 'gr_chb': 0.00092, 'm_yri_ooa': 1e-05, 'm_yri_ceu': 0.0, 'm_yri_chb': 1e-05, 'm_ceu_chb': 0.0} -67554.71311056739
x: {'t1': 1.73148, 't2': 2.32267, 't3': 93.98007, 'N_anc': 464.54865, 'N_yri': 373.4115, 'N_ooa': 965.80304, 'N_ceu': 343.03244, 'N_chb': 282.27433, 'gr_ceu': 0.00092, 'gr_chb': 0.00092, 'm_yri_ooa': 1e-05, 'm_yri_ceu': 1e-05, 'm_yri_chb': 1e-05, 'm_ceu_chb': 0.0} -67554.71311056706
x_down: {'t1': 1.73148, 't2': 2.32267, 't3': 93.98007, 'N_anc': 464.54865, 'N_yri': 373.4115, 'N_ooa': 965.80304, 'N_ceu': 343.03244, 'N_chb': 282.27433, 'gr_ceu': 0.00092, 'gr_chb': 0.00092, 'm_yri_ooa': 1e-05, 'm_yri_ceu': 1e-05, 'm_yri_chb': 1e-05, 'm_ceu_chb': 0.0} -67554.71311056706
 
 
x_up: {'t1': 1.73148, 't2': 2.32267, 't3': 93.98007, 'N_anc': 464.54865, 'N_yri': 373.4115, 'N_ooa': 965.80304, 'N_ceu': 343.03244, 'N_chb': 282.27433, 'gr_ceu': 0.00092, 'gr_chb': 0.00092, 'm_yri_ooa': 1e-05, 'm_yri_ceu': 1e-05, 'm_yri_chb': 0.0, 'm_ceu_chb': 0.0} -67554.71311056752
x: {'t1': 1.73148, 't2': 2.32267, 't3': 93.98007, 'N_anc': 464.54865, 'N_yri': 373.4115, 'N_ooa': 965.80304, 'N_ceu': 343.03244, 'N_chb': 282.27433, 'gr_ceu': 0.00092, 'gr_chb': 0.00092, 'm_yri_ooa': 1e-05, 'm_yri_ceu': 1e-05, 'm_yri_chb': 1e-05, 'm_ceu_chb': 0.0} -67554.71311056706
x_down: {'t1': 1.73148, 't2': 2.32267, 't3': 93.98007, 'N_anc': 464.54865, 'N_yri': 373.4115, 'N_ooa': 965.80304, 'N_ceu': 343.03244, 'N_chb': 282.27433, 'gr_ceu': 0.00092, 'gr_chb': 0.00092, 'm_yri_ooa': 1e-05, 'm_yri_ceu': 1e-05, 'm_yri_chb': 1e-05, 'm_ceu_chb': 0.0} -67554.71311056706
 
 
x_up: {'t1': 1.73148, 't2': 2.32267, 't3': 93.98007, 'N_anc': 464.54865, 'N_yri': 373.4115, 'N_ooa': 965.80304, 'N_ceu': 343.03244, 'N_chb': 282.27433, 'gr_ceu': 0.00092, 'gr_chb': 0.00092, 'm_yri_ooa': 1e-05, 'm_yri_ceu': 1e-05, 'm_yri_chb': 1e-05, 'm_ceu_chb': 0.0} -67554.71311056706
x: {'t1': 1.73148, 't2': 2.32267, 't3': 93.98007, 'N_anc': 464.54865, 'N_yri': 373.4115, 'N_ooa': 965.80304, 'N_ceu': 343.03244, 'N_chb': 282.27433, 'gr_ceu': 0.00092, 'gr_chb': 0.00092, 'm_yri_ooa': 1e-05, 'm_yri_ceu': 1e-05, 'm_yri_chb': 1e-05, 'm_ceu_chb': 0.0} -67554.71311056706
x_down: {'t1': 1.73148, 't2': 2.32267, 't3': 93.98007, 'N_anc': 464.54865, 'N_yri': 373.4115, 'N_ooa': 965.80304, 'N_ceu': 343.03244, 'N_chb': 282.27433, 'gr_ceu': 0.00092, 'gr_chb': 0.00092, 'm_yri_ooa': 1e-05, 'm_yri_ceu': 1e-05, 'm_yri_chb': 1e-05, 'm_ceu_chb': 1e-05} -67554.71311056652
 
{'t1': 1.73148, 't2': 2.32267, 't3': 93.98007, 'N_anc': 464.54865, 'N_yri': 373.4115, 'N_ooa': 965.80304, 'N_ceu': 343.03244, 'N_chb': 282.27433, 'gr_ceu': 0.00092, 'gr_chb': 0.00092, 'm_yri_ooa': 1e-05, 'm_yri_ceu': 1e-05, 'm_yri_chb': 1e-05, 'm_ceu_chb': 1e-05} -67554.71311056652
 
x_up: {'t1': 1.87928, 't2': 2.32267, 't3': 93.98007, 'N_anc': 464.54865, 'N_yri': 373.4115, 'N_ooa': 965.80304, 'N_ceu': 343.03244, 'N_chb': 282.27433, 'gr_ceu': 0.00092, 'gr_chb': 0.00092, 'm_yri_ooa': 1e-05, 'm_yri_ceu': 1e-05, 'm_yri_chb': 1e-05, 'm_ceu_chb': 1e-05} -67557.15975096264
x: {'t1': 1.73148, 't2': 2.32267, 't3': 93.98007, 'N_anc': 464.54865, 'N_yri': 373.4115, 'N_ooa': 965.80304, 'N_ceu': 343.03244, 'N_chb': 282.27433, 'gr_ceu': 0.00092, 'gr_chb': 0.00092, 'm_yri_ooa': 1e-05, 'm_yri_ceu': 1e-05, 'm_yri_chb': 1e-05, 'm_ceu_chb': 1e-05} -67554.71311056652
x_down: {'t1': 1.58368, 't2': 2.32267, 't3': 93.98007, 'N_anc': 464.54865, 'N_yri': 373.4115, 'N_ooa': 965.80304, 'N_ceu': 343.03244, 'N_chb': 282.27433, 'gr_ceu': 0.00092, 'gr_chb': 0.00092, 'm_yri_ooa': 1e-05, 'm_yri_ceu': 1e-05, 'm_yri_chb': 1e-05, 'm_ceu_chb': 1e-05} -67580.15544779661
 
 
x_up: {'t1': 1.73148, 't2': 2.54437, 't3': 93.98007, 'N_anc': 464.54865, 'N_yri': 373.4115, 'N_ooa': 965.80304, 'N_ceu': 343.03244, 'N_chb': 282.27433, 'gr_ceu': 0.00092, 'gr_chb': 0.00092, 'm_yri_ooa': 1e-05, 'm_yri_ceu': 1e-05, 'm_yri_chb': 1e-05, 'm_ceu_chb': 1e-05} -67578.93802266147
x: {'t1': 1.73148, 't2': 2.32267, 't3': 93.98007, 'N_anc': 464.54865, 'N_yri': 373.4115, 'N_ooa': 965.80304, 'N_ceu': 343.03244, 'N_chb': 282.27433, 'gr_ceu': 0.00092, 'gr_chb': 0.00092, 'm_yri_ooa': 1e-05, 'm_yri_ceu': 1e-05, 'm_yri_chb': 1e-05, 'm_ceu_chb': 1e-05} -67554.71311056652
x_down: {'t1': 1.73148, 't2': 2.10097, 't3': 93.98007, 'N_anc': 464.54865, 'N_yri': 373.4115, 'N_ooa': 965.80304, 'N_ceu': 343.03244, 'N_chb': 282.27433, 'gr_ceu': 0.00092, 'gr_chb': 0.00092, 'm_yri_ooa': 1e-05, 'm_yri_ceu': 1e-05, 'm_yri_chb': 1e-05, 'm_ceu_chb': 1e-05} -67576.64640812228
 
 
x_up: {'t1': 1.73148, 't2': 2.32267, 't3': 100.85438, 'N_anc': 464.54865, 'N_yri': 373.4115, 'N_ooa': 965.80304, 'N_ceu': 343.03244, 'N_chb': 282.27433, 'gr_ceu': 0.00092, 'gr_chb': 0.00092, 'm_yri_ooa': 1e-05, 'm_yri_ceu': 1e-05, 'm_yri_chb': 1e-05, 'm_ceu_chb': 1e-05} -67556.83243513783
x: {'t1': 1.73148, 't2': 2.32267, 't3': 93.98007, 'N_anc': 464.54865, 'N_yri': 373.4115, 'N_ooa': 965.80304, 'N_ceu': 343.03244, 'N_chb': 282.27433, 'gr_ceu': 0.00092, 'gr_chb': 0.00092, 'm_yri_ooa': 1e-05, 'm_yri_ceu': 1e-05, 'm_yri_chb': 1e-05, 'm_ceu_chb': 1e-05} -67554.71311056652
x_down: {'t1': 1.73148, 't2': 2.32267, 't3': 87.10576, 'N_anc': 464.54865, 'N_yri': 373.4115, 'N_ooa': 965.80304, 'N_ceu': 343.03244, 'N_chb': 282.27433, 'gr_ceu': 0.00092, 'gr_chb': 0.00092, 'm_yri_ooa': 1e-05, 'm_yri_ceu': 1e-05, 'm_yri_chb': 1e-05, 'm_ceu_chb': 1e-05} -67561.12216618225
 
 
x_up: {'t1': 1.73148, 't2': 2.32267, 't3': 93.98007, 'N_anc': 498.72509, 'N_yri': 373.4115, 'N_ooa': 965.80304, 'N_ceu': 343.03244, 'N_chb': 282.27433, 'gr_ceu': 0.00092, 'gr_chb': 0.00092, 'm_yri_ooa': 1e-05, 'm_yri_ceu': 1e-05, 'm_yri_chb': 1e-05, 'm_ceu_chb': 1e-05} -67554.3164244417
x: {'t1': 1.73148, 't2': 2.32267, 't3': 93.98007, 'N_anc': 464.54865, 'N_yri': 373.4115, 'N_ooa': 965.80304, 'N_ceu': 343.03244, 'N_chb': 282.27433, 'gr_ceu': 0.00092, 'gr_chb': 0.00092, 'm_yri_ooa': 1e-05, 'm_yri_ceu': 1e-05, 'm_yri_chb': 1e-05, 'm_ceu_chb': 1e-05} -67554.71311056652
x_down: {'t1': 1.73148, 't2': 2.32267, 't3': 93.98007, 'N_anc': 430.37221, 'N_yri': 373.4115, 'N_ooa': 965.80304, 'N_ceu': 343.03244, 'N_chb': 282.27433, 'gr_ceu': 0.00092, 'gr_chb': 0.00092, 'm_yri_ooa': 1e-05, 'm_yri_ceu': 1e-05, 'm_yri_chb': 1e-05, 'm_ceu_chb': 1e-05} -67556.27213054094
 
 
x_up: {'t1': 1.73148, 't2': 2.32267, 't3': 93.98007, 'N_anc': 498.72509, 'N_yri': 424.67616, 'N_ooa': 965.80304, 'N_ceu': 343.03244, 'N_chb': 282.27433, 'gr_ceu': 0.00092, 'gr_chb': 0.00092, 'm_yri_ooa': 1e-05, 'm_yri_ceu': 1e-05, 'm_yri_chb': 1e-05, 'm_ceu_chb': 1e-05} -67569.98800844088
x: {'t1': 1.73148, 't2': 2.32267, 't3': 93.98007, 'N_anc': 498.72509, 'N_yri': 373.4115, 'N_ooa': 965.80304, 'N_ceu': 343.03244, 'N_chb': 282.27433, 'gr_ceu': 0.00092, 'gr_chb': 0.00092, 'm_yri_ooa': 1e-05, 'm_yri_ceu': 1e-05, 'm_yri_chb': 1e-05, 'm_ceu_chb': 1e-05} -67554.3164244417
x_down: {'t1': 1.73148, 't2': 2.32267, 't3': 93.98007, 'N_anc': 498.72509, 'N_yri': 322.14684, 'N_ooa': 965.80304, 'N_ceu': 343.03244, 'N_chb': 282.27433, 'gr_ceu': 0.00092, 'gr_chb': 0.00092, 'm_yri_ooa': 1e-05, 'm_yri_ceu': 1e-05, 'm_yri_chb': 1e-05, 'm_ceu_chb': 1e-05} -67559.99795253301
 
 
x_up: {'t1': 1.73148, 't2': 2.32267, 't3': 93.98007, 'N_anc': 498.72509, 'N_yri': 373.4115, 'N_ooa': 1087.55659, 'N_ceu': 343.03244, 'N_chb': 282.27433, 'gr_ceu': 0.00092, 'gr_chb': 0.00092, 'm_yri_ooa': 1e-05, 'm_yri_ceu': 1e-05, 'm_yri_chb': 1e-05, 'm_ceu_chb': 1e-05} -67623.60685345084
x: {'t1': 1.73148, 't2': 2.32267, 't3': 93.98007, 'N_anc': 498.72509, 'N_yri': 373.4115, 'N_ooa': 965.80304, 'N_ceu': 343.03244, 'N_chb': 282.27433, 'gr_ceu': 0.00092, 'gr_chb': 0.00092, 'm_yri_ooa': 1e-05, 'm_yri_ceu': 1e-05, 'm_yri_chb': 1e-05, 'm_ceu_chb': 1e-05} -67554.3164244417
x_down: {'t1': 1.73148, 't2': 2.32267, 't3': 93.98007, 'N_anc': 498.72509, 'N_yri': 373.4115, 'N_ooa': 844.04949, 'N_ceu': 343.03244, 'N_chb': 282.27433, 'gr_ceu': 0.00092, 'gr_chb': 0.00092, 'm_yri_ooa': 1e-05, 'm_yri_ceu': 1e-05, 'm_yri_chb': 1e-05, 'm_ceu_chb': 1e-05} -67554.10016317014
 
 
x_up: {'t1': 1.73148, 't2': 2.32267, 't3': 93.98007, 'N_anc': 498.72509, 'N_yri': 373.4115, 'N_ooa': 844.04949, 'N_ceu': 358.22197, 'N_chb': 282.27433, 'gr_ceu': 0.00092, 'gr_chb': 0.00092, 'm_yri_ooa': 1e-05, 'm_yri_ceu': 1e-05, 'm_yri_chb': 1e-05, 'm_ceu_chb': 1e-05} -67554.7922291121
x: {'t1': 1.73148, 't2': 2.32267, 't3': 93.98007, 'N_anc': 498.72509, 'N_yri': 373.4115, 'N_ooa': 844.04949, 'N_ceu': 343.03244, 'N_chb': 282.27433, 'gr_ceu': 0.00092, 'gr_chb': 0.00092, 'm_yri_ooa': 1e-05, 'm_yri_ceu': 1e-05, 'm_yri_chb': 1e-05, 'm_ceu_chb': 1e-05} -67554.10016317014
x_down: {'t1': 1.73148, 't2': 2.32267, 't3': 93.98007, 'N_anc': 498.72509, 'N_yri': 373.4115, 'N_ooa': 844.04949, 'N_ceu': 327.84291, 'N_chb': 282.27433, 'gr_ceu': 0.00092, 'gr_chb': 0.00092, 'm_yri_ooa': 1e-05, 'm_yri_ceu': 1e-05, 'm_yri_chb': 1e-05, 'm_ceu_chb': 1e-05} -67555.17106396107
 
 
x_up: {'t1': 1.73148, 't2': 2.32267, 't3': 93.98007, 'N_anc': 498.72509, 'N_yri': 373.4115, 'N_ooa': 844.04949, 'N_ceu': 343.03244, 'N_chb': 316.45077, 'gr_ceu': 0.00092, 'gr_chb': 0.00092, 'm_yri_ooa': 1e-05, 'm_yri_ceu': 1e-05, 'm_yri_chb': 1e-05, 'm_ceu_chb': 1e-05} -67556.23689696926
x: {'t1': 1.73148, 't2': 2.32267, 't3': 93.98007, 'N_anc': 498.72509, 'N_yri': 373.4115, 'N_ooa': 844.04949, 'N_ceu': 343.03244, 'N_chb': 282.27433, 'gr_ceu': 0.00092, 'gr_chb': 0.00092, 'm_yri_ooa': 1e-05, 'm_yri_ceu': 1e-05, 'm_yri_chb': 1e-05, 'm_ceu_chb': 1e-05} -67554.10016317014
x_down: {'t1': 1.73148, 't2': 2.32267, 't3': 93.98007, 'N_anc': 498.72509, 'N_yri': 373.4115, 'N_ooa': 844.04949, 'N_ceu': 343.03244, 'N_chb': 248.09789, 'gr_ceu': 0.00092, 'gr_chb': 0.00092, 'm_yri_ooa': 1e-05, 'm_yri_ceu': 1e-05, 'm_yri_chb': 1e-05, 'm_ceu_chb': 1e-05} -67564.54305855867
 
 
x_up: {'t1': 1.73148, 't2': 2.32267, 't3': 93.98007, 'N_anc': 498.72509, 'N_yri': 373.4115, 'N_ooa': 844.04949, 'N_ceu': 343.03244, 'N_chb': 282.27433, 'gr_ceu': 0.00138, 'gr_chb': 0.00092, 'm_yri_ooa': 1e-05, 'm_yri_ceu': 1e-05, 'm_yri_chb': 1e-05, 'm_ceu_chb': 1e-05} -67554.1123117515
x: {'t1': 1.73148, 't2': 2.32267, 't3': 93.98007, 'N_anc': 498.72509, 'N_yri': 373.4115, 'N_ooa': 844.04949, 'N_ceu': 343.03244, 'N_chb': 282.27433, 'gr_ceu': 0.00092, 'gr_chb': 0.00092, 'm_yri_ooa': 1e-05, 'm_yri_ceu': 1e-05, 'm_yri_chb': 1e-05, 'm_ceu_chb': 1e-05} -67554.10016317014
x_down: {'t1': 1.73148, 't2': 2.32267, 't3': 93.98007, 'N_anc': 498.72509, 'N_yri': 373.4115, 'N_ooa': 844.04949, 'N_ceu': 343.03244, 'N_chb': 282.27433, 'gr_ceu': 0.00046, 'gr_chb': 0.00092, 'm_yri_ooa': 1e-05, 'm_yri_ceu': 1e-05, 'm_yri_chb': 1e-05, 'm_ceu_chb': 1e-05} -67554.08824644616
 
 
x_up: {'t1': 1.73148, 't2': 2.32267, 't3': 93.98007, 'N_anc': 498.72509, 'N_yri': 373.4115, 'N_ooa': 844.04949, 'N_ceu': 343.03244, 'N_chb': 282.27433, 'gr_ceu': 0.00046, 'gr_chb': 0.00138, 'm_yri_ooa': 1e-05, 'm_yri_ceu': 1e-05, 'm_yri_chb': 1e-05, 'm_ceu_chb': 1e-05} -67554.09232915178
x: {'t1': 1.73148, 't2': 2.32267, 't3': 93.98007, 'N_anc': 498.72509, 'N_yri': 373.4115, 'N_ooa': 844.04949, 'N_ceu': 343.03244, 'N_chb': 282.27433, 'gr_ceu': 0.00046, 'gr_chb': 0.00092, 'm_yri_ooa': 1e-05, 'm_yri_ceu': 1e-05, 'm_yri_chb': 1e-05, 'm_ceu_chb': 1e-05} -67554.08824644616
x_down: {'t1': 1.73148, 't2': 2.32267, 't3': 93.98007, 'N_anc': 498.72509, 'N_yri': 373.4115, 'N_ooa': 844.04949, 'N_ceu': 343.03244, 'N_chb': 282.27433, 'gr_ceu': 0.00046, 'gr_chb': 0.00046, 'm_yri_ooa': 1e-05, 'm_yri_ceu': 1e-05, 'm_yri_chb': 1e-05, 'm_ceu_chb': 1e-05} -67554.0843827097
 
 
x_up: {'t1': 1.73148, 't2': 2.32267, 't3': 93.98007, 'N_anc': 498.72509, 'N_yri': 373.4115, 'N_ooa': 844.04949, 'N_ceu': 343.03244, 'N_chb': 282.27433, 'gr_ceu': 0.00046, 'gr_chb': 0.00046, 'm_yri_ooa': 0.0, 'm_yri_ceu': 1e-05, 'm_yri_chb': 1e-05, 'm_ceu_chb': 1e-05} -67554.00973860107
x: {'t1': 1.73148, 't2': 2.32267, 't3': 93.98007, 'N_anc': 498.72509, 'N_yri': 373.4115, 'N_ooa': 844.04949, 'N_ceu': 343.03244, 'N_chb': 282.27433, 'gr_ceu': 0.00046, 'gr_chb': 0.00046, 'm_yri_ooa': 1e-05, 'm_yri_ceu': 1e-05, 'm_yri_chb': 1e-05, 'm_ceu_chb': 1e-05} -67554.0843827097
x_down: {'t1': 1.73148, 't2': 2.32267, 't3': 93.98007, 'N_anc': 498.72509, 'N_yri': 373.4115, 'N_ooa': 844.04949, 'N_ceu': 343.03244, 'N_chb': 282.27433, 'gr_ceu': 0.00046, 'gr_chb': 0.00046, 'm_yri_ooa': 1e-05, 'm_yri_ceu': 1e-05, 'm_yri_chb': 1e-05, 'm_ceu_chb': 1e-05} -67554.0843827097
 
 
x_up: {'t1': 1.73148, 't2': 2.32267, 't3': 93.98007, 'N_anc': 498.72509, 'N_yri': 373.4115, 'N_ooa': 844.04949, 'N_ceu': 343.03244, 'N_chb': 282.27433, 'gr_ceu': 0.00046, 'gr_chb': 0.00046, 'm_yri_ooa': 0.0, 'm_yri_ceu': 0.0, 'm_yri_chb': 1e-05, 'm_ceu_chb': 1e-05} -67554.00973860125
x: {'t1': 1.73148, 't2': 2.32267, 't3': 93.98007, 'N_anc': 498.72509, 'N_yri': 373.4115, 'N_ooa': 844.04949, 'N_ceu': 343.03244, 'N_chb': 282.27433, 'gr_ceu': 0.00046, 'gr_chb': 0.00046, 'm_yri_ooa': 0.0, 'm_yri_ceu': 1e-05, 'm_yri_chb': 1e-05, 'm_ceu_chb': 1e-05} -67554.00973860107
x_down: {'t1': 1.73148, 't2': 2.32267, 't3': 93.98007, 'N_anc': 498.72509, 'N_yri': 373.4115, 'N_ooa': 844.04949, 'N_ceu': 343.03244, 'N_chb': 282.27433, 'gr_ceu': 0.00046, 'gr_chb': 0.00046, 'm_yri_ooa': 0.0, 'm_yri_ceu': 1e-05, 'm_yri_chb': 1e-05, 'm_ceu_chb': 1e-05} -67554.00973860107
 
 
x_up: {'t1': 1.73148, 't2': 2.32267, 't3': 93.98007, 'N_anc': 498.72509, 'N_yri': 373.4115, 'N_ooa': 844.04949, 'N_ceu': 343.03244, 'N_chb': 282.27433, 'gr_ceu': 0.00046, 'gr_chb': 0.00046, 'm_yri_ooa': 0.0, 'm_yri_ceu': 1e-05, 'm_yri_chb': 0.0, 'm_ceu_chb': 1e-05} -67554.00973860009
x: {'t1': 1.73148, 't2': 2.32267, 't3': 93.98007, 'N_anc': 498.72509, 'N_yri': 373.4115, 'N_ooa': 844.04949, 'N_ceu': 343.03244, 'N_chb': 282.27433, 'gr_ceu': 0.00046, 'gr_chb': 0.00046, 'm_yri_ooa': 0.0, 'm_yri_ceu': 1e-05, 'm_yri_chb': 1e-05, 'm_ceu_chb': 1e-05} -67554.00973860107
x_down: {'t1': 1.73148, 't2': 2.32267, 't3': 93.98007, 'N_anc': 498.72509, 'N_yri': 373.4115, 'N_ooa': 844.04949, 'N_ceu': 343.03244, 'N_chb': 282.27433, 'gr_ceu': 0.00046, 'gr_chb': 0.00046, 'm_yri_ooa': 0.0, 'm_yri_ceu': 1e-05, 'm_yri_chb': 1e-05, 'm_ceu_chb': 1e-05} -67554.00973860107
 
 
x_up: {'t1': 1.73148, 't2': 2.32267, 't3': 93.98007, 'N_anc': 498.72509, 'N_yri': 373.4115, 'N_ooa': 844.04949, 'N_ceu': 343.03244, 'N_chb': 282.27433, 'gr_ceu': 0.00046, 'gr_chb': 0.00046, 'm_yri_ooa': 0.0, 'm_yri_ceu': 1e-05, 'm_yri_chb': 0.0, 'm_ceu_chb': 0.0} -67554.0097386015
x: {'t1': 1.73148, 't2': 2.32267, 't3': 93.98007, 'N_anc': 498.72509, 'N_yri': 373.4115, 'N_ooa': 844.04949, 'N_ceu': 343.03244, 'N_chb': 282.27433, 'gr_ceu': 0.00046, 'gr_chb': 0.00046, 'm_yri_ooa': 0.0, 'm_yri_ceu': 1e-05, 'm_yri_chb': 0.0, 'm_ceu_chb': 1e-05} -67554.00973860009
x_down: {'t1': 1.73148, 't2': 2.32267, 't3': 93.98007, 'N_anc': 498.72509, 'N_yri': 373.4115, 'N_ooa': 844.04949, 'N_ceu': 343.03244, 'N_chb': 282.27433, 'gr_ceu': 0.00046, 'gr_chb': 0.00046, 'm_yri_ooa': 0.0, 'm_yri_ceu': 1e-05, 'm_yri_chb': 0.0, 'm_ceu_chb': 1e-05} -67554.00973860009
 
{'t1': 1.73148, 't2': 2.32267, 't3': 93.98007, 'N_anc': 498.72509, 'N_yri': 373.4115, 'N_ooa': 844.04949, 'N_ceu': 343.03244, 'N_chb': 282.27433, 'gr_ceu': 0.00046, 'gr_chb': 0.00046, 'm_yri_ooa': 0.0, 'm_yri_ceu': 1e-05, 'm_yri_chb': 0.0, 'm_ceu_chb': 1e-05} -67554.00973860009
 
x_up: {'t1': 1.80538, 't2': 2.32267, 't3': 93.98007, 'N_anc': 498.72509, 'N_yri': 373.4115, 'N_ooa': 844.04949, 'N_ceu': 343.03244, 'N_chb': 282.27433, 'gr_ceu': 0.00046, 'gr_chb': 0.00046, 'm_yri_ooa': 0.0, 'm_yri_ceu': 1e-05, 'm_yri_chb': 0.0, 'm_ceu_chb': 1e-05} -67553.67634981073
x: {'t1': 1.73148, 't2': 2.32267, 't3': 93.98007, 'N_anc': 498.72509, 'N_yri': 373.4115, 'N_ooa': 844.04949, 'N_ceu': 343.03244, 'N_chb': 282.27433, 'gr_ceu': 0.00046, 'gr_chb': 0.00046, 'm_yri_ooa': 0.0, 'm_yri_ceu': 1e-05, 'm_yri_chb': 0.0, 'm_ceu_chb': 1e-05} -67554.00973860009
x_down: {'t1': 1.65758, 't2': 2.32267, 't3': 93.98007, 'N_anc': 498.72509, 'N_yri': 373.4115, 'N_ooa': 844.04949, 'N_ceu': 343.03244, 'N_chb': 282.27433, 'gr_ceu': 0.00046, 'gr_chb': 0.00046, 'm_yri_ooa': 0.0, 'm_yri_ceu': 1e-05, 'm_yri_chb': 0.0, 'm_ceu_chb': 1e-05} -67561.01034089628
 
 
x_up: {'t1': 1.80538, 't2': 2.41966, 't3': 93.98007, 'N_anc': 498.72509, 'N_yri': 373.4115, 'N_ooa': 844.04949, 'N_ceu': 343.03244, 'N_chb': 282.27433, 'gr_ceu': 0.00046, 'gr_chb': 0.00046, 'm_yri_ooa': 0.0, 'm_yri_ceu': 1e-05, 'm_yri_chb': 0.0, 'm_ceu_chb': 1e-05} -67567.50814536703
x: {'t1': 1.80538, 't2': 2.32267, 't3': 93.98007, 'N_anc': 498.72509, 'N_yri': 373.4115, 'N_ooa': 844.04949, 'N_ceu': 343.03244, 'N_chb': 282.27433, 'gr_ceu': 0.00046, 'gr_chb': 0.00046, 'm_yri_ooa': 0.0, 'm_yri_ceu': 1e-05, 'm_yri_chb': 0.0, 'm_ceu_chb': 1e-05} -67553.67634981073
x_down: {'t1': 1.80538, 't2': 2.22568, 't3': 93.98007, 'N_anc': 498.72509, 'N_yri': 373.4115, 'N_ooa': 844.04949, 'N_ceu': 343.03244, 'N_chb': 282.27433, 'gr_ceu': 0.00046, 'gr_chb': 0.00046, 'm_yri_ooa': 0.0, 'm_yri_ceu': 1e-05, 'm_yri_chb': 0.0, 'm_ceu_chb': 1e-05} -67563.7163478628
 
 
x_up: {'t1': 1.80538, 't2': 2.32267, 't3': 98.56294, 'N_anc': 498.72509, 'N_yri': 373.4115, 'N_ooa': 844.04949, 'N_ceu': 343.03244, 'N_chb': 282.27433, 'gr_ceu': 0.00046, 'gr_chb': 0.00046, 'm_yri_ooa': 0.0, 'm_yri_ceu': 1e-05, 'm_yri_chb': 0.0, 'm_ceu_chb': 1e-05} -67552.69240246674
x: {'t1': 1.80538, 't2': 2.32267, 't3': 93.98007, 'N_anc': 498.72509, 'N_yri': 373.4115, 'N_ooa': 844.04949, 'N_ceu': 343.03244, 'N_chb': 282.27433, 'gr_ceu': 0.00046, 'gr_chb': 0.00046, 'm_yri_ooa': 0.0, 'm_yri_ceu': 1e-05, 'm_yri_chb': 0.0, 'm_ceu_chb': 1e-05} -67553.67634981073
x_down: {'t1': 1.80538, 't2': 2.32267, 't3': 89.3972, 'N_anc': 498.72509, 'N_yri': 373.4115, 'N_ooa': 844.04949, 'N_ceu': 343.03244, 'N_chb': 282.27433, 'gr_ceu': 0.00046, 'gr_chb': 0.00046, 'm_yri_ooa': 0.0, 'm_yri_ceu': 1e-05, 'm_yri_chb': 0.0, 'm_ceu_chb': 1e-05} -67558.86659641402
 
 
x_up: {'t1': 1.80538, 't2': 2.32267, 't3': 98.56294, 'N_anc': 554.79581, 'N_yri': 373.4115, 'N_ooa': 844.04949, 'N_ceu': 343.03244, 'N_chb': 282.27433, 'gr_ceu': 0.00046, 'gr_chb': 0.00046, 'm_yri_ooa': 0.0, 'm_yri_ceu': 1e-05, 'm_yri_chb': 0.0, 'm_ceu_chb': 1e-05} -67554.34483163987
x: {'t1': 1.80538, 't2': 2.32267, 't3': 98.56294, 'N_anc': 498.72509, 'N_yri': 373.4115, 'N_ooa': 844.04949, 'N_ceu': 343.03244, 'N_chb': 282.27433, 'gr_ceu': 0.00046, 'gr_chb': 0.00046, 'm_yri_ooa': 0.0, 'm_yri_ceu': 1e-05, 'm_yri_chb': 0.0, 'm_ceu_chb': 1e-05} -67552.69240246674
x_down: {'t1': 1.80538, 't2': 2.32267, 't3': 98.56294, 'N_anc': 442.65437, 'N_yri': 373.4115, 'N_ooa': 844.04949, 'N_ceu': 343.03244, 'N_chb': 282.27433, 'gr_ceu': 0.00046, 'gr_chb': 0.00046, 'm_yri_ooa': 0.0, 'm_yri_ceu': 1e-05, 'm_yri_chb': 0.0, 'm_ceu_chb': 1e-05} -67553.14737721304
 
 
x_up: {'t1': 1.80538, 't2': 2.32267, 't3': 98.56294, 'N_anc': 498.72509, 'N_yri': 399.04383, 'N_ooa': 844.04949, 'N_ceu': 343.03244, 'N_chb': 282.27433, 'gr_ceu': 0.00046, 'gr_chb': 0.00046, 'm_yri_ooa': 0.0, 'm_yri_ceu': 1e-05, 'm_yri_chb': 0.0, 'm_ceu_chb': 1e-05} -67556.98347687333
x: {'t1': 1.80538, 't2': 2.32267, 't3': 98.56294, 'N_anc': 498.72509, 'N_yri': 373.4115, 'N_ooa': 844.04949, 'N_ceu': 343.03244, 'N_chb': 282.27433, 'gr_ceu': 0.00046, 'gr_chb': 0.00046, 'm_yri_ooa': 0.0, 'm_yri_ceu': 1e-05, 'm_yri_chb': 0.0, 'm_ceu_chb': 1e-05} -67552.69240246674
x_down: {'t1': 1.80538, 't2': 2.32267, 't3': 98.56294, 'N_anc': 498.72509, 'N_yri': 347.77917, 'N_ooa': 844.04949, 'N_ceu': 343.03244, 'N_chb': 282.27433, 'gr_ceu': 0.00046, 'gr_chb': 0.00046, 'm_yri_ooa': 0.0, 'm_yri_ceu': 1e-05, 'm_yri_chb': 0.0, 'm_ceu_chb': 1e-05} -67559.60475985965
 
 
x_up: {'t1': 1.80538, 't2': 2.32267, 't3': 98.56294, 'N_anc': 498.72509, 'N_yri': 373.4115, 'N_ooa': 1000.99743, 'N_ceu': 343.03244, 'N_chb': 282.27433, 'gr_ceu': 0.00046, 'gr_chb': 0.00046, 'm_yri_ooa': 0.0, 'm_yri_ceu': 1e-05, 'm_yri_chb': 0.0, 'm_ceu_chb': 1e-05} -67570.05490829378
x: {'t1': 1.80538, 't2': 2.32267, 't3': 98.56294, 'N_anc': 498.72509, 'N_yri': 373.4115, 'N_ooa': 844.04949, 'N_ceu': 343.03244, 'N_chb': 282.27433, 'gr_ceu': 0.00046, 'gr_chb': 0.00046, 'm_yri_ooa': 0.0, 'm_yri_ceu': 1e-05, 'm_yri_chb': 0.0, 'm_ceu_chb': 1e-05} -67552.69240246674
x_down: {'t1': 1.80538, 't2': 2.32267, 't3': 98.56294, 'N_anc': 498.72509, 'N_yri': 373.4115, 'N_ooa': 687.10155, 'N_ceu': 343.03244, 'N_chb': 282.27433, 'gr_ceu': 0.00046, 'gr_chb': 0.00046, 'm_yri_ooa': 0.0, 'm_yri_ceu': 1e-05, 'm_yri_chb': 0.0, 'm_ceu_chb': 1e-05} -67744.26727180071
 
 
x_up: {'t1': 1.80538, 't2': 2.32267, 't3': 98.56294, 'N_anc': 498.72509, 'N_yri': 373.4115, 'N_ooa': 844.04949, 'N_ceu': 355.18406, 'N_chb': 282.27433, 'gr_ceu': 0.00046, 'gr_chb': 0.00046, 'm_yri_ooa': 0.0, 'm_yri_ceu': 1e-05, 'm_yri_chb': 0.0, 'm_ceu_chb': 1e-05} -67553.06114747236
x: {'t1': 1.80538, 't2': 2.32267, 't3': 98.56294, 'N_anc': 498.72509, 'N_yri': 373.4115, 'N_ooa': 844.04949, 'N_ceu': 343.03244, 'N_chb': 282.27433, 'gr_ceu': 0.00046, 'gr_chb': 0.00046, 'm_yri_ooa': 0.0, 'm_yri_ceu': 1e-05, 'm_yri_chb': 0.0, 'm_ceu_chb': 1e-05} -67552.69240246674
x_down: {'t1': 1.80538, 't2': 2.32267, 't3': 98.56294, 'N_anc': 498.72509, 'N_yri': 373.4115, 'N_ooa': 844.04949, 'N_ceu': 330.88082, 'N_chb': 282.27433, 'gr_ceu': 0.00046, 'gr_chb': 0.00046, 'm_yri_ooa': 0.0, 'm_yri_ceu': 1e-05, 'm_yri_chb': 0.0, 'm_ceu_chb': 1e-05} -67553.53284470127
 
 
x_up: {'t1': 1.80538, 't2': 2.32267, 't3': 98.56294, 'N_anc': 498.72509, 'N_yri': 373.4115, 'N_ooa': 844.04949, 'N_ceu': 343.03244, 'N_chb': 299.36255, 'gr_ceu': 0.00046, 'gr_chb': 0.00046, 'm_yri_ooa': 0.0, 'm_yri_ceu': 1e-05, 'm_yri_chb': 0.0, 'm_ceu_chb': 1e-05} -67552.65827883748
x: {'t1': 1.80538, 't2': 2.32267, 't3': 98.56294, 'N_anc': 498.72509, 'N_yri': 373.4115, 'N_ooa': 844.04949, 'N_ceu': 343.03244, 'N_chb': 282.27433, 'gr_ceu': 0.00046, 'gr_chb': 0.00046, 'm_yri_ooa': 0.0, 'm_yri_ceu': 1e-05, 'm_yri_chb': 0.0, 'm_ceu_chb': 1e-05} -67552.69240246674
x_down: {'t1': 1.80538, 't2': 2.32267, 't3': 98.56294, 'N_anc': 498.72509, 'N_yri': 373.4115, 'N_ooa': 844.04949, 'N_ceu': 343.03244, 'N_chb': 265.18611, 'gr_ceu': 0.00046, 'gr_chb': 0.00046, 'm_yri_ooa': 0.0, 'm_yri_ceu': 1e-05, 'm_yri_chb': 0.0, 'm_ceu_chb': 1e-05} -67556.23045808659
 
 
x_up: {'t1': 1.80538, 't2': 2.32267, 't3': 98.56294, 'N_anc': 498.72509, 'N_yri': 373.4115, 'N_ooa': 844.04949, 'N_ceu': 343.03244, 'N_chb': 299.36255, 'gr_ceu': 0.00069, 'gr_chb': 0.00046, 'm_yri_ooa': 0.0, 'm_yri_ceu': 1e-05, 'm_yri_chb': 0.0, 'm_ceu_chb': 1e-05} -67552.67131696285
x: {'t1': 1.80538, 't2': 2.32267, 't3': 98.56294, 'N_anc': 498.72509, 'N_yri': 373.4115, 'N_ooa': 844.04949, 'N_ceu': 343.03244, 'N_chb': 299.36255, 'gr_ceu': 0.00046, 'gr_chb': 0.00046, 'm_yri_ooa': 0.0, 'm_yri_ceu': 1e-05, 'm_yri_chb': 0.0, 'm_ceu_chb': 1e-05} -67552.65827883748
x_down: {'t1': 1.80538, 't2': 2.32267, 't3': 98.56294, 'N_anc': 498.72509, 'N_yri': 373.4115, 'N_ooa': 844.04949, 'N_ceu': 343.03244, 'N_chb': 299.36255, 'gr_ceu': 0.00023, 'gr_chb': 0.00046, 'm_yri_ooa': 0.0, 'm_yri_ceu': 1e-05, 'm_yri_chb': 0.0, 'm_ceu_chb': 1e-05} -67552.64529939811
 
 
x_up: {'t1': 1.80538, 't2': 2.32267, 't3': 98.56294, 'N_anc': 498.72509, 'N_yri': 373.4115, 'N_ooa': 844.04949, 'N_ceu': 343.03244, 'N_chb': 299.36255, 'gr_ceu': 0.00023, 'gr_chb': 0.00069, 'm_yri_ooa': 0.0, 'm_yri_ceu': 1e-05, 'm_yri_chb': 0.0, 'm_ceu_chb': 1e-05} -67552.66882748377
x: {'t1': 1.80538, 't2': 2.32267, 't3': 98.56294, 'N_anc': 498.72509, 'N_yri': 373.4115, 'N_ooa': 844.04949, 'N_ceu': 343.03244, 'N_chb': 299.36255, 'gr_ceu': 0.00023, 'gr_chb': 0.00046, 'm_yri_ooa': 0.0, 'm_yri_ceu': 1e-05, 'm_yri_chb': 0.0, 'm_ceu_chb': 1e-05} -67552.64529939811
x_down: {'t1': 1.80538, 't2': 2.32267, 't3': 98.56294, 'N_anc': 498.72509, 'N_yri': 373.4115, 'N_ooa': 844.04949, 'N_ceu': 343.03244, 'N_chb': 299.36255, 'gr_ceu': 0.00023, 'gr_chb': 0.00023, 'm_yri_ooa': 0.0, 'm_yri_ceu': 1e-05, 'm_yri_chb': 0.0, 'm_ceu_chb': 1e-05} -67552.62183380278
 
 
x_up: {'t1': 1.80538, 't2': 2.32267, 't3': 98.56294, 'N_anc': 498.72509, 'N_yri': 373.4115, 'N_ooa': 844.04949, 'N_ceu': 343.03244, 'N_chb': 299.36255, 'gr_ceu': 0.00023, 'gr_chb': 0.00023, 'm_yri_ooa': 0.0, 'm_yri_ceu': 1e-05, 'm_yri_chb': 0.0, 'm_ceu_chb': 1e-05} -67552.62183380278
x: {'t1': 1.80538, 't2': 2.32267, 't3': 98.56294, 'N_anc': 498.72509, 'N_yri': 373.4115, 'N_ooa': 844.04949, 'N_ceu': 343.03244, 'N_chb': 299.36255, 'gr_ceu': 0.00023, 'gr_chb': 0.00023, 'm_yri_ooa': 0.0, 'm_yri_ceu': 1e-05, 'm_yri_chb': 0.0, 'm_ceu_chb': 1e-05} -67552.62183380278
x_down: {'t1': 1.80538, 't2': 2.32267, 't3': 98.56294, 'N_anc': 498.72509, 'N_yri': 373.4115, 'N_ooa': 844.04949, 'N_ceu': 343.03244, 'N_chb': 299.36255, 'gr_ceu': 0.00023, 'gr_chb': 0.00023, 'm_yri_ooa': 1e-05, 'm_yri_ceu': 1e-05, 'm_yri_chb': 0.0, 'm_ceu_chb': 1e-05} -67552.62393064603
 
 
x_up: {'t1': 1.80538, 't2': 2.32267, 't3': 98.56294, 'N_anc': 498.72509, 'N_yri': 373.4115, 'N_ooa': 844.04949, 'N_ceu': 343.03244, 'N_chb': 299.36255, 'gr_ceu': 0.00023, 'gr_chb': 0.00023, 'm_yri_ooa': 0.0, 'm_yri_ceu': 0.0, 'm_yri_chb': 0.0, 'm_ceu_chb': 1e-05} -67552.621833803
x: {'t1': 1.80538, 't2': 2.32267, 't3': 98.56294, 'N_anc': 498.72509, 'N_yri': 373.4115, 'N_ooa': 844.04949, 'N_ceu': 343.03244, 'N_chb': 299.36255, 'gr_ceu': 0.00023, 'gr_chb': 0.00023, 'm_yri_ooa': 0.0, 'm_yri_ceu': 1e-05, 'm_yri_chb': 0.0, 'm_ceu_chb': 1e-05} -67552.62183380278
x_down: {'t1': 1.80538, 't2': 2.32267, 't3': 98.56294, 'N_anc': 498.72509, 'N_yri': 373.4115, 'N_ooa': 844.04949, 'N_ceu': 343.03244, 'N_chb': 299.36255, 'gr_ceu': 0.00023, 'gr_chb': 0.00023, 'm_yri_ooa': 0.0, 'm_yri_ceu': 1e-05, 'm_yri_chb': 0.0, 'm_ceu_chb': 1e-05} -67552.62183380278
 
 
x_up: {'t1': 1.80538, 't2': 2.32267, 't3': 98.56294, 'N_anc': 498.72509, 'N_yri': 373.4115, 'N_ooa': 844.04949, 'N_ceu': 343.03244, 'N_chb': 299.36255, 'gr_ceu': 0.00023, 'gr_chb': 0.00023, 'm_yri_ooa': 0.0, 'm_yri_ceu': 1e-05, 'm_yri_chb': 0.0, 'm_ceu_chb': 1e-05} -67552.62183380278
x: {'t1': 1.80538, 't2': 2.32267, 't3': 98.56294, 'N_anc': 498.72509, 'N_yri': 373.4115, 'N_ooa': 844.04949, 'N_ceu': 343.03244, 'N_chb': 299.36255, 'gr_ceu': 0.00023, 'gr_chb': 0.00023, 'm_yri_ooa': 0.0, 'm_yri_ceu': 1e-05, 'm_yri_chb': 0.0, 'm_ceu_chb': 1e-05} -67552.62183380278
x_down: {'t1': 1.80538, 't2': 2.32267, 't3': 98.56294, 'N_anc': 498.72509, 'N_yri': 373.4115, 'N_ooa': 844.04949, 'N_ceu': 343.03244, 'N_chb': 299.36255, 'gr_ceu': 0.00023, 'gr_chb': 0.00023, 'm_yri_ooa': 0.0, 'm_yri_ceu': 1e-05, 'm_yri_chb': 1e-05, 'm_ceu_chb': 1e-05} -67552.62183380297
 
 
x_up: {'t1': 1.80538, 't2': 2.32267, 't3': 98.56294, 'N_anc': 498.72509, 'N_yri': 373.4115, 'N_ooa': 844.04949, 'N_ceu': 343.03244, 'N_chb': 299.36255, 'gr_ceu': 0.00023, 'gr_chb': 0.00023, 'm_yri_ooa': 0.0, 'm_yri_ceu': 1e-05, 'm_yri_chb': 0.0, 'm_ceu_chb': 0.0} -67552.6218338026
x: {'t1': 1.80538, 't2': 2.32267, 't3': 98.56294, 'N_anc': 498.72509, 'N_yri': 373.4115, 'N_ooa': 844.04949, 'N_ceu': 343.03244, 'N_chb': 299.36255, 'gr_ceu': 0.00023, 'gr_chb': 0.00023, 'm_yri_ooa': 0.0, 'm_yri_ceu': 1e-05, 'm_yri_chb': 0.0, 'm_ceu_chb': 1e-05} -67552.62183380278
x_down: {'t1': 1.80538, 't2': 2.32267, 't3': 98.56294, 'N_anc': 498.72509, 'N_yri': 373.4115, 'N_ooa': 844.04949, 'N_ceu': 343.03244, 'N_chb': 299.36255, 'gr_ceu': 0.00023, 'gr_chb': 0.00023, 'm_yri_ooa': 0.0, 'm_yri_ceu': 1e-05, 'm_yri_chb': 0.0, 'm_ceu_chb': 1e-05} -67552.62183380278
 
{'t1': 1.80538, 't2': 2.32267, 't3': 98.56294, 'N_anc': 498.72509, 'N_yri': 373.4115, 'N_ooa': 844.04949, 'N_ceu': 343.03244, 'N_chb': 299.36255, 'gr_ceu': 0.00023, 'gr_chb': 0.00023, 'm_yri_ooa': 0.0, 'm_yri_ceu': 1e-05, 'm_yri_chb': 0.0, 'm_ceu_chb': 0.0} -67552.6218338026
 
x_up: {'t1': 1.90237, 't2': 2.32267, 't3': 98.56294, 'N_anc': 498.72509, 'N_yri': 373.4115, 'N_ooa': 844.04949, 'N_ceu': 343.03244, 'N_chb': 299.36255, 'gr_ceu': 0.00023, 'gr_chb': 0.00023, 'm_yri_ooa': 0.0, 'm_yri_ceu': 1e-05, 'm_yri_chb': 0.0, 'm_ceu_chb': 0.0} -67556.57223598799
x: {'t1': 1.80538, 't2': 2.32267, 't3': 98.56294, 'N_anc': 498.72509, 'N_yri': 373.4115, 'N_ooa': 844.04949, 'N_ceu': 343.03244, 'N_chb': 299.36255, 'gr_ceu': 0.00023, 'gr_chb': 0.00023, 'm_yri_ooa': 0.0, 'm_yri_ceu': 1e-05, 'm_yri_chb': 0.0, 'm_ceu_chb': 0.0} -67552.6218338026
x_down: {'t1': 1.70839, 't2': 2.32267, 't3': 98.56294, 'N_anc': 498.72509, 'N_yri': 373.4115, 'N_ooa': 844.04949, 'N_ceu': 343.03244, 'N_chb': 299.36255, 'gr_ceu': 0.00023, 'gr_chb': 0.00023, 'm_yri_ooa': 0.0, 'm_yri_ceu': 1e-05, 'm_yri_chb': 0.0, 'm_ceu_chb': 0.0} -67552.11056402035
 
 
x_up: {'t1': 1.70839, 't2': 2.38026, 't3': 98.56294, 'N_anc': 498.72509, 'N_yri': 373.4115, 'N_ooa': 844.04949, 'N_ceu': 343.03244, 'N_chb': 299.36255, 'gr_ceu': 0.00023, 'gr_chb': 0.00023, 'm_yri_ooa': 0.0, 'm_yri_ceu': 1e-05, 'm_yri_chb': 0.0, 'm_ceu_chb': 0.0} -67548.52430123271
x: {'t1': 1.70839, 't2': 2.32267, 't3': 98.56294, 'N_anc': 498.72509, 'N_yri': 373.4115, 'N_ooa': 844.04949, 'N_ceu': 343.03244, 'N_chb': 299.36255, 'gr_ceu': 0.00023, 'gr_chb': 0.00023, 'm_yri_ooa': 0.0, 'm_yri_ceu': 1e-05, 'm_yri_chb': 0.0, 'm_ceu_chb': 0.0} -67552.11056402035
x_down: {'t1': 1.70839, 't2': 2.26508, 't3': 98.56294, 'N_anc': 498.72509, 'N_yri': 373.4115, 'N_ooa': 844.04949, 'N_ceu': 343.03244, 'N_chb': 299.36255, 'gr_ceu': 0.00023, 'gr_chb': 0.00023, 'm_yri_ooa': 0.0, 'm_yri_ceu': 1e-05, 'm_yri_chb': 0.0, 'm_ceu_chb': 0.0} -67556.36486776455
 
 
x_up: {'t1': 1.70839, 't2': 2.38026, 't3': 105.77664, 'N_anc': 498.72509, 'N_yri': 373.4115, 'N_ooa': 844.04949, 'N_ceu': 343.03244, 'N_chb': 299.36255, 'gr_ceu': 0.00023, 'gr_chb': 0.00023, 'm_yri_ooa': 0.0, 'm_yri_ceu': 1e-05, 'm_yri_chb': 0.0, 'm_ceu_chb': 0.0} -67550.49159240967
x: {'t1': 1.70839, 't2': 2.38026, 't3': 98.56294, 'N_anc': 498.72509, 'N_yri': 373.4115, 'N_ooa': 844.04949, 'N_ceu': 343.03244, 'N_chb': 299.36255, 'gr_ceu': 0.00023, 'gr_chb': 0.00023, 'm_yri_ooa': 0.0, 'm_yri_ceu': 1e-05, 'm_yri_chb': 0.0, 'm_ceu_chb': 0.0} -67548.52430123271
x_down: {'t1': 1.70839, 't2': 2.38026, 't3': 91.34924, 'N_anc': 498.72509, 'N_yri': 373.4115, 'N_ooa': 844.04949, 'N_ceu': 343.03244, 'N_chb': 299.36255, 'gr_ceu': 0.00023, 'gr_chb': 0.00023, 'm_yri_ooa': 0.0, 'm_yri_ceu': 1e-05, 'm_yri_chb': 0.0, 'm_ceu_chb': 0.0} -67552.61107548824
 
 
x_up: {'t1': 1.70839, 't2': 2.38026, 't3': 98.56294, 'N_anc': 526.76045, 'N_yri': 373.4115, 'N_ooa': 844.04949, 'N_ceu': 343.03244, 'N_chb': 299.36255, 'gr_ceu': 0.00023, 'gr_chb': 0.00023, 'm_yri_ooa': 0.0, 'm_yri_ceu': 1e-05, 'm_yri_chb': 0.0, 'm_ceu_chb': 0.0} -67549.14368480365
x: {'t1': 1.70839, 't2': 2.38026, 't3': 98.56294, 'N_anc': 498.72509, 'N_yri': 373.4115, 'N_ooa': 844.04949, 'N_ceu': 343.03244, 'N_chb': 299.36255, 'gr_ceu': 0.00023, 'gr_chb': 0.00023, 'm_yri_ooa': 0.0, 'm_yri_ceu': 1e-05, 'm_yri_chb': 0.0, 'm_ceu_chb': 0.0} -67548.52430123271
x_down: {'t1': 1.70839, 't2': 2.38026, 't3': 98.56294, 'N_anc': 470.68973, 'N_yri': 373.4115, 'N_ooa': 844.04949, 'N_ceu': 343.03244, 'N_chb': 299.36255, 'gr_ceu': 0.00023, 'gr_chb': 0.00023, 'm_yri_ooa': 0.0, 'm_yri_ceu': 1e-05, 'm_yri_chb': 0.0, 'm_ceu_chb': 0.0} -67548.42408451368
 
 
x_up: {'t1': 1.70839, 't2': 2.38026, 't3': 98.56294, 'N_anc': 470.68973, 'N_yri': 387.08207, 'N_ooa': 844.04949, 'N_ceu': 343.03244, 'N_chb': 299.36255, 'gr_ceu': 0.00023, 'gr_chb': 0.00023, 'm_yri_ooa': 0.0, 'm_yri_ceu': 1e-05, 'm_yri_chb': 0.0, 'm_ceu_chb': 0.0} -67551.97885846667
x: {'t1': 1.70839, 't2': 2.38026, 't3': 98.56294, 'N_anc': 470.68973, 'N_yri': 373.4115, 'N_ooa': 844.04949, 'N_ceu': 343.03244, 'N_chb': 299.36255, 'gr_ceu': 0.00023, 'gr_chb': 0.00023, 'm_yri_ooa': 0.0, 'm_yri_ceu': 1e-05, 'm_yri_chb': 0.0, 'm_ceu_chb': 0.0} -67548.42408451368
x_down: {'t1': 1.70839, 't2': 2.38026, 't3': 98.56294, 'N_anc': 470.68973, 'N_yri': 359.74093, 'N_ooa': 844.04949, 'N_ceu': 343.03244, 'N_chb': 299.36255, 'gr_ceu': 0.00023, 'gr_chb': 0.00023, 'm_yri_ooa': 0.0, 'm_yri_ceu': 1e-05, 'm_yri_chb': 0.0, 'm_ceu_chb': 0.0} -67548.65027519093
 
 
x_up: {'t1': 1.70839, 't2': 2.38026, 't3': 98.56294, 'N_anc': 470.68973, 'N_yri': 373.4115, 'N_ooa': 922.52346, 'N_ceu': 343.03244, 'N_chb': 299.36255, 'gr_ceu': 0.00023, 'gr_chb': 0.00023, 'm_yri_ooa': 0.0, 'm_yri_ceu': 1e-05, 'm_yri_chb': 0.0, 'm_ceu_chb': 0.0} -67543.01944523377
x: {'t1': 1.70839, 't2': 2.38026, 't3': 98.56294, 'N_anc': 470.68973, 'N_yri': 373.4115, 'N_ooa': 844.04949, 'N_ceu': 343.03244, 'N_chb': 299.36255, 'gr_ceu': 0.00023, 'gr_chb': 0.00023, 'm_yri_ooa': 0.0, 'm_yri_ceu': 1e-05, 'm_yri_chb': 0.0, 'm_ceu_chb': 0.0} -67548.42408451368
x_down: {'t1': 1.70839, 't2': 2.38026, 't3': 98.56294, 'N_anc': 470.68973, 'N_yri': 373.4115, 'N_ooa': 765.57552, 'N_ceu': 343.03244, 'N_chb': 299.36255, 'gr_ceu': 0.00023, 'gr_chb': 0.00023, 'm_yri_ooa': 0.0, 'm_yri_ceu': 1e-05, 'm_yri_chb': 0.0, 'm_ceu_chb': 0.0} -67606.03388385741
 
 
x_up: {'t1': 1.70839, 't2': 2.38026, 't3': 98.56294, 'N_anc': 470.68973, 'N_yri': 373.4115, 'N_ooa': 922.52346, 'N_ceu': 355.18406, 'N_chb': 299.36255, 'gr_ceu': 0.00023, 'gr_chb': 0.00023, 'm_yri_ooa': 0.0, 'm_yri_ceu': 1e-05, 'm_yri_chb': 0.0, 'm_ceu_chb': 0.0} -67544.35089073733
x: {'t1': 1.70839, 't2': 2.38026, 't3': 98.56294, 'N_anc': 470.68973, 'N_yri': 373.4115, 'N_ooa': 922.52346, 'N_ceu': 343.03244, 'N_chb': 299.36255, 'gr_ceu': 0.00023, 'gr_chb': 0.00023, 'm_yri_ooa': 0.0, 'm_yri_ceu': 1e-05, 'm_yri_chb': 0.0, 'm_ceu_chb': 0.0} -67543.01944523377
x_down: {'t1': 1.70839, 't2': 2.38026, 't3': 98.56294, 'N_anc': 470.68973, 'N_yri': 373.4115, 'N_ooa': 922.52346, 'N_ceu': 330.88082, 'N_chb': 299.36255, 'gr_ceu': 0.00023, 'gr_chb': 0.00023, 'm_yri_ooa': 0.0, 'm_yri_ceu': 1e-05, 'm_yri_chb': 0.0, 'm_ceu_chb': 0.0} -67542.45457398746
 
 
x_up: {'t1': 1.70839, 't2': 2.38026, 't3': 98.56294, 'N_anc': 470.68973, 'N_yri': 373.4115, 'N_ooa': 922.52346, 'N_ceu': 330.88082, 'N_chb': 327.39791, 'gr_ceu': 0.00023, 'gr_chb': 0.00023, 'm_yri_ooa': 0.0, 'm_yri_ceu': 1e-05, 'm_yri_chb': 0.0, 'm_ceu_chb': 0.0} -67542.43951272596
x: {'t1': 1.70839, 't2': 2.38026, 't3': 98.56294, 'N_anc': 470.68973, 'N_yri': 373.4115, 'N_ooa': 922.52346, 'N_ceu': 330.88082, 'N_chb': 299.36255, 'gr_ceu': 0.00023, 'gr_chb': 0.00023, 'm_yri_ooa': 0.0, 'm_yri_ceu': 1e-05, 'm_yri_chb': 0.0, 'm_ceu_chb': 0.0} -67542.45457398746
x_down: {'t1': 1.70839, 't2': 2.38026, 't3': 98.56294, 'N_anc': 470.68973, 'N_yri': 373.4115, 'N_ooa': 922.52346, 'N_ceu': 330.88082, 'N_chb': 271.32719, 'gr_ceu': 0.00023, 'gr_chb': 0.00023, 'm_yri_ooa': 0.0, 'm_yri_ceu': 1e-05, 'm_yri_chb': 0.0, 'm_ceu_chb': 0.0} -67547.57357072091
 
 
x_up: {'t1': 1.70839, 't2': 2.38026, 't3': 98.56294, 'N_anc': 470.68973, 'N_yri': 373.4115, 'N_ooa': 922.52346, 'N_ceu': 330.88082, 'N_chb': 327.39791, 'gr_ceu': 0.00035, 'gr_chb': 0.00023, 'm_yri_ooa': 0.0, 'm_yri_ceu': 1e-05, 'm_yri_chb': 0.0, 'm_ceu_chb': 0.0} -67542.45270151534
x: {'t1': 1.70839, 't2': 2.38026, 't3': 98.56294, 'N_anc': 470.68973, 'N_yri': 373.4115, 'N_ooa': 922.52346, 'N_ceu': 330.88082, 'N_chb': 327.39791, 'gr_ceu': 0.00023, 'gr_chb': 0.00023, 'm_yri_ooa': 0.0, 'm_yri_ceu': 1e-05, 'm_yri_chb': 0.0, 'm_ceu_chb': 0.0} -67542.43951272596
x_down: {'t1': 1.70839, 't2': 2.38026, 't3': 98.56294, 'N_anc': 470.68973, 'N_yri': 373.4115, 'N_ooa': 922.52346, 'N_ceu': 330.88082, 'N_chb': 327.39791, 'gr_ceu': 0.00012, 'gr_chb': 0.00023, 'm_yri_ooa': 0.0, 'm_yri_ceu': 1e-05, 'm_yri_chb': 0.0, 'm_ceu_chb': 0.0} -67542.42743135442
 
 
x_up: {'t1': 1.70839, 't2': 2.38026, 't3': 98.56294, 'N_anc': 470.68973, 'N_yri': 373.4115, 'N_ooa': 922.52346, 'N_ceu': 330.88082, 'N_chb': 327.39791, 'gr_ceu': 0.00012, 'gr_chb': 0.00035, 'm_yri_ooa': 0.0, 'm_yri_ceu': 1e-05, 'm_yri_chb': 0.0, 'm_ceu_chb': 0.0} -67542.43534811509
x: {'t1': 1.70839, 't2': 2.38026, 't3': 98.56294, 'N_anc': 470.68973, 'N_yri': 373.4115, 'N_ooa': 922.52346, 'N_ceu': 330.88082, 'N_chb': 327.39791, 'gr_ceu': 0.00012, 'gr_chb': 0.00023, 'm_yri_ooa': 0.0, 'm_yri_ceu': 1e-05, 'm_yri_chb': 0.0, 'm_ceu_chb': 0.0} -67542.42743135442
x_down: {'t1': 1.70839, 't2': 2.38026, 't3': 98.56294, 'N_anc': 470.68973, 'N_yri': 373.4115, 'N_ooa': 922.52346, 'N_ceu': 330.88082, 'N_chb': 327.39791, 'gr_ceu': 0.00012, 'gr_chb': 0.00012, 'm_yri_ooa': 0.0, 'm_yri_ceu': 1e-05, 'm_yri_chb': 0.0, 'm_ceu_chb': 0.0} -67542.42018554626
 
 
x_up: {'t1': 1.70839, 't2': 2.38026, 't3': 98.56294, 'N_anc': 470.68973, 'N_yri': 373.4115, 'N_ooa': 922.52346, 'N_ceu': 330.88082, 'N_chb': 327.39791, 'gr_ceu': 0.00012, 'gr_chb': 0.00012, 'm_yri_ooa': 0.0, 'm_yri_ceu': 1e-05, 'm_yri_chb': 0.0, 'm_ceu_chb': 0.0} -67542.42018554626
x: {'t1': 1.70839, 't2': 2.38026, 't3': 98.56294, 'N_anc': 470.68973, 'N_yri': 373.4115, 'N_ooa': 922.52346, 'N_ceu': 330.88082, 'N_chb': 327.39791, 'gr_ceu': 0.00012, 'gr_chb': 0.00012, 'm_yri_ooa': 0.0, 'm_yri_ceu': 1e-05, 'm_yri_chb': 0.0, 'm_ceu_chb': 0.0} -67542.42018554626
x_down: {'t1': 1.70839, 't2': 2.38026, 't3': 98.56294, 'N_anc': 470.68973, 'N_yri': 373.4115, 'N_ooa': 922.52346, 'N_ceu': 330.88082, 'N_chb': 327.39791, 'gr_ceu': 0.00012, 'gr_chb': 0.00012, 'm_yri_ooa': 1e-05, 'm_yri_ceu': 1e-05, 'm_yri_chb': 0.0, 'm_ceu_chb': 0.0} -67542.43597332454
 
 
x_up: {'t1': 1.70839, 't2': 2.38026, 't3': 98.56294, 'N_anc': 470.68973, 'N_yri': 373.4115, 'N_ooa': 922.52346, 'N_ceu': 330.88082, 'N_chb': 327.39791, 'gr_ceu': 0.00012, 'gr_chb': 0.00012, 'm_yri_ooa': 0.0, 'm_yri_ceu': 0.0, 'm_yri_chb': 0.0, 'm_ceu_chb': 0.0} -67542.4201855625
x: {'t1': 1.70839, 't2': 2.38026, 't3': 98.56294, 'N_anc': 470.68973, 'N_yri': 373.4115, 'N_ooa': 922.52346, 'N_ceu': 330.88082, 'N_chb': 327.39791, 'gr_ceu': 0.00012, 'gr_chb': 0.00012, 'm_yri_ooa': 0.0, 'm_yri_ceu': 1e-05, 'm_yri_chb': 0.0, 'm_ceu_chb': 0.0} -67542.42018554626
x_down: {'t1': 1.70839, 't2': 2.38026, 't3': 98.56294, 'N_anc': 470.68973, 'N_yri': 373.4115, 'N_ooa': 922.52346, 'N_ceu': 330.88082, 'N_chb': 327.39791, 'gr_ceu': 0.00012, 'gr_chb': 0.00012, 'm_yri_ooa': 0.0, 'm_yri_ceu': 1e-05, 'm_yri_chb': 0.0, 'm_ceu_chb': 0.0} -67542.42018554626
 
 
x_up: {'t1': 1.70839, 't2': 2.38026, 't3': 98.56294, 'N_anc': 470.68973, 'N_yri': 373.4115, 'N_ooa': 922.52346, 'N_ceu': 330.88082, 'N_chb': 327.39791, 'gr_ceu': 0.00012, 'gr_chb': 0.00012, 'm_yri_ooa': 0.0, 'm_yri_ceu': 1e-05, 'm_yri_chb': 0.0, 'm_ceu_chb': 0.0} -67542.42018554626
x: {'t1': 1.70839, 't2': 2.38026, 't3': 98.56294, 'N_anc': 470.68973, 'N_yri': 373.4115, 'N_ooa': 922.52346, 'N_ceu': 330.88082, 'N_chb': 327.39791, 'gr_ceu': 0.00012, 'gr_chb': 0.00012, 'm_yri_ooa': 0.0, 'm_yri_ceu': 1e-05, 'm_yri_chb': 0.0, 'm_ceu_chb': 0.0} -67542.42018554626
x_down: {'t1': 1.70839, 't2': 2.38026, 't3': 98.56294, 'N_anc': 470.68973, 'N_yri': 373.4115, 'N_ooa': 922.52346, 'N_ceu': 330.88082, 'N_chb': 327.39791, 'gr_ceu': 0.00012, 'gr_chb': 0.00012, 'm_yri_ooa': 0.0, 'm_yri_ceu': 1e-05, 'm_yri_chb': 1e-05, 'm_ceu_chb': 0.0} -67542.42018554498
 
 
x_up: {'t1': 1.70839, 't2': 2.38026, 't3': 98.56294, 'N_anc': 470.68973, 'N_yri': 373.4115, 'N_ooa': 922.52346, 'N_ceu': 330.88082, 'N_chb': 327.39791, 'gr_ceu': 0.00012, 'gr_chb': 0.00012, 'm_yri_ooa': 0.0, 'm_yri_ceu': 1e-05, 'm_yri_chb': 1e-05, 'm_ceu_chb': 0.0} -67542.42018554498
x: {'t1': 1.70839, 't2': 2.38026, 't3': 98.56294, 'N_anc': 470.68973, 'N_yri': 373.4115, 'N_ooa': 922.52346, 'N_ceu': 330.88082, 'N_chb': 327.39791, 'gr_ceu': 0.00012, 'gr_chb': 0.00012, 'm_yri_ooa': 0.0, 'm_yri_ceu': 1e-05, 'm_yri_chb': 1e-05, 'm_ceu_chb': 0.0} -67542.42018554498
x_down: {'t1': 1.70839, 't2': 2.38026, 't3': 98.56294, 'N_anc': 470.68973, 'N_yri': 373.4115, 'N_ooa': 922.52346, 'N_ceu': 330.88082, 'N_chb': 327.39791, 'gr_ceu': 0.00012, 'gr_chb': 0.00012, 'm_yri_ooa': 0.0, 'm_yri_ceu': 1e-05, 'm_yri_chb': 1e-05, 'm_ceu_chb': 1e-05} -67542.42018554496
 
{'t1': 1.70839, 't2': 2.38026, 't3': 98.56294, 'N_anc': 470.68973, 'N_yri': 373.4115, 'N_ooa': 922.52346, 'N_ceu': 330.88082, 'N_chb': 327.39791, 'gr_ceu': 0.00012, 'gr_chb': 0.00012, 'm_yri_ooa': 0.0, 'm_yri_ceu': 1e-05, 'm_yri_chb': 1e-05, 'm_ceu_chb': 1e-05} -67542.42018554496
 
x_up: {'t1': 1.89735, 't2': 2.38026, 't3': 98.56294, 'N_anc': 470.68973, 'N_yri': 373.4115, 'N_ooa': 922.52346, 'N_ceu': 330.88082, 'N_chb': 327.39791, 'gr_ceu': 0.00012, 'gr_chb': 0.00012, 'm_yri_ooa': 0.0, 'm_yri_ceu': 1e-05, 'm_yri_chb': 1e-05, 'm_ceu_chb': 1e-05} -67546.24963508724
x: {'t1': 1.70839, 't2': 2.38026, 't3': 98.56294, 'N_anc': 470.68973, 'N_yri': 373.4115, 'N_ooa': 922.52346, 'N_ceu': 330.88082, 'N_chb': 327.39791, 'gr_ceu': 0.00012, 'gr_chb': 0.00012, 'm_yri_ooa': 0.0, 'm_yri_ceu': 1e-05, 'm_yri_chb': 1e-05, 'm_ceu_chb': 1e-05} -67542.42018554496
x_down: {'t1': 1.51943, 't2': 2.38026, 't3': 98.56294, 'N_anc': 470.68973, 'N_yri': 373.4115, 'N_ooa': 922.52346, 'N_ceu': 330.88082, 'N_chb': 327.39791, 'gr_ceu': 0.00012, 'gr_chb': 0.00012, 'm_yri_ooa': 0.0, 'm_yri_ceu': 1e-05, 'm_yri_chb': 1e-05, 'm_ceu_chb': 1e-05} -67559.51818087263
 
 
x_up: {'t1': 1.70839, 't2': 2.47474, 't3': 98.56294, 'N_anc': 470.68973, 'N_yri': 373.4115, 'N_ooa': 922.52346, 'N_ceu': 330.88082, 'N_chb': 327.39791, 'gr_ceu': 0.00012, 'gr_chb': 0.00012, 'm_yri_ooa': 0.0, 'm_yri_ceu': 1e-05, 'm_yri_chb': 1e-05, 'm_ceu_chb': 1e-05} -67567.45472793847
x: {'t1': 1.70839, 't2': 2.38026, 't3': 98.56294, 'N_anc': 470.68973, 'N_yri': 373.4115, 'N_ooa': 922.52346, 'N_ceu': 330.88082, 'N_chb': 327.39791, 'gr_ceu': 0.00012, 'gr_chb': 0.00012, 'm_yri_ooa': 0.0, 'm_yri_ceu': 1e-05, 'm_yri_chb': 1e-05, 'm_ceu_chb': 1e-05} -67542.42018554496
x_down: {'t1': 1.70839, 't2': 2.28578, 't3': 98.56294, 'N_anc': 470.68973, 'N_yri': 373.4115, 'N_ooa': 922.52346, 'N_ceu': 330.88082, 'N_chb': 327.39791, 'gr_ceu': 0.00012, 'gr_chb': 0.00012, 'm_yri_ooa': 0.0, 'm_yri_ceu': 1e-05, 'm_yri_chb': 1e-05, 'm_ceu_chb': 1e-05} -67558.64772283014
 
 
x_up: {'t1': 1.70839, 't2': 2.38026, 't3': 103.37207, 'N_anc': 470.68973, 'N_yri': 373.4115, 'N_ooa': 922.52346, 'N_ceu': 330.88082, 'N_chb': 327.39791, 'gr_ceu': 0.00012, 'gr_chb': 0.00012, 'm_yri_ooa': 0.0, 'm_yri_ceu': 1e-05, 'm_yri_chb': 1e-05, 'm_ceu_chb': 1e-05} -67546.39802694503
x: {'t1': 1.70839, 't2': 2.38026, 't3': 98.56294, 'N_anc': 470.68973, 'N_yri': 373.4115, 'N_ooa': 922.52346, 'N_ceu': 330.88082, 'N_chb': 327.39791, 'gr_ceu': 0.00012, 'gr_chb': 0.00012, 'm_yri_ooa': 0.0, 'm_yri_ceu': 1e-05, 'm_yri_chb': 1e-05, 'm_ceu_chb': 1e-05} -67542.42018554496
x_down: {'t1': 1.70839, 't2': 2.38026, 't3': 93.75381, 'N_anc': 470.68973, 'N_yri': 373.4115, 'N_ooa': 922.52346, 'N_ceu': 330.88082, 'N_chb': 327.39791, 'gr_ceu': 0.00012, 'gr_chb': 0.00012, 'm_yri_ooa': 0.0, 'm_yri_ceu': 1e-05, 'm_yri_chb': 1e-05, 'm_ceu_chb': 1e-05} -67544.0541779802
 
 
x_up: {'t1': 1.70839, 't2': 2.38026, 't3': 98.56294, 'N_anc': 509.78591, 'N_yri': 373.4115, 'N_ooa': 922.52346, 'N_ceu': 330.88082, 'N_chb': 327.39791, 'gr_ceu': 0.00012, 'gr_chb': 0.00012, 'm_yri_ooa': 0.0, 'm_yri_ceu': 1e-05, 'm_yri_chb': 1e-05, 'm_ceu_chb': 1e-05} -67542.70920617589
x: {'t1': 1.70839, 't2': 2.38026, 't3': 98.56294, 'N_anc': 470.68973, 'N_yri': 373.4115, 'N_ooa': 922.52346, 'N_ceu': 330.88082, 'N_chb': 327.39791, 'gr_ceu': 0.00012, 'gr_chb': 0.00012, 'm_yri_ooa': 0.0, 'm_yri_ceu': 1e-05, 'm_yri_chb': 1e-05, 'm_ceu_chb': 1e-05} -67542.42018554496
x_down: {'t1': 1.70839, 't2': 2.38026, 't3': 98.56294, 'N_anc': 431.59355, 'N_yri': 373.4115, 'N_ooa': 922.52346, 'N_ceu': 330.88082, 'N_chb': 327.39791, 'gr_ceu': 0.00012, 'gr_chb': 0.00012, 'm_yri_ooa': 0.0, 'm_yri_ceu': 1e-05, 'm_yri_chb': 1e-05, 'm_ceu_chb': 1e-05} -67543.4121175516
 
 
x_up: {'t1': 1.70839, 't2': 2.38026, 't3': 98.56294, 'N_anc': 470.68973, 'N_yri': 387.08207, 'N_ooa': 922.52346, 'N_ceu': 330.88082, 'N_chb': 327.39791, 'gr_ceu': 0.00012, 'gr_chb': 0.00012, 'm_yri_ooa': 0.0, 'm_yri_ceu': 1e-05, 'm_yri_chb': 1e-05, 'm_ceu_chb': 1e-05} -67547.17988261058
x: {'t1': 1.70839, 't2': 2.38026, 't3': 98.56294, 'N_anc': 470.68973, 'N_yri': 373.4115, 'N_ooa': 922.52346, 'N_ceu': 330.88082, 'N_chb': 327.39791, 'gr_ceu': 0.00012, 'gr_chb': 0.00012, 'm_yri_ooa': 0.0, 'm_yri_ceu': 1e-05, 'm_yri_chb': 1e-05, 'm_ceu_chb': 1e-05} -67542.42018554496
x_down: {'t1': 1.70839, 't2': 2.38026, 't3': 98.56294, 'N_anc': 470.68973, 'N_yri': 359.74093, 'N_ooa': 922.52346, 'N_ceu': 330.88082, 'N_chb': 327.39791, 'gr_ceu': 0.00012, 'gr_chb': 0.00012, 'm_yri_ooa': 0.0, 'm_yri_ceu': 1e-05, 'm_yri_chb': 1e-05, 'm_ceu_chb': 1e-05} -67544.65567851506
 
 
x_up: {'t1': 1.70839, 't2': 2.38026, 't3': 98.56294, 'N_anc': 470.68973, 'N_yri': 373.4115, 'N_ooa': 1052.64924, 'N_ceu': 330.88082, 'N_chb': 327.39791, 'gr_ceu': 0.00012, 'gr_chb': 0.00012, 'm_yri_ooa': 0.0, 'm_yri_ceu': 1e-05, 'm_yri_chb': 1e-05, 'm_ceu_chb': 1e-05} -67603.93604192091
x: {'t1': 1.70839, 't2': 2.38026, 't3': 98.56294, 'N_anc': 470.68973, 'N_yri': 373.4115, 'N_ooa': 922.52346, 'N_ceu': 330.88082, 'N_chb': 327.39791, 'gr_ceu': 0.00012, 'gr_chb': 0.00012, 'm_yri_ooa': 0.0, 'm_yri_ceu': 1e-05, 'm_yri_chb': 1e-05, 'm_ceu_chb': 1e-05} -67542.42018554496
x_down: {'t1': 1.70839, 't2': 2.38026, 't3': 98.56294, 'N_anc': 470.68973, 'N_yri': 373.4115, 'N_ooa': 792.39768, 'N_ceu': 330.88082, 'N_chb': 327.39791, 'gr_ceu': 0.00012, 'gr_chb': 0.00012, 'm_yri_ooa': 0.0, 'm_yri_ceu': 1e-05, 'm_yri_chb': 1e-05, 'm_ceu_chb': 1e-05} -67580.56647510873
 
 
x_up: {'t1': 1.70839, 't2': 2.38026, 't3': 98.56294, 'N_anc': 470.68973, 'N_yri': 373.4115, 'N_ooa': 922.52346, 'N_ceu': 348.19688, 'N_chb': 327.39791, 'gr_ceu': 0.00012, 'gr_chb': 0.00012, 'm_yri_ooa': 0.0, 'm_yri_ceu': 1e-05, 'm_yri_chb': 1e-05, 'm_ceu_chb': 1e-05} -67546.67639833839
x: {'t1': 1.70839, 't2': 2.38026, 't3': 98.56294, 'N_anc': 470.68973, 'N_yri': 373.4115, 'N_ooa': 922.52346, 'N_ceu': 330.88082, 'N_chb': 327.39791, 'gr_ceu': 0.00012, 'gr_chb': 0.00012, 'm_yri_ooa': 0.0, 'm_yri_ceu': 1e-05, 'm_yri_chb': 1e-05, 'm_ceu_chb': 1e-05} -67542.42018554496
x_down: {'t1': 1.70839, 't2': 2.38026, 't3': 98.56294, 'N_anc': 470.68973, 'N_yri': 373.4115, 'N_ooa': 922.52346, 'N_ceu': 313.56476, 'N_chb': 327.39791, 'gr_ceu': 0.00012, 'gr_chb': 0.00012, 'm_yri_ooa': 0.0, 'm_yri_ceu': 1e-05, 'm_yri_chb': 1e-05, 'm_ceu_chb': 1e-05} -67539.62987335149
 
 
x_up: {'t1': 1.70839, 't2': 2.38026, 't3': 98.56294, 'N_anc': 470.68973, 'N_yri': 373.4115, 'N_ooa': 922.52346, 'N_ceu': 313.56476, 'N_chb': 375.36466, 'gr_ceu': 0.00012, 'gr_chb': 0.00012, 'm_yri_ooa': 0.0, 'm_yri_ceu': 1e-05, 'm_yri_chb': 1e-05, 'm_ceu_chb': 1e-05} -67546.90768697456
x: {'t1': 1.70839, 't2': 2.38026, 't3': 98.56294, 'N_anc': 470.68973, 'N_yri': 373.4115, 'N_ooa': 922.52346, 'N_ceu': 313.56476, 'N_chb': 327.39791, 'gr_ceu': 0.00012, 'gr_chb': 0.00012, 'm_yri_ooa': 0.0, 'm_yri_ceu': 1e-05, 'm_yri_chb': 1e-05, 'm_ceu_chb': 1e-05} -67539.62987335149
x_down: {'t1': 1.70839, 't2': 2.38026, 't3': 98.56294, 'N_anc': 470.68973, 'N_yri': 373.4115, 'N_ooa': 922.52346, 'N_ceu': 313.56476, 'N_chb': 279.43116, 'gr_ceu': 0.00012, 'gr_chb': 0.00012, 'm_yri_ooa': 0.0, 'm_yri_ceu': 1e-05, 'm_yri_chb': 1e-05, 'm_ceu_chb': 1e-05} -67549.16023851652
 
 
x_up: {'t1': 1.70839, 't2': 2.38026, 't3': 98.56294, 'N_anc': 470.68973, 'N_yri': 373.4115, 'N_ooa': 922.52346, 'N_ceu': 313.56476, 'N_chb': 327.39791, 'gr_ceu': 0.00018, 'gr_chb': 0.00012, 'm_yri_ooa': 0.0, 'm_yri_ceu': 1e-05, 'm_yri_chb': 1e-05, 'm_ceu_chb': 1e-05} -67539.6346637989
x: {'t1': 1.70839, 't2': 2.38026, 't3': 98.56294, 'N_anc': 470.68973, 'N_yri': 373.4115, 'N_ooa': 922.52346, 'N_ceu': 313.56476, 'N_chb': 327.39791, 'gr_ceu': 0.00012, 'gr_chb': 0.00012, 'm_yri_ooa': 0.0, 'm_yri_ceu': 1e-05, 'm_yri_chb': 1e-05, 'm_ceu_chb': 1e-05} -67539.62987335149
x_down: {'t1': 1.70839, 't2': 2.38026, 't3': 98.56294, 'N_anc': 470.68973, 'N_yri': 373.4115, 'N_ooa': 922.52346, 'N_ceu': 313.56476, 'N_chb': 327.39791, 'gr_ceu': 6e-05, 'gr_chb': 0.00012, 'm_yri_ooa': 0.0, 'm_yri_ceu': 1e-05, 'm_yri_chb': 1e-05, 'm_ceu_chb': 1e-05} -67539.62508545173
 
 
x_up: {'t1': 1.70839, 't2': 2.38026, 't3': 98.56294, 'N_anc': 470.68973, 'N_yri': 373.4115, 'N_ooa': 922.52346, 'N_ceu': 313.56476, 'N_chb': 327.39791, 'gr_ceu': 6e-05, 'gr_chb': 0.00018, 'm_yri_ooa': 0.0, 'm_yri_ceu': 1e-05, 'm_yri_chb': 1e-05, 'm_ceu_chb': 1e-05} -67539.6269710304
x: {'t1': 1.70839, 't2': 2.38026, 't3': 98.56294, 'N_anc': 470.68973, 'N_yri': 373.4115, 'N_ooa': 922.52346, 'N_ceu': 313.56476, 'N_chb': 327.39791, 'gr_ceu': 6e-05, 'gr_chb': 0.00012, 'm_yri_ooa': 0.0, 'm_yri_ceu': 1e-05, 'm_yri_chb': 1e-05, 'm_ceu_chb': 1e-05} -67539.62508545173
x_down: {'t1': 1.70839, 't2': 2.38026, 't3': 98.56294, 'N_anc': 470.68973, 'N_yri': 373.4115, 'N_ooa': 922.52346, 'N_ceu': 313.56476, 'N_chb': 327.39791, 'gr_ceu': 6e-05, 'gr_chb': 6e-05, 'm_yri_ooa': 0.0, 'm_yri_ceu': 1e-05, 'm_yri_chb': 1e-05, 'm_ceu_chb': 1e-05} -67539.62320339539
 
 
x_up: {'t1': 1.70839, 't2': 2.38026, 't3': 98.56294, 'N_anc': 470.68973, 'N_yri': 373.4115, 'N_ooa': 922.52346, 'N_ceu': 313.56476, 'N_chb': 327.39791, 'gr_ceu': 6e-05, 'gr_chb': 6e-05, 'm_yri_ooa': 0.0, 'm_yri_ceu': 1e-05, 'm_yri_chb': 1e-05, 'm_ceu_chb': 1e-05} -67539.62320339539
x: {'t1': 1.70839, 't2': 2.38026, 't3': 98.56294, 'N_anc': 470.68973, 'N_yri': 373.4115, 'N_ooa': 922.52346, 'N_ceu': 313.56476, 'N_chb': 327.39791, 'gr_ceu': 6e-05, 'gr_chb': 6e-05, 'm_yri_ooa': 0.0, 'm_yri_ceu': 1e-05, 'm_yri_chb': 1e-05, 'm_ceu_chb': 1e-05} -67539.62320339539
x_down: {'t1': 1.70839, 't2': 2.38026, 't3': 98.56294, 'N_anc': 470.68973, 'N_yri': 373.4115, 'N_ooa': 922.52346, 'N_ceu': 313.56476, 'N_chb': 327.39791, 'gr_ceu': 6e-05, 'gr_chb': 6e-05, 'm_yri_ooa': 1e-05, 'm_yri_ceu': 1e-05, 'm_yri_chb': 1e-05, 'm_ceu_chb': 1e-05} -67539.62771840685
 
 
x_up: {'t1': 1.70839, 't2': 2.38026, 't3': 98.56294, 'N_anc': 470.68973, 'N_yri': 373.4115, 'N_ooa': 922.52346, 'N_ceu': 313.56476, 'N_chb': 327.39791, 'gr_ceu': 6e-05, 'gr_chb': 6e-05, 'm_yri_ooa': 0.0, 'm_yri_ceu': 0.0, 'm_yri_chb': 1e-05, 'm_ceu_chb': 1e-05} -67539.62320339652
x: {'t1': 1.70839, 't2': 2.38026, 't3': 98.56294, 'N_anc': 470.68973, 'N_yri': 373.4115, 'N_ooa': 922.52346, 'N_ceu': 313.56476, 'N_chb': 327.39791, 'gr_ceu': 6e-05, 'gr_chb': 6e-05, 'm_yri_ooa': 0.0, 'm_yri_ceu': 1e-05, 'm_yri_chb': 1e-05, 'm_ceu_chb': 1e-05} -67539.62320339539
x_down: {'t1': 1.70839, 't2': 2.38026, 't3': 98.56294, 'N_anc': 470.68973, 'N_yri': 373.4115, 'N_ooa': 922.52346, 'N_ceu': 313.56476, 'N_chb': 327.39791, 'gr_ceu': 6e-05, 'gr_chb': 6e-05, 'm_yri_ooa': 0.0, 'm_yri_ceu': 1e-05, 'm_yri_chb': 1e-05, 'm_ceu_chb': 1e-05} -67539.62320339539
 
 
x_up: {'t1': 1.70839, 't2': 2.38026, 't3': 98.56294, 'N_anc': 470.68973, 'N_yri': 373.4115, 'N_ooa': 922.52346, 'N_ceu': 313.56476, 'N_chb': 327.39791, 'gr_ceu': 6e-05, 'gr_chb': 6e-05, 'm_yri_ooa': 0.0, 'm_yri_ceu': 1e-05, 'm_yri_chb': 0.0, 'm_ceu_chb': 1e-05} -67539.62320339744
x: {'t1': 1.70839, 't2': 2.38026, 't3': 98.56294, 'N_anc': 470.68973, 'N_yri': 373.4115, 'N_ooa': 922.52346, 'N_ceu': 313.56476, 'N_chb': 327.39791, 'gr_ceu': 6e-05, 'gr_chb': 6e-05, 'm_yri_ooa': 0.0, 'm_yri_ceu': 1e-05, 'm_yri_chb': 1e-05, 'm_ceu_chb': 1e-05} -67539.62320339539
x_down: {'t1': 1.70839, 't2': 2.38026, 't3': 98.56294, 'N_anc': 470.68973, 'N_yri': 373.4115, 'N_ooa': 922.52346, 'N_ceu': 313.56476, 'N_chb': 327.39791, 'gr_ceu': 6e-05, 'gr_chb': 6e-05, 'm_yri_ooa': 0.0, 'm_yri_ceu': 1e-05, 'm_yri_chb': 1e-05, 'm_ceu_chb': 1e-05} -67539.62320339539
 
 
x_up: {'t1': 1.70839, 't2': 2.38026, 't3': 98.56294, 'N_anc': 470.68973, 'N_yri': 373.4115, 'N_ooa': 922.52346, 'N_ceu': 313.56476, 'N_chb': 327.39791, 'gr_ceu': 6e-05, 'gr_chb': 6e-05, 'm_yri_ooa': 0.0, 'm_yri_ceu': 1e-05, 'm_yri_chb': 1e-05, 'm_ceu_chb': 0.0} -67539.6232033957
x: {'t1': 1.70839, 't2': 2.38026, 't3': 98.56294, 'N_anc': 470.68973, 'N_yri': 373.4115, 'N_ooa': 922.52346, 'N_ceu': 313.56476, 'N_chb': 327.39791, 'gr_ceu': 6e-05, 'gr_chb': 6e-05, 'm_yri_ooa': 0.0, 'm_yri_ceu': 1e-05, 'm_yri_chb': 1e-05, 'm_ceu_chb': 1e-05} -67539.62320339539
x_down: {'t1': 1.70839, 't2': 2.38026, 't3': 98.56294, 'N_anc': 470.68973, 'N_yri': 373.4115, 'N_ooa': 922.52346, 'N_ceu': 313.56476, 'N_chb': 327.39791, 'gr_ceu': 6e-05, 'gr_chb': 6e-05, 'm_yri_ooa': 0.0, 'm_yri_ceu': 1e-05, 'm_yri_chb': 1e-05, 'm_ceu_chb': 1e-05} -67539.62320339539
 
{'t1': 1.70839, 't2': 2.38026, 't3': 98.56294, 'N_anc': 470.68973, 'N_yri': 373.4115, 'N_ooa': 922.52346, 'N_ceu': 313.56476, 'N_chb': 327.39791, 'gr_ceu': 6e-05, 'gr_chb': 6e-05, 'm_yri_ooa': 0.0, 'm_yri_ceu': 1e-05, 'm_yri_chb': 1e-05, 'm_ceu_chb': 1e-05} -67539.62320339539
 
x_up: {'t1': 1.80287, 't2': 2.38026, 't3': 98.56294, 'N_anc': 470.68973, 'N_yri': 373.4115, 'N_ooa': 922.52346, 'N_ceu': 313.56476, 'N_chb': 327.39791, 'gr_ceu': 6e-05, 'gr_chb': 6e-05, 'm_yri_ooa': 0.0, 'm_yri_ceu': 1e-05, 'm_yri_chb': 1e-05, 'm_ceu_chb': 1e-05} -67547.95308747972
x: {'t1': 1.70839, 't2': 2.38026, 't3': 98.56294, 'N_anc': 470.68973, 'N_yri': 373.4115, 'N_ooa': 922.52346, 'N_ceu': 313.56476, 'N_chb': 327.39791, 'gr_ceu': 6e-05, 'gr_chb': 6e-05, 'm_yri_ooa': 0.0, 'm_yri_ceu': 1e-05, 'm_yri_chb': 1e-05, 'm_ceu_chb': 1e-05} -67539.62320339539
x_down: {'t1': 1.61391, 't2': 2.38026, 't3': 98.56294, 'N_anc': 470.68973, 'N_yri': 373.4115, 'N_ooa': 922.52346, 'N_ceu': 313.56476, 'N_chb': 327.39791, 'gr_ceu': 6e-05, 'gr_chb': 6e-05, 'm_yri_ooa': 0.0, 'm_yri_ceu': 1e-05, 'm_yri_chb': 1e-05, 'm_ceu_chb': 1e-05} -67558.03307863593
 
 
x_up: {'t1': 1.70839, 't2': 2.4275, 't3': 98.56294, 'N_anc': 470.68973, 'N_yri': 373.4115, 'N_ooa': 922.52346, 'N_ceu': 313.56476, 'N_chb': 327.39791, 'gr_ceu': 6e-05, 'gr_chb': 6e-05, 'm_yri_ooa': 0.0, 'm_yri_ceu': 1e-05, 'm_yri_chb': 1e-05, 'm_ceu_chb': 1e-05} -67555.14780160441
x: {'t1': 1.70839, 't2': 2.38026, 't3': 98.56294, 'N_anc': 470.68973, 'N_yri': 373.4115, 'N_ooa': 922.52346, 'N_ceu': 313.56476, 'N_chb': 327.39791, 'gr_ceu': 6e-05, 'gr_chb': 6e-05, 'm_yri_ooa': 0.0, 'm_yri_ceu': 1e-05, 'm_yri_chb': 1e-05, 'm_ceu_chb': 1e-05} -67539.62320339539
x_down: {'t1': 1.70839, 't2': 2.33302, 't3': 98.56294, 'N_anc': 470.68973, 'N_yri': 373.4115, 'N_ooa': 922.52346, 'N_ceu': 313.56476, 'N_chb': 327.39791, 'gr_ceu': 6e-05, 'gr_chb': 6e-05, 'm_yri_ooa': 0.0, 'm_yri_ceu': 1e-05, 'm_yri_chb': 1e-05, 'm_ceu_chb': 1e-05} -67550.09436883472
 
 
x_up: {'t1': 1.70839, 't2': 2.38026, 't3': 103.37207, 'N_anc': 470.68973, 'N_yri': 373.4115, 'N_ooa': 922.52346, 'N_ceu': 313.56476, 'N_chb': 327.39791, 'gr_ceu': 6e-05, 'gr_chb': 6e-05, 'm_yri_ooa': 0.0, 'm_yri_ceu': 1e-05, 'm_yri_chb': 1e-05, 'm_ceu_chb': 1e-05} -67543.60104479546
x: {'t1': 1.70839, 't2': 2.38026, 't3': 98.56294, 'N_anc': 470.68973, 'N_yri': 373.4115, 'N_ooa': 922.52346, 'N_ceu': 313.56476, 'N_chb': 327.39791, 'gr_ceu': 6e-05, 'gr_chb': 6e-05, 'm_yri_ooa': 0.0, 'm_yri_ceu': 1e-05, 'm_yri_chb': 1e-05, 'm_ceu_chb': 1e-05} -67539.62320339539
x_down: {'t1': 1.70839, 't2': 2.38026, 't3': 93.75381, 'N_anc': 470.68973, 'N_yri': 373.4115, 'N_ooa': 922.52346, 'N_ceu': 313.56476, 'N_chb': 327.39791, 'gr_ceu': 6e-05, 'gr_chb': 6e-05, 'm_yri_ooa': 0.0, 'm_yri_ceu': 1e-05, 'm_yri_chb': 1e-05, 'm_ceu_chb': 1e-05} -67541.25719583062
 
 
x_up: {'t1': 1.70839, 't2': 2.38026, 't3': 98.56294, 'N_anc': 490.23782, 'N_yri': 373.4115, 'N_ooa': 922.52346, 'N_ceu': 313.56476, 'N_chb': 327.39791, 'gr_ceu': 6e-05, 'gr_chb': 6e-05, 'm_yri_ooa': 0.0, 'm_yri_ceu': 1e-05, 'm_yri_chb': 1e-05, 'm_ceu_chb': 1e-05} -67539.63272438162
x: {'t1': 1.70839, 't2': 2.38026, 't3': 98.56294, 'N_anc': 470.68973, 'N_yri': 373.4115, 'N_ooa': 922.52346, 'N_ceu': 313.56476, 'N_chb': 327.39791, 'gr_ceu': 6e-05, 'gr_chb': 6e-05, 'm_yri_ooa': 0.0, 'm_yri_ceu': 1e-05, 'm_yri_chb': 1e-05, 'm_ceu_chb': 1e-05} -67539.62320339539
x_down: {'t1': 1.70839, 't2': 2.38026, 't3': 98.56294, 'N_anc': 451.14164, 'N_yri': 373.4115, 'N_ooa': 922.52346, 'N_ceu': 313.56476, 'N_chb': 327.39791, 'gr_ceu': 6e-05, 'gr_chb': 6e-05, 'm_yri_ooa': 0.0, 'm_yri_ceu': 1e-05, 'm_yri_chb': 1e-05, 'm_ceu_chb': 1e-05} -67539.93146716901
 
 
x_up: {'t1': 1.70839, 't2': 2.38026, 't3': 98.56294, 'N_anc': 470.68973, 'N_yri': 387.08207, 'N_ooa': 922.52346, 'N_ceu': 313.56476, 'N_chb': 327.39791, 'gr_ceu': 6e-05, 'gr_chb': 6e-05, 'm_yri_ooa': 0.0, 'm_yri_ceu': 1e-05, 'm_yri_chb': 1e-05, 'm_ceu_chb': 1e-05} -67545.43734731461
x: {'t1': 1.70839, 't2': 2.38026, 't3': 98.56294, 'N_anc': 470.68973, 'N_yri': 373.4115, 'N_ooa': 922.52346, 'N_ceu': 313.56476, 'N_chb': 327.39791, 'gr_ceu': 6e-05, 'gr_chb': 6e-05, 'm_yri_ooa': 0.0, 'm_yri_ceu': 1e-05, 'm_yri_chb': 1e-05, 'm_ceu_chb': 1e-05} -67539.62320339539
x_down: {'t1': 1.70839, 't2': 2.38026, 't3': 98.56294, 'N_anc': 470.68973, 'N_yri': 359.74093, 'N_ooa': 922.52346, 'N_ceu': 313.56476, 'N_chb': 327.39791, 'gr_ceu': 6e-05, 'gr_chb': 6e-05, 'm_yri_ooa': 0.0, 'm_yri_ceu': 1e-05, 'm_yri_chb': 1e-05, 'm_ceu_chb': 1e-05} -67543.46247836719
 
 
x_up: {'t1': 1.70839, 't2': 2.38026, 't3': 98.56294, 'N_anc': 470.68973, 'N_yri': 373.4115, 'N_ooa': 987.58635, 'N_ceu': 313.56476, 'N_chb': 327.39791, 'gr_ceu': 6e-05, 'gr_chb': 6e-05, 'm_yri_ooa': 0.0, 'm_yri_ceu': 1e-05, 'm_yri_chb': 1e-05, 'm_ceu_chb': 1e-05} -67563.97124718058
x: {'t1': 1.70839, 't2': 2.38026, 't3': 98.56294, 'N_anc': 470.68973, 'N_yri': 373.4115, 'N_ooa': 922.52346, 'N_ceu': 313.56476, 'N_chb': 327.39791, 'gr_ceu': 6e-05, 'gr_chb': 6e-05, 'm_yri_ooa': 0.0, 'm_yri_ceu': 1e-05, 'm_yri_chb': 1e-05, 'm_ceu_chb': 1e-05} -67539.62320339539
x_down: {'t1': 1.70839, 't2': 2.38026, 't3': 98.56294, 'N_anc': 470.68973, 'N_yri': 373.4115, 'N_ooa': 857.46057, 'N_ceu': 313.56476, 'N_chb': 327.39791, 'gr_ceu': 6e-05, 'gr_chb': 6e-05, 'm_yri_ooa': 0.0, 'm_yri_ceu': 1e-05, 'm_yri_chb': 1e-05, 'm_ceu_chb': 1e-05} -67545.37774071746
 
 
x_up: {'t1': 1.70839, 't2': 2.38026, 't3': 98.56294, 'N_anc': 470.68973, 'N_yri': 373.4115, 'N_ooa': 922.52346, 'N_ceu': 337.5908, 'N_chb': 327.39791, 'gr_ceu': 6e-05, 'gr_chb': 6e-05, 'm_yri_ooa': 0.0, 'm_yri_ceu': 1e-05, 'm_yri_chb': 1e-05, 'm_ceu_chb': 1e-05} -67543.89891363293
x: {'t1': 1.70839, 't2': 2.38026, 't3': 98.56294, 'N_anc': 470.68973, 'N_yri': 373.4115, 'N_ooa': 922.52346, 'N_ceu': 313.56476, 'N_chb': 327.39791, 'gr_ceu': 6e-05, 'gr_chb': 6e-05, 'm_yri_ooa': 0.0, 'm_yri_ceu': 1e-05, 'm_yri_chb': 1e-05, 'm_ceu_chb': 1e-05} -67539.62320339539
x_down: {'t1': 1.70839, 't2': 2.38026, 't3': 98.56294, 'N_anc': 470.68973, 'N_yri': 373.4115, 'N_ooa': 922.52346, 'N_ceu': 289.53872, 'N_chb': 327.39791, 'gr_ceu': 6e-05, 'gr_chb': 6e-05, 'm_yri_ooa': 0.0, 'm_yri_ceu': 1e-05, 'm_yri_chb': 1e-05, 'm_ceu_chb': 1e-05} -67539.02515999628
 
 
x_up: {'t1': 1.70839, 't2': 2.38026, 't3': 98.56294, 'N_anc': 470.68973, 'N_yri': 373.4115, 'N_ooa': 922.52346, 'N_ceu': 289.53872, 'N_chb': 351.38128, 'gr_ceu': 6e-05, 'gr_chb': 6e-05, 'm_yri_ooa': 0.0, 'm_yri_ceu': 1e-05, 'm_yri_chb': 1e-05, 'm_ceu_chb': 1e-05} -67537.88807718999
x: {'t1': 1.70839, 't2': 2.38026, 't3': 98.56294, 'N_anc': 470.68973, 'N_yri': 373.4115, 'N_ooa': 922.52346, 'N_ceu': 289.53872, 'N_chb': 327.39791, 'gr_ceu': 6e-05, 'gr_chb': 6e-05, 'm_yri_ooa': 0.0, 'm_yri_ceu': 1e-05, 'm_yri_chb': 1e-05, 'm_ceu_chb': 1e-05} -67539.02515999628
x_down: {'t1': 1.70839, 't2': 2.38026, 't3': 98.56294, 'N_anc': 470.68973, 'N_yri': 373.4115, 'N_ooa': 922.52346, 'N_ceu': 289.53872, 'N_chb': 303.41454, 'gr_ceu': 6e-05, 'gr_chb': 6e-05, 'm_yri_ooa': 0.0, 'm_yri_ceu': 1e-05, 'm_yri_chb': 1e-05, 'm_ceu_chb': 1e-05} -67545.56376592393
 
 
x_up: {'t1': 1.70839, 't2': 2.38026, 't3': 98.56294, 'N_anc': 470.68973, 'N_yri': 373.4115, 'N_ooa': 922.52346, 'N_ceu': 289.53872, 'N_chb': 351.38128, 'gr_ceu': 9e-05, 'gr_chb': 6e-05, 'm_yri_ooa': 0.0, 'm_yri_ceu': 1e-05, 'm_yri_chb': 1e-05, 'm_ceu_chb': 1e-05} -67537.88989471101
x: {'t1': 1.70839, 't2': 2.38026, 't3': 98.56294, 'N_anc': 470.68973, 'N_yri': 373.4115, 'N_ooa': 922.52346, 'N_ceu': 289.53872, 'N_chb': 351.38128, 'gr_ceu': 6e-05, 'gr_chb': 6e-05, 'm_yri_ooa': 0.0, 'm_yri_ceu': 1e-05, 'm_yri_chb': 1e-05, 'm_ceu_chb': 1e-05} -67537.88807718999
x_down: {'t1': 1.70839, 't2': 2.38026, 't3': 98.56294, 'N_anc': 470.68973, 'N_yri': 373.4115, 'N_ooa': 922.52346, 'N_ceu': 289.53872, 'N_chb': 351.38128, 'gr_ceu': 3e-05, 'gr_chb': 6e-05, 'm_yri_ooa': 0.0, 'm_yri_ceu': 1e-05, 'm_yri_chb': 1e-05, 'm_ceu_chb': 1e-05} -67537.88626067594
 
 
x_up: {'t1': 1.70839, 't2': 2.38026, 't3': 98.56294, 'N_anc': 470.68973, 'N_yri': 373.4115, 'N_ooa': 922.52346, 'N_ceu': 289.53872, 'N_chb': 351.38128, 'gr_ceu': 3e-05, 'gr_chb': 9e-05, 'm_yri_ooa': 0.0, 'm_yri_ceu': 1e-05, 'm_yri_chb': 1e-05, 'm_ceu_chb': 1e-05} -67537.88785242003
x: {'t1': 1.70839, 't2': 2.38026, 't3': 98.56294, 'N_anc': 470.68973, 'N_yri': 373.4115, 'N_ooa': 922.52346, 'N_ceu': 289.53872, 'N_chb': 351.38128, 'gr_ceu': 3e-05, 'gr_chb': 6e-05, 'm_yri_ooa': 0.0, 'm_yri_ceu': 1e-05, 'm_yri_chb': 1e-05, 'm_ceu_chb': 1e-05} -67537.88626067594
x_down: {'t1': 1.70839, 't2': 2.38026, 't3': 98.56294, 'N_anc': 470.68973, 'N_yri': 373.4115, 'N_ooa': 922.52346, 'N_ceu': 289.53872, 'N_chb': 351.38128, 'gr_ceu': 3e-05, 'gr_chb': 3e-05, 'm_yri_ooa': 0.0, 'm_yri_ceu': 1e-05, 'm_yri_chb': 1e-05, 'm_ceu_chb': 1e-05} -67537.88466993906
 
 
x_up: {'t1': 1.70839, 't2': 2.38026, 't3': 98.56294, 'N_anc': 470.68973, 'N_yri': 373.4115, 'N_ooa': 922.52346, 'N_ceu': 289.53872, 'N_chb': 351.38128, 'gr_ceu': 3e-05, 'gr_chb': 3e-05, 'm_yri_ooa': 0.0, 'm_yri_ceu': 1e-05, 'm_yri_chb': 1e-05, 'm_ceu_chb': 1e-05} -67537.88466993906
x: {'t1': 1.70839, 't2': 2.38026, 't3': 98.56294, 'N_anc': 470.68973, 'N_yri': 373.4115, 'N_ooa': 922.52346, 'N_ceu': 289.53872, 'N_chb': 351.38128, 'gr_ceu': 3e-05, 'gr_chb': 3e-05, 'm_yri_ooa': 0.0, 'm_yri_ceu': 1e-05, 'm_yri_chb': 1e-05, 'm_ceu_chb': 1e-05} -67537.88466993906
x_down: {'t1': 1.70839, 't2': 2.38026, 't3': 98.56294, 'N_anc': 470.68973, 'N_yri': 373.4115, 'N_ooa': 922.52346, 'N_ceu': 289.53872, 'N_chb': 351.38128, 'gr_ceu': 3e-05, 'gr_chb': 3e-05, 'm_yri_ooa': 1e-05, 'm_yri_ceu': 1e-05, 'm_yri_chb': 1e-05, 'm_ceu_chb': 1e-05} -67537.87931623906
 
 
x_up: {'t1': 1.70839, 't2': 2.38026, 't3': 98.56294, 'N_anc': 470.68973, 'N_yri': 373.4115, 'N_ooa': 922.52346, 'N_ceu': 289.53872, 'N_chb': 351.38128, 'gr_ceu': 3e-05, 'gr_chb': 3e-05, 'm_yri_ooa': 1e-05, 'm_yri_ceu': 0.0, 'm_yri_chb': 1e-05, 'm_ceu_chb': 1e-05} -67537.87931623959
x: {'t1': 1.70839, 't2': 2.38026, 't3': 98.56294, 'N_anc': 470.68973, 'N_yri': 373.4115, 'N_ooa': 922.52346, 'N_ceu': 289.53872, 'N_chb': 351.38128, 'gr_ceu': 3e-05, 'gr_chb': 3e-05, 'm_yri_ooa': 1e-05, 'm_yri_ceu': 1e-05, 'm_yri_chb': 1e-05, 'm_ceu_chb': 1e-05} -67537.87931623906
x_down: {'t1': 1.70839, 't2': 2.38026, 't3': 98.56294, 'N_anc': 470.68973, 'N_yri': 373.4115, 'N_ooa': 922.52346, 'N_ceu': 289.53872, 'N_chb': 351.38128, 'gr_ceu': 3e-05, 'gr_chb': 3e-05, 'm_yri_ooa': 1e-05, 'm_yri_ceu': 1e-05, 'm_yri_chb': 1e-05, 'm_ceu_chb': 1e-05} -67537.87931623906
 
 
x_up: {'t1': 1.70839, 't2': 2.38026, 't3': 98.56294, 'N_anc': 470.68973, 'N_yri': 373.4115, 'N_ooa': 922.52346, 'N_ceu': 289.53872, 'N_chb': 351.38128, 'gr_ceu': 3e-05, 'gr_chb': 3e-05, 'm_yri_ooa': 1e-05, 'm_yri_ceu': 1e-05, 'm_yri_chb': 0.0, 'm_ceu_chb': 1e-05} -67537.8793162408
x: {'t1': 1.70839, 't2': 2.38026, 't3': 98.56294, 'N_anc': 470.68973, 'N_yri': 373.4115, 'N_ooa': 922.52346, 'N_ceu': 289.53872, 'N_chb': 351.38128, 'gr_ceu': 3e-05, 'gr_chb': 3e-05, 'm_yri_ooa': 1e-05, 'm_yri_ceu': 1e-05, 'm_yri_chb': 1e-05, 'm_ceu_chb': 1e-05} -67537.87931623906
x_down: {'t1': 1.70839, 't2': 2.38026, 't3': 98.56294, 'N_anc': 470.68973, 'N_yri': 373.4115, 'N_ooa': 922.52346, 'N_ceu': 289.53872, 'N_chb': 351.38128, 'gr_ceu': 3e-05, 'gr_chb': 3e-05, 'm_yri_ooa': 1e-05, 'm_yri_ceu': 1e-05, 'm_yri_chb': 1e-05, 'm_ceu_chb': 1e-05} -67537.87931623906
 
 
x_up: {'t1': 1.70839, 't2': 2.38026, 't3': 98.56294, 'N_anc': 470.68973, 'N_yri': 373.4115, 'N_ooa': 922.52346, 'N_ceu': 289.53872, 'N_chb': 351.38128, 'gr_ceu': 3e-05, 'gr_chb': 3e-05, 'm_yri_ooa': 1e-05, 'm_yri_ceu': 1e-05, 'm_yri_chb': 1e-05, 'm_ceu_chb': 0.0} -67537.87931623944
x: {'t1': 1.70839, 't2': 2.38026, 't3': 98.56294, 'N_anc': 470.68973, 'N_yri': 373.4115, 'N_ooa': 922.52346, 'N_ceu': 289.53872, 'N_chb': 351.38128, 'gr_ceu': 3e-05, 'gr_chb': 3e-05, 'm_yri_ooa': 1e-05, 'm_yri_ceu': 1e-05, 'm_yri_chb': 1e-05, 'm_ceu_chb': 1e-05} -67537.87931623906
x_down: {'t1': 1.70839, 't2': 2.38026, 't3': 98.56294, 'N_anc': 470.68973, 'N_yri': 373.4115, 'N_ooa': 922.52346, 'N_ceu': 289.53872, 'N_chb': 351.38128, 'gr_ceu': 3e-05, 'gr_chb': 3e-05, 'm_yri_ooa': 1e-05, 'm_yri_ceu': 1e-05, 'm_yri_chb': 1e-05, 'm_ceu_chb': 1e-05} -67537.87931623906
 
{'t1': 1.70839, 't2': 2.38026, 't3': 98.56294, 'N_anc': 470.68973, 'N_yri': 373.4115, 'N_ooa': 922.52346, 'N_ceu': 289.53872, 'N_chb': 351.38128, 'gr_ceu': 3e-05, 'gr_chb': 3e-05, 'm_yri_ooa': 1e-05, 'm_yri_ceu': 1e-05, 'm_yri_chb': 1e-05, 'm_ceu_chb': 1e-05} -67537.87931623906
 
x_up: {'t1': 1.75563, 't2': 2.38026, 't3': 98.56294, 'N_anc': 470.68973, 'N_yri': 373.4115, 'N_ooa': 922.52346, 'N_ceu': 289.53872, 'N_chb': 351.38128, 'gr_ceu': 3e-05, 'gr_chb': 3e-05, 'm_yri_ooa': 1e-05, 'm_yri_ceu': 1e-05, 'm_yri_chb': 1e-05, 'm_ceu_chb': 1e-05} -67543.35212421734
x: {'t1': 1.70839, 't2': 2.38026, 't3': 98.56294, 'N_anc': 470.68973, 'N_yri': 373.4115, 'N_ooa': 922.52346, 'N_ceu': 289.53872, 'N_chb': 351.38128, 'gr_ceu': 3e-05, 'gr_chb': 3e-05, 'm_yri_ooa': 1e-05, 'm_yri_ceu': 1e-05, 'm_yri_chb': 1e-05, 'm_ceu_chb': 1e-05} -67537.87931623906
x_down: {'t1': 1.66115, 't2': 2.38026, 't3': 98.56294, 'N_anc': 470.68973, 'N_yri': 373.4115, 'N_ooa': 922.52346, 'N_ceu': 289.53872, 'N_chb': 351.38128, 'gr_ceu': 3e-05, 'gr_chb': 3e-05, 'm_yri_ooa': 1e-05, 'm_yri_ceu': 1e-05, 'm_yri_chb': 1e-05, 'm_ceu_chb': 1e-05} -67549.17755685316
 
 
x_up: {'t1': 1.70839, 't2': 2.41385, 't3': 98.56294, 'N_anc': 470.68973, 'N_yri': 373.4115, 'N_ooa': 922.52346, 'N_ceu': 289.53872, 'N_chb': 351.38128, 'gr_ceu': 3e-05, 'gr_chb': 3e-05, 'm_yri_ooa': 1e-05, 'm_yri_ceu': 1e-05, 'm_yri_chb': 1e-05, 'm_ceu_chb': 1e-05} -67554.57276699094
x: {'t1': 1.70839, 't2': 2.38026, 't3': 98.56294, 'N_anc': 470.68973, 'N_yri': 373.4115, 'N_ooa': 922.52346, 'N_ceu': 289.53872, 'N_chb': 351.38128, 'gr_ceu': 3e-05, 'gr_chb': 3e-05, 'm_yri_ooa': 1e-05, 'm_yri_ceu': 1e-05, 'm_yri_chb': 1e-05, 'm_ceu_chb': 1e-05} -67537.87931623906
x_down: {'t1': 1.70839, 't2': 2.34667, 't3': 98.56294, 'N_anc': 470.68973, 'N_yri': 373.4115, 'N_ooa': 922.52346, 'N_ceu': 289.53872, 'N_chb': 351.38128, 'gr_ceu': 3e-05, 'gr_chb': 3e-05, 'm_yri_ooa': 1e-05, 'm_yri_ceu': 1e-05, 'm_yri_chb': 1e-05, 'm_ceu_chb': 1e-05} -67535.6215822164
 
 
x_up: {'t1': 1.70839, 't2': 2.34667, 't3': 103.37375, 'N_anc': 470.68973, 'N_yri': 373.4115, 'N_ooa': 922.52346, 'N_ceu': 289.53872, 'N_chb': 351.38128, 'gr_ceu': 3e-05, 'gr_chb': 3e-05, 'm_yri_ooa': 1e-05, 'm_yri_ceu': 1e-05, 'm_yri_chb': 1e-05, 'm_ceu_chb': 1e-05} -67539.5970251707
x: {'t1': 1.70839, 't2': 2.34667, 't3': 98.56294, 'N_anc': 470.68973, 'N_yri': 373.4115, 'N_ooa': 922.52346, 'N_ceu': 289.53872, 'N_chb': 351.38128, 'gr_ceu': 3e-05, 'gr_chb': 3e-05, 'm_yri_ooa': 1e-05, 'm_yri_ceu': 1e-05, 'm_yri_chb': 1e-05, 'm_ceu_chb': 1e-05} -67535.6215822164
x_down: {'t1': 1.70839, 't2': 2.34667, 't3': 93.75213, 'N_anc': 470.68973, 'N_yri': 373.4115, 'N_ooa': 922.52346, 'N_ceu': 289.53872, 'N_chb': 351.38128, 'gr_ceu': 3e-05, 'gr_chb': 3e-05, 'm_yri_ooa': 1e-05, 'm_yri_ceu': 1e-05, 'm_yri_chb': 1e-05, 'm_ceu_chb': 1e-05} -67537.25889086998
 
 
x_up: {'t1': 1.70839, 't2': 2.34667, 't3': 98.56294, 'N_anc': 489.22422, 'N_yri': 373.4115, 'N_ooa': 922.52346, 'N_ceu': 289.53872, 'N_chb': 351.38128, 'gr_ceu': 3e-05, 'gr_chb': 3e-05, 'm_yri_ooa': 1e-05, 'm_yri_ceu': 1e-05, 'm_yri_chb': 1e-05, 'm_ceu_chb': 1e-05} -67535.62359704956
x: {'t1': 1.70839, 't2': 2.34667, 't3': 98.56294, 'N_anc': 470.68973, 'N_yri': 373.4115, 'N_ooa': 922.52346, 'N_ceu': 289.53872, 'N_chb': 351.38128, 'gr_ceu': 3e-05, 'gr_chb': 3e-05, 'm_yri_ooa': 1e-05, 'm_yri_ceu': 1e-05, 'm_yri_chb': 1e-05, 'm_ceu_chb': 1e-05} -67535.6215822164
x_down: {'t1': 1.70839, 't2': 2.34667, 't3': 98.56294, 'N_anc': 452.15524, 'N_yri': 373.4115, 'N_ooa': 922.52346, 'N_ceu': 289.53872, 'N_chb': 351.38128, 'gr_ceu': 3e-05, 'gr_chb': 3e-05, 'm_yri_ooa': 1e-05, 'm_yri_ceu': 1e-05, 'm_yri_chb': 1e-05, 'm_ceu_chb': 1e-05} -67535.90517740688
 
 
x_up: {'t1': 1.70839, 't2': 2.34667, 't3': 98.56294, 'N_anc': 470.68973, 'N_yri': 387.08207, 'N_ooa': 922.52346, 'N_ceu': 289.53872, 'N_chb': 351.38128, 'gr_ceu': 3e-05, 'gr_chb': 3e-05, 'm_yri_ooa': 1e-05, 'm_yri_ceu': 1e-05, 'm_yri_chb': 1e-05, 'm_ceu_chb': 1e-05} -67533.46085053585
x: {'t1': 1.70839, 't2': 2.34667, 't3': 98.56294, 'N_anc': 470.68973, 'N_yri': 373.4115, 'N_ooa': 922.52346, 'N_ceu': 289.53872, 'N_chb': 351.38128, 'gr_ceu': 3e-05, 'gr_chb': 3e-05, 'm_yri_ooa': 1e-05, 'm_yri_ceu': 1e-05, 'm_yri_chb': 1e-05, 'm_ceu_chb': 1e-05} -67535.6215822164
x_down: {'t1': 1.70839, 't2': 2.34667, 't3': 98.56294, 'N_anc': 470.68973, 'N_yri': 359.74093, 'N_ooa': 922.52346, 'N_ceu': 289.53872, 'N_chb': 351.38128, 'gr_ceu': 3e-05, 'gr_chb': 3e-05, 'm_yri_ooa': 1e-05, 'm_yri_ceu': 1e-05, 'm_yri_chb': 1e-05, 'm_ceu_chb': 1e-05} -67531.31372669995
 
 
x_up: {'t1': 1.70839, 't2': 2.34667, 't3': 98.56294, 'N_anc': 470.68973, 'N_yri': 359.74093, 'N_ooa': 963.64963, 'N_ceu': 289.53872, 'N_chb': 351.38128, 'gr_ceu': 3e-05, 'gr_chb': 3e-05, 'm_yri_ooa': 1e-05, 'm_yri_ceu': 1e-05, 'm_yri_chb': 1e-05, 'm_ceu_chb': 1e-05} -67549.39352617478
x: {'t1': 1.70839, 't2': 2.34667, 't3': 98.56294, 'N_anc': 470.68973, 'N_yri': 359.74093, 'N_ooa': 922.52346, 'N_ceu': 289.53872, 'N_chb': 351.38128, 'gr_ceu': 3e-05, 'gr_chb': 3e-05, 'm_yri_ooa': 1e-05, 'm_yri_ceu': 1e-05, 'm_yri_chb': 1e-05, 'm_ceu_chb': 1e-05} -67531.31372669995
x_down: {'t1': 1.70839, 't2': 2.34667, 't3': 98.56294, 'N_anc': 470.68973, 'N_yri': 359.74093, 'N_ooa': 881.39729, 'N_ceu': 289.53872, 'N_chb': 351.38128, 'gr_ceu': 3e-05, 'gr_chb': 3e-05, 'm_yri_ooa': 1e-05, 'm_yri_ceu': 1e-05, 'm_yri_chb': 1e-05, 'm_ceu_chb': 1e-05} -67532.17108644826
 
 
x_up: {'t1': 1.70839, 't2': 2.34667, 't3': 98.56294, 'N_anc': 470.68973, 'N_yri': 359.74093, 'N_ooa': 922.52346, 'N_ceu': 321.52338, 'N_chb': 351.38128, 'gr_ceu': 3e-05, 'gr_chb': 3e-05, 'm_yri_ooa': 1e-05, 'm_yri_ceu': 1e-05, 'm_yri_chb': 1e-05, 'm_ceu_chb': 1e-05} -67535.98155407736
x: {'t1': 1.70839, 't2': 2.34667, 't3': 98.56294, 'N_anc': 470.68973, 'N_yri': 359.74093, 'N_ooa': 922.52346, 'N_ceu': 289.53872, 'N_chb': 351.38128, 'gr_ceu': 3e-05, 'gr_chb': 3e-05, 'm_yri_ooa': 1e-05, 'm_yri_ceu': 1e-05, 'm_yri_chb': 1e-05, 'm_ceu_chb': 1e-05} -67531.31372669995
x_down: {'t1': 1.70839, 't2': 2.34667, 't3': 98.56294, 'N_anc': 470.68973, 'N_yri': 359.74093, 'N_ooa': 922.52346, 'N_ceu': 257.55406, 'N_chb': 351.38128, 'gr_ceu': 3e-05, 'gr_chb': 3e-05, 'm_yri_ooa': 1e-05, 'm_yri_ceu': 1e-05, 'm_yri_chb': 1e-05, 'm_ceu_chb': 1e-05} -67537.26163603493
 
 
x_up: {'t1': 1.70839, 't2': 2.34667, 't3': 98.56294, 'N_anc': 470.68973, 'N_yri': 359.74093, 'N_ooa': 922.52346, 'N_ceu': 289.53872, 'N_chb': 391.15058, 'gr_ceu': 3e-05, 'gr_chb': 3e-05, 'm_yri_ooa': 1e-05, 'm_yri_ceu': 1e-05, 'm_yri_chb': 1e-05, 'm_ceu_chb': 1e-05} -67536.44739718919
x: {'t1': 1.70839, 't2': 2.34667, 't3': 98.56294, 'N_anc': 470.68973, 'N_yri': 359.74093, 'N_ooa': 922.52346, 'N_ceu': 289.53872, 'N_chb': 351.38128, 'gr_ceu': 3e-05, 'gr_chb': 3e-05, 'm_yri_ooa': 1e-05, 'm_yri_ceu': 1e-05, 'm_yri_chb': 1e-05, 'm_ceu_chb': 1e-05} -67531.31372669995
x_down: {'t1': 1.70839, 't2': 2.34667, 't3': 98.56294, 'N_anc': 470.68973, 'N_yri': 359.74093, 'N_ooa': 922.52346, 'N_ceu': 289.53872, 'N_chb': 311.61198, 'gr_ceu': 3e-05, 'gr_chb': 3e-05, 'm_yri_ooa': 1e-05, 'm_yri_ceu': 1e-05, 'm_yri_chb': 1e-05, 'm_ceu_chb': 1e-05} -67537.75711579746
 
 
x_up: {'t1': 1.70839, 't2': 2.34667, 't3': 98.56294, 'N_anc': 470.68973, 'N_yri': 359.74093, 'N_ooa': 922.52346, 'N_ceu': 289.53872, 'N_chb': 351.38128, 'gr_ceu': 5e-05, 'gr_chb': 3e-05, 'm_yri_ooa': 1e-05, 'm_yri_ceu': 1e-05, 'm_yri_chb': 1e-05, 'm_ceu_chb': 1e-05} -67531.314568503
x: {'t1': 1.70839, 't2': 2.34667, 't3': 98.56294, 'N_anc': 470.68973, 'N_yri': 359.74093, 'N_ooa': 922.52346, 'N_ceu': 289.53872, 'N_chb': 351.38128, 'gr_ceu': 3e-05, 'gr_chb': 3e-05, 'm_yri_ooa': 1e-05, 'm_yri_ceu': 1e-05, 'm_yri_chb': 1e-05, 'm_ceu_chb': 1e-05} -67531.31372669995
x_down: {'t1': 1.70839, 't2': 2.34667, 't3': 98.56294, 'N_anc': 470.68973, 'N_yri': 359.74093, 'N_ooa': 922.52346, 'N_ceu': 289.53872, 'N_chb': 351.38128, 'gr_ceu': 2e-05, 'gr_chb': 3e-05, 'm_yri_ooa': 1e-05, 'm_yri_ceu': 1e-05, 'm_yri_chb': 1e-05, 'm_ceu_chb': 1e-05} -67531.3133059736
 
 
x_up: {'t1': 1.70839, 't2': 2.34667, 't3': 98.56294, 'N_anc': 470.68973, 'N_yri': 359.74093, 'N_ooa': 922.52346, 'N_ceu': 289.53872, 'N_chb': 351.38128, 'gr_ceu': 2e-05, 'gr_chb': 5e-05, 'm_yri_ooa': 1e-05, 'm_yri_ceu': 1e-05, 'm_yri_chb': 1e-05, 'm_ceu_chb': 1e-05} -67531.31415974193
x: {'t1': 1.70839, 't2': 2.34667, 't3': 98.56294, 'N_anc': 470.68973, 'N_yri': 359.74093, 'N_ooa': 922.52346, 'N_ceu': 289.53872, 'N_chb': 351.38128, 'gr_ceu': 2e-05, 'gr_chb': 3e-05, 'm_yri_ooa': 1e-05, 'm_yri_ceu': 1e-05, 'm_yri_chb': 1e-05, 'm_ceu_chb': 1e-05} -67531.3133059736
x_down: {'t1': 1.70839, 't2': 2.34667, 't3': 98.56294, 'N_anc': 470.68973, 'N_yri': 359.74093, 'N_ooa': 922.52346, 'N_ceu': 289.53872, 'N_chb': 351.38128, 'gr_ceu': 2e-05, 'gr_chb': 2e-05, 'm_yri_ooa': 1e-05, 'm_yri_ceu': 1e-05, 'm_yri_chb': 1e-05, 'm_ceu_chb': 1e-05} -67531.31287923832
 
 
x_up: {'t1': 1.70839, 't2': 2.34667, 't3': 98.56294, 'N_anc': 470.68973, 'N_yri': 359.74093, 'N_ooa': 922.52346, 'N_ceu': 289.53872, 'N_chb': 351.38128, 'gr_ceu': 2e-05, 'gr_chb': 2e-05, 'm_yri_ooa': 0.0, 'm_yri_ceu': 1e-05, 'm_yri_chb': 1e-05, 'm_ceu_chb': 1e-05} -67532.72079508564
x: {'t1': 1.70839, 't2': 2.34667, 't3': 98.56294, 'N_anc': 470.68973, 'N_yri': 359.74093, 'N_ooa': 922.52346, 'N_ceu': 289.53872, 'N_chb': 351.38128, 'gr_ceu': 2e-05, 'gr_chb': 2e-05, 'm_yri_ooa': 1e-05, 'm_yri_ceu': 1e-05, 'm_yri_chb': 1e-05, 'm_ceu_chb': 1e-05} -67531.31287923832
x_down: {'t1': 1.70839, 't2': 2.34667, 't3': 98.56294, 'N_anc': 470.68973, 'N_yri': 359.74093, 'N_ooa': 922.52346, 'N_ceu': 289.53872, 'N_chb': 351.38128, 'gr_ceu': 2e-05, 'gr_chb': 2e-05, 'm_yri_ooa': 1e-05, 'm_yri_ceu': 1e-05, 'm_yri_chb': 1e-05, 'm_ceu_chb': 1e-05} -67531.31287923832
 
 
x_up: {'t1': 1.70839, 't2': 2.34667, 't3': 98.56294, 'N_anc': 470.68973, 'N_yri': 359.74093, 'N_ooa': 922.52346, 'N_ceu': 289.53872, 'N_chb': 351.38128, 'gr_ceu': 2e-05, 'gr_chb': 2e-05, 'm_yri_ooa': 1e-05, 'm_yri_ceu': 0.0, 'm_yri_chb': 1e-05, 'm_ceu_chb': 1e-05} -67531.31287923918
x: {'t1': 1.70839, 't2': 2.34667, 't3': 98.56294, 'N_anc': 470.68973, 'N_yri': 359.74093, 'N_ooa': 922.52346, 'N_ceu': 289.53872, 'N_chb': 351.38128, 'gr_ceu': 2e-05, 'gr_chb': 2e-05, 'm_yri_ooa': 1e-05, 'm_yri_ceu': 1e-05, 'm_yri_chb': 1e-05, 'm_ceu_chb': 1e-05} -67531.31287923832
x_down: {'t1': 1.70839, 't2': 2.34667, 't3': 98.56294, 'N_anc': 470.68973, 'N_yri': 359.74093, 'N_ooa': 922.52346, 'N_ceu': 289.53872, 'N_chb': 351.38128, 'gr_ceu': 2e-05, 'gr_chb': 2e-05, 'm_yri_ooa': 1e-05, 'm_yri_ceu': 1e-05, 'm_yri_chb': 1e-05, 'm_ceu_chb': 1e-05} -67531.31287923832
 
 
x_up: {'t1': 1.70839, 't2': 2.34667, 't3': 98.56294, 'N_anc': 470.68973, 'N_yri': 359.74093, 'N_ooa': 922.52346, 'N_ceu': 289.53872, 'N_chb': 351.38128, 'gr_ceu': 2e-05, 'gr_chb': 2e-05, 'm_yri_ooa': 1e-05, 'm_yri_ceu': 1e-05, 'm_yri_chb': 0.0, 'm_ceu_chb': 1e-05} -67531.31287923921
x: {'t1': 1.70839, 't2': 2.34667, 't3': 98.56294, 'N_anc': 470.68973, 'N_yri': 359.74093, 'N_ooa': 922.52346, 'N_ceu': 289.53872, 'N_chb': 351.38128, 'gr_ceu': 2e-05, 'gr_chb': 2e-05, 'm_yri_ooa': 1e-05, 'm_yri_ceu': 1e-05, 'm_yri_chb': 1e-05, 'm_ceu_chb': 1e-05} -67531.31287923832
x_down: {'t1': 1.70839, 't2': 2.34667, 't3': 98.56294, 'N_anc': 470.68973, 'N_yri': 359.74093, 'N_ooa': 922.52346, 'N_ceu': 289.53872, 'N_chb': 351.38128, 'gr_ceu': 2e-05, 'gr_chb': 2e-05, 'm_yri_ooa': 1e-05, 'm_yri_ceu': 1e-05, 'm_yri_chb': 1e-05, 'm_ceu_chb': 1e-05} -67531.31287923832
 
 
x_up: {'t1': 1.70839, 't2': 2.34667, 't3': 98.56294, 'N_anc': 470.68973, 'N_yri': 359.74093, 'N_ooa': 922.52346, 'N_ceu': 289.53872, 'N_chb': 351.38128, 'gr_ceu': 2e-05, 'gr_chb': 2e-05, 'm_yri_ooa': 1e-05, 'm_yri_ceu': 1e-05, 'm_yri_chb': 1e-05, 'm_ceu_chb': 0.0} -67531.31287923775
x: {'t1': 1.70839, 't2': 2.34667, 't3': 98.56294, 'N_anc': 470.68973, 'N_yri': 359.74093, 'N_ooa': 922.52346, 'N_ceu': 289.53872, 'N_chb': 351.38128, 'gr_ceu': 2e-05, 'gr_chb': 2e-05, 'm_yri_ooa': 1e-05, 'm_yri_ceu': 1e-05, 'm_yri_chb': 1e-05, 'm_ceu_chb': 1e-05} -67531.31287923832
x_down: {'t1': 1.70839, 't2': 2.34667, 't3': 98.56294, 'N_anc': 470.68973, 'N_yri': 359.74093, 'N_ooa': 922.52346, 'N_ceu': 289.53872, 'N_chb': 351.38128, 'gr_ceu': 2e-05, 'gr_chb': 2e-05, 'm_yri_ooa': 1e-05, 'm_yri_ceu': 1e-05, 'm_yri_chb': 1e-05, 'm_ceu_chb': 1e-05} -67531.31287923832
 
{'t1': 1.70839, 't2': 2.34667, 't3': 98.56294, 'N_anc': 470.68973, 'N_yri': 359.74093, 'N_ooa': 922.52346, 'N_ceu': 289.53872, 'N_chb': 351.38128, 'gr_ceu': 2e-05, 'gr_chb': 2e-05, 'm_yri_ooa': 1e-05, 'm_yri_ceu': 1e-05, 'm_yri_chb': 1e-05, 'm_ceu_chb': 0.0} -67531.31287923775
 
x_up: {'t1': 1.7403, 't2': 2.34667, 't3': 98.56294, 'N_anc': 470.68973, 'N_yri': 359.74093, 'N_ooa': 922.52346, 'N_ceu': 289.53872, 'N_chb': 351.38128, 'gr_ceu': 2e-05, 'gr_chb': 2e-05, 'm_yri_ooa': 1e-05, 'm_yri_ceu': 1e-05, 'm_yri_chb': 1e-05, 'm_ceu_chb': 0.0} -67539.65425075224
x: {'t1': 1.70839, 't2': 2.34667, 't3': 98.56294, 'N_anc': 470.68973, 'N_yri': 359.74093, 'N_ooa': 922.52346, 'N_ceu': 289.53872, 'N_chb': 351.38128, 'gr_ceu': 2e-05, 'gr_chb': 2e-05, 'm_yri_ooa': 1e-05, 'm_yri_ceu': 1e-05, 'm_yri_chb': 1e-05, 'm_ceu_chb': 0.0} -67531.31287923775
x_down: {'t1': 1.67648, 't2': 2.34667, 't3': 98.56294, 'N_anc': 470.68973, 'N_yri': 359.74093, 'N_ooa': 922.52346, 'N_ceu': 289.53872, 'N_chb': 351.38128, 'gr_ceu': 2e-05, 'gr_chb': 2e-05, 'm_yri_ooa': 1e-05, 'm_yri_ceu': 1e-05, 'm_yri_chb': 1e-05, 'm_ceu_chb': 0.0} -67541.77734696132
 
 
x_up: {'t1': 1.70839, 't2': 2.39454, 't3': 98.56294, 'N_anc': 470.68973, 'N_yri': 359.74093, 'N_ooa': 922.52346, 'N_ceu': 289.53872, 'N_chb': 351.38128, 'gr_ceu': 2e-05, 'gr_chb': 2e-05, 'm_yri_ooa': 1e-05, 'm_yri_ceu': 1e-05, 'm_yri_chb': 1e-05, 'm_ceu_chb': 0.0} -67546.12423974494
x: {'t1': 1.70839, 't2': 2.34667, 't3': 98.56294, 'N_anc': 470.68973, 'N_yri': 359.74093, 'N_ooa': 922.52346, 'N_ceu': 289.53872, 'N_chb': 351.38128, 'gr_ceu': 2e-05, 'gr_chb': 2e-05, 'm_yri_ooa': 1e-05, 'm_yri_ceu': 1e-05, 'm_yri_chb': 1e-05, 'm_ceu_chb': 0.0} -67531.31287923775
x_down: {'t1': 1.70839, 't2': 2.2988, 't3': 98.56294, 'N_anc': 470.68973, 'N_yri': 359.74093, 'N_ooa': 922.52346, 'N_ceu': 289.53872, 'N_chb': 351.38128, 'gr_ceu': 2e-05, 'gr_chb': 2e-05, 'm_yri_ooa': 1e-05, 'm_yri_ceu': 1e-05, 'm_yri_chb': 1e-05, 'm_ceu_chb': 0.0} -67558.3196518343
 
 
x_up: {'t1': 1.70839, 't2': 2.34667, 't3': 103.37375, 'N_anc': 470.68973, 'N_yri': 359.74093, 'N_ooa': 922.52346, 'N_ceu': 289.53872, 'N_chb': 351.38128, 'gr_ceu': 2e-05, 'gr_chb': 2e-05, 'm_yri_ooa': 1e-05, 'm_yri_ceu': 1e-05, 'm_yri_chb': 1e-05, 'm_ceu_chb': 0.0} -67535.28832219206
x: {'t1': 1.70839, 't2': 2.34667, 't3': 98.56294, 'N_anc': 470.68973, 'N_yri': 359.74093, 'N_ooa': 922.52346, 'N_ceu': 289.53872, 'N_chb': 351.38128, 'gr_ceu': 2e-05, 'gr_chb': 2e-05, 'm_yri_ooa': 1e-05, 'm_yri_ceu': 1e-05, 'm_yri_chb': 1e-05, 'm_ceu_chb': 0.0} -67531.31287923775
x_down: {'t1': 1.70839, 't2': 2.34667, 't3': 93.75213, 'N_anc': 470.68973, 'N_yri': 359.74093, 'N_ooa': 922.52346, 'N_ceu': 289.53872, 'N_chb': 351.38128, 'gr_ceu': 2e-05, 'gr_chb': 2e-05, 'm_yri_ooa': 1e-05, 'm_yri_ceu': 1e-05, 'm_yri_chb': 1e-05, 'm_ceu_chb': 0.0} -67532.95018789134
 
 
x_up: {'t1': 1.70839, 't2': 2.34667, 't3': 98.56294, 'N_anc': 489.22422, 'N_yri': 359.74093, 'N_ooa': 922.52346, 'N_ceu': 289.53872, 'N_chb': 351.38128, 'gr_ceu': 2e-05, 'gr_chb': 2e-05, 'm_yri_ooa': 1e-05, 'm_yri_ceu': 1e-05, 'm_yri_chb': 1e-05, 'm_ceu_chb': 0.0} -67531.31489407094
x: {'t1': 1.70839, 't2': 2.34667, 't3': 98.56294, 'N_anc': 470.68973, 'N_yri': 359.74093, 'N_ooa': 922.52346, 'N_ceu': 289.53872, 'N_chb': 351.38128, 'gr_ceu': 2e-05, 'gr_chb': 2e-05, 'm_yri_ooa': 1e-05, 'm_yri_ceu': 1e-05, 'm_yri_chb': 1e-05, 'm_ceu_chb': 0.0} -67531.31287923775
x_down: {'t1': 1.70839, 't2': 2.34667, 't3': 98.56294, 'N_anc': 452.15524, 'N_yri': 359.74093, 'N_ooa': 922.52346, 'N_ceu': 289.53872, 'N_chb': 351.38128, 'gr_ceu': 2e-05, 'gr_chb': 2e-05, 'm_yri_ooa': 1e-05, 'm_yri_ceu': 1e-05, 'm_yri_chb': 1e-05, 'm_ceu_chb': 0.0} -67531.59647442824
 
 
x_up: {'t1': 1.70839, 't2': 2.34667, 't3': 98.56294, 'N_anc': 470.68973, 'N_yri': 379.2215, 'N_ooa': 922.52346, 'N_ceu': 289.53872, 'N_chb': 351.38128, 'gr_ceu': 2e-05, 'gr_chb': 2e-05, 'm_yri_ooa': 1e-05, 'm_yri_ceu': 1e-05, 'm_yri_chb': 1e-05, 'm_ceu_chb': 0.0} -67532.43288492436
x: {'t1': 1.70839, 't2': 2.34667, 't3': 98.56294, 'N_anc': 470.68973, 'N_yri': 359.74093, 'N_ooa': 922.52346, 'N_ceu': 289.53872, 'N_chb': 351.38128, 'gr_ceu': 2e-05, 'gr_chb': 2e-05, 'm_yri_ooa': 1e-05, 'm_yri_ceu': 1e-05, 'm_yri_chb': 1e-05, 'm_ceu_chb': 0.0} -67531.31287923775
x_down: {'t1': 1.70839, 't2': 2.34667, 't3': 98.56294, 'N_anc': 470.68973, 'N_yri': 340.26036, 'N_ooa': 922.52346, 'N_ceu': 289.53872, 'N_chb': 351.38128, 'gr_ceu': 2e-05, 'gr_chb': 2e-05, 'm_yri_ooa': 1e-05, 'm_yri_ceu': 1e-05, 'm_yri_chb': 1e-05, 'm_ceu_chb': 0.0} -67541.93763251818
 
 
x_up: {'t1': 1.70839, 't2': 2.34667, 't3': 98.56294, 'N_anc': 470.68973, 'N_yri': 359.74093, 'N_ooa': 963.64963, 'N_ceu': 289.53872, 'N_chb': 351.38128, 'gr_ceu': 2e-05, 'gr_chb': 2e-05, 'm_yri_ooa': 1e-05, 'm_yri_ceu': 1e-05, 'm_yri_chb': 1e-05, 'm_ceu_chb': 0.0} -67549.39225472248
x: {'t1': 1.70839, 't2': 2.34667, 't3': 98.56294, 'N_anc': 470.68973, 'N_yri': 359.74093, 'N_ooa': 922.52346, 'N_ceu': 289.53872, 'N_chb': 351.38128, 'gr_ceu': 2e-05, 'gr_chb': 2e-05, 'm_yri_ooa': 1e-05, 'm_yri_ceu': 1e-05, 'm_yri_chb': 1e-05, 'm_ceu_chb': 0.0} -67531.31287923775
x_down: {'t1': 1.70839, 't2': 2.34667, 't3': 98.56294, 'N_anc': 470.68973, 'N_yri': 359.74093, 'N_ooa': 881.39729, 'N_ceu': 289.53872, 'N_chb': 351.38128, 'gr_ceu': 2e-05, 'gr_chb': 2e-05, 'm_yri_ooa': 1e-05, 'm_yri_ceu': 1e-05, 'm_yri_chb': 1e-05, 'm_ceu_chb': 0.0} -67532.17009593752
 
 
x_up: {'t1': 1.70839, 't2': 2.34667, 't3': 98.56294, 'N_anc': 470.68973, 'N_yri': 359.74093, 'N_ooa': 922.52346, 'N_ceu': 305.53105, 'N_chb': 351.38128, 'gr_ceu': 2e-05, 'gr_chb': 2e-05, 'm_yri_ooa': 1e-05, 'm_yri_ceu': 1e-05, 'm_yri_chb': 1e-05, 'm_ceu_chb': 0.0} -67532.64242488246
x: {'t1': 1.70839, 't2': 2.34667, 't3': 98.56294, 'N_anc': 470.68973, 'N_yri': 359.74093, 'N_ooa': 922.52346, 'N_ceu': 289.53872, 'N_chb': 351.38128, 'gr_ceu': 2e-05, 'gr_chb': 2e-05, 'm_yri_ooa': 1e-05, 'm_yri_ceu': 1e-05, 'm_yri_chb': 1e-05, 'm_ceu_chb': 0.0} -67531.31287923775
x_down: {'t1': 1.70839, 't2': 2.34667, 't3': 98.56294, 'N_anc': 470.68973, 'N_yri': 359.74093, 'N_ooa': 922.52346, 'N_ceu': 273.54639, 'N_chb': 351.38128, 'gr_ceu': 2e-05, 'gr_chb': 2e-05, 'm_yri_ooa': 1e-05, 'm_yri_ceu': 1e-05, 'm_yri_chb': 1e-05, 'm_ceu_chb': 0.0} -67532.51670687908
 
 
x_up: {'t1': 1.70839, 't2': 2.34667, 't3': 98.56294, 'N_anc': 470.68973, 'N_yri': 359.74093, 'N_ooa': 922.52346, 'N_ceu': 289.53872, 'N_chb': 371.26593, 'gr_ceu': 2e-05, 'gr_chb': 2e-05, 'm_yri_ooa': 1e-05, 'm_yri_ceu': 1e-05, 'm_yri_chb': 1e-05, 'm_ceu_chb': 0.0} -67532.56028269739
x: {'t1': 1.70839, 't2': 2.34667, 't3': 98.56294, 'N_anc': 470.68973, 'N_yri': 359.74093, 'N_ooa': 922.52346, 'N_ceu': 289.53872, 'N_chb': 351.38128, 'gr_ceu': 2e-05, 'gr_chb': 2e-05, 'm_yri_ooa': 1e-05, 'm_yri_ceu': 1e-05, 'm_yri_chb': 1e-05, 'm_ceu_chb': 0.0} -67531.31287923775
x_down: {'t1': 1.70839, 't2': 2.34667, 't3': 98.56294, 'N_anc': 470.68973, 'N_yri': 359.74093, 'N_ooa': 922.52346, 'N_ceu': 289.53872, 'N_chb': 331.49663, 'gr_ceu': 2e-05, 'gr_chb': 2e-05, 'm_yri_ooa': 1e-05, 'm_yri_ceu': 1e-05, 'm_yri_chb': 1e-05, 'm_ceu_chb': 0.0} -67533.02775294667
 
 
x_up: {'t1': 1.70839, 't2': 2.34667, 't3': 98.56294, 'N_anc': 470.68973, 'N_yri': 359.74093, 'N_ooa': 922.52346, 'N_ceu': 289.53872, 'N_chb': 351.38128, 'gr_ceu': 3e-05, 'gr_chb': 2e-05, 'm_yri_ooa': 1e-05, 'm_yri_ceu': 1e-05, 'm_yri_chb': 1e-05, 'm_ceu_chb': 0.0} -67531.31329995125
x: {'t1': 1.70839, 't2': 2.34667, 't3': 98.56294, 'N_anc': 470.68973, 'N_yri': 359.74093, 'N_ooa': 922.52346, 'N_ceu': 289.53872, 'N_chb': 351.38128, 'gr_ceu': 2e-05, 'gr_chb': 2e-05, 'm_yri_ooa': 1e-05, 'm_yri_ceu': 1e-05, 'm_yri_chb': 1e-05, 'm_ceu_chb': 0.0} -67531.31287923775
x_down: {'t1': 1.70839, 't2': 2.34667, 't3': 98.56294, 'N_anc': 470.68973, 'N_yri': 359.74093, 'N_ooa': 922.52346, 'N_ceu': 289.53872, 'N_chb': 351.38128, 'gr_ceu': 1e-05, 'gr_chb': 2e-05, 'm_yri_ooa': 1e-05, 'm_yri_ceu': 1e-05, 'm_yri_chb': 1e-05, 'm_ceu_chb': 0.0} -67531.31245866427
 
 
x_up: {'t1': 1.70839, 't2': 2.34667, 't3': 98.56294, 'N_anc': 470.68973, 'N_yri': 359.74093, 'N_ooa': 922.52346, 'N_ceu': 289.53872, 'N_chb': 351.38128, 'gr_ceu': 1e-05, 'gr_chb': 3e-05, 'm_yri_ooa': 1e-05, 'm_yri_ceu': 1e-05, 'm_yri_chb': 1e-05, 'm_ceu_chb': 0.0} -67531.3128853513
x: {'t1': 1.70839, 't2': 2.34667, 't3': 98.56294, 'N_anc': 470.68973, 'N_yri': 359.74093, 'N_ooa': 922.52346, 'N_ceu': 289.53872, 'N_chb': 351.38128, 'gr_ceu': 1e-05, 'gr_chb': 2e-05, 'm_yri_ooa': 1e-05, 'm_yri_ceu': 1e-05, 'm_yri_chb': 1e-05, 'm_ceu_chb': 0.0} -67531.31245866427
x_down: {'t1': 1.70839, 't2': 2.34667, 't3': 98.56294, 'N_anc': 470.68973, 'N_yri': 359.74093, 'N_ooa': 922.52346, 'N_ceu': 289.53872, 'N_chb': 351.38128, 'gr_ceu': 1e-05, 'gr_chb': 1e-05, 'm_yri_ooa': 1e-05, 'm_yri_ceu': 1e-05, 'm_yri_chb': 1e-05, 'm_ceu_chb': 0.0} -67531.31203207129
 
 
x_up: {'t1': 1.70839, 't2': 2.34667, 't3': 98.56294, 'N_anc': 470.68973, 'N_yri': 359.74093, 'N_ooa': 922.52346, 'N_ceu': 289.53872, 'N_chb': 351.38128, 'gr_ceu': 1e-05, 'gr_chb': 1e-05, 'm_yri_ooa': 0.0, 'm_yri_ceu': 1e-05, 'm_yri_chb': 1e-05, 'm_ceu_chb': 0.0} -67532.71988573515
x: {'t1': 1.70839, 't2': 2.34667, 't3': 98.56294, 'N_anc': 470.68973, 'N_yri': 359.74093, 'N_ooa': 922.52346, 'N_ceu': 289.53872, 'N_chb': 351.38128, 'gr_ceu': 1e-05, 'gr_chb': 1e-05, 'm_yri_ooa': 1e-05, 'm_yri_ceu': 1e-05, 'm_yri_chb': 1e-05, 'm_ceu_chb': 0.0} -67531.31203207129
x_down: {'t1': 1.70839, 't2': 2.34667, 't3': 98.56294, 'N_anc': 470.68973, 'N_yri': 359.74093, 'N_ooa': 922.52346, 'N_ceu': 289.53872, 'N_chb': 351.38128, 'gr_ceu': 1e-05, 'gr_chb': 1e-05, 'm_yri_ooa': 1e-05, 'm_yri_ceu': 1e-05, 'm_yri_chb': 1e-05, 'm_ceu_chb': 0.0} -67531.31203207129
 
 
x_up: {'t1': 1.70839, 't2': 2.34667, 't3': 98.56294, 'N_anc': 470.68973, 'N_yri': 359.74093, 'N_ooa': 922.52346, 'N_ceu': 289.53872, 'N_chb': 351.38128, 'gr_ceu': 1e-05, 'gr_chb': 1e-05, 'm_yri_ooa': 1e-05, 'm_yri_ceu': 0.0, 'm_yri_chb': 1e-05, 'm_ceu_chb': 0.0} -67531.31203207234
x: {'t1': 1.70839, 't2': 2.34667, 't3': 98.56294, 'N_anc': 470.68973, 'N_yri': 359.74093, 'N_ooa': 922.52346, 'N_ceu': 289.53872, 'N_chb': 351.38128, 'gr_ceu': 1e-05, 'gr_chb': 1e-05, 'm_yri_ooa': 1e-05, 'm_yri_ceu': 1e-05, 'm_yri_chb': 1e-05, 'm_ceu_chb': 0.0} -67531.31203207129
x_down: {'t1': 1.70839, 't2': 2.34667, 't3': 98.56294, 'N_anc': 470.68973, 'N_yri': 359.74093, 'N_ooa': 922.52346, 'N_ceu': 289.53872, 'N_chb': 351.38128, 'gr_ceu': 1e-05, 'gr_chb': 1e-05, 'm_yri_ooa': 1e-05, 'm_yri_ceu': 1e-05, 'm_yri_chb': 1e-05, 'm_ceu_chb': 0.0} -67531.31203207129
 
 
x_up: {'t1': 1.70839, 't2': 2.34667, 't3': 98.56294, 'N_anc': 470.68973, 'N_yri': 359.74093, 'N_ooa': 922.52346, 'N_ceu': 289.53872, 'N_chb': 351.38128, 'gr_ceu': 1e-05, 'gr_chb': 1e-05, 'm_yri_ooa': 1e-05, 'm_yri_ceu': 1e-05, 'm_yri_chb': 0.0, 'm_ceu_chb': 0.0} -67531.31203207278
x: {'t1': 1.70839, 't2': 2.34667, 't3': 98.56294, 'N_anc': 470.68973, 'N_yri': 359.74093, 'N_ooa': 922.52346, 'N_ceu': 289.53872, 'N_chb': 351.38128, 'gr_ceu': 1e-05, 'gr_chb': 1e-05, 'm_yri_ooa': 1e-05, 'm_yri_ceu': 1e-05, 'm_yri_chb': 1e-05, 'm_ceu_chb': 0.0} -67531.31203207129
x_down: {'t1': 1.70839, 't2': 2.34667, 't3': 98.56294, 'N_anc': 470.68973, 'N_yri': 359.74093, 'N_ooa': 922.52346, 'N_ceu': 289.53872, 'N_chb': 351.38128, 'gr_ceu': 1e-05, 'gr_chb': 1e-05, 'm_yri_ooa': 1e-05, 'm_yri_ceu': 1e-05, 'm_yri_chb': 1e-05, 'm_ceu_chb': 0.0} -67531.31203207129
 
 
x_up: {'t1': 1.70839, 't2': 2.34667, 't3': 98.56294, 'N_anc': 470.68973, 'N_yri': 359.74093, 'N_ooa': 922.52346, 'N_ceu': 289.53872, 'N_chb': 351.38128, 'gr_ceu': 1e-05, 'gr_chb': 1e-05, 'm_yri_ooa': 1e-05, 'm_yri_ceu': 1e-05, 'm_yri_chb': 1e-05, 'm_ceu_chb': 0.0} -67531.31203207129
x: {'t1': 1.70839, 't2': 2.34667, 't3': 98.56294, 'N_anc': 470.68973, 'N_yri': 359.74093, 'N_ooa': 922.52346, 'N_ceu': 289.53872, 'N_chb': 351.38128, 'gr_ceu': 1e-05, 'gr_chb': 1e-05, 'm_yri_ooa': 1e-05, 'm_yri_ceu': 1e-05, 'm_yri_chb': 1e-05, 'm_ceu_chb': 0.0} -67531.31203207129
x_down: {'t1': 1.70839, 't2': 2.34667, 't3': 98.56294, 'N_anc': 470.68973, 'N_yri': 359.74093, 'N_ooa': 922.52346, 'N_ceu': 289.53872, 'N_chb': 351.38128, 'gr_ceu': 1e-05, 'gr_chb': 1e-05, 'm_yri_ooa': 1e-05, 'm_yri_ceu': 1e-05, 'm_yri_chb': 1e-05, 'm_ceu_chb': 1e-05} -67531.31203207196
 
{'t1': 1.70839, 't2': 2.34667, 't3': 98.56294, 'N_anc': 470.68973, 'N_yri': 359.74093, 'N_ooa': 922.52346, 'N_ceu': 289.53872, 'N_chb': 351.38128, 'gr_ceu': 1e-05, 'gr_chb': 1e-05, 'm_yri_ooa': 1e-05, 'm_yri_ceu': 1e-05, 'm_yri_chb': 1e-05, 'm_ceu_chb': 0.0} -67531.31203207129
 
x_up: {'t1': 1.7403, 't2': 2.34667, 't3': 98.56294, 'N_anc': 470.68973, 'N_yri': 359.74093, 'N_ooa': 922.52346, 'N_ceu': 289.53872, 'N_chb': 351.38128, 'gr_ceu': 1e-05, 'gr_chb': 1e-05, 'm_yri_ooa': 1e-05, 'm_yri_ceu': 1e-05, 'm_yri_chb': 1e-05, 'm_ceu_chb': 0.0} -67539.65348316776
x: {'t1': 1.70839, 't2': 2.34667, 't3': 98.56294, 'N_anc': 470.68973, 'N_yri': 359.74093, 'N_ooa': 922.52346, 'N_ceu': 289.53872, 'N_chb': 351.38128, 'gr_ceu': 1e-05, 'gr_chb': 1e-05, 'm_yri_ooa': 1e-05, 'm_yri_ceu': 1e-05, 'm_yri_chb': 1e-05, 'm_ceu_chb': 0.0} -67531.31203207129
x_down: {'t1': 1.67648, 't2': 2.34667, 't3': 98.56294, 'N_anc': 470.68973, 'N_yri': 359.74093, 'N_ooa': 922.52346, 'N_ceu': 289.53872, 'N_chb': 351.38128, 'gr_ceu': 1e-05, 'gr_chb': 1e-05, 'm_yri_ooa': 1e-05, 'm_yri_ceu': 1e-05, 'm_yri_chb': 1e-05, 'm_ceu_chb': 0.0} -67541.7763794086
 
 
x_up: {'t1': 1.70839, 't2': 2.37858, 't3': 98.56294, 'N_anc': 470.68973, 'N_yri': 359.74093, 'N_ooa': 922.52346, 'N_ceu': 289.53872, 'N_chb': 351.38128, 'gr_ceu': 1e-05, 'gr_chb': 1e-05, 'm_yri_ooa': 1e-05, 'm_yri_ceu': 1e-05, 'm_yri_chb': 1e-05, 'm_ceu_chb': 0.0} -67541.1457044399
x: {'t1': 1.70839, 't2': 2.34667, 't3': 98.56294, 'N_anc': 470.68973, 'N_yri': 359.74093, 'N_ooa': 922.52346, 'N_ceu': 289.53872, 'N_chb': 351.38128, 'gr_ceu': 1e-05, 'gr_chb': 1e-05, 'm_yri_ooa': 1e-05, 'm_yri_ceu': 1e-05, 'm_yri_chb': 1e-05, 'm_ceu_chb': 0.0} -67531.31203207129
x_down: {'t1': 1.70839, 't2': 2.31476, 't3': 98.56294, 'N_anc': 470.68973, 'N_yri': 359.74093, 'N_ooa': 922.52346, 'N_ceu': 289.53872, 'N_chb': 351.38128, 'gr_ceu': 1e-05, 'gr_chb': 1e-05, 'm_yri_ooa': 1e-05, 'm_yri_ceu': 1e-05, 'm_yri_chb': 1e-05, 'm_ceu_chb': 0.0} -67541.72095838754
 
 
x_up: {'t1': 1.70839, 't2': 2.34667, 't3': 103.37375, 'N_anc': 470.68973, 'N_yri': 359.74093, 'N_ooa': 922.52346, 'N_ceu': 289.53872, 'N_chb': 351.38128, 'gr_ceu': 1e-05, 'gr_chb': 1e-05, 'm_yri_ooa': 1e-05, 'm_yri_ceu': 1e-05, 'm_yri_chb': 1e-05, 'm_ceu_chb': 0.0} -67535.2874750256
x: {'t1': 1.70839, 't2': 2.34667, 't3': 98.56294, 'N_anc': 470.68973, 'N_yri': 359.74093, 'N_ooa': 922.52346, 'N_ceu': 289.53872, 'N_chb': 351.38128, 'gr_ceu': 1e-05, 'gr_chb': 1e-05, 'm_yri_ooa': 1e-05, 'm_yri_ceu': 1e-05, 'm_yri_chb': 1e-05, 'm_ceu_chb': 0.0} -67531.31203207129
x_down: {'t1': 1.70839, 't2': 2.34667, 't3': 93.75213, 'N_anc': 470.68973, 'N_yri': 359.74093, 'N_ooa': 922.52346, 'N_ceu': 289.53872, 'N_chb': 351.38128, 'gr_ceu': 1e-05, 'gr_chb': 1e-05, 'm_yri_ooa': 1e-05, 'm_yri_ceu': 1e-05, 'm_yri_chb': 1e-05, 'm_ceu_chb': 0.0} -67532.9493407249
 
 
x_up: {'t1': 1.70839, 't2': 2.34667, 't3': 98.56294, 'N_anc': 489.22422, 'N_yri': 359.74093, 'N_ooa': 922.52346, 'N_ceu': 289.53872, 'N_chb': 351.38128, 'gr_ceu': 1e-05, 'gr_chb': 1e-05, 'm_yri_ooa': 1e-05, 'm_yri_ceu': 1e-05, 'm_yri_chb': 1e-05, 'm_ceu_chb': 0.0} -67531.31404690447
x: {'t1': 1.70839, 't2': 2.34667, 't3': 98.56294, 'N_anc': 470.68973, 'N_yri': 359.74093, 'N_ooa': 922.52346, 'N_ceu': 289.53872, 'N_chb': 351.38128, 'gr_ceu': 1e-05, 'gr_chb': 1e-05, 'm_yri_ooa': 1e-05, 'm_yri_ceu': 1e-05, 'm_yri_chb': 1e-05, 'm_ceu_chb': 0.0} -67531.31203207129
x_down: {'t1': 1.70839, 't2': 2.34667, 't3': 98.56294, 'N_anc': 452.15524, 'N_yri': 359.74093, 'N_ooa': 922.52346, 'N_ceu': 289.53872, 'N_chb': 351.38128, 'gr_ceu': 1e-05, 'gr_chb': 1e-05, 'm_yri_ooa': 1e-05, 'm_yri_ceu': 1e-05, 'm_yri_chb': 1e-05, 'm_ceu_chb': 0.0} -67531.59562726178
 
 
x_up: {'t1': 1.70839, 't2': 2.34667, 't3': 98.56294, 'N_anc': 470.68973, 'N_yri': 372.72798, 'N_ooa': 922.52346, 'N_ceu': 289.53872, 'N_chb': 351.38128, 'gr_ceu': 1e-05, 'gr_chb': 1e-05, 'm_yri_ooa': 1e-05, 'm_yri_ceu': 1e-05, 'm_yri_chb': 1e-05, 'm_ceu_chb': 0.0} -67533.37920274533
x: {'t1': 1.70839, 't2': 2.34667, 't3': 98.56294, 'N_anc': 470.68973, 'N_yri': 359.74093, 'N_ooa': 922.52346, 'N_ceu': 289.53872, 'N_chb': 351.38128, 'gr_ceu': 1e-05, 'gr_chb': 1e-05, 'm_yri_ooa': 1e-05, 'm_yri_ceu': 1e-05, 'm_yri_chb': 1e-05, 'm_ceu_chb': 0.0} -67531.31203207129
x_down: {'t1': 1.70839, 't2': 2.34667, 't3': 98.56294, 'N_anc': 470.68973, 'N_yri': 346.75388, 'N_ooa': 922.52346, 'N_ceu': 289.53872, 'N_chb': 351.38128, 'gr_ceu': 1e-05, 'gr_chb': 1e-05, 'm_yri_ooa': 1e-05, 'm_yri_ceu': 1e-05, 'm_yri_chb': 1e-05, 'm_ceu_chb': 0.0} -67540.32057791231
 
 
x_up: {'t1': 1.70839, 't2': 2.34667, 't3': 98.56294, 'N_anc': 470.68973, 'N_yri': 359.74093, 'N_ooa': 963.64963, 'N_ceu': 289.53872, 'N_chb': 351.38128, 'gr_ceu': 1e-05, 'gr_chb': 1e-05, 'm_yri_ooa': 1e-05, 'm_yri_ceu': 1e-05, 'm_yri_chb': 1e-05, 'm_ceu_chb': 0.0} -67549.39098351219
x: {'t1': 1.70839, 't2': 2.34667, 't3': 98.56294, 'N_anc': 470.68973, 'N_yri': 359.74093, 'N_ooa': 922.52346, 'N_ceu': 289.53872, 'N_chb': 351.38128, 'gr_ceu': 1e-05, 'gr_chb': 1e-05, 'm_yri_ooa': 1e-05, 'm_yri_ceu': 1e-05, 'm_yri_chb': 1e-05, 'm_ceu_chb': 0.0} -67531.31203207129
x_down: {'t1': 1.70839, 't2': 2.34667, 't3': 98.56294, 'N_anc': 470.68973, 'N_yri': 359.74093, 'N_ooa': 881.39729, 'N_ceu': 289.53872, 'N_chb': 351.38128, 'gr_ceu': 1e-05, 'gr_chb': 1e-05, 'm_yri_ooa': 1e-05, 'm_yri_ceu': 1e-05, 'm_yri_chb': 1e-05, 'm_ceu_chb': 0.0} -67532.16910571248
 
 
x_up: {'t1': 1.70839, 't2': 2.34667, 't3': 98.56294, 'N_anc': 470.68973, 'N_yri': 359.74093, 'N_ooa': 922.52346, 'N_ceu': 299.01566, 'N_chb': 351.38128, 'gr_ceu': 1e-05, 'gr_chb': 1e-05, 'm_yri_ooa': 1e-05, 'm_yri_ceu': 1e-05, 'm_yri_chb': 1e-05, 'm_ceu_chb': 0.0} -67531.82659719742
x: {'t1': 1.70839, 't2': 2.34667, 't3': 98.56294, 'N_anc': 470.68973, 'N_yri': 359.74093, 'N_ooa': 922.52346, 'N_ceu': 289.53872, 'N_chb': 351.38128, 'gr_ceu': 1e-05, 'gr_chb': 1e-05, 'm_yri_ooa': 1e-05, 'm_yri_ceu': 1e-05, 'm_yri_chb': 1e-05, 'm_ceu_chb': 0.0} -67531.31203207129
x_down: {'t1': 1.70839, 't2': 2.34667, 't3': 98.56294, 'N_anc': 470.68973, 'N_yri': 359.74093, 'N_ooa': 922.52346, 'N_ceu': 280.06178, 'N_chb': 351.38128, 'gr_ceu': 1e-05, 'gr_chb': 1e-05, 'm_yri_ooa': 1e-05, 'm_yri_ceu': 1e-05, 'm_yri_chb': 1e-05, 'm_ceu_chb': 0.0} -67531.67886655618
 
 
x_up: {'t1': 1.70839, 't2': 2.34667, 't3': 98.56294, 'N_anc': 470.68973, 'N_yri': 359.74093, 'N_ooa': 922.52346, 'N_ceu': 289.53872, 'N_chb': 363.95034, 'gr_ceu': 1e-05, 'gr_chb': 1e-05, 'm_yri_ooa': 1e-05, 'm_yri_ceu': 1e-05, 'm_yri_chb': 1e-05, 'm_ceu_chb': 0.0} -67531.77420669854
x: {'t1': 1.70839, 't2': 2.34667, 't3': 98.56294, 'N_anc': 470.68973, 'N_yri': 359.74093, 'N_ooa': 922.52346, 'N_ceu': 289.53872, 'N_chb': 351.38128, 'gr_ceu': 1e-05, 'gr_chb': 1e-05, 'm_yri_ooa': 1e-05, 'm_yri_ceu': 1e-05, 'm_yri_chb': 1e-05, 'm_ceu_chb': 0.0} -67531.31203207129
x_down: {'t1': 1.70839, 't2': 2.34667, 't3': 98.56294, 'N_anc': 470.68973, 'N_yri': 359.74093, 'N_ooa': 922.52346, 'N_ceu': 289.53872, 'N_chb': 338.81222, 'gr_ceu': 1e-05, 'gr_chb': 1e-05, 'm_yri_ooa': 1e-05, 'm_yri_ceu': 1e-05, 'm_yri_chb': 1e-05, 'm_ceu_chb': 0.0} -67532.03853336464
 
 
x_up: {'t1': 1.70839, 't2': 2.34667, 't3': 98.56294, 'N_anc': 470.68973, 'N_yri': 359.74093, 'N_ooa': 922.52346, 'N_ceu': 289.53872, 'N_chb': 351.38128, 'gr_ceu': 2e-05, 'gr_chb': 1e-05, 'm_yri_ooa': 1e-05, 'm_yri_ceu': 1e-05, 'm_yri_chb': 1e-05, 'm_ceu_chb': 0.0} -67531.31245263289
x: {'t1': 1.70839, 't2': 2.34667, 't3': 98.56294, 'N_anc': 470.68973, 'N_yri': 359.74093, 'N_ooa': 922.52346, 'N_ceu': 289.53872, 'N_chb': 351.38128, 'gr_ceu': 1e-05, 'gr_chb': 1e-05, 'm_yri_ooa': 1e-05, 'm_yri_ceu': 1e-05, 'm_yri_chb': 1e-05, 'm_ceu_chb': 0.0} -67531.31203207129
x_down: {'t1': 1.70839, 't2': 2.34667, 't3': 98.56294, 'N_anc': 470.68973, 'N_yri': 359.74093, 'N_ooa': 922.52346, 'N_ceu': 289.53872, 'N_chb': 351.38128, 'gr_ceu': 1e-05, 'gr_chb': 1e-05, 'm_yri_ooa': 1e-05, 'm_yri_ceu': 1e-05, 'm_yri_chb': 1e-05, 'm_ceu_chb': 0.0} -67531.31203207129
 
 
x_up: {'t1': 1.70839, 't2': 2.34667, 't3': 98.56294, 'N_anc': 470.68973, 'N_yri': 359.74093, 'N_ooa': 922.52346, 'N_ceu': 289.53872, 'N_chb': 351.38128, 'gr_ceu': 1e-05, 'gr_chb': 2e-05, 'm_yri_ooa': 1e-05, 'm_yri_ceu': 1e-05, 'm_yri_chb': 1e-05, 'm_ceu_chb': 0.0} -67531.31245866427
x: {'t1': 1.70839, 't2': 2.34667, 't3': 98.56294, 'N_anc': 470.68973, 'N_yri': 359.74093, 'N_ooa': 922.52346, 'N_ceu': 289.53872, 'N_chb': 351.38128, 'gr_ceu': 1e-05, 'gr_chb': 1e-05, 'm_yri_ooa': 1e-05, 'm_yri_ceu': 1e-05, 'm_yri_chb': 1e-05, 'm_ceu_chb': 0.0} -67531.31203207129
x_down: {'t1': 1.70839, 't2': 2.34667, 't3': 98.56294, 'N_anc': 470.68973, 'N_yri': 359.74093, 'N_ooa': 922.52346, 'N_ceu': 289.53872, 'N_chb': 351.38128, 'gr_ceu': 1e-05, 'gr_chb': 1e-05, 'm_yri_ooa': 1e-05, 'm_yri_ceu': 1e-05, 'm_yri_chb': 1e-05, 'm_ceu_chb': 0.0} -67531.31203207129
 
 
x_up: {'t1': 1.70839, 't2': 2.34667, 't3': 98.56294, 'N_anc': 470.68973, 'N_yri': 359.74093, 'N_ooa': 922.52346, 'N_ceu': 289.53872, 'N_chb': 351.38128, 'gr_ceu': 1e-05, 'gr_chb': 1e-05, 'm_yri_ooa': 0.0, 'm_yri_ceu': 1e-05, 'm_yri_chb': 1e-05, 'm_ceu_chb': 0.0} -67532.71988573515
x: {'t1': 1.70839, 't2': 2.34667, 't3': 98.56294, 'N_anc': 470.68973, 'N_yri': 359.74093, 'N_ooa': 922.52346, 'N_ceu': 289.53872, 'N_chb': 351.38128, 'gr_ceu': 1e-05, 'gr_chb': 1e-05, 'm_yri_ooa': 1e-05, 'm_yri_ceu': 1e-05, 'm_yri_chb': 1e-05, 'm_ceu_chb': 0.0} -67531.31203207129
x_down: {'t1': 1.70839, 't2': 2.34667, 't3': 98.56294, 'N_anc': 470.68973, 'N_yri': 359.74093, 'N_ooa': 922.52346, 'N_ceu': 289.53872, 'N_chb': 351.38128, 'gr_ceu': 1e-05, 'gr_chb': 1e-05, 'm_yri_ooa': 1e-05, 'm_yri_ceu': 1e-05, 'm_yri_chb': 1e-05, 'm_ceu_chb': 0.0} -67531.31203207129
 
 
x_up: {'t1': 1.70839, 't2': 2.34667, 't3': 98.56294, 'N_anc': 470.68973, 'N_yri': 359.74093, 'N_ooa': 922.52346, 'N_ceu': 289.53872, 'N_chb': 351.38128, 'gr_ceu': 1e-05, 'gr_chb': 1e-05, 'm_yri_ooa': 1e-05, 'm_yri_ceu': 0.0, 'm_yri_chb': 1e-05, 'm_ceu_chb': 0.0} -67531.31203207234
x: {'t1': 1.70839, 't2': 2.34667, 't3': 98.56294, 'N_anc': 470.68973, 'N_yri': 359.74093, 'N_ooa': 922.52346, 'N_ceu': 289.53872, 'N_chb': 351.38128, 'gr_ceu': 1e-05, 'gr_chb': 1e-05, 'm_yri_ooa': 1e-05, 'm_yri_ceu': 1e-05, 'm_yri_chb': 1e-05, 'm_ceu_chb': 0.0} -67531.31203207129
x_down: {'t1': 1.70839, 't2': 2.34667, 't3': 98.56294, 'N_anc': 470.68973, 'N_yri': 359.74093, 'N_ooa': 922.52346, 'N_ceu': 289.53872, 'N_chb': 351.38128, 'gr_ceu': 1e-05, 'gr_chb': 1e-05, 'm_yri_ooa': 1e-05, 'm_yri_ceu': 1e-05, 'm_yri_chb': 1e-05, 'm_ceu_chb': 0.0} -67531.31203207129
 
 
x_up: {'t1': 1.70839, 't2': 2.34667, 't3': 98.56294, 'N_anc': 470.68973, 'N_yri': 359.74093, 'N_ooa': 922.52346, 'N_ceu': 289.53872, 'N_chb': 351.38128, 'gr_ceu': 1e-05, 'gr_chb': 1e-05, 'm_yri_ooa': 1e-05, 'm_yri_ceu': 1e-05, 'm_yri_chb': 0.0, 'm_ceu_chb': 0.0} -67531.31203207278
x: {'t1': 1.70839, 't2': 2.34667, 't3': 98.56294, 'N_anc': 470.68973, 'N_yri': 359.74093, 'N_ooa': 922.52346, 'N_ceu': 289.53872, 'N_chb': 351.38128, 'gr_ceu': 1e-05, 'gr_chb': 1e-05, 'm_yri_ooa': 1e-05, 'm_yri_ceu': 1e-05, 'm_yri_chb': 1e-05, 'm_ceu_chb': 0.0} -67531.31203207129
x_down: {'t1': 1.70839, 't2': 2.34667, 't3': 98.56294, 'N_anc': 470.68973, 'N_yri': 359.74093, 'N_ooa': 922.52346, 'N_ceu': 289.53872, 'N_chb': 351.38128, 'gr_ceu': 1e-05, 'gr_chb': 1e-05, 'm_yri_ooa': 1e-05, 'm_yri_ceu': 1e-05, 'm_yri_chb': 1e-05, 'm_ceu_chb': 0.0} -67531.31203207129
 
 
x_up: {'t1': 1.70839, 't2': 2.34667, 't3': 98.56294, 'N_anc': 470.68973, 'N_yri': 359.74093, 'N_ooa': 922.52346, 'N_ceu': 289.53872, 'N_chb': 351.38128, 'gr_ceu': 1e-05, 'gr_chb': 1e-05, 'm_yri_ooa': 1e-05, 'm_yri_ceu': 1e-05, 'm_yri_chb': 1e-05, 'm_ceu_chb': 0.0} -67531.31203207129
x: {'t1': 1.70839, 't2': 2.34667, 't3': 98.56294, 'N_anc': 470.68973, 'N_yri': 359.74093, 'N_ooa': 922.52346, 'N_ceu': 289.53872, 'N_chb': 351.38128, 'gr_ceu': 1e-05, 'gr_chb': 1e-05, 'm_yri_ooa': 1e-05, 'm_yri_ceu': 1e-05, 'm_yri_chb': 1e-05, 'm_ceu_chb': 0.0} -67531.31203207129
x_down: {'t1': 1.70839, 't2': 2.34667, 't3': 98.56294, 'N_anc': 470.68973, 'N_yri': 359.74093, 'N_ooa': 922.52346, 'N_ceu': 289.53872, 'N_chb': 351.38128, 'gr_ceu': 1e-05, 'gr_chb': 1e-05, 'm_yri_ooa': 1e-05, 'm_yri_ceu': 1e-05, 'm_yri_chb': 1e-05, 'm_ceu_chb': 1e-05} -67531.31203207196
 
{'t1': 1.70839, 't2': 2.34667, 't3': 98.56294, 'N_anc': 470.68973, 'N_yri': 359.74093, 'N_ooa': 922.52346, 'N_ceu': 289.53872, 'N_chb': 351.38128, 'gr_ceu': 1e-05, 'gr_chb': 1e-05, 'm_yri_ooa': 1e-05, 'm_yri_ceu': 1e-05, 'm_yri_chb': 1e-05, 'm_ceu_chb': 0.0} -67531.31203207129
 
x_up: {'t1': 1.7403, 't2': 2.34667, 't3': 98.56294, 'N_anc': 470.68973, 'N_yri': 359.74093, 'N_ooa': 922.52346, 'N_ceu': 289.53872, 'N_chb': 351.38128, 'gr_ceu': 1e-05, 'gr_chb': 1e-05, 'm_yri_ooa': 1e-05, 'm_yri_ceu': 1e-05, 'm_yri_chb': 1e-05, 'm_ceu_chb': 0.0} -67539.65348316776
x: {'t1': 1.70839, 't2': 2.34667, 't3': 98.56294, 'N_anc': 470.68973, 'N_yri': 359.74093, 'N_ooa': 922.52346, 'N_ceu': 289.53872, 'N_chb': 351.38128, 'gr_ceu': 1e-05, 'gr_chb': 1e-05, 'm_yri_ooa': 1e-05, 'm_yri_ceu': 1e-05, 'm_yri_chb': 1e-05, 'm_ceu_chb': 0.0} -67531.31203207129
x_down: {'t1': 1.67648, 't2': 2.34667, 't3': 98.56294, 'N_anc': 470.68973, 'N_yri': 359.74093, 'N_ooa': 922.52346, 'N_ceu': 289.53872, 'N_chb': 351.38128, 'gr_ceu': 1e-05, 'gr_chb': 1e-05, 'm_yri_ooa': 1e-05, 'm_yri_ceu': 1e-05, 'm_yri_chb': 1e-05, 'm_ceu_chb': 0.0} -67541.7763794086
 
 
x_up: {'t1': 1.70839, 't2': 2.37858, 't3': 98.56294, 'N_anc': 470.68973, 'N_yri': 359.74093, 'N_ooa': 922.52346, 'N_ceu': 289.53872, 'N_chb': 351.38128, 'gr_ceu': 1e-05, 'gr_chb': 1e-05, 'm_yri_ooa': 1e-05, 'm_yri_ceu': 1e-05, 'm_yri_chb': 1e-05, 'm_ceu_chb': 0.0} -67541.1457044399
x: {'t1': 1.70839, 't2': 2.34667, 't3': 98.56294, 'N_anc': 470.68973, 'N_yri': 359.74093, 'N_ooa': 922.52346, 'N_ceu': 289.53872, 'N_chb': 351.38128, 'gr_ceu': 1e-05, 'gr_chb': 1e-05, 'm_yri_ooa': 1e-05, 'm_yri_ceu': 1e-05, 'm_yri_chb': 1e-05, 'm_ceu_chb': 0.0} -67531.31203207129
x_down: {'t1': 1.70839, 't2': 2.31476, 't3': 98.56294, 'N_anc': 470.68973, 'N_yri': 359.74093, 'N_ooa': 922.52346, 'N_ceu': 289.53872, 'N_chb': 351.38128, 'gr_ceu': 1e-05, 'gr_chb': 1e-05, 'm_yri_ooa': 1e-05, 'm_yri_ceu': 1e-05, 'm_yri_chb': 1e-05, 'm_ceu_chb': 0.0} -67541.72095838754
 
 
x_up: {'t1': 1.70839, 't2': 2.34667, 't3': 103.37375, 'N_anc': 470.68973, 'N_yri': 359.74093, 'N_ooa': 922.52346, 'N_ceu': 289.53872, 'N_chb': 351.38128, 'gr_ceu': 1e-05, 'gr_chb': 1e-05, 'm_yri_ooa': 1e-05, 'm_yri_ceu': 1e-05, 'm_yri_chb': 1e-05, 'm_ceu_chb': 0.0} -67535.2874750256
x: {'t1': 1.70839, 't2': 2.34667, 't3': 98.56294, 'N_anc': 470.68973, 'N_yri': 359.74093, 'N_ooa': 922.52346, 'N_ceu': 289.53872, 'N_chb': 351.38128, 'gr_ceu': 1e-05, 'gr_chb': 1e-05, 'm_yri_ooa': 1e-05, 'm_yri_ceu': 1e-05, 'm_yri_chb': 1e-05, 'm_ceu_chb': 0.0} -67531.31203207129
x_down: {'t1': 1.70839, 't2': 2.34667, 't3': 93.75213, 'N_anc': 470.68973, 'N_yri': 359.74093, 'N_ooa': 922.52346, 'N_ceu': 289.53872, 'N_chb': 351.38128, 'gr_ceu': 1e-05, 'gr_chb': 1e-05, 'm_yri_ooa': 1e-05, 'm_yri_ceu': 1e-05, 'm_yri_chb': 1e-05, 'm_ceu_chb': 0.0} -67532.9493407249
 
 
x_up: {'t1': 1.70839, 't2': 2.34667, 't3': 98.56294, 'N_anc': 489.22422, 'N_yri': 359.74093, 'N_ooa': 922.52346, 'N_ceu': 289.53872, 'N_chb': 351.38128, 'gr_ceu': 1e-05, 'gr_chb': 1e-05, 'm_yri_ooa': 1e-05, 'm_yri_ceu': 1e-05, 'm_yri_chb': 1e-05, 'm_ceu_chb': 0.0} -67531.31404690447
x: {'t1': 1.70839, 't2': 2.34667, 't3': 98.56294, 'N_anc': 470.68973, 'N_yri': 359.74093, 'N_ooa': 922.52346, 'N_ceu': 289.53872, 'N_chb': 351.38128, 'gr_ceu': 1e-05, 'gr_chb': 1e-05, 'm_yri_ooa': 1e-05, 'm_yri_ceu': 1e-05, 'm_yri_chb': 1e-05, 'm_ceu_chb': 0.0} -67531.31203207129
x_down: {'t1': 1.70839, 't2': 2.34667, 't3': 98.56294, 'N_anc': 452.15524, 'N_yri': 359.74093, 'N_ooa': 922.52346, 'N_ceu': 289.53872, 'N_chb': 351.38128, 'gr_ceu': 1e-05, 'gr_chb': 1e-05, 'm_yri_ooa': 1e-05, 'm_yri_ceu': 1e-05, 'm_yri_chb': 1e-05, 'm_ceu_chb': 0.0} -67531.59562726178
 
 
x_up: {'t1': 1.70839, 't2': 2.34667, 't3': 98.56294, 'N_anc': 470.68973, 'N_yri': 372.72798, 'N_ooa': 922.52346, 'N_ceu': 289.53872, 'N_chb': 351.38128, 'gr_ceu': 1e-05, 'gr_chb': 1e-05, 'm_yri_ooa': 1e-05, 'm_yri_ceu': 1e-05, 'm_yri_chb': 1e-05, 'm_ceu_chb': 0.0} -67533.37920274533
x: {'t1': 1.70839, 't2': 2.34667, 't3': 98.56294, 'N_anc': 470.68973, 'N_yri': 359.74093, 'N_ooa': 922.52346, 'N_ceu': 289.53872, 'N_chb': 351.38128, 'gr_ceu': 1e-05, 'gr_chb': 1e-05, 'm_yri_ooa': 1e-05, 'm_yri_ceu': 1e-05, 'm_yri_chb': 1e-05, 'm_ceu_chb': 0.0} -67531.31203207129
x_down: {'t1': 1.70839, 't2': 2.34667, 't3': 98.56294, 'N_anc': 470.68973, 'N_yri': 346.75388, 'N_ooa': 922.52346, 'N_ceu': 289.53872, 'N_chb': 351.38128, 'gr_ceu': 1e-05, 'gr_chb': 1e-05, 'm_yri_ooa': 1e-05, 'm_yri_ceu': 1e-05, 'm_yri_chb': 1e-05, 'm_ceu_chb': 0.0} -67540.32057791231
 
 
x_up: {'t1': 1.70839, 't2': 2.34667, 't3': 98.56294, 'N_anc': 470.68973, 'N_yri': 359.74093, 'N_ooa': 963.64963, 'N_ceu': 289.53872, 'N_chb': 351.38128, 'gr_ceu': 1e-05, 'gr_chb': 1e-05, 'm_yri_ooa': 1e-05, 'm_yri_ceu': 1e-05, 'm_yri_chb': 1e-05, 'm_ceu_chb': 0.0} -67549.39098351219
x: {'t1': 1.70839, 't2': 2.34667, 't3': 98.56294, 'N_anc': 470.68973, 'N_yri': 359.74093, 'N_ooa': 922.52346, 'N_ceu': 289.53872, 'N_chb': 351.38128, 'gr_ceu': 1e-05, 'gr_chb': 1e-05, 'm_yri_ooa': 1e-05, 'm_yri_ceu': 1e-05, 'm_yri_chb': 1e-05, 'm_ceu_chb': 0.0} -67531.31203207129
x_down: {'t1': 1.70839, 't2': 2.34667, 't3': 98.56294, 'N_anc': 470.68973, 'N_yri': 359.74093, 'N_ooa': 881.39729, 'N_ceu': 289.53872, 'N_chb': 351.38128, 'gr_ceu': 1e-05, 'gr_chb': 1e-05, 'm_yri_ooa': 1e-05, 'm_yri_ceu': 1e-05, 'm_yri_chb': 1e-05, 'm_ceu_chb': 0.0} -67532.16910571248
 
 
x_up: {'t1': 1.70839, 't2': 2.34667, 't3': 98.56294, 'N_anc': 470.68973, 'N_yri': 359.74093, 'N_ooa': 922.52346, 'N_ceu': 299.01566, 'N_chb': 351.38128, 'gr_ceu': 1e-05, 'gr_chb': 1e-05, 'm_yri_ooa': 1e-05, 'm_yri_ceu': 1e-05, 'm_yri_chb': 1e-05, 'm_ceu_chb': 0.0} -67531.82659719742
x: {'t1': 1.70839, 't2': 2.34667, 't3': 98.56294, 'N_anc': 470.68973, 'N_yri': 359.74093, 'N_ooa': 922.52346, 'N_ceu': 289.53872, 'N_chb': 351.38128, 'gr_ceu': 1e-05, 'gr_chb': 1e-05, 'm_yri_ooa': 1e-05, 'm_yri_ceu': 1e-05, 'm_yri_chb': 1e-05, 'm_ceu_chb': 0.0} -67531.31203207129
x_down: {'t1': 1.70839, 't2': 2.34667, 't3': 98.56294, 'N_anc': 470.68973, 'N_yri': 359.74093, 'N_ooa': 922.52346, 'N_ceu': 280.06178, 'N_chb': 351.38128, 'gr_ceu': 1e-05, 'gr_chb': 1e-05, 'm_yri_ooa': 1e-05, 'm_yri_ceu': 1e-05, 'm_yri_chb': 1e-05, 'm_ceu_chb': 0.0} -67531.67886655618
 
 
x_up: {'t1': 1.70839, 't2': 2.34667, 't3': 98.56294, 'N_anc': 470.68973, 'N_yri': 359.74093, 'N_ooa': 922.52346, 'N_ceu': 289.53872, 'N_chb': 363.95034, 'gr_ceu': 1e-05, 'gr_chb': 1e-05, 'm_yri_ooa': 1e-05, 'm_yri_ceu': 1e-05, 'm_yri_chb': 1e-05, 'm_ceu_chb': 0.0} -67531.77420669854
x: {'t1': 1.70839, 't2': 2.34667, 't3': 98.56294, 'N_anc': 470.68973, 'N_yri': 359.74093, 'N_ooa': 922.52346, 'N_ceu': 289.53872, 'N_chb': 351.38128, 'gr_ceu': 1e-05, 'gr_chb': 1e-05, 'm_yri_ooa': 1e-05, 'm_yri_ceu': 1e-05, 'm_yri_chb': 1e-05, 'm_ceu_chb': 0.0} -67531.31203207129
x_down: {'t1': 1.70839, 't2': 2.34667, 't3': 98.56294, 'N_anc': 470.68973, 'N_yri': 359.74093, 'N_ooa': 922.52346, 'N_ceu': 289.53872, 'N_chb': 338.81222, 'gr_ceu': 1e-05, 'gr_chb': 1e-05, 'm_yri_ooa': 1e-05, 'm_yri_ceu': 1e-05, 'm_yri_chb': 1e-05, 'm_ceu_chb': 0.0} -67532.03853336464
 
 
x_up: {'t1': 1.70839, 't2': 2.34667, 't3': 98.56294, 'N_anc': 470.68973, 'N_yri': 359.74093, 'N_ooa': 922.52346, 'N_ceu': 289.53872, 'N_chb': 351.38128, 'gr_ceu': 2e-05, 'gr_chb': 1e-05, 'm_yri_ooa': 1e-05, 'm_yri_ceu': 1e-05, 'm_yri_chb': 1e-05, 'm_ceu_chb': 0.0} -67531.31245263289
x: {'t1': 1.70839, 't2': 2.34667, 't3': 98.56294, 'N_anc': 470.68973, 'N_yri': 359.74093, 'N_ooa': 922.52346, 'N_ceu': 289.53872, 'N_chb': 351.38128, 'gr_ceu': 1e-05, 'gr_chb': 1e-05, 'm_yri_ooa': 1e-05, 'm_yri_ceu': 1e-05, 'm_yri_chb': 1e-05, 'm_ceu_chb': 0.0} -67531.31203207129
x_down: {'t1': 1.70839, 't2': 2.34667, 't3': 98.56294, 'N_anc': 470.68973, 'N_yri': 359.74093, 'N_ooa': 922.52346, 'N_ceu': 289.53872, 'N_chb': 351.38128, 'gr_ceu': 1e-05, 'gr_chb': 1e-05, 'm_yri_ooa': 1e-05, 'm_yri_ceu': 1e-05, 'm_yri_chb': 1e-05, 'm_ceu_chb': 0.0} -67531.31203207129
 
 
x_up: {'t1': 1.70839, 't2': 2.34667, 't3': 98.56294, 'N_anc': 470.68973, 'N_yri': 359.74093, 'N_ooa': 922.52346, 'N_ceu': 289.53872, 'N_chb': 351.38128, 'gr_ceu': 1e-05, 'gr_chb': 2e-05, 'm_yri_ooa': 1e-05, 'm_yri_ceu': 1e-05, 'm_yri_chb': 1e-05, 'm_ceu_chb': 0.0} -67531.31245866427
x: {'t1': 1.70839, 't2': 2.34667, 't3': 98.56294, 'N_anc': 470.68973, 'N_yri': 359.74093, 'N_ooa': 922.52346, 'N_ceu': 289.53872, 'N_chb': 351.38128, 'gr_ceu': 1e-05, 'gr_chb': 1e-05, 'm_yri_ooa': 1e-05, 'm_yri_ceu': 1e-05, 'm_yri_chb': 1e-05, 'm_ceu_chb': 0.0} -67531.31203207129
x_down: {'t1': 1.70839, 't2': 2.34667, 't3': 98.56294, 'N_anc': 470.68973, 'N_yri': 359.74093, 'N_ooa': 922.52346, 'N_ceu': 289.53872, 'N_chb': 351.38128, 'gr_ceu': 1e-05, 'gr_chb': 1e-05, 'm_yri_ooa': 1e-05, 'm_yri_ceu': 1e-05, 'm_yri_chb': 1e-05, 'm_ceu_chb': 0.0} -67531.31203207129
 
 
x_up: {'t1': 1.70839, 't2': 2.34667, 't3': 98.56294, 'N_anc': 470.68973, 'N_yri': 359.74093, 'N_ooa': 922.52346, 'N_ceu': 289.53872, 'N_chb': 351.38128, 'gr_ceu': 1e-05, 'gr_chb': 1e-05, 'm_yri_ooa': 0.0, 'm_yri_ceu': 1e-05, 'm_yri_chb': 1e-05, 'm_ceu_chb': 0.0} -67532.71988573515
x: {'t1': 1.70839, 't2': 2.34667, 't3': 98.56294, 'N_anc': 470.68973, 'N_yri': 359.74093, 'N_ooa': 922.52346, 'N_ceu': 289.53872, 'N_chb': 351.38128, 'gr_ceu': 1e-05, 'gr_chb': 1e-05, 'm_yri_ooa': 1e-05, 'm_yri_ceu': 1e-05, 'm_yri_chb': 1e-05, 'm_ceu_chb': 0.0} -67531.31203207129
x_down: {'t1': 1.70839, 't2': 2.34667, 't3': 98.56294, 'N_anc': 470.68973, 'N_yri': 359.74093, 'N_ooa': 922.52346, 'N_ceu': 289.53872, 'N_chb': 351.38128, 'gr_ceu': 1e-05, 'gr_chb': 1e-05, 'm_yri_ooa': 1e-05, 'm_yri_ceu': 1e-05, 'm_yri_chb': 1e-05, 'm_ceu_chb': 0.0} -67531.31203207129
 
 
x_up: {'t1': 1.70839, 't2': 2.34667, 't3': 98.56294, 'N_anc': 470.68973, 'N_yri': 359.74093, 'N_ooa': 922.52346, 'N_ceu': 289.53872, 'N_chb': 351.38128, 'gr_ceu': 1e-05, 'gr_chb': 1e-05, 'm_yri_ooa': 1e-05, 'm_yri_ceu': 0.0, 'm_yri_chb': 1e-05, 'm_ceu_chb': 0.0} -67531.31203207234
x: {'t1': 1.70839, 't2': 2.34667, 't3': 98.56294, 'N_anc': 470.68973, 'N_yri': 359.74093, 'N_ooa': 922.52346, 'N_ceu': 289.53872, 'N_chb': 351.38128, 'gr_ceu': 1e-05, 'gr_chb': 1e-05, 'm_yri_ooa': 1e-05, 'm_yri_ceu': 1e-05, 'm_yri_chb': 1e-05, 'm_ceu_chb': 0.0} -67531.31203207129
x_down: {'t1': 1.70839, 't2': 2.34667, 't3': 98.56294, 'N_anc': 470.68973, 'N_yri': 359.74093, 'N_ooa': 922.52346, 'N_ceu': 289.53872, 'N_chb': 351.38128, 'gr_ceu': 1e-05, 'gr_chb': 1e-05, 'm_yri_ooa': 1e-05, 'm_yri_ceu': 1e-05, 'm_yri_chb': 1e-05, 'm_ceu_chb': 0.0} -67531.31203207129
 
 
x_up: {'t1': 1.70839, 't2': 2.34667, 't3': 98.56294, 'N_anc': 470.68973, 'N_yri': 359.74093, 'N_ooa': 922.52346, 'N_ceu': 289.53872, 'N_chb': 351.38128, 'gr_ceu': 1e-05, 'gr_chb': 1e-05, 'm_yri_ooa': 1e-05, 'm_yri_ceu': 1e-05, 'm_yri_chb': 0.0, 'm_ceu_chb': 0.0} -67531.31203207278
x: {'t1': 1.70839, 't2': 2.34667, 't3': 98.56294, 'N_anc': 470.68973, 'N_yri': 359.74093, 'N_ooa': 922.52346, 'N_ceu': 289.53872, 'N_chb': 351.38128, 'gr_ceu': 1e-05, 'gr_chb': 1e-05, 'm_yri_ooa': 1e-05, 'm_yri_ceu': 1e-05, 'm_yri_chb': 1e-05, 'm_ceu_chb': 0.0} -67531.31203207129
x_down: {'t1': 1.70839, 't2': 2.34667, 't3': 98.56294, 'N_anc': 470.68973, 'N_yri': 359.74093, 'N_ooa': 922.52346, 'N_ceu': 289.53872, 'N_chb': 351.38128, 'gr_ceu': 1e-05, 'gr_chb': 1e-05, 'm_yri_ooa': 1e-05, 'm_yri_ceu': 1e-05, 'm_yri_chb': 1e-05, 'm_ceu_chb': 0.0} -67531.31203207129
 
 
x_up: {'t1': 1.70839, 't2': 2.34667, 't3': 98.56294, 'N_anc': 470.68973, 'N_yri': 359.74093, 'N_ooa': 922.52346, 'N_ceu': 289.53872, 'N_chb': 351.38128, 'gr_ceu': 1e-05, 'gr_chb': 1e-05, 'm_yri_ooa': 1e-05, 'm_yri_ceu': 1e-05, 'm_yri_chb': 1e-05, 'm_ceu_chb': 0.0} -67531.31203207129
x: {'t1': 1.70839, 't2': 2.34667, 't3': 98.56294, 'N_anc': 470.68973, 'N_yri': 359.74093, 'N_ooa': 922.52346, 'N_ceu': 289.53872, 'N_chb': 351.38128, 'gr_ceu': 1e-05, 'gr_chb': 1e-05, 'm_yri_ooa': 1e-05, 'm_yri_ceu': 1e-05, 'm_yri_chb': 1e-05, 'm_ceu_chb': 0.0} -67531.31203207129
x_down: {'t1': 1.70839, 't2': 2.34667, 't3': 98.56294, 'N_anc': 470.68973, 'N_yri': 359.74093, 'N_ooa': 922.52346, 'N_ceu': 289.53872, 'N_chb': 351.38128, 'gr_ceu': 1e-05, 'gr_chb': 1e-05, 'm_yri_ooa': 1e-05, 'm_yri_ceu': 1e-05, 'm_yri_chb': 1e-05, 'm_ceu_chb': 1e-05} -67531.31203207196
 
{'t1': 1.70839, 't2': 2.34667, 't3': 98.56294, 'N_anc': 470.68973, 'N_yri': 359.74093, 'N_ooa': 922.52346, 'N_ceu': 289.53872, 'N_chb': 351.38128, 'gr_ceu': 1e-05, 'gr_chb': 1e-05, 'm_yri_ooa': 1e-05, 'm_yri_ceu': 1e-05, 'm_yri_chb': 1e-05, 'm_ceu_chb': 0.0} -67531.31203207129
2026-09-23 13:48:51,946 - INFO - Finished fitting ARG.
2026-09-23 13:48:51,946 - INFO - Finished in 7h 10m 17.3s
2026-09-23 13:48:51,946 - INFO - Estimated: {'t1': 1.70839, 't2': 2.34667, 't3': 98.56294, 'N_anc': 470.68973, 'N_yri': 359.74093, 'N_ooa': 922.52346, 'N_ceu': 289.53872, 'N_chb': 351.38128, 'gr_ceu': 1e-05, 'gr_chb': 1e-05, 'm_yri_ooa': 1e-05, 'm_yri_ceu': 1e-05, 'm_yri_chb': 1e-05, 'm_ceu_chb': 0.0}
2026-09-23 13:48:51,946 - INFO - logp = -67531.31203207129  (true = -115987.79849825357)
2026-09-23 13:48:51,946 - INFO - Pipeline executed succesfully.
